keyword,bucket,volume,cpc_usd,competition,intent,kd,sources
bet365,competitor/brand,5000000,2.180000066757202,LOW,commercial,34,comp:betfred.com
sky bet,competitor/brand,3350000,2.37,LOW,commercial,33,ideas
lotto result,casino (exclude),2740000,0.33000001311302185,LOW,informational,23,comp:betfred.com
lotto results,casino (exclude),2740000,0.9100000262260437,LOW,informational,24,comp:betfred.com
betfred,competitor/brand,2240000,2.630000114440918,LOW,commercial,39,comp:betfred.com
lottery result,casino (exclude),1830000,0.38999998569488525,LOW,informational,36,comp:betfred.com
lottery results,casino (exclude),1830000,1.0099999904632568,LOW,informational,29,comp:betfred.com
uk thunderball results,informational (exclude),673000,2.05,LOW,informational,10,ideas
49s,G other,673000,4.039999961853027,LOW,informational,1,comp:betfred.com
lotto results uk lottery,casino (exclude),673000,0.28999999165534973,LOW,informational,25,comp:betfred.com
result national lotto,casino (exclude),673000,0.44999998807907104,LOW,informational,23,comp:betfred.com
today's horse racing results,informational (exclude),673000,1.8399999141693115,LOW,informational,69,comp:betfred.com
virgin bet,competitor/brand,550000,5.82,LOW,informational,20,ideas
irish lottery results,casino (exclude),450000,2.0899999141693115,LOW,informational,18,comp:betfred.com
irish lotto irish lottery results,casino (exclude),450000,4.090000152587891,LOW,informational,18,comp:betfred.com
lottery irish results,casino (exclude),450000,4.090000152587891,LOW,informational,20,comp:betfred.com
lottery results tonight,casino (exclude),450000,0.8100000023841858,LOW,informational,23,comp:betfred.com
lotto results for tonight,casino (exclude),450000,0.8100000023841858,LOW,informational,23,comp:betfred.com
lotto results irish,casino (exclude),450000,2.0899999141693115,LOW,informational,15,comp:betfred.com
lotto results irish lottery,casino (exclude),450000,4.090000152587891,LOW,informational,18,comp:betfred.com
lotto tonight results,casino (exclude),450000,0.8100000023841858,LOW,informational,35,comp:betfred.com
result of irish lotto,casino (exclude),450000,4.090000152587891,LOW,informational,18,comp:betfred.com
results for irish lottery,casino (exclude),450000,4.090000152587891,LOW,informational,12,comp:betfred.com
results lotto tonight,casino (exclude),450000,0.8100000023841858,LOW,informational,23,comp:betfred.com
tonight's lotto results,casino (exclude),450000,0.8100000023841858,LOW,informational,33,comp:betfred.com
49s results,informational (exclude),368000,6.789999961853027,LOW,informational,20,comp:betfred.com
irish lottery,casino (exclude),368000,7.349999904632568,LOW,informational,35,comp:betfred.com
irish lotto results,casino (exclude),301000,2.880000114440918,LOW,informational,22,comp:betfred.com
fast racing results,informational (exclude),246000,4,LOW,informational,70,comp:betfred.com
irish lotto,casino (exclude),246000,6.5,LOW,informational,25,comp:betfred.com
racing results fast,informational (exclude),246000,4,LOW,informational,70,comp:betfred.com
midnite,competitor/brand,246000,2.119999885559082,MEDIUM,informational,27,comp:midnite.com
lottery uk,casino (exclude),201000,0.43,LOW,informational,41,ideas
lotto uk,casino (exclude),201000,0.44,LOW,informational,57,ideas
coin master free spins,casino (exclude),201000,6.39,LOW,transactional,26,ideas
british lotto,casino (exclude),201000,0.4399999976158142,LOW,informational,39,comp:betfred.com
lottery numbers for tonight,casino (exclude),201000,0.5099999904632568,LOW,informational,31,comp:betfred.com
lottery numbers tonight,casino (exclude),201000,0.9100000262260437,LOW,informational,30,comp:betfred.com
lotto numbers tonight,casino (exclude),201000,0.5099999904632568,LOW,informational,39,comp:betfred.com
tonight lotto numbers,casino (exclude),201000,0.9100000262260437,LOW,informational,42,comp:betfred.com
sky bet login,competitor/brand,165000,4.42,LOW,navigational,42,ideas
betfred login,competitor/brand,165000,7.639999866485596,LOW,navigational,18,comp:betfred.com
check lottery results,casino (exclude),165000,0.550000011920929,LOW,informational,16,comp:betfred.com
historical lottery results,casino (exclude),165000,0.15000000596046448,LOW,informational,8,comp:betfred.com
historical lotto results,casino (exclude),165000,0.07000000029802322,LOW,informational,6,comp:betfred.com
lottery checker results,casino (exclude),165000,0.25,LOW,informational,13,comp:betfred.com
lottery draw history,casino (exclude),165000,0.07000000029802322,LOW,informational,1,comp:betfred.com
lotto draw history,casino (exclude),165000,0.07000000029802322,LOW,informational,23,comp:betfred.com
lotto historical results,casino (exclude),165000,0.07000000029802322,LOW,informational,2,comp:betfred.com
lotto history results,casino (exclude),165000,0.07000000029802322,LOW,informational,1,comp:betfred.com
lotto results check,casino (exclude),165000,0.25,LOW,informational,23,comp:betfred.com
lotto results history,casino (exclude),165000,0.15000000596046448,LOW,informational,2,comp:betfred.com
double bubble bingo,casino (exclude),165000,0.7099999785423279,LOW,informational,1,comp:midnite.com
coral betting,competitor/brand,135000,1.89,LOW,commercial,37,ideas
livescore bet,competitor/brand,135000,5.36,LOW,commercial,18,ideas
lotto result today,casino (exclude),135000,0.97,LOW,informational,31,comp:betfred.com|ideas
49 49 results,informational (exclude),135000,4.480000019073486,LOW,navigational,24,comp:betfred.com
49 results,informational (exclude),135000,4.480000019073486,LOW,informational,24,comp:betfred.com
49results,informational (exclude),135000,5.659999847412109,LOW,navigational,22,comp:betfred.com
bet calculator,informational (exclude),135000,4.190000057220459,LOW,informational,38,comp:betfred.com
betting calculator,informational (exclude),135000,3.630000114440918,LOW,informational,42,comp:betfred.com
irish lottery results 3 draws for tonight,casino (exclude),135000,2.5999999046325684,LOW,informational,14,comp:betfred.com
irish lottery results for tonight all 3 draws,casino (exclude),135000,2.5,LOW,informational,22,comp:betfred.com
irish lottery results tonight 3 draws,casino (exclude),135000,2.5,LOW,informational,10,comp:betfred.com
irish lotto results tonight 3 draws,casino (exclude),135000,2.5999999046325684,LOW,informational,16,comp:betfred.com
lotto results today,casino (exclude),135000,0.9700000286102295,LOW,informational,16,comp:betfred.com
national lottery uk,casino (exclude),110000,0.14,LOW,informational,31,ideas
non uk casinos,casino (exclude),110000,17.6,LOW,commercial,49,ideas
bet365 uk,competitor/brand,110000,1.8,LOW,commercial,35,ideas
daily millions,G other,110000,4.28000020980835,LOW,informational,0,comp:betfred.com
lottery numbers,casino (exclude),110000,1.8299999237060547,LOW,informational,41,comp:betfred.com
numbers lottery,casino (exclude),110000,1.8299999237060547,LOW,informational,41,comp:betfred.com
bets,G other,110000,48.59000015258789,LOW,commercial,51,comp:betgoodwin.co.uk
uk lotto results for saturday,casino (exclude),90500,0.3,LOW,informational,29,ideas
lotto result today euromillions,casino (exclude),90500,0.96,LOW,informational,,ideas
fast horse results,informational (exclude),90500,3.3499999046325684,LOW,informational,70,comp:betfred.com
horse racing quick results,informational (exclude),90500,10.489999771118164,LOW,informational,70,comp:betfred.com
irish lottery results for tonight,casino (exclude),90500,3.059999942779541,LOW,informational,19,comp:betfred.com
irish lottery results tonight,casino (exclude),90500,3.059999942779541,LOW,informational,25,comp:betfred.com
irish lotto results tonight,casino (exclude),90500,3.059999942779541,LOW,informational,31,comp:betfred.com
lotteries results saturday,informational (exclude),90500,0.5400000214576721,LOW,informational,23,comp:betfred.com
lottery results saturday,casino (exclude),90500,0.5400000214576721,LOW,informational,14,comp:betfred.com
lottery results uk saturday,casino (exclude),90500,0.3499999940395355,LOW,informational,14,comp:betfred.com
lotto for saturday results,casino (exclude),90500,0.5400000214576721,LOW,informational,3,comp:betfred.com
lotto results sat,casino (exclude),90500,0.5400000214576721,LOW,informational,45,comp:betfred.com
lotto results tonight ireland,casino (exclude),90500,2.180000066757202,LOW,informational,18,comp:betfred.com
sat lottery results,casino (exclude),90500,0.5400000214576721,LOW,informational,24,comp:betfred.com
saturday lotto lottery results,casino (exclude),90500,0.5400000214576721,LOW,informational,30,comp:betfred.com
virtual horse racing results,informational (exclude),90500,2.180000066757202,LOW,informational,0,comp:betfred.com
virtual horse results,informational (exclude),90500,2.180000066757202,LOW,informational,0,comp:betfred.com
virtual racing results,informational (exclude),90500,2.180000066757202,LOW,informational,0,comp:betfred.com
midnite casino,competitor/brand,90500,14.5,LOW,informational,3,comp:midnite.com
uk lottery results,casino (exclude),74000,0.53,LOW,informational,39,ideas
result uk lottery,casino (exclude),74000,0.53,LOW,informational,39,ideas
uk lottery,casino (exclude),74000,0.6,LOW,informational,50,ideas
england lottery results,casino (exclude),74000,0.5299999713897705,LOW,informational,39,comp:betfred.com
lottery numbers for last night,casino (exclude),74000,0.10999999940395355,LOW,informational,27,comp:betfred.com
lottery ticket numbers,casino (exclude),74000,1.6100000143051147,LOW,informational,39,comp:betfred.com
lotto numbers,casino (exclude),74000,1.6100000143051147,LOW,informational,28,comp:betfred.com
lotto numbers for last night,casino (exclude),74000,0.10999999940395355,LOW,informational,21,comp:betfred.com
lotto numbers from last night,casino (exclude),74000,0.20999999344348907,LOW,informational,15,comp:betfred.com
lotto results england,casino (exclude),74000,0.5299999713897705,LOW,informational,23,comp:betfred.com
lotto results saturday,casino (exclude),74000,0.3499999940395355,LOW,informational,17,comp:betfred.com
lotto winning numbers last night,casino (exclude),74000,0.10999999940395355,LOW,informational,31,comp:betfred.com
euromillions lottery results uk,casino (exclude),60500,0.54,LOW,informational,,ideas
betfair log in,competitor/brand,60500,7.239999771118164,LOW,navigational,11,comp:betfred.com
daily millions results,informational (exclude),60500,3.6399998664855957,LOW,informational,18,comp:betfred.com
fast results today,informational (exclude),60500,3.5399999618530273,LOW,informational,70,comp:betfred.com
free spin no deposit,bonus-hunter/offshore (exclude),60500,9.029999732971191,MEDIUM,transactional,14,comp:betfred.com
free spin.no deposit,bonus-hunter/offshore (exclude),60500,9.779999732971191,MEDIUM,informational,37,comp:betfred.com
lottery results today,casino (exclude),60500,0.47999998927116394,LOW,informational,8,comp:betfred.com
lottery uk results tonight,casino (exclude),60500,0.7300000190734863,LOW,informational,29,comp:betfred.com
national lottery results tonight,casino (exclude),60500,0.7300000190734863,LOW,informational,29,comp:betfred.com
national lottery uk results,casino (exclude),60500,0.4000000059604645,LOW,informational,26,comp:betfred.com
nifty fifty results,informational (exclude),60500,5.039999961853027,LOW,informational,0,comp:betfred.com
today lotto result,casino (exclude),60500,1.2999999523162842,LOW,informational,29,comp:betfred.com
today's lotto results,casino (exclude),60500,1.2999999523162842,LOW,informational,30,comp:betfred.com
euromillions uk,G other,49500,0.72,LOW,informational,59,ideas
live lotto draw for tonight,casino (exclude),49500,2.31,LOW,informational,48,comp:betfred.com|ideas
free spins,casino (exclude),49500,35.26,MEDIUM,commercial,32,comp:betfred.com|ideas
sites for betting,G other,49500,67.16,MEDIUM,commercial,81,sugg
betting sites,F generic betting/sites,49500,67.16,MEDIUM,commercial,81,comp:betgoodwin.co.uk|sugg
lottery draw tonight live,casino (exclude),49500,2.309999942779541,LOW,informational,28,comp:betfred.com
odds calculator,informational (exclude),49500,4.349999904632568,LOW,informational,38,comp:betfred.com
place pots,G other,49500,6.050000190734863,LOW,transactional,0,comp:betfred.com
placepot,G other,49500,6.050000190734863,LOW,transactional,3,comp:betfred.com
site for betting,G other,49500,67.16000366210938,MEDIUM,commercial,73,comp:betfred.com|comp:betgoodwin.co.uk
stake,competitor/brand,49500,24.399999618530273,LOW,informational,57,comp:bet442.co.uk
stakes,G other,49500,19.149999618530273,LOW,informational,21,comp:bet442.co.uk
online slots,casino (exclude),49500,57.11000061035156,MEDIUM,commercial,62,comp:betgoodwin.co.uk
midnite betting,competitor/brand,49500,3.9000000953674316,LOW,informational,3,comp:midnite.com
uk lotto results,casino (exclude),40500,0.67,LOW,informational,29,ideas
national lottery results tonight live,casino (exclude),40500,2.13,LOW,informational,43,ideas
match fifa today,G other,40500,1.2,LOW,informational,52,ideas
golden bet,G other,40500,12.94,LOW,commercial,0,ideas
free spins coin master,casino (exclude),40500,7.55,LOW,transactional,26,ideas
49 ers results,informational (exclude),40500,5.320000171661377,LOW,informational,28,comp:betfred.com
49ers results,informational (exclude),40500,1.6600000858306885,LOW,informational,24,comp:betfred.com
horse fast results today,informational (exclude),40500,,LOW,informational,62,comp:betfred.com
ireland daily million,G other,40500,3.5799999237060547,LOW,informational,3,comp:betfred.com
irish daily millions,G other,40500,3.5799999237060547,LOW,informational,7,comp:betfred.com
last nights lotto results,casino (exclude),40500,0.07999999821186066,LOW,informational,23,comp:betfred.com
lottery lotto uk results,casino (exclude),40500,0.6899999976158142,LOW,informational,29,comp:betfred.com
lottery numbers for saturday,casino (exclude),40500,0.07999999821186066,LOW,informational,32,comp:betfred.com
lottery results from last night,casino (exclude),40500,0.07999999821186066,LOW,informational,23,comp:betfred.com
lottery results last night,casino (exclude),40500,0.11999999731779099,LOW,informational,29,comp:betfred.com
lotto numbers for saturday,casino (exclude),40500,0.10999999940395355,LOW,informational,5,comp:betfred.com
lotto numbers sat,casino (exclude),40500,0.10999999940395355,LOW,informational,23,comp:betfred.com
lotto result last night,casino (exclude),40500,0.11999999731779099,LOW,informational,16,comp:betfred.com
lotto results for last night,casino (exclude),40500,0.07999999821186066,LOW,informational,40,comp:betfred.com
lucky 15 calculator,informational (exclude),40500,4.739999771118164,LOW,informational,0,comp:betfred.com
soccer odds world cup,G other,40500,2.319999933242798,LOW,informational,16,comp:betfred.com
soccer world cup odds,G other,40500,2.319999933242798,LOW,informational,39,comp:betfred.com
world cup football predictor,E sport-specific,40500,0.5199999809265137,LOW,informational,2,comp:betfred.com
world cup prediction,informational (exclude),40500,0.5199999809265137,LOW,informational,2,comp:betfred.com
world cup predictor,G other,40500,0.5199999809265137,LOW,informational,10,comp:betfred.com
betgoodwin,competitor/brand,40500,10.869999885559082,LOW,navigational,0,comp:betgoodwin.co.uk
midnite bet,competitor/brand,40500,3.819999933242798,LOW,informational,4,comp:midnite.com
mgm bet,G other,33100,2.95,LOW,commercial,37,ideas
live score bet,G other,33100,6.15,LOW,commercial,15,ideas
odds farm,G other,33100,3.76,LOW,informational,0,ideas
betting sites uk,F generic betting/sites,33100,69.64,MEDIUM,commercial,55,comp:betfred.com|comp:betgoodwin.co.uk|ideas|sugg
365 bet,G other,33100,3.04,LOW,commercial,28,ideas
lottery results uk,casino (exclude),33100,0.8,LOW,informational,29,ideas
betting sites england,F generic betting/sites,33100,69.64,MEDIUM,commercial,91,sugg
british betting sites,F generic betting/sites,33100,69.64,MEDIUM,commercial,55,sugg
betting sites in england,F generic betting/sites,33100,69.64,MEDIUM,commercial,66,sugg
uk online betting sites,F generic betting/sites,33100,69.64,MEDIUM,commercial,72,sugg
betting sites in the uk,F generic betting/sites,33100,69.64,MEDIUM,commercial,57,comp:betgoodwin.co.uk|sugg
uk betting sites,F generic betting/sites,33100,69.64,MEDIUM,commercial,55,comp:betfred.com|comp:betgoodwin.co.uk|sugg
england betting sites,F generic betting/sites,33100,69.64,MEDIUM,commercial,91,sugg
betting sites in uk,F generic betting/sites,33100,69.64,MEDIUM,commercial,55,sugg
49s results today,informational (exclude),33100,5.03000020980835,LOW,informational,24,comp:betfred.com
bookmakers near me,F generic betting/sites,33100,7.130000114440918,LOW,commercial,11,comp:betfred.com
horse racing oddschecker,E sport-specific,33100,3.490000009536743,LOW,informational,52,comp:betfred.com
irish lottery numbers,casino (exclude),33100,2.0999999046325684,LOW,informational,20,comp:betfred.com
lotto saturday results,casino (exclude),33100,0.09000000357627869,LOW,informational,17,comp:betfred.com
oddschecker horse racing,E sport-specific,33100,3.490000009536743,LOW,informational,33,comp:betfred.com
oddschecker horses,E sport-specific,33100,3.490000009536743,LOW,informational,76,comp:betfred.com
racing yesterday results,informational (exclude),33100,0.7599999904632568,LOW,informational,21,comp:betfred.com
saturday lotto results,casino (exclude),33100,0.05000000074505806,LOW,informational,29,comp:betfred.com
wednesday lotto results,casino (exclude),33100,0.1599999964237213,LOW,informational,14,comp:betfred.com
betting websites uk,G other,33100,69.63999938964844,MEDIUM,commercial,57,comp:betgoodwin.co.uk
england betting site,F generic betting/sites,33100,69.63999938964844,MEDIUM,commercial,58,comp:betgoodwin.co.uk
gambling sites in uk,G other,33100,69.63999938964844,MEDIUM,commercial,81,comp:betgoodwin.co.uk
uk gambling sites,G other,33100,69.63999938964844,MEDIUM,commercial,92,comp:betgoodwin.co.uk
online casino uk,casino (exclude),27100,59.49,MEDIUM,commercial,58,ideas
free mahjong,G other,27100,1.29,LOW,informational,53,ideas
fut web app,B betting app,27100,3.24,LOW,navigational,12,ideas
national lottery app,casino (exclude),27100,1.01,LOW,informational,9,ideas
ladbrokes uk,competitor/brand,27100,1.17,LOW,commercial,33,ideas
palms bet,G other,27100,5.7,LOW,informational,5,ideas
slots uk,casino (exclude),27100,50.69,MEDIUM,commercial,45,comp:betgoodwin.co.uk|ideas
free bets calculator,informational (exclude),27100,4.34,LOW,informational,39,sugg
bets calculator free,informational (exclude),27100,4.34,LOW,informational,39,sugg
atr fast results,informational (exclude),27100,,LOW,informational,70,comp:betfred.com
atthe races results,informational (exclude),27100,5.559999942779541,LOW,informational,54,comp:betfred.com
bet a,G other,27100,5.440000057220459,LOW,informational,6,comp:betfred.com
bet calculator free,informational (exclude),27100,4.340000152587891,LOW,informational,38,comp:betfred.com
bonus ball tonight,C offers/free bets,27100,0.20999999344348907,LOW,informational,23,comp:betfred.com
daily million results,informational (exclude),27100,10.319999694824219,LOW,informational,2,comp:betfred.com
football world cup odds,E sport-specific,27100,2.5799999237060547,LOW,informational,19,comp:betfred.com
free bet calculator,informational (exclude),27100,3.5399999618530273,LOW,informational,19,comp:betfred.com
irish lottery winning numbers,casino (exclude),27100,2.3299999237060547,LOW,informational,27,comp:betfred.com
irish lotto numbers,casino (exclude),27100,2.3299999237060547,LOW,informational,13,comp:betfred.com
odds for soccer world cup,G other,27100,2.5799999237060547,LOW,informational,37,comp:betfred.com
placepots today,G other,27100,2.7300000190734863,LOW,transactional,2,comp:betfred.com
spinning win,G other,27100,7.340000152587891,MEDIUM,informational,19,comp:betfred.com
tonight bonus ball,C offers/free bets,27100,0.3799999952316284,LOW,informational,24,comp:betfred.com
tonight lotto,casino (exclude),27100,1.0299999713897705,LOW,informational,18,comp:betfred.com
uk slots games,casino (exclude),27100,50.689998626708984,MEDIUM,informational,56,comp:betfred.com
win and spin,G other,27100,7.340000152587891,MEDIUM,informational,23,comp:betfred.com|comp:betgoodwin.co.uk
bonus ball,C offers/free bets,27100,0.1899999976158142,LOW,transactional,19,comp:bet442.co.uk
greyhound bet,G other,27100,16.15999984741211,LOW,transactional,32,comp:betgoodwin.co.uk
greyhoundbet,G other,27100,9.539999961853027,LOW,commercial,32,comp:betgoodwin.co.uk
online casinos uk,casino (exclude),27100,59.4900016784668,MEDIUM,commercial,83,comp:betgoodwin.co.uk
uk slots,casino (exclude),27100,57.97999954223633,MEDIUM,commercial,45,comp:betgoodwin.co.uk
united kingdom online casinos,casino (exclude),27100,59.4900016784668,MEDIUM,commercial,85,comp:betgoodwin.co.uk
william hill casino,competitor/brand,22200,3.96,LOW,navigational,29,ideas
lotto results tonight uk,casino (exclude),22200,0.58,LOW,informational,34,ideas
uk lotto,casino (exclude),22200,0.47,LOW,informational,50,ideas
casino sites,casino (exclude),22200,50.55,MEDIUM,commercial,59,ideas
uk national lottery,casino (exclude),22200,0.25,LOW,informational,34,ideas
free coin master spins,casino (exclude),22200,3.63,LOW,informational,29,ideas
football today betting tips,informational (exclude),22200,3.87,LOW,commercial,65,sugg
today's betting tips football,informational (exclude),22200,3.87,LOW,informational,65,sugg
betting tips for football today,informational (exclude),22200,3.87,LOW,commercial,65,sugg
betting tips today football,informational (exclude),22200,3.87,LOW,commercial,65,sugg
betting tips football today,informational (exclude),22200,3.87,LOW,commercial,65,sugg
betfred casino,competitor/brand,22200,3.549999952316284,LOW,commercial,47,comp:betfred.com
betfred near me,competitor/brand,22200,4.360000133514404,LOW,navigational,9,comp:betfred.com
casino betfred,competitor/brand,22200,3.0399999618530273,LOW,commercial,42,comp:betfred.com
latest lotto result,casino (exclude),22200,0.3499999940395355,LOW,informational,40,comp:betfred.com
latest lotto results,casino (exclude),22200,0.23999999463558197,LOW,informational,23,comp:betfred.com
lottery result latest,casino (exclude),22200,0.3499999940395355,LOW,informational,34,comp:betfred.com
lottery results for yesterday,casino (exclude),22200,0.11999999731779099,LOW,informational,39,comp:betfred.com
lottery results latest,casino (exclude),22200,0.3499999940395355,LOW,informational,23,comp:betfred.com
lottery results tonight saturday,casino (exclude),22200,0.15000000596046448,LOW,informational,12,comp:betfred.com
lottery results tonight uk,casino (exclude),22200,0.5799999833106995,LOW,informational,23,comp:betfred.com
lotto latest results,casino (exclude),22200,0.3499999940395355,LOW,informational,23,comp:betfred.com
lotto results for yesterday,casino (exclude),22200,0.05000000074505806,LOW,informational,23,comp:betfred.com
lotto results tonight saturday time,casino (exclude),22200,0.2800000011920929,LOW,informational,9,comp:betfred.com
lotto results uk tonight,casino (exclude),22200,0.5799999833106995,LOW,informational,29,comp:betfred.com
lotto uk results tonight,casino (exclude),22200,0.25999999046325684,LOW,informational,23,comp:betfred.com
national lottery lotto results,casino (exclude),22200,0.8700000047683716,LOW,informational,40,comp:betfred.com
nifty 50 result,G other,22200,2.5999999046325684,LOW,informational,16,comp:betfred.com
nifty 50 results,informational (exclude),22200,1.5399999618530273,LOW,informational,0,comp:betfred.com
oddschecker racing,E sport-specific,22200,4.159999847412109,LOW,informational,30,comp:betfred.com
portman park result,G other,22200,2.8399999141693115,LOW,informational,0,comp:betfred.com
portman park results,informational (exclude),22200,2.8399999141693115,LOW,informational,0,comp:betfred.com
recent lotto results,casino (exclude),22200,0.3499999940395355,LOW,informational,14,comp:betfred.com
results portman park,informational (exclude),22200,,LOW,informational,0,comp:betfred.com
slots online,casino (exclude),22200,52.75,MEDIUM,commercial,48,comp:betfred.com
yesterday's lotto results,casino (exclude),22200,0.11999999731779099,LOW,informational,29,comp:betfred.com
guineas,G other,22200,0.20000000298023224,LOW,informational,4,comp:bet442.co.uk
slots online uk,casino (exclude),22200,65.52999877929688,LOW,commercial,56,comp:betgoodwin.co.uk
uk slots online,casino (exclude),22200,65.52999877929688,LOW,commercial,44,comp:betgoodwin.co.uk
betting apps,B betting app,18100,77.6,MEDIUM,commercial,30,ideas
365 bet live,G other,18100,0.68,LOW,transactional,12,ideas
lucky 15 tips for today,informational (exclude),18100,2.16,LOW,informational,1,comp:betfred.com|ideas
free classic solitaire,G other,18100,0.36,LOW,informational,67,ideas
free slots,casino (exclude),18100,14.03,LOW,informational,22,ideas
casino uk,casino (exclude),18100,47.39,MEDIUM,commercial,87,comp:betgoodwin.co.uk|ideas
uk casino sites,casino (exclude),18100,57.81,MEDIUM,commercial,82,comp:betgoodwin.co.uk|ideas
no deposit free spins,casino (exclude),18100,8.19,MEDIUM,transactional,16,ideas
bet365 live,competitor/brand,18100,0.68,LOW,commercial,35,ideas
lotto results tonight live,casino (exclude),18100,1.67,LOW,informational,34,comp:betfred.com|ideas
bingo sites,casino (exclude),18100,41.49,MEDIUM,commercial,56,comp:betfred.com|ideas
football manager fm scout,E sport-specific,18100,,LOW,informational,9,ideas
online slots uk,casino (exclude),18100,57.64,LOW,commercial,44,comp:betgoodwin.co.uk|ideas
betting in app,B betting app,18100,77.6,MEDIUM,commercial,30,sugg
app betting,B betting app,18100,77.6,MEDIUM,commercial,30,sugg
app for betting,B betting app,18100,77.6,MEDIUM,commercial,30,sugg
betting app,B betting app,18100,77.6,MEDIUM,commercial,30,sugg
betting football tips,informational (exclude),18100,13.1,LOW,commercial,65,sugg
tips for football betting,informational (exclude),18100,13.1,LOW,informational,65,sugg
tipster betting football,informational (exclude),18100,13.1,LOW,commercial,55,sugg
football best betting tips,informational (exclude),18100,13.1,LOW,commercial,65,sugg
betting tips football,informational (exclude),18100,13.1,LOW,commercial,65,sugg
football match betting tips,informational (exclude),18100,13.1,LOW,commercial,63,sugg
advice on football betting,E sport-specific,18100,13.1,LOW,commercial,48,sugg
betting tip football,E sport-specific,18100,13.1,LOW,commercial,65,sugg
football tips for betting,informational (exclude),18100,13.1,LOW,commercial,65,sugg
tips on betting on football,informational (exclude),18100,13.1,LOW,informational,65,sugg
betting tipster football,informational (exclude),18100,13.1,LOW,commercial,59,sugg
tip betting football,E sport-specific,18100,13.1,LOW,commercial,65,sugg
betting tips in football,informational (exclude),18100,13.1,LOW,commercial,65,sugg
tips football betting,informational (exclude),18100,13.1,LOW,commercial,65,sugg
betting tips on football,informational (exclude),18100,13.1,LOW,commercial,61,sugg
betting on football tips,informational (exclude),18100,13.1,LOW,commercial,65,sugg
tips for betting on football,informational (exclude),18100,13.1,LOW,informational,65,sugg
football betting tips soccer,informational (exclude),18100,13.1,LOW,commercial,63,sugg
tips on football betting,informational (exclude),18100,13.1,LOW,commercial,65,sugg
football tips and betting,informational (exclude),18100,13.1,LOW,commercial,54,sugg
football betting tips,informational (exclude),18100,13.1,LOW,commercial,65,sugg
tips on betting football,informational (exclude),18100,13.1,LOW,commercial,36,sugg
betting tips for football,informational (exclude),18100,13.1,LOW,commercial,65,sugg
betting tipsters football,informational (exclude),18100,13.1,LOW,commercial,55,sugg
49 results today,informational (exclude),18100,13.4399995803833,LOW,informational,24,comp:betfred.com
49's 49's latest results,informational (exclude),18100,,LOW,informational,22,comp:betfred.com
49's latest results,informational (exclude),18100,,LOW,informational,20,comp:betfred.com
49ers results teatime today,informational (exclude),18100,,LOW,informational,23,comp:betfred.com
49s 49s latest results,informational (exclude),18100,9.020000457763672,LOW,informational,23,comp:betfred.com
49s latest results,informational (exclude),18100,,LOW,informational,24,comp:betfred.com
49s latest results 49s,informational (exclude),18100,,LOW,informational,31,comp:betfred.com
49s latest results 49s results,informational (exclude),18100,9.020000457763672,LOW,informational,29,comp:betfred.com
49s results for today teatime,informational (exclude),18100,,LOW,informational,24,comp:betfred.com
49s results latest,informational (exclude),18100,,LOW,informational,24,comp:betfred.com
49s results teatime today,informational (exclude),18100,,LOW,informational,25,comp:betfred.com
49s results today teatime,informational (exclude),18100,,LOW,informational,24,comp:betfred.com
49s teatime results today,informational (exclude),18100,,LOW,informational,23,comp:betfred.com
49s today teatime results,informational (exclude),18100,,LOW,informational,32,comp:betfred.com
at the races fast results today,informational (exclude),18100,2.2200000286102295,LOW,informational,69,comp:betfred.com
bet tipsters football,informational (exclude),18100,14.989999771118164,LOW,commercial,54,comp:betfred.com
betting premier league,E sport-specific,18100,2.109999895095825,LOW,commercial,51,comp:betfred.com
epl odds,G other,18100,2.109999895095825,LOW,informational,37,comp:betfred.com
football betting advice,E sport-specific,18100,14.989999771118164,LOW,commercial,45,comp:betfred.com
football odds premier league,E sport-specific,18100,2.109999895095825,LOW,informational,49,comp:betfred.com
football premiership odds,E sport-specific,18100,2.109999895095825,LOW,informational,64,comp:betfred.com
latest 49s results,informational (exclude),18100,,LOW,informational,31,comp:betfred.com
latest lottery results,casino (exclude),18100,0.9399999976158142,LOW,informational,50,comp:betfred.com
lotto spain results,casino (exclude),18100,,LOW,informational,5,comp:betfred.com
lucky 15 tips today,informational (exclude),18100,2.440000057220459,LOW,informational,22,comp:betfred.com
mines,G other,18100,3.6100001335144043,LOW,informational,23,comp:betfred.com
odds for winning world cup,G other,18100,4.139999866485596,LOW,informational,26,comp:betfred.com
premier league odds,E sport-specific,18100,2.109999895095825,LOW,informational,52,comp:betfred.com
premiership football odds,E sport-specific,18100,2.109999895095825,LOW,informational,50,comp:betfred.com
premiership odds,G other,18100,2.109999895095825,LOW,informational,49,comp:betfred.com
sky bingo login,casino (exclude),18100,6.570000171661377,LOW,navigational,19,comp:betfred.com
soccer bet tip,G other,18100,14.989999771118164,LOW,commercial,71,comp:betfred.com
soccer bets tips,informational (exclude),18100,13.100000381469727,LOW,commercial,69,comp:betfred.com
spain lotto results,casino (exclude),18100,4.159999847412109,LOW,informational,0,comp:betfred.com
spanish lottery results,casino (exclude),18100,,LOW,informational,0,comp:betfred.com
spanish lotto results,casino (exclude),18100,,LOW,informational,5,comp:betfred.com
spanish results lottery,casino (exclude),18100,4.159999847412109,LOW,informational,0,comp:betfred.com
teatime 49s results for today,informational (exclude),18100,,LOW,informational,23,comp:betfred.com
tips for football bets,informational (exclude),18100,13.100000381469727,LOW,commercial,43,comp:betfred.com
today's 49s teatime results,informational (exclude),18100,,LOW,informational,29,comp:betfred.com
tottenham hotspur next manager odds,G other,18100,,LOW,informational,0,comp:betfred.com
bet442,competitor/brand,18100,14.760000228881836,LOW,commercial,4,comp:bet442.co.uk
euro lottery prizes breakdown,casino (exclude),18100,1.8299999237060547,LOW,informational,19,comp:bet442.co.uk
how long are rugby games,E sport-specific,18100,,LOW,informational,7,comp:bet442.co.uk
how long is a game of rugby,E sport-specific,18100,,LOW,informational,7,comp:bet442.co.uk
how long is a rugby game,E sport-specific,18100,,LOW,informational,9,comp:bet442.co.uk
how long is a rugby match,E sport-specific,18100,,LOW,informational,8,comp:bet442.co.uk
how long is a rugby union match,E sport-specific,18100,,LOW,informational,13,comp:bet442.co.uk
how long is rugby match,E sport-specific,18100,,LOW,informational,7,comp:bet442.co.uk
how long is rugby union game,E sport-specific,18100,,LOW,informational,9,comp:bet442.co.uk
how long rugby game,E sport-specific,18100,,LOW,informational,8,comp:bet442.co.uk
how long rugby match,E sport-specific,18100,,LOW,informational,8,comp:bet442.co.uk
uk online slots,casino (exclude),18100,57.63999938964844,LOW,commercial,51,comp:betgoodwin.co.uk
uk slot games online,casino (exclude),18100,57.63999938964844,LOW,informational,37,comp:betgoodwin.co.uk
euromillions results uk,informational (exclude),14800,0.41,LOW,informational,31,ideas
no deposit bonus casino,casino (exclude),14800,11.52,MEDIUM,commercial,28,ideas
free dice monopoly go,G other,14800,1.81,LOW,informational,16,ideas
free postcode lottery,casino (exclude),14800,0.06,LOW,informational,22,ideas
fifa fantasy football,E sport-specific,14800,5.69,LOW,informational,0,ideas
uk casino,casino (exclude),14800,55.3,MEDIUM,commercial,75,comp:betgoodwin.co.uk|ideas
bingo blitz free credits,casino (exclude),14800,11.24,LOW,informational,33,ideas
bally bet,G other,14800,3.43,LOW,informational,19,ideas
william hill betting,competitor/brand,14800,7.46,LOW,navigational,19,ideas
pokerstars uk,competitor/brand,14800,19.15,LOW,commercial,31,ideas
bets for free,G other,14800,41.19,MEDIUM,commercial,58,sugg
free bets,C offers/free bets,14800,41.19,MEDIUM,commercial,72,comp:midnite.com|sugg
betting in football,E sport-specific,14800,43.03,MEDIUM,commercial,64,sugg
football and betting,E sport-specific,14800,43.03,MEDIUM,commercial,64,sugg
betting on the football,E sport-specific,14800,43.03,MEDIUM,informational,50,comp:betfred.com|comp:betgoodwin.co.uk|sugg
betting on football,E sport-specific,14800,43.03,MEDIUM,informational,64,sugg
football betting,E sport-specific,14800,43.03,MEDIUM,commercial,64,comp:betgoodwin.co.uk|sugg
betting for football,E sport-specific,14800,43.03,MEDIUM,commercial,64,sugg
49s lunchtime results,informational (exclude),14800,,LOW,informational,25,comp:betfred.com
betfred lottery results,competitor/brand,14800,4.139999866485596,LOW,informational,0,comp:betfred.com
betfred lotto results,competitor/brand,14800,4.139999866485596,LOW,informational,0,comp:betfred.com
betting for next prime minister,G other,14800,2.049999952316284,LOW,informational,0,comp:betfred.com
betting next prime minister,G other,14800,3.0399999618530273,LOW,informational,6,comp:betfred.com
check lotto results wednesday,casino (exclude),14800,0.3799999952316284,LOW,informational,28,comp:betfred.com
football predictions today,informational (exclude),14800,3.4000000953674316,LOW,informational,71,comp:betfred.com
football world cup prediction,informational (exclude),14800,1.309999942779541,LOW,informational,3,comp:betfred.com
horse racing results fast,informational (exclude),14800,,LOW,informational,70,comp:betfred.com
irish lottery 49s results,casino (exclude),14800,,LOW,informational,17,comp:betfred.com
irish lotto plus 1 and 2 latest results,casino (exclude),14800,5.170000076293945,LOW,informational,14,comp:betfred.com
live placepot,G other,14800,2.1600000858306885,LOW,transactional,0,comp:betfred.com
lottery results betfred,competitor/brand,14800,7.199999809265137,LOW,informational,0,comp:betfred.com
lotto results betfred,competitor/brand,14800,7.199999809265137,LOW,informational,0,comp:betfred.com
lotto results check wednesday,casino (exclude),14800,0.23999999463558197,LOW,informational,30,comp:betfred.com
lunch 49s results,informational (exclude),14800,,LOW,informational,25,comp:betfred.com
lunchtime and teatime 49s results,informational (exclude),14800,,LOW,informational,24,comp:betfred.com
next pm odds,G other,14800,2.049999952316284,LOW,informational,1,comp:betfred.com
next prime minister betting,G other,14800,3.0399999618530273,LOW,informational,10,comp:betfred.com
next prime minister odds,G other,14800,2.049999952316284,LOW,informational,2,comp:betfred.com
next uk prime minister odds,G other,14800,2.049999952316284,LOW,informational,2,comp:betfred.com
placepot tote,competitor/brand,14800,5.010000228881836,LOW,transactional,2,comp:betfred.com
racing results today england,informational (exclude),14800,3.319999933242798,LOW,informational,70,comp:betfred.com
tote placepot,competitor/brand,14800,4.630000114440918,LOW,transactional,0,comp:betfred.com
tote places,competitor/brand,14800,5.010000228881836,LOW,navigational,8,comp:betfred.com
wednesday lotto numbers,casino (exclude),14800,0.1599999964237213,LOW,informational,29,comp:betfred.com
wednesday lotto results checker,casino (exclude),14800,0.3799999952316284,LOW,informational,24,comp:betfred.com
world cup football predictions,informational (exclude),14800,1.309999942779541,LOW,informational,1,comp:betfred.com
sport betting,E sport-specific,14800,55.2400016784668,LOW,commercial,50,comp:betgoodwin.co.uk
sports betting,E sport-specific,14800,55.2400016784668,LOW,commercial,62,comp:betgoodwin.co.uk
sportsbook betting,E sport-specific,14800,55.2400016784668,LOW,commercial,55,comp:betgoodwin.co.uk
free bet,C offers/free bets,14800,41.189998626708984,MEDIUM,commercial,20,comp:midnite.com
betmgm uk,competitor/brand,12100,2.9,LOW,navigational,17,ideas
casino free spins no deposit,casino (exclude),12100,12.27,MEDIUM,transactional,12,ideas
skybet football,competitor/brand,12100,7.33,LOW,commercial,34,ideas
powerball uk,G other,12100,1.85,LOW,informational,9,ideas
coin master free coins,G other,12100,3.01,LOW,informational,29,ideas
premier italia,G other,12100,,LOW,informational,41,ideas
the national lottery uk,casino (exclude),12100,0.18,LOW,informational,39,ideas
fifa live,G other,12100,0.99,LOW,informational,57,ideas
casino online uk,casino (exclude),12100,56.18,MEDIUM,commercial,59,ideas
ladbrokes app,competitor/brand,12100,10.08,LOW,transactional,20,ideas
uk national lottery results checker,casino (exclude),12100,0.15,LOW,informational,21,ideas
sbk betting,G other,12100,4.89,LOW,commercial,7,ideas
kwiff betting,competitor/brand,12100,1.93,LOW,commercial,9,ideas
national lottery sign in,casino (exclude),12100,0.2,LOW,navigational,10,ideas
sky bet football betting,competitor/brand,12100,7.33,LOW,commercial,44,sugg
49's irish lottery results,casino (exclude),12100,2.009999990463257,LOW,navigational,19,comp:betfred.com
49's irish lotto results,casino (exclude),12100,2.009999990463257,LOW,navigational,16,comp:betfred.com
49s irish lottery results,casino (exclude),12100,2.009999990463257,LOW,informational,26,comp:betfred.com
betfred uk,competitor/brand,12100,2.119999885559082,LOW,commercial,26,comp:betfred.com
betting odds premier league winner,E sport-specific,12100,2.7300000190734863,LOW,informational,16,comp:betfred.com
daily millions results ireland,informational (exclude),12100,4.159999847412109,LOW,informational,6,comp:betfred.com
england odds to win world cup,informational (exclude),12100,4.590000152587891,MEDIUM,informational,29,comp:betfred.com
france lotto results,casino (exclude),12100,33.619998931884766,LOW,informational,0,comp:betfred.com
french lottery results,casino (exclude),12100,33.619998931884766,LOW,informational,0,comp:betfred.com
horse race bet,E sport-specific,12100,50.34000015258789,LOW,informational,41,comp:betfred.com|comp:betgoodwin.co.uk
irish daily millions results,informational (exclude),12100,4.159999847412109,LOW,informational,9,comp:betfred.com
irish lottery results 49's,casino (exclude),12100,2.009999990463257,LOW,informational,20,comp:betfred.com
irish lottery results 49s,casino (exclude),12100,2.009999990463257,LOW,informational,19,comp:betfred.com
irish lotto 49s results,casino (exclude),12100,2.009999990463257,LOW,informational,24,comp:betfred.com
irish lotto results 49s,casino (exclude),12100,2.009999990463257,LOW,informational,17,comp:betfred.com
live totepool,competitor/brand,12100,5.960000038146973,LOW,navigational,0,comp:betfred.com
loto france results,informational (exclude),12100,33.619998931884766,LOW,informational,14,comp:betfred.com
lottery france results,casino (exclude),12100,1.899999976158142,LOW,informational,0,comp:betfred.com
nap of the day,G other,12100,4.210000038146973,LOW,informational,5,comp:betfred.com
naps of the day,G other,12100,1.6200000047683716,LOW,informational,4,comp:betfred.com
naps table,G other,12100,,LOW,transactional,4,comp:betfred.com
nifty fifty,G other,12100,2.440000057220459,LOW,informational,11,comp:betfred.com
odds england winning world cup,G other,12100,4.590000152587891,MEDIUM,informational,15,comp:betfred.com
odds to win epl,informational (exclude),12100,2.6100001335144043,LOW,informational,33,comp:betfred.com
odds win premier league,E sport-specific,12100,2.6100001335144043,LOW,informational,20,comp:betfred.com
pl winner odds,G other,12100,2.6100001335144043,LOW,informational,20,comp:betfred.com
premier league champions odds,E sport-specific,12100,2.7300000190734863,LOW,informational,20,comp:betfred.com
premier league winners bet,E sport-specific,12100,2.6100001335144043,LOW,informational,34,comp:betfred.com
tonight's winning lottery numbers,casino (exclude),12100,0.699999988079071,LOW,informational,39,comp:betfred.com
tote livepool,competitor/brand,12100,5.960000038146973,LOW,transactional,1,comp:betfred.com
totepool live,competitor/brand,12100,5.659999847412109,LOW,navigational,1,comp:betfred.com
virtual results,informational (exclude),12100,,LOW,informational,0,comp:betfred.com
win lottery numbers for tonight,casino (exclude),12100,0.699999988079071,LOW,informational,25,comp:betfred.com
winning lottery numbers for tonight,casino (exclude),12100,0.699999988079071,LOW,informational,23,comp:betfred.com
winning lotto numbers for tonight,casino (exclude),12100,0.699999988079071,LOW,informational,29,comp:betfred.com
millionaire maker code tonight,G other,12100,1.6100000143051147,LOW,informational,14,comp:bet442.co.uk
scratch cards,casino (exclude),12100,5.510000228881836,HIGH,transactional,0,comp:bet442.co.uk
best internet casino,casino (exclude),12100,85.38999938964844,MEDIUM,commercial,55,comp:betgoodwin.co.uk
good online casino,casino (exclude),12100,85.38999938964844,MEDIUM,commercial,68,comp:betgoodwin.co.uk
horse betting,E sport-specific,12100,40.29999923706055,LOW,commercial,30,comp:betgoodwin.co.uk
horse racing betting,E sport-specific,12100,50.34000015258789,LOW,commercial,53,comp:betgoodwin.co.uk
uk casino sites www ukcasino live,casino (exclude),12100,,LOW,navigational,38,comp:betgoodwin.co.uk
football transfer odds,E sport-specific,12100,5.630000114440918,LOW,commercial,0,comp:midnite.com
relegation odds,G other,12100,1.6200000047683716,LOW,informational,8,comp:midnite.com
best casino bonuses www ukcasino live,casino (exclude),9900,,LOW,commercial,45,ideas
best gambling sites uk,G other,9900,78.77,MEDIUM,commercial,76,ideas
lottery app,casino (exclude),9900,1.33,LOW,transactional,20,ideas
gambling sites uk,G other,9900,70.72,MEDIUM,commercial,92,comp:betgoodwin.co.uk|ideas
ladbrokes login uk,competitor/brand,9900,0.24,LOW,navigational,28,ideas
bet uk,competitor/brand,9900,49.39,LOW,commercial,81,comp:betfred.com|comp:betgoodwin.co.uk|ideas
ladbrokes betting,competitor/brand,9900,2.65,LOW,commercial,42,ideas
best betting sites,F generic betting/sites,9900,75.17,LOW,commercial,36,comp:betgoodwin.co.uk|ideas|sugg
casino free spins,casino (exclude),9900,33.55,MEDIUM,commercial,17,ideas
lottery login uk,casino (exclude),9900,0.25,LOW,navigational,21,ideas
lotto draw live,casino (exclude),9900,2.03,LOW,informational,25,ideas
ea fc 26 web app,B betting app,9900,4.45,LOW,navigational,22,ideas
betting tips,informational (exclude),9900,8.47,LOW,commercial,75,ideas
online betting,F generic betting/sites,9900,62.22,LOW,commercial,90,comp:betgoodwin.co.uk|ideas
free spins no wagering,casino (exclude),9900,21.58,MEDIUM,commercial,17,ideas
888 casino uk,competitor/brand,9900,3.54,LOW,commercial,0,ideas
grand national betting,G other,9900,28.33,LOW,commercial,52,ideas
lottery numbers today,casino (exclude),9900,0.66,LOW,informational,35,comp:betfred.com|ideas
world cup betting,G other,9900,30.65,MEDIUM,commercial,35,ideas
non gamstop casinos uk,casino (exclude),9900,,LOW,commercial,32,ideas
best sites for betting,G other,9900,75.17,LOW,commercial,36,sugg
top uk betting sites,F generic betting/sites,9900,78.77,MEDIUM,commercial,56,sugg
recommended betting sites,F generic betting/sites,9900,75.17,LOW,commercial,36,sugg
best betting sites uk,F generic betting/sites,9900,78.77,MEDIUM,commercial,55,comp:betgoodwin.co.uk|sugg
english betting sites,F generic betting/sites,9900,70.72,MEDIUM,commercial,92,sugg
top betting sites in uk,F generic betting/sites,9900,78.77,MEDIUM,commercial,50,sugg
best uk online betting sites,F generic betting/sites,9900,78.77,MEDIUM,commercial,51,sugg
betting sites best,F generic betting/sites,9900,75.17,LOW,commercial,36,sugg
best betting sites in uk,F generic betting/sites,9900,78.77,MEDIUM,commercial,55,sugg
good betting sites uk,F generic betting/sites,9900,78.77,MEDIUM,commercial,76,sugg
best online betting sites uk,F generic betting/sites,9900,78.77,MEDIUM,commercial,51,sugg
betting sites new,F generic betting/sites,9900,55.18,MEDIUM,commercial,72,sugg
betting new sites,G other,9900,55.18,MEDIUM,commercial,72,sugg
new betting sites,F generic betting/sites,9900,55.18,MEDIUM,commercial,72,comp:betgoodwin.co.uk|sugg
good betting sites,F generic betting/sites,9900,75.17,LOW,commercial,56,comp:betgoodwin.co.uk|sugg
best uk betting sites,F generic betting/sites,9900,78.77,MEDIUM,commercial,44,comp:betgoodwin.co.uk|sugg
best betting sites in the uk,F generic betting/sites,9900,78.77,MEDIUM,commercial,55,sugg
49ers teatime results,informational (exclude),9900,,LOW,informational,33,comp:betfred.com
49s results teatime,informational (exclude),9900,,LOW,informational,25,comp:betfred.com
49s teatime results,informational (exclude),9900,,LOW,informational,24,comp:betfred.com
bet world cup,G other,9900,30.649999618530273,MEDIUM,commercial,35,comp:betfred.com
betfred bingo,competitor/brand,9900,9.550000190734863,LOW,commercial,6,comp:betfred.com
betfred super league,competitor/brand,9900,8.9399995803833,LOW,commercial,57,comp:betfred.com
betting for world cup,G other,9900,30.649999618530273,MEDIUM,commercial,25,comp:betfred.com
bingo games,casino (exclude),9900,12.5600004196167,HIGH,informational,61,comp:betfred.com
daily millions results today,informational (exclude),9900,5.260000228881836,LOW,informational,5,comp:betfred.com
french lotto results,casino (exclude),9900,3.619999885559082,LOW,informational,0,comp:betfred.com
grand national bet,G other,9900,28.329999923706055,LOW,commercial,30,comp:betfred.com
irish lotto results tonight 3 draws william hill,competitor/brand,9900,1.7100000381469727,LOW,informational,5,comp:betfred.com
lottery live draw,casino (exclude),9900,1.0099999904632568,LOW,informational,17,comp:betfred.com
lottery tonight,casino (exclude),9900,1.1800000667572021,LOW,informational,57,comp:betfred.com
bingo calls,casino (exclude),9900,1.6299999952316284,LOW,informational,2,comp:bet442.co.uk
the postcode lottery,casino (exclude),9900,0.3199999928474426,LOW,informational,33,comp:bet442.co.uk
best betting websites,F generic betting/sites,9900,75.16999816894531,LOW,commercial,70,comp:betgoodwin.co.uk
best betting websites uk,F generic betting/sites,9900,83.51000213623047,MEDIUM,commercial,51,comp:betgoodwin.co.uk
good betting site,F generic betting/sites,9900,75.16999816894531,LOW,commercial,42,comp:betgoodwin.co.uk
new betting websites,F generic betting/sites,9900,55.18000030517578,MEDIUM,commercial,51,comp:betgoodwin.co.uk
online bet,G other,9900,62.220001220703125,LOW,commercial,90,comp:betgoodwin.co.uk
online casino www 900freespins com,casino (exclude),9900,,,navigational,56,comp:betgoodwin.co.uk
uk online casino,casino (exclude),9900,60.27000045776367,LOW,commercial,58,comp:betgoodwin.co.uk
double bubble bingo log in,casino (exclude),9900,0.23000000417232513,LOW,navigational,0,comp:midnite.com
next manager to be sacked odds,G other,9900,,LOW,informational,0,comp:midnite.com
fifa web app,B betting app,8100,1.52,LOW,navigational,6,ideas
fifa today,G other,8100,1.4,LOW,informational,58,ideas
slot sites,casino (exclude),8100,56.1,MEDIUM,commercial,55,ideas
lottery co uk,casino (exclude),8100,0.98,LOW,informational,28,ideas
ea fc web app,B betting app,8100,2.67,LOW,navigational,12,ideas
fantasy premier league login,E sport-specific,8100,1.94,LOW,navigational,38,ideas
best online casino uk,casino (exclude),8100,76.16,MEDIUM,commercial,43,ideas
new casino sites,casino (exclude),8100,39.76,MEDIUM,commercial,43,ideas
matched betting,G other,8100,10.77,MEDIUM,commercial,42,ideas
betfred app,competitor/brand,8100,11.53,LOW,transactional,38,ideas
live casino,casino (exclude),8100,71.13,LOW,transactional,37,comp:betgoodwin.co.uk|ideas
golden bet casino,casino (exclude),8100,14.05,LOW,commercial,0,ideas
prezzo offers,C offers/free bets,8100,0.27,LOW,commercial,4,ideas
betfair uk,competitor/brand,8100,3.74,LOW,commercial,14,ideas
football today fifa,E sport-specific,8100,1.4,LOW,informational,59,ideas
lottery checker uk,casino (exclude),8100,0.12,LOW,informational,7,ideas
best betting apps,B betting app,8100,79.41,MEDIUM,commercial,52,ideas
coin master free spin link,G other,8100,3.18,LOW,informational,29,ideas
lotto results history uk,casino (exclude),8100,0.1,LOW,informational,23,ideas
betway uk,competitor/brand,8100,1.42,LOW,commercial,20,comp:betgoodwin.co.uk|ideas
betting sites not on gamstop,bonus-hunter/offshore (exclude),8100,,LOW,commercial,66,ideas|sugg
best app for betting,B betting app,8100,79.41,MEDIUM,commercial,52,sugg
best betting app,B betting app,8100,79.41,MEDIUM,commercial,27,sugg
best app betting,B betting app,8100,79.41,MEDIUM,commercial,52,sugg
betting app best,B betting app,8100,79.41,MEDIUM,commercial,52,sugg
best football betting site betway,competitor/brand,8100,,LOW,commercial,52,sugg
check lottery tickets,casino (exclude),8100,0.5899999737739563,LOW,informational,23,comp:bet442.co.uk
check postcode lottery,casino (exclude),8100,0.7300000190734863,LOW,informational,16,comp:bet442.co.uk
lottery ticket checker,casino (exclude),8100,0.5600000023841858,LOW,informational,4,comp:bet442.co.uk
lotto prize breakdown,casino (exclude),8100,0.9900000095367432,LOW,informational,5,comp:bet442.co.uk
money line,G other,8100,4.090000152587891,LOW,informational,15,comp:bet442.co.uk
postcode lottery checker,casino (exclude),8100,0.7400000095367432,LOW,informational,10,comp:bet442.co.uk
prize breakdown lotto,casino (exclude),8100,0.9900000095367432,LOW,informational,5,comp:bet442.co.uk
ticket checker lottery,casino (exclude),8100,0.5899999737739563,LOW,informational,7,comp:bet442.co.uk
goodwin bet,competitor/brand,8100,12.609999656677246,LOW,commercial,3,comp:betgoodwin.co.uk
new casino site,casino (exclude),8100,43.380001068115234,MEDIUM,commercial,29,comp:betgoodwin.co.uk
online casino sites www ukcasino live,casino (exclude),8100,,LOW,navigational,60,comp:betgoodwin.co.uk
slot sites www ukcasino live,casino (exclude),8100,,LOW,navigational,59,comp:betgoodwin.co.uk
midnite login,competitor/brand,8100,13.15999984741211,LOW,navigational,1,comp:midnite.com
new betting sites uk,F generic betting/sites,6600,44.14,MEDIUM,commercial,56,comp:betgoodwin.co.uk|ideas|sugg
online sports betting,E sport-specific,6600,66.69,LOW,commercial,91,ideas
lucky 15 bet calculator,informational (exclude),6600,3.95,LOW,informational,0,ideas
no deposit bonus,bonus-hunter/offshore (exclude),6600,7.52,MEDIUM,commercial,20,ideas
sports betting sites,E sport-specific,6600,70.74,LOW,commercial,74,comp:betgoodwin.co.uk|ideas|sugg
age uk lottery,casino (exclude),6600,4.42,MEDIUM,informational,7,ideas
sky sports app,B betting app,6600,1.84,LOW,navigational,84,ideas
bingo sites uk,casino (exclude),6600,34.6,MEDIUM,commercial,61,ideas
odds quad,G other,6600,,LOW,informational,6,ideas
uk slot sites,casino (exclude),6600,54.08,MEDIUM,commercial,59,ideas
mahjong free,G other,6600,2.29,LOW,informational,52,ideas
postcode lottery sign in,casino (exclude),6600,0.18,LOW,navigational,8,ideas
bet sites,G other,6600,67.29,MEDIUM,commercial,81,comp:betgoodwin.co.uk|ideas
best casino sites,casino (exclude),6600,85.83,LOW,commercial,57,ideas
priced up bet,G other,6600,2.59,MEDIUM,commercial,5,ideas
online betting sites,F generic betting/sites,6600,67.34,LOW,commercial,57,comp:betgoodwin.co.uk|ideas|sugg
sky bet uk,competitor/brand,6600,2.37,LOW,commercial,41,ideas
world cup betting odds,G other,6600,3.41,LOW,commercial,28,ideas
top 20 betting sites uk,F generic betting/sites,6600,43.25,LOW,commercial,40,ideas|sugg
uk lottery numbers,casino (exclude),6600,0.35,LOW,informational,39,ideas
best uk online casino,casino (exclude),6600,74.79,LOW,commercial,76,ideas
ladbrokes sign in,competitor/brand,6600,0.4,LOW,navigational,35,ideas
play solitaire free,G other,6600,0.82,LOW,informational,68,ideas
uk new betting sites,F generic betting/sites,6600,44.14,MEDIUM,commercial,56,sugg
sporting betting sites,E sport-specific,6600,70.74,LOW,commercial,74,sugg
new uk betting sites,F generic betting/sites,6600,44.14,MEDIUM,commercial,56,sugg
betting sites for sports,E sport-specific,6600,70.74,LOW,commercial,74,sugg
betting sites new uk,F generic betting/sites,6600,44.14,MEDIUM,commercial,56,sugg
betting sport sites,E sport-specific,6600,70.74,LOW,commercial,74,sugg
top 20 uk betting sites,F generic betting/sites,6600,43.25,LOW,commercial,40,sugg
betting sports sites,E sport-specific,6600,70.74,LOW,commercial,74,sugg
betting sites uk new,F generic betting/sites,6600,44.14,MEDIUM,commercial,56,sugg
online betting sites www ukbettingbonus org,C offers/free bets,6600,,LOW,commercial,65,sugg
sites for sports betting,E sport-specific,6600,70.74,LOW,commercial,74,sugg
betting online sites,F generic betting/sites,6600,67.34,LOW,commercial,74,sugg
internet betting sites,F generic betting/sites,6600,67.34,LOW,commercial,57,sugg
uk betting sites new,F generic betting/sites,6600,44.14,MEDIUM,commercial,56,sugg
sportsbook betting sites,E sport-specific,6600,70.74,LOW,commercial,100,sugg
betting sites sports,E sport-specific,6600,70.74,LOW,commercial,74,sugg
sports online betting sites,E sport-specific,6600,70.74,LOW,commercial,95,sugg
betting sites online,F generic betting/sites,6600,67.34,LOW,commercial,55,comp:betgoodwin.co.uk|sugg
william hill football betting,competitor/brand,6600,6.45,LOW,commercial,30,sugg
william hill online football betting,competitor/brand,6600,6.45,LOW,commercial,39,sugg
william hill betting football,competitor/brand,6600,6.45,LOW,informational,30,sugg
football betting at william hill,competitor/brand,6600,6.45,LOW,commercial,30,sugg
william hill betting on football,competitor/brand,6600,6.45,LOW,informational,30,sugg
football betting william hill,competitor/brand,6600,6.45,LOW,commercial,30,sugg
betting sport online,E sport-specific,6600,72.56999969482422,LOW,commercial,72,comp:bet442.co.uk|comp:betgoodwin.co.uk
bonus ball lottery,casino (exclude),6600,0.18000000715255737,LOW,informational,23,comp:bet442.co.uk
bonus ball number,C offers/free bets,6600,0.05999999865889549,LOW,informational,23,comp:bet442.co.uk
bonus ball numbers,C offers/free bets,6600,0.20000000298023224,LOW,informational,26,comp:bet442.co.uk
how many of my neighbours are in the postcode lottery,casino (exclude),6600,,LOW,informational,0,comp:bet442.co.uk
lotto bonus ball,casino (exclude),6600,0.11999999731779099,LOW,informational,23,comp:bet442.co.uk
lotto bonus balls,casino (exclude),6600,0.18000000715255737,LOW,transactional,17,comp:bet442.co.uk
moneyline,G other,6600,3.690000057220459,LOW,navigational,15,comp:bet442.co.uk
national lottery scratchcards,casino (exclude),6600,0.8500000238418579,LOW,informational,0,comp:bet442.co.uk
scratch cards national lottery,casino (exclude),6600,0.8500000238418579,LOW,informational,12,comp:bet442.co.uk
betting online website,F generic betting/sites,6600,77.56999969482422,LOW,commercial,74,comp:betgoodwin.co.uk
gambling online sports,E sport-specific,6600,66.69000244140625,LOW,commercial,77,comp:betgoodwin.co.uk
gambling sports websites,E sport-specific,6600,70.83999633789062,LOW,commercial,72,comp:betgoodwin.co.uk
new gambling sites uk,G other,6600,44.13999938964844,MEDIUM,commercial,57,comp:betgoodwin.co.uk
slots websites uk,casino (exclude),6600,56.599998474121094,MEDIUM,commercial,48,comp:betgoodwin.co.uk
sport wagering online,E sport-specific,6600,66.69000244140625,LOW,commercial,100,comp:betgoodwin.co.uk
sports bet website,E sport-specific,6600,70.83999633789062,LOW,commercial,61,comp:betgoodwin.co.uk
sports online gambling,E sport-specific,6600,72.56999969482422,LOW,commercial,91,comp:betgoodwin.co.uk
sports wagering sites,E sport-specific,6600,70.73999786376953,LOW,commercial,66,comp:betgoodwin.co.uk
free spins daily,casino (exclude),5400,6.28,LOW,commercial,5,ideas
lotto live,casino (exclude),5400,8.93,LOW,informational,29,ideas
no deposit casino bonus uk,casino (exclude),5400,9.43,LOW,commercial,12,ideas
free coin master,G other,5400,,LOW,informational,12,ideas
lottery uk results,casino (exclude),5400,0.52,LOW,informational,34,ideas
football betting www ukbettingbonus org,C offers/free bets,5400,,LOW,transactional,36,ideas|sugg
odds of winning the lottery,casino (exclude),5400,7.91,LOW,informational,19,ideas
lucky 15 tips,informational (exclude),5400,1.18,LOW,informational,0,ideas
national lottery results uk,casino (exclude),5400,0.17,LOW,informational,39,ideas
odds of winning euromillions,G other,5400,10.57,LOW,informational,3,ideas
play free slots,casino (exclude),5400,8.97,LOW,informational,11,ideas
dice dreams free rolls,G other,5400,3.92,LOW,informational,5,ideas
national lottery results today,casino (exclude),5400,0.56,LOW,informational,34,ideas
betfair login uk,competitor/brand,5400,2.73,LOW,navigational,6,ideas
betfair exchange uk,competitor/brand,5400,4.45,LOW,commercial,17,ideas
50 free spins no deposit,casino (exclude),5400,10.36,MEDIUM,transactional,0,ideas
live lotto,casino (exclude),5400,8.93,LOW,informational,27,ideas
sky vegas free spins,competitor/brand,5400,5.06,LOW,commercial,5,ideas
uk bingo,casino (exclude),5400,21.99,LOW,informational,41,ideas
free spins on sign up,casino (exclude),5400,32.74,MEDIUM,commercial,15,ideas
free poker,casino (exclude),5400,4.15,LOW,informational,27,ideas
free spins no deposit no wager,casino (exclude),5400,12.79,MEDIUM,transactional,8,ideas
free bingo,casino (exclude),5400,8.92,MEDIUM,informational,38,ideas
best online slots uk,casino (exclude),5400,86.94,MEDIUM,commercial,45,ideas
sports betting sites www ukbettingbonus org,C offers/free bets,5400,,LOW,commercial,56,comp:betgoodwin.co.uk|sugg
new betting sites www ukbettingbonus org,C offers/free bets,5400,,LOW,commercial,48,sugg
football accumulator tips,informational (exclude),5400,13.47,LOW,informational,22,sugg
accumulator football tips,informational (exclude),5400,13.47,LOW,informational,22,sugg
football accumulator advice,D acca/bet builder,5400,13.47,LOW,informational,22,sugg
accumulator tips football,informational (exclude),5400,13.47,LOW,informational,22,sugg
football accumulator tipster,informational (exclude),5400,13.47,LOW,transactional,22,sugg
accumulator soccer tips,informational (exclude),5400,13.47,LOW,informational,19,sugg
football accumulator tip,D acca/bet builder,5400,13.47,LOW,informational,22,sugg
tips football accumulator,informational (exclude),5400,13.47,LOW,transactional,22,sugg
footy accumulator tips,informational (exclude),5400,13.47,LOW,informational,49,sugg
sporting life accumulator,D acca/bet builder,5400,3.51,LOW,transactional,25,sugg
2 numbers on lottery,casino (exclude),5400,2.0299999713897705,LOW,informational,18,comp:bet442.co.uk
lottery scratchcards,casino (exclude),5400,2.200000047683716,LOW,transactional,0,comp:bet442.co.uk
millionaire maker code,G other,5400,1.5399999618530273,LOW,informational,14,comp:bet442.co.uk
quarter final,G other,5400,1.559999942779541,LOW,informational,3,comp:bet442.co.uk
quarter-final,G other,5400,1.559999942779541,LOW,informational,3,comp:bet442.co.uk
sportsbook definition,E sport-specific,5400,3.3600001335144043,LOW,informational,9,comp:bet442.co.uk
two numbers on lotto,casino (exclude),5400,2.0299999713897705,LOW,informational,15,comp:bet442.co.uk
best slots online uk,casino (exclude),5400,86.94000244140625,MEDIUM,commercial,44,comp:betgoodwin.co.uk
new casino online,casino (exclude),5400,40.06999969482422,MEDIUM,commercial,57,comp:betgoodwin.co.uk
new online casino,casino (exclude),5400,45.279998779296875,MEDIUM,commercial,55,comp:betgoodwin.co.uk
online casino new,casino (exclude),5400,40.06999969482422,MEDIUM,commercial,57,comp:betgoodwin.co.uk
coin master free spins today,casino (exclude),4400,2.55,LOW,informational,28,ideas
free slots games,casino (exclude),4400,11.86,MEDIUM,informational,22,ideas
lotto results today saturday,casino (exclude),4400,0.11,LOW,informational,30,ideas
postcode lottery app,casino (exclude),4400,0.38,LOW,informational,17,ideas
betting sign up offers,C offers/free bets,4400,57.4,MEDIUM,transactional,50,ideas
betfred free spins,competitor/brand,4400,11.44,LOW,commercial,2,ideas
lotto app,casino (exclude),4400,1.37,LOW,transactional,47,ideas
tote betting,competitor/brand,4400,7.77,LOW,commercial,12,ideas
free bets no deposit,bonus-hunter/offshore (exclude),4400,19.72,MEDIUM,commercial,14,comp:midnite.com|ideas|sugg
what are the odds of winning the lottery,casino (exclude),4400,6.76,LOW,informational,17,ideas
best betting sign up offers,C offers/free bets,4400,58.08,LOW,commercial,42,ideas
bet365 live chat,competitor/brand,4400,4.54,LOW,navigational,32,ideas
horse racing sky bet,competitor/brand,4400,5.14,LOW,commercial,,ideas
betting offers,C offers/free bets,4400,61.66,LOW,commercial,72,ideas
grosvenor betting,competitor/brand,4400,3.63,LOW,commercial,9,ideas
betting offers sign up,C offers/free bets,4400,57.4,MEDIUM,commercial,50,ideas
clubs 4 cash,G other,4400,0.22,HIGH,informational,8,ideas
lottery results live,casino (exclude),4400,2.52,LOW,informational,29,ideas
rtg pure football,E sport-specific,4400,,LOW,informational,7,ideas
amazon prime champions league,G other,4400,,LOW,commercial,11,ideas
corals online betting,competitor/brand,4400,4.61,LOW,commercial,41,ideas
bingo bash free chips,casino (exclude),4400,6.35,LOW,commercial,0,ideas
dafc.net football forum,E sport-specific,4400,,LOW,navigational,0,ideas
betting tips today,informational (exclude),4400,11.47,LOW,commercial,65,ideas
best bingo sites,casino (exclude),4400,42.02,MEDIUM,commercial,49,ideas
lotto results live,casino (exclude),4400,2.52,LOW,informational,9,ideas
football games online,E sport-specific,4400,0.56,LOW,informational,49,ideas
betting free bets no deposit,bonus-hunter/offshore (exclude),4400,19.72,MEDIUM,commercial,34,sugg
free no deposit bets,bonus-hunter/offshore (exclude),4400,19.72,MEDIUM,commercial,34,sugg
free bets no deposit required,bonus-hunter/offshore (exclude),4400,19.72,MEDIUM,commercial,13,sugg
free bets with no deposit,bonus-hunter/offshore (exclude),4400,19.72,MEDIUM,commercial,34,sugg
free bets without deposit,C offers/free bets,4400,19.72,MEDIUM,commercial,36,sugg
no deposit free bets,bonus-hunter/offshore (exclude),4400,19.72,MEDIUM,commercial,34,sugg
free bets without any deposit,C offers/free bets,4400,19.72,MEDIUM,commercial,14,sugg
tips football betting today,informational (exclude),4400,10.53,LOW,commercial,65,sugg
betting on football today,E sport-specific,4400,24.58,LOW,commercial,65,sugg
football today betting,E sport-specific,4400,24.58,LOW,commercial,65,sugg
betting tips for today football,informational (exclude),4400,10.53,LOW,commercial,65,sugg
football betting tips today,informational (exclude),4400,10.53,LOW,commercial,62,sugg
betting football tips today,informational (exclude),4400,10.53,LOW,commercial,65,sugg
today football match betting tips,informational (exclude),4400,10.53,LOW,commercial,64,sugg
football betting today tips,informational (exclude),4400,10.53,LOW,commercial,65,sugg
football betting tips for today,informational (exclude),4400,10.53,LOW,commercial,65,sugg
betting on today's football,E sport-specific,4400,24.58,LOW,informational,65,sugg
betting football tips for today,informational (exclude),4400,10.53,LOW,commercial,65,sugg
betting tips for today's football,informational (exclude),4400,10.53,LOW,commercial,65,sugg
betting tips for football tonight,informational (exclude),4400,10.53,LOW,informational,55,sugg
football betting today,E sport-specific,4400,24.58,LOW,commercial,65,sugg
football betting tips tonight,informational (exclude),4400,10.53,LOW,informational,68,sugg
football betting for today,E sport-specific,4400,24.58,LOW,commercial,65,sugg
tips for football betting today,informational (exclude),4400,10.53,LOW,commercial,65,sugg
betting football today,E sport-specific,4400,24.58,LOW,commercial,65,sugg
today's football betting,E sport-specific,4400,24.58,LOW,commercial,65,sugg
today football betting tips,informational (exclude),4400,10.53,LOW,commercial,65,sugg
today's football betting tips,informational (exclude),4400,10.53,LOW,commercial,65,sugg
betting today football,E sport-specific,4400,24.58,LOW,commercial,65,sugg
football tips betting today,informational (exclude),4400,10.53,LOW,commercial,65,sugg
today football betting,E sport-specific,4400,24.58,LOW,commercial,65,sugg
2 numbers on lotto,casino (exclude),4400,0.8199999928474426,LOW,informational,17,comp:bet442.co.uk
basketball game how long,G other,4400,,LOW,informational,0,comp:bet442.co.uk
basketball how long is a game,G other,4400,,LOW,informational,0,comp:bet442.co.uk
how long is a basketball game,G other,4400,,LOW,informational,2,comp:bet442.co.uk
how long is a basketball match,G other,4400,,LOW,informational,5,comp:bet442.co.uk
how long.is a basketball game,G other,4400,,LOW,informational,0,comp:bet442.co.uk
pt to pt,G other,4400,0.7099999785423279,LOW,informational,21,comp:bet442.co.uk
scan lottery ticket,casino (exclude),4400,0.4099999964237213,LOW,transactional,11,comp:bet442.co.uk
scanning lottery tickets,casino (exclude),4400,0.5,LOW,informational,9,comp:bet442.co.uk
scratch cards lottery,casino (exclude),4400,1.9300000667572021,LOW,informational,0,comp:bet442.co.uk
scratch cards lottostar,casino (exclude),4400,1.9300000667572021,LOW,transactional,0,comp:bet442.co.uk
uk millionaire maker code,G other,4400,1.3199999332427979,LOW,informational,7,comp:bet442.co.uk
blackjack online,casino (exclude),4400,60.95000076293945,LOW,commercial,40,comp:betgoodwin.co.uk
bookmakers online,F generic betting/sites,4400,64.12999725341797,MEDIUM,commercial,90,comp:betgoodwin.co.uk
casino games online play,casino (exclude),4400,72.76000213623047,LOW,commercial,57,comp:betgoodwin.co.uk
online bookmakers,F generic betting/sites,4400,62.0099983215332,MEDIUM,commercial,68,comp:betgoodwin.co.uk
betting free bet no deposit,bonus-hunter/offshore (exclude),4400,19.299999237060547,MEDIUM,commercial,16,comp:midnite.com
double bubble casino,casino (exclude),4400,3.3899998664855957,LOW,informational,5,comp:midnite.com
best free solitaire,G other,3600,0.85,LOW,informational,32,ideas
uk bookmakers,F generic betting/sites,3600,52.01,MEDIUM,commercial,38,comp:betgoodwin.co.uk|ideas
bet online,F generic betting/sites,3600,59.33,LOW,commercial,64,comp:betgoodwin.co.uk|ideas
uk lottery results today,casino (exclude),3600,1.39,LOW,informational,39,ideas
irish lottery results for today,casino (exclude),3600,2.77,LOW,informational,25,ideas
uk casinos,casino (exclude),3600,61.08,MEDIUM,commercial,57,ideas
gambling apps uk,B betting app,3600,74.49,MEDIUM,commercial,27,comp:betgoodwin.co.uk|ideas
50 free spins no deposit no wager,casino (exclude),3600,8.25,MEDIUM,transactional,7,ideas
national lottery login uk,casino (exclude),3600,0.18,LOW,navigational,50,ideas
uk lottery results history,casino (exclude),3600,0.18,LOW,informational,9,ideas
best gambling sites,G other,3600,105.52,MEDIUM,commercial,47,ideas
new uk online casinos,casino (exclude),3600,31.92,MEDIUM,commercial,67,ideas
betting odds,G other,3600,8.37,LOW,commercial,75,ideas
best bingo sites uk,casino (exclude),3600,43.18,MEDIUM,commercial,60,ideas
canale live,G other,3600,,LOW,navigational,48,ideas
top 10 casino online uk,casino (exclude),3600,38.83,MEDIUM,commercial,41,ideas
bet365 horse racing,competitor/brand,3600,1.24,LOW,commercial,2,ideas
casino sign up bonus,casino (exclude),3600,63.46,MEDIUM,transactional,50,ideas
william hill slots,competitor/brand,3600,13.02,LOW,informational,6,ideas
next bond odds,G other,3600,,LOW,commercial,6,ideas
betfred login uk,competitor/brand,3600,6.25,LOW,navigational,42,ideas
best uk bingo sites,casino (exclude),3600,43.18,MEDIUM,commercial,57,ideas
online bingo uk,casino (exclude),3600,49.34,MEDIUM,commercial,68,ideas
premier bet,G other,3600,3.99,LOW,commercial,2,ideas
live score bet log in,G other,3600,8.67,LOW,navigational,22,ideas
spread betting,G other,3600,84.8,MEDIUM,commercial,40,ideas
vickers bet,G other,3600,21.6,LOW,informational,0,ideas
free spins coin master today,casino (exclude),3600,,LOW,informational,39,ideas
best slot sites,casino (exclude),3600,102.38,MEDIUM,commercial,45,ideas
slotpark free coins,casino (exclude),3600,2.74,LOW,commercial,0,ideas
best uk casino,casino (exclude),3600,70.91,MEDIUM,commercial,57,ideas
gala bingo uk,casino (exclude),3600,2.21,LOW,informational,17,ideas
national lottery live,casino (exclude),3600,4.03,LOW,informational,38,ideas
best casino sites uk,casino (exclude),3600,79.13,MEDIUM,commercial,57,ideas
uk betting app,B betting app,3600,74.49,MEDIUM,commercial,31,sugg
betting app uk,B betting app,3600,74.49,MEDIUM,navigational,31,comp:betgoodwin.co.uk|sugg
accumulator,D acca/bet builder,3600,7.94,HIGH,informational,15,sugg
calculator accumulator,informational (exclude),3600,4.11,LOW,transactional,0,sugg
accumulator calculation,D acca/bet builder,3600,4.11,LOW,informational,0,sugg
accumulator calculator,informational (exclude),3600,4.11,LOW,informational,2,sugg
cancel postcode lottery,casino (exclude),3600,2.2100000381469727,LOW,informational,9,comp:bet442.co.uk
check my set for life numbers,G other,3600,1.9900000095367432,LOW,informational,0,comp:bet442.co.uk
define filly,G other,3600,,LOW,informational,11,comp:bet442.co.uk
euromillions millionaire maker,G other,3600,1.059999942779541,LOW,informational,10,comp:bet442.co.uk
euromillions uk millionaire maker,G other,3600,1.059999942779541,LOW,informational,9,comp:bet442.co.uk
f1 how many races left,E sport-specific,3600,0.019999999552965164,LOW,informational,55,comp:bet442.co.uk
how long do rugby games last,E sport-specific,3600,,LOW,informational,7,comp:bet442.co.uk
how long does a rugby game last,E sport-specific,3600,,LOW,informational,7,comp:bet442.co.uk
how long does a rugby match last,E sport-specific,3600,,LOW,informational,7,comp:bet442.co.uk
how long does a rugby union match last,E sport-specific,3600,,LOW,informational,9,comp:bet442.co.uk
how long does rugby last,E sport-specific,3600,,LOW,informational,7,comp:bet442.co.uk
how many numbers for lotto,casino (exclude),3600,1.4800000190734863,LOW,informational,9,comp:bet442.co.uk
how much is people's postcode lottery,casino (exclude),3600,3.119999885559082,LOW,commercial,15,comp:bet442.co.uk
how much is postcode lottery,casino (exclude),3600,2.5399999618530273,LOW,informational,19,comp:bet442.co.uk
how much is the postcode lottery,casino (exclude),3600,3.119999885559082,LOW,informational,17,comp:bet442.co.uk
lotto how many numbers,casino (exclude),3600,2.819999933242798,LOW,informational,5,comp:bet442.co.uk
millionaire maker,G other,3600,3.700000047683716,LOW,informational,3,comp:bet442.co.uk
postcode lottery how much,casino (exclude),3600,2.5399999618530273,LOW,informational,5,comp:bet442.co.uk
uk millionaire maker code tonight,G other,3600,12.09000015258789,LOW,informational,14,comp:bet442.co.uk
best gambling websites,G other,3600,111.8499984741211,MEDIUM,commercial,51,comp:betgoodwin.co.uk
best uk casino sites,casino (exclude),3600,83.08000183105469,MEDIUM,commercial,81,comp:betgoodwin.co.uk
british bookmakers,F generic betting/sites,3600,52.0099983215332,MEDIUM,commercial,51,comp:betgoodwin.co.uk
casinos in uk,casino (exclude),3600,63.04999923706055,MEDIUM,commercial,66,comp:betgoodwin.co.uk
good gambling site,G other,3600,105.5199966430664,MEDIUM,commercial,81,comp:betgoodwin.co.uk
good slots online,casino (exclude),3600,91.83000183105469,LOW,commercial,38,comp:betgoodwin.co.uk
good uk casinos,casino (exclude),3600,70.33999633789062,MEDIUM,commercial,48,comp:betgoodwin.co.uk
horse betting odds,E sport-specific,3600,2.549999952316284,LOW,commercial,65,comp:betgoodwin.co.uk
live roulette online,casino (exclude),3600,124.81999969482422,LOW,transactional,20,comp:betgoodwin.co.uk
online casino play with real money,casino (exclude),3600,69.27999877929688,LOW,transactional,85,comp:betgoodwin.co.uk
online gambling real money,G other,3600,69.27999877929688,LOW,transactional,83,comp:betgoodwin.co.uk
online slots real money,casino (exclude),3600,92.51000213623047,LOW,transactional,63,comp:betgoodwin.co.uk
real cash casino games online,casino (exclude),3600,69.27999877929688,LOW,transactional,67,comp:betgoodwin.co.uk
real cash online casino,casino (exclude),3600,69.27999877929688,LOW,transactional,71,comp:betgoodwin.co.uk
real money gambling online,G other,3600,72.9800033569336,LOW,transactional,79,comp:betgoodwin.co.uk
sports betting uk,E sport-specific,3600,61.380001068115234,MEDIUM,commercial,74,comp:betgoodwin.co.uk
top casinos uk,casino (exclude),3600,70.91000366210938,MEDIUM,commercial,57,comp:betgoodwin.co.uk
uk bookies,F generic betting/sites,3600,52.0099983215332,MEDIUM,commercial,54,comp:betgoodwin.co.uk
uk sports betting,E sport-specific,3600,58.77000045776367,MEDIUM,commercial,62,comp:betgoodwin.co.uk
mobi casino,casino (exclude),3600,21.270000457763672,LOW,commercial,60,comp:midnite.com
time bet,G other,3600,3.8399999141693115,LOW,informational,16,comp:midnite.com
time bets,G other,3600,3.8399999141693115,LOW,informational,21,comp:midnite.com
top 50 betting sites uk,F generic betting/sites,2900,37.67,LOW,commercial,40,ideas|sugg
betting shop,G other,2900,24.69,LOW,commercial,98,ideas
badman betting,G other,2900,18.13,LOW,commercial,1,ideas
ladbrokes free spins,competitor/brand,2900,9.88,LOW,commercial,0,ideas
matched betting blog,G other,2900,8.25,LOW,commercial,22,ideas
casino no deposit bonus,casino (exclude),2900,9.67,MEDIUM,commercial,17,ideas
free spins on coin master,casino (exclude),2900,2.33,LOW,informational,31,ideas
leovegas uk,competitor/brand,2900,9.67,LOW,commercial,30,ideas
euromillions today,G other,2900,1.06,LOW,informational,52,ideas
coral betting login,competitor/brand,2900,0.93,LOW,navigational,43,ideas
7bet uk,competitor/brand,2900,6.1,MEDIUM,commercial,7,comp:bet442.co.uk|ideas
hollywoodbets uk,competitor/brand,2900,2.37,LOW,commercial,26,ideas
legion betting,G other,2900,18.1,LOW,commercial,0,ideas
free blackjack,casino (exclude),2900,8.95,LOW,informational,39,ideas
free bet offers,C offers/free bets,2900,43.02,MEDIUM,commercial,74,ideas
football betting sites,E sport-specific,2900,72.49,LOW,commercial,82,comp:betgoodwin.co.uk|ideas|sugg
national lottery co uk results,casino (exclude),2900,0.21,LOW,informational,30,ideas
ea help live chat,G other,2900,,LOW,informational,21,ideas
intimissimi top,G other,2900,0.18,HIGH,transactional,0,ideas
top 20 online casinos uk,casino (exclude),2900,37.63,LOW,commercial,67,ideas
uk casino slots,casino (exclude),2900,43.22,MEDIUM,commercial,56,ideas
www lottery co uk,casino (exclude),2900,0.86,LOW,navigational,39,ideas
betfair tips,competitor/brand,2900,,LOW,commercial,65,ideas
cheltenham free bets,C offers/free bets,2900,,LOW,commercial,3,ideas|sugg
ea customer support live chat,G other,2900,,LOW,navigational,22,ideas
casino slots uk,casino (exclude),2900,43.22,MEDIUM,commercial,56,ideas
vero moda uk,G other,2900,0.53,HIGH,informational,9,ideas
live fpl price changes,G other,2900,,LOW,informational,14,ideas
uk slots casino,casino (exclude),2900,43.22,MEDIUM,commercial,48,comp:betgoodwin.co.uk|ideas
betting websites,G other,2900,74.38,MEDIUM,commercial,74,comp:betgoodwin.co.uk|ideas
lucky 15 tips tomorrow,informational (exclude),2900,2.82,LOW,informational,0,ideas
bet sites uk,G other,2900,61.38,MEDIUM,commercial,81,comp:betgoodwin.co.uk|ideas
deposit with phone bill casino,casino (exclude),2900,10.62,MEDIUM,transactional,4,ideas
euromillions live draw,G other,2900,1.34,LOW,informational,29,ideas
bet casino,casino (exclude),2900,46.39,MEDIUM,commercial,61,comp:betgoodwin.co.uk|ideas
lucky 15 tips for tomorrow,informational (exclude),2900,2.82,LOW,informational,0,ideas
odds of winning premium bonds with 50000,G other,2900,,LOW,informational,15,ideas
free lottery,casino (exclude),2900,6.36,LOW,informational,18,ideas
paddy power free spins,competitor/brand,2900,16.07,LOW,commercial,15,ideas
free spins no deposit win real money,casino (exclude),2900,5.84,LOW,transactional,15,ideas
betting sites soccer,F generic betting/sites,2900,72.49,LOW,commercial,71,sugg
betting sites for football,E sport-specific,2900,72.49,LOW,commercial,42,comp:betgoodwin.co.uk|sugg
top 50 uk betting sites,F generic betting/sites,2900,37.67,LOW,commercial,40,sugg
soccer betting sites,F generic betting/sites,2900,72.49,LOW,commercial,50,sugg
betting sites for soccer,F generic betting/sites,2900,72.49,LOW,commercial,52,comp:betgoodwin.co.uk|sugg
betting sites football,E sport-specific,2900,72.49,LOW,commercial,82,sugg
online betting sites uk,F generic betting/sites,2900,61.38,MEDIUM,commercial,72,sugg
betting football sites,E sport-specific,2900,72.49,LOW,commercial,51,comp:betgoodwin.co.uk|sugg
free bets at cheltenham,C offers/free bets,2900,,LOW,commercial,20,sugg
free cheltenham bets,G other,2900,,LOW,commercial,14,sugg
free bets for cheltenham,C offers/free bets,2900,,LOW,commercial,3,sugg
free bets on cheltenham,C offers/free bets,2900,,LOW,commercial,14,sugg
free bets cheltenham,C offers/free bets,2900,,LOW,commercial,22,sugg
cheltenham festival free bets,C offers/free bets,2900,,LOW,commercial,4,sugg
betting websites football,E sport-specific,2900,72.49,LOW,commercial,69,sugg
betting site for football,E sport-specific,2900,72.49,LOW,commercial,66,comp:betgoodwin.co.uk|sugg
betting site football,E sport-specific,2900,72.49,LOW,commercial,82,sugg
betting websites for football,E sport-specific,2900,72.49,LOW,commercial,69,sugg
football betting website,E sport-specific,2900,72.49,LOW,commercial,69,sugg
football betting websites,E sport-specific,2900,72.49,LOW,commercial,69,sugg
2 numbers on euromillions,G other,2900,4.480000019073486,LOW,informational,7,comp:bet442.co.uk
3 numbers on lotto,casino (exclude),2900,4.849999904632568,LOW,informational,11,comp:bet442.co.uk
betpawa tz,G other,2900,3.8899998664855957,LOW,informational,19,comp:bet442.co.uk
betting pages,G other,2900,74.37999725341797,MEDIUM,commercial,72,comp:bet442.co.uk|comp:betgoodwin.co.uk
check my postcode lottery account,casino (exclude),2900,0.5699999928474426,LOW,informational,22,comp:bet442.co.uk
football gambling websites,E sport-specific,2900,77.08999633789062,LOW,commercial,60,comp:bet442.co.uk|comp:betgoodwin.co.uk
how long is an ice hockey match,G other,2900,,LOW,informational,1,comp:bet442.co.uk
how long is ice hockey match,G other,2900,,LOW,informational,1,comp:bet442.co.uk
how much do premiership referees get paid,G other,2900,,LOW,informational,0,comp:bet442.co.uk
pools casino,casino (exclude),2900,14.09000015258789,LOW,commercial,0,comp:bet442.co.uk
premiership referees salary,G other,2900,,LOW,informational,0,comp:bet442.co.uk
thunderball prize breakdown,G other,2900,2.5799999237060547,LOW,informational,0,comp:bet442.co.uk
thunderball prizes,G other,2900,2.440000057220459,LOW,informational,1,comp:bet442.co.uk
uk millionaire maker code results tonight,informational (exclude),2900,0.9100000262260437,LOW,informational,24,comp:bet442.co.uk
betting casino,casino (exclude),2900,46.38999938964844,MEDIUM,commercial,60,comp:betgoodwin.co.uk
betwin,G other,2900,3.759999990463257,MEDIUM,informational,46,comp:betgoodwin.co.uk
cricket betting,E sport-specific,2900,40.209999084472656,LOW,commercial,16,comp:betgoodwin.co.uk
football bet website,E sport-specific,2900,72.48999786376953,LOW,commercial,72,comp:betgoodwin.co.uk
football gambling sites,E sport-specific,2900,72.48999786376953,LOW,commercial,51,comp:betgoodwin.co.uk
online gaming slots,casino (exclude),2900,60.709999084472656,LOW,commercial,48,comp:betgoodwin.co.uk
online roulette,casino (exclude),2900,86.20999908447266,LOW,transactional,26,comp:betgoodwin.co.uk
online slot machines for real money,casino (exclude),2900,91.91000366210938,LOW,transactional,56,comp:betgoodwin.co.uk
roulette online game,casino (exclude),2900,105.2699966430664,LOW,transactional,18,comp:betgoodwin.co.uk
slot machines online real money,casino (exclude),2900,91.91000366210938,LOW,transactional,56,comp:betgoodwin.co.uk
slots games online real money,casino (exclude),2900,91.91000366210938,LOW,transactional,47,comp:betgoodwin.co.uk
web betting,G other,2900,74.37999725341797,MEDIUM,commercial,47,comp:betgoodwin.co.uk
website bet,G other,2900,74.37999725341797,MEDIUM,commercial,63,comp:betgoodwin.co.uk
double bubble bingo and slots,casino (exclude),2900,1.1299999952316284,LOW,transactional,2,comp:midnite.com
double bubble slots,casino (exclude),2900,16.56999969482422,MEDIUM,transactional,3,comp:midnite.com
casino apps,casino (exclude),2400,74.03,MEDIUM,commercial,37,ideas
free spins for coin master,casino (exclude),2400,5.98,LOW,informational,24,ideas
free draw,G other,2400,1.25,LOW,informational,69,ideas
online bingo sites,casino (exclude),2400,44.29,MEDIUM,commercial,74,ideas
fifa live stream,G other,2400,0.89,LOW,informational,57,ideas
doubledown casino free chips,casino (exclude),2400,6.4,LOW,commercial,7,ideas
free bet casino,casino (exclude),2400,29.56,LOW,transactional,50,ideas
5 deposit casino,casino (exclude),2400,20.71,LOW,transactional,7,ideas
national lottery live draw,casino (exclude),2400,6.63,LOW,informational,29,ideas
spl odds,G other,2400,2.45,LOW,informational,20,ideas
irish lotto twitter today,casino (exclude),2400,,LOW,informational,4,ideas
meta betting,G other,2400,3.97,LOW,commercial,0,ideas
check lotto numbers uk,casino (exclude),2400,0.12,LOW,informational,36,ideas
fantasy premier league app,B betting app,2400,1.05,LOW,transactional,27,ideas
forza football goal,E sport-specific,2400,0.99,HIGH,informational,0,ideas
free roulette,casino (exclude),2400,7.42,LOW,informational,6,ideas
betfair sports betting,competitor/brand,2400,5.19,LOW,commercial,17,ideas
mgm bet login,G other,2400,6.18,LOW,navigational,62,ideas
best uk slots,casino (exclude),2400,79.16,MEDIUM,informational,37,comp:betgoodwin.co.uk|ideas
coral casino uk,competitor/brand,2400,1.53,LOW,commercial,43,ideas
5$ deposit casino,casino (exclude),2400,20.71,LOW,transactional,7,ideas
new bingo sites,casino (exclude),2400,31.96,MEDIUM,commercial,30,ideas
memo casino uk,casino (exclude),2400,16.21,LOW,commercial,0,ideas
best uk slot sites,casino (exclude),2400,86.76,MEDIUM,commercial,45,ideas
party casino uk,casino (exclude),2400,1.54,LOW,commercial,27,ideas
pop slots free chips,casino (exclude),2400,4.06,LOW,transactional,4,ideas
paddy power bet,competitor/brand,2400,13.42,LOW,informational,53,ideas
new casino sites uk,casino (exclude),2400,39.51,MEDIUM,commercial,47,ideas
casino slot tips,casino (exclude),2400,0.33,LOW,commercial,10,ideas
free spins uk,casino (exclude),2400,26.89,MEDIUM,commercial,39,ideas
postcode lottery 10 winners today,casino (exclude),2400,3.13,LOW,informational,19,ideas
tips to slot machines,casino (exclude),2400,0.33,LOW,informational,28,ideas
lottery app down,casino (exclude),2400,1.9,LOW,informational,0,ideas
nuts poker league,casino (exclude),2400,,LOW,informational,52,ideas
uk ticket holder wins 26 million euromillions jackpot,G other,2400,,LOW,transactional,19,ideas
uk lotto results tonight,casino (exclude),2400,0.61,LOW,informational,34,ideas
raffle house uk,G other,2400,0.91,MEDIUM,navigational,0,ideas
free slots online,casino (exclude),2400,16.45,LOW,informational,48,ideas
lotto draw today,casino (exclude),2400,0.95,LOW,informational,39,ideas
new uk casino,casino (exclude),2400,36.47,MEDIUM,commercial,55,ideas
william hill free spins,competitor/brand,2400,17.91,LOW,commercial,0,ideas
free hit fpl,G other,2400,,LOW,informational,0,ideas
ladbrokes online betting,competitor/brand,2400,2.91,LOW,commercial,48,ideas
bet master,G other,2400,19.5,MEDIUM,commercial,8,ideas
uk ticket-holder wins 26 million euromillions jackpot,G other,2400,,LOW,transactional,19,ideas
bingo sites online,casino (exclude),2400,44.29,MEDIUM,commercial,55,ideas
winner bet,G other,2400,3.3,LOW,informational,0,ideas
fanatics point free spins,casino (exclude),2400,7.09,LOW,commercial,28,ideas
slots free spins,casino (exclude),2400,41.02,MEDIUM,commercial,39,ideas
ufc betting,G other,2400,36.53,LOW,commercial,23,ideas
free bets uk,C offers/free bets,2400,33.24,MEDIUM,commercial,72,ideas|sugg
lottery co uk results,casino (exclude),2400,2.67,LOW,informational,30,ideas
postcode lottery £10 winners today,casino (exclude),2400,3.13,LOW,informational,19,ideas
free poker games,casino (exclude),2400,4.01,LOW,informational,43,ideas
free casino bets,casino (exclude),2400,29.56,LOW,commercial,50,sugg
casino free bets,casino (exclude),2400,29.56,LOW,commercial,50,sugg
free bets england,C offers/free bets,2400,33.24,MEDIUM,commercial,38,sugg
free bets offers uk,C offers/free bets,2400,33.24,MEDIUM,commercial,39,sugg
free bets casino,casino (exclude),2400,29.56,LOW,commercial,50,sugg
uk free bets,C offers/free bets,2400,33.24,MEDIUM,commercial,72,sugg
bet builder,D acca/bet builder,2400,26.98,MEDIUM,commercial,9,comp:midnite.com|sugg
football betting premiership,E sport-specific,2400,6.15,LOW,commercial,52,sugg
football odds betting,E sport-specific,2400,4.89,LOW,commercial,62,sugg
betting football odds,E sport-specific,2400,4.89,LOW,commercial,62,sugg
premier league football betting,E sport-specific,2400,6.15,LOW,commercial,53,sugg
premier football betting,E sport-specific,2400,6.15,LOW,commercial,58,sugg
football betting premier league,E sport-specific,2400,6.15,LOW,commercial,57,sugg
premiership football betting,E sport-specific,2400,6.15,LOW,commercial,52,sugg
football premier league betting,E sport-specific,2400,6.15,LOW,commercial,53,sugg
odds betting football,E sport-specific,2400,4.89,LOW,commercial,62,sugg
football betting odds,E sport-specific,2400,4.89,LOW,commercial,62,sugg
betting odds football,E sport-specific,2400,4.89,LOW,commercial,62,sugg
best football betting tips today,informational (exclude),2400,2.31,LOW,commercial,58,sugg
football betting and odds,E sport-specific,2400,4.89,LOW,commercial,70,sugg
betting odds on football,E sport-specific,2400,4.89,LOW,commercial,62,sugg
football accumulator,D acca/bet builder,2400,35.88,LOW,transactional,9,sugg
footy accumulator,D acca/bet builder,2400,35.88,LOW,informational,14,sugg
accumulator football,D acca/bet builder,2400,35.88,LOW,informational,9,sugg
euromillions millionaire maker code,G other,2400,0.8799999952316284,LOW,informational,6,comp:bet442.co.uk
how does the postcode lottery work,casino (exclude),2400,0.9100000262260437,LOW,informational,4,comp:bet442.co.uk
how long are ice hockey games,G other,2400,,LOW,informational,7,comp:bet442.co.uk
how long do ice hockey games last,G other,2400,,LOW,informational,6,comp:bet442.co.uk
how long does a hockey match last,G other,2400,,LOW,informational,8,comp:bet442.co.uk
how long does ice hockey game last,G other,2400,,LOW,informational,1,comp:bet442.co.uk
how long ice hockey game,G other,2400,,LOW,informational,1,comp:bet442.co.uk
how long is a furlong,G other,2400,,LOW,informational,0,comp:bet442.co.uk
how long is a game of hockey,G other,2400,,LOW,informational,9,comp:bet442.co.uk
how long is a game of ice hockey,G other,2400,,LOW,informational,3,comp:bet442.co.uk
how long is a hockey game last,G other,2400,,LOW,informational,0,comp:bet442.co.uk
how many furlongs is a mile,G other,2400,,LOW,informational,3,comp:bet442.co.uk
lottery drawing time,casino (exclude),2400,3.490000009536743,LOW,informational,11,comp:bet442.co.uk
lucky dip,G other,2400,9.039999961853027,LOW,commercial,1,comp:bet442.co.uk
lucky dips,G other,2400,9.039999961853027,LOW,transactional,1,comp:bet442.co.uk
online scratch card,casino (exclude),2400,30.739999771118164,MEDIUM,transactional,15,comp:bet442.co.uk
online scratch cards,casino (exclude),2400,32.529998779296875,MEDIUM,transactional,6,comp:bet442.co.uk
postcode lottery chances of winning,casino (exclude),2400,1.559999942779541,LOW,informational,5,comp:bet442.co.uk
scratch cards online,casino (exclude),2400,32.529998779296875,MEDIUM,transactional,11,comp:bet442.co.uk
scratchcard online,casino (exclude),2400,30.739999771118164,MEDIUM,transactional,0,comp:bet442.co.uk
set for life prizes,G other,2400,,LOW,informational,2,comp:bet442.co.uk
casino game online,casino (exclude),2400,65.48999786376953,MEDIUM,transactional,55,comp:betgoodwin.co.uk
latest uk casinos,casino (exclude),2400,36.630001068115234,MEDIUM,commercial,66,comp:betgoodwin.co.uk
online blackjack,casino (exclude),2400,95.73999786376953,MEDIUM,commercial,45,comp:betgoodwin.co.uk
snooker odds checker,E sport-specific,2400,,LOW,informational,18,comp:betgoodwin.co.uk
next manager to be sacked,G other,2400,,LOW,informational,0,comp:midnite.com
next manager to.be sacked,G other,2400,,LOW,informational,0,comp:midnite.com
next manager.to be sacked,G other,2400,,LOW,informational,0,comp:midnite.com
doubleu casino free chips,casino (exclude),1900,,LOW,transactional,9,ideas
online football betting,E sport-specific,1900,62.67,LOW,commercial,54,comp:betgoodwin.co.uk|ideas|sugg
live lotto draw for tonight time,casino (exclude),1900,1.76,LOW,informational,39,ideas
uk online slots new,casino (exclude),1900,38.82,LOW,commercial,27,comp:betgoodwin.co.uk|ideas
darts betting,E sport-specific,1900,12.35,LOW,commercial,29,ideas
new uk bookies,F generic betting/sites,1900,40.5,MEDIUM,commercial,56,ideas
greyhound bet app,B betting app,1900,3.96,LOW,transactional,25,ideas
sky betting and gaming,competitor/brand,1900,14.05,LOW,commercial,45,ideas
moda in pelle uk,G other,1900,0.56,HIGH,commercial,0,ideas
greyhoundbet app,B betting app,1900,3.96,LOW,transactional,18,comp:betgoodwin.co.uk|ideas
best bets today,G other,1900,23.34,LOW,commercial,48,ideas
new casinos uk,casino (exclude),1900,38.5,MEDIUM,commercial,55,ideas
lottery results uk today,casino (exclude),1900,1.01,LOW,informational,29,ideas
lotto results for today,casino (exclude),1900,0.45,LOW,informational,30,ideas
5 free spins,casino (exclude),1900,9.18,LOW,commercial,0,ideas
horse betting online,E sport-specific,1900,57.74,LOW,commercial,65,ideas
odds of winning postcode lottery,casino (exclude),1900,2.24,LOW,informational,0,comp:bet442.co.uk|ideas
free bingo games,casino (exclude),1900,9.51,LOW,informational,36,ideas
no casino deposit,casino (exclude),1900,8.1,MEDIUM,commercial,36,ideas
odds of winning uk lottery,casino (exclude),1900,7.53,LOW,informational,10,ideas
games free casino,casino (exclude),1900,17.37,MEDIUM,informational,55,ideas
casino welcome offers,casino (exclude),1900,48.26,MEDIUM,commercial,40,ideas
greyhoundbet racing post,E sport-specific,1900,3.98,LOW,informational,20,ideas
euromillions uk winner,G other,1900,,LOW,informational,21,ideas
200 free spins,casino (exclude),1900,46.38,MEDIUM,commercial,3,ideas
pucci top,G other,1900,0.8,HIGH,transactional,0,ideas
thunderball lottery results today,casino (exclude),1900,0.4,LOW,informational,0,ideas
release sky football,E sport-specific,1900,,LOW,transactional,22,ideas
deposit 1 casino,casino (exclude),1900,8.84,LOW,transactional,0,ideas
each way bet,G other,1900,17.03,LOW,commercial,12,ideas
non gamstop casino uk,casino (exclude),1900,,LOW,commercial,18,ideas
coin master free spin link today new,G other,1900,4.74,LOW,informational,28,ideas
house of fun free coins,G other,1900,5.76,LOW,commercial,14,ideas
premier league app,B betting app,1900,0.71,LOW,navigational,19,ideas
betfair app,competitor/brand,1900,7.66,LOW,transactional,53,ideas
strictly betting odds,G other,1900,,LOW,commercial,0,ideas
gold cup betting,G other,1900,,LOW,commercial,8,ideas
football simulator,E sport-specific,1900,3.58,LOW,transactional,7,ideas
coin master free spins daily,casino (exclude),1900,,LOW,informational,39,ideas
casino sign up offers,casino (exclude),1900,62.59,MEDIUM,commercial,40,ideas
last night lottery numbers uk,casino (exclude),1900,0.52,LOW,informational,29,ideas
bet of the day,G other,1900,6.93,LOW,commercial,33,ideas
football manager games,E sport-specific,1900,1.24,LOW,informational,23,ideas
gambling sites free spins,casino (exclude),1900,52.84,MEDIUM,commercial,47,ideas
free spins deposit £10,casino (exclude),1900,32.45,MEDIUM,transactional,17,ideas
gold cash free spins demo,casino (exclude),1900,7.2,LOW,commercial,0,ideas
betfair betting,competitor/brand,1900,7.18,LOW,commercial,44,ideas
snooker betting,E sport-specific,1900,6.86,LOW,commercial,9,comp:betgoodwin.co.uk|ideas
wheel of fortune uk,G other,1900,,LOW,informational,8,ideas
coin master free spins link today new,casino (exclude),1900,4.74,LOW,informational,28,ideas
horse racing betting sites,E sport-specific,1900,63.87,LOW,commercial,56,comp:betgoodwin.co.uk|ideas|sugg
uk lottery login,casino (exclude),1900,0.22,LOW,navigational,15,ideas
blackjack free,casino (exclude),1900,6.28,LOW,informational,31,ideas
no deposit casino,casino (exclude),1900,8.1,MEDIUM,commercial,20,ideas
free cribbage,G other,1900,1.62,LOW,informational,17,ideas
888casino free spins,competitor/brand,1900,10.55,MEDIUM,commercial,0,ideas
uk sports betting sites,E sport-specific,1900,68.23,MEDIUM,commercial,44,ideas|sugg
uk wheel of fortune,G other,1900,,LOW,informational,5,ideas
blackjack online free,casino (exclude),1900,7.31,LOW,informational,39,ideas
free online poker,casino (exclude),1900,6.18,LOW,informational,58,ideas
monopoly go free spins,casino (exclude),1900,11.37,LOW,transactional,24,ideas
live casino uk,casino (exclude),1900,60.52,LOW,commercial,41,comp:betgoodwin.co.uk|ideas
live casino online,casino (exclude),1900,80.04,LOW,transactional,42,comp:betgoodwin.co.uk|ideas
tombola bingo login uk,casino (exclude),1900,0.61,LOW,navigational,24,ideas
amazon slots uk,casino (exclude),1900,11.62,MEDIUM,commercial,7,ideas
new slot sites,casino (exclude),1900,49.13,MEDIUM,commercial,45,comp:betgoodwin.co.uk|ideas
coin master free spin daily,G other,1900,,LOW,informational,28,ideas
deposit 10 get free spins,casino (exclude),1900,30.62,MEDIUM,transactional,18,ideas
lottery today,casino (exclude),1900,2.02,LOW,informational,41,ideas
poker odds calculator,casino (exclude),1900,2.11,LOW,informational,10,ideas
888 casino login uk,competitor/brand,1900,6.27,LOW,navigational,67,ideas
the national lotto app,casino (exclude),1900,0.79,LOW,navigational,,ideas
dash bet,G other,1900,2.48,MEDIUM,informational,0,ideas
best betting app uk,B betting app,1900,73.23,MEDIUM,commercial,27,sugg
best uk betting app,B betting app,1900,73.23,MEDIUM,commercial,27,sugg
sports betting sites uk,E sport-specific,1900,68.23,MEDIUM,commercial,67,comp:betgoodwin.co.uk|sugg
betting sites for horse racing,E sport-specific,1900,63.87,LOW,commercial,56,sugg
sports betting uk sites,E sport-specific,1900,68.23,MEDIUM,commercial,44,sugg
horse race betting sites,E sport-specific,1900,63.87,LOW,commercial,56,sugg
british sports betting sites,E sport-specific,1900,68.23,MEDIUM,commercial,44,sugg
betting sites horse racing,E sport-specific,1900,63.87,LOW,commercial,56,sugg
betting sites horses,E sport-specific,1900,63.87,LOW,commercial,37,sugg
uk sport betting sites,E sport-specific,1900,68.23,MEDIUM,commercial,44,sugg
betting sites free spins,casino (exclude),1900,52.84,MEDIUM,commercial,38,sugg
horse betting sites,E sport-specific,1900,63.87,LOW,commercial,44,comp:betgoodwin.co.uk|sugg
uk betting sites sports,E sport-specific,1900,68.23,MEDIUM,commercial,44,sugg
english sports betting sites,E sport-specific,1900,68.23,MEDIUM,commercial,44,sugg
betting sites with free spins,casino (exclude),1900,52.84,MEDIUM,commercial,22,sugg
free bets and tips,informational (exclude),1900,13.11,LOW,commercial,78,sugg
free bets tips,informational (exclude),1900,13.11,LOW,commercial,56,sugg
betting on football online,E sport-specific,1900,62.67,LOW,commercial,72,sugg
betting online football,E sport-specific,1900,62.67,LOW,commercial,72,sugg
olbg football betting tips,informational (exclude),1900,4.1,LOW,commercial,0,sugg
football betting tips olbg,informational (exclude),1900,4.1,LOW,commercial,0,sugg
football betting online,E sport-specific,1900,62.67,LOW,commercial,52,comp:betgoodwin.co.uk|sugg
online betting football,E sport-specific,1900,62.67,LOW,commercial,72,sugg
online betting for football,E sport-specific,1900,62.67,LOW,commercial,72,sugg
football online betting,E sport-specific,1900,62.67,LOW,commercial,72,sugg
betting football online,E sport-specific,1900,62.67,LOW,commercial,72,sugg
online betting on football,E sport-specific,1900,62.67,LOW,commercial,72,sugg
betting sport,E sport-specific,1900,57.56999969482422,LOW,commercial,77,comp:bet442.co.uk|comp:betgoodwin.co.uk
btts mean,G other,1900,5.489999771118164,LOW,informational,0,comp:bet442.co.uk
btts meaning,informational (exclude),1900,5.489999771118164,LOW,informational,0,comp:bet442.co.uk
chances of winning postcode lottery,casino (exclude),1900,2.240000009536743,LOW,informational,0,comp:bet442.co.uk
euro millions how many numbers,G other,1900,2.380000114440918,LOW,informational,17,comp:bet442.co.uk
how does postcode lottery work,casino (exclude),1900,1.1399999856948853,LOW,informational,4,comp:bet442.co.uk
how often has my postcode won postcode lottery,casino (exclude),1900,,LOW,informational,19,comp:bet442.co.uk
jackpot king,G other,1900,35.38999938964844,LOW,transactional,0,comp:bet442.co.uk
national lottery bonus ball,casino (exclude),1900,0.7200000286102295,LOW,informational,23,comp:bet442.co.uk
online gambling football,E sport-specific,1900,62.66999816894531,LOW,commercial,50,comp:bet442.co.uk
postcode lottery 10 winners,casino (exclude),1900,6.550000190734863,LOW,informational,15,comp:bet442.co.uk
postcode lottery £10 winners,casino (exclude),1900,,LOW,informational,15,comp:bet442.co.uk
best slots,casino (exclude),1900,73.31999969482422,MEDIUM,commercial,37,comp:betgoodwin.co.uk
bet for boxing,E sport-specific,1900,24.65999984741211,LOW,commercial,34,comp:betgoodwin.co.uk
bet horse racing online,E sport-specific,1900,67.95999908447266,LOW,transactional,55,comp:betgoodwin.co.uk
bet on uk politics,G other,1900,9.890000343322754,LOW,commercial,7,comp:betgoodwin.co.uk
betting and sports,E sport-specific,1900,51.54999923706055,LOW,commercial,52,comp:betgoodwin.co.uk
betting sports,E sport-specific,1900,51.54999923706055,LOW,commercial,64,comp:betgoodwin.co.uk
casino britain,casino (exclude),1900,32.38999938964844,LOW,navigational,82,comp:betgoodwin.co.uk
fa cup betting,G other,1900,1.5899999141693115,LOW,commercial,20,comp:betgoodwin.co.uk
gambling site,G other,1900,73.0199966430664,MEDIUM,commercial,91,comp:betgoodwin.co.uk
horse betting website,E sport-specific,1900,67.95999908447266,LOW,commercial,55,comp:betgoodwin.co.uk
horse racing betting websites,E sport-specific,1900,63.869998931884766,LOW,commercial,41,comp:betgoodwin.co.uk
horse racing odds today,informational (exclude),1900,2.2899999618530273,LOW,informational,55,comp:betgoodwin.co.uk
live casinos uk,casino (exclude),1900,60.52000045776367,LOW,commercial,55,comp:betgoodwin.co.uk
new bookies uk,F generic betting/sites,1900,40.5,MEDIUM,commercial,60,comp:betgoodwin.co.uk
new casino slot,casino (exclude),1900,58.29999923706055,LOW,transactional,17,comp:betgoodwin.co.uk
new casino slots,casino (exclude),1900,46.400001525878906,LOW,commercial,55,comp:betgoodwin.co.uk
new slot game,casino (exclude),1900,46.400001525878906,LOW,transactional,11,comp:betgoodwin.co.uk
new slots,casino (exclude),1900,58.29999923706055,LOW,informational,18,comp:betgoodwin.co.uk
new slots online uk,casino (exclude),1900,38.81999969482422,LOW,commercial,32,comp:betgoodwin.co.uk
new uk bookmakers,F generic betting/sites,1900,37.83000183105469,MEDIUM,commercial,74,comp:betgoodwin.co.uk
new uk slots online,casino (exclude),1900,38.81999969482422,LOW,commercial,32,comp:betgoodwin.co.uk
online bet horse racing,E sport-specific,1900,57.7400016784668,LOW,commercial,54,comp:betgoodwin.co.uk
online betting horse,E sport-specific,1900,67.95999908447266,LOW,commercial,48,comp:betgoodwin.co.uk
online slots uk new,casino (exclude),1900,38.81999969482422,LOW,commercial,16,comp:betgoodwin.co.uk
political odds checker,G other,1900,,LOW,informational,12,comp:betgoodwin.co.uk
racing bet,E sport-specific,1900,28.389999389648438,LOW,commercial,65,comp:betgoodwin.co.uk
racing bets,E sport-specific,1900,37.79999923706055,LOW,commercial,73,comp:betgoodwin.co.uk
racing betting,E sport-specific,1900,37.79999923706055,LOW,commercial,55,comp:betgoodwin.co.uk
slots new,casino (exclude),1900,46.400001525878906,LOW,informational,23,comp:betgoodwin.co.uk
sports betting websites uk,E sport-specific,1900,68.2300033569336,MEDIUM,commercial,74,comp:betgoodwin.co.uk
tennis odds wimbledon,E sport-specific,1900,5.119999885559082,LOW,informational,16,comp:betgoodwin.co.uk
uk sports betting websites,E sport-specific,1900,67.56999969482422,MEDIUM,commercial,73,comp:betgoodwin.co.uk
correct score prediction,informational (exclude),1900,2.690000057220459,LOW,informational,11,comp:midnite.com
midnite slots,competitor/brand,1900,13.819999694824219,MEDIUM,informational,4,comp:midnite.com
jackpotjoy login uk,G other,1600,2.13,LOW,navigational,18,ideas
uk casinos not on gamstop,casino (exclude),1600,,LOW,commercial,90,ideas
sky bet new customer offer,competitor/brand,1600,19.77,MEDIUM,commercial,4,ideas
william hill poker,competitor/brand,1600,7.23,LOW,informational,2,ideas
bet settler,G other,1600,8.88,LOW,informational,13,ideas
online casino no deposit bonus,casino (exclude),1600,19.85,MEDIUM,commercial,20,ideas
betfred live chat,competitor/brand,1600,2.84,LOW,navigational,14,ideas
coin master free spins levvvel,casino (exclude),1600,,LOW,commercial,2,ideas
roulette odds,casino (exclude),1600,5.84,LOW,informational,12,ideas
betfair exchange horse racing,competitor/brand,1600,2.38,LOW,commercial,21,ideas
bet zone,G other,1600,19.77,LOW,commercial,1,ideas
dell premier,G other,1600,0.7,LOW,informational,7,ideas
free spins today,casino (exclude),1600,6.76,LOW,commercial,21,ideas
crazy fox free spins,casino (exclude),1600,4.03,LOW,commercial,2,ideas
odds oddschecker,G other,1600,3.16,LOW,informational,58,ideas
csgo gambling sites,G other,1600,8.11,LOW,commercial,61,ideas
slots free,casino (exclude),1600,11.15,LOW,informational,22,ideas
bookmaker sign up offers,C offers/free bets,1600,47.49,MEDIUM,transactional,36,ideas
free casino bonus no deposit,casino (exclude),1600,9.74,MEDIUM,transactional,39,ideas
darts betting tips,informational (exclude),1600,3.37,LOW,commercial,0,ideas
football advent calendar 2025,E sport-specific,1600,0.2,HIGH,transactional,0,ideas
betting promotions,C offers/free bets,1600,73.32,LOW,commercial,53,ideas
live roulette,casino (exclude),1600,98.29,LOW,informational,30,comp:betgoodwin.co.uk|ideas
mecca bingo app,casino (exclude),1600,23.6,LOW,informational,11,ideas
stake betting,G other,1600,19.72,MEDIUM,commercial,16,ideas
www lottery co uk results,casino (exclude),1600,0.42,LOW,informational,39,ideas
monopoly live,G other,1600,3.84,MEDIUM,informational,21,ideas
how do betting odds work,G other,1600,16.61,LOW,informational,39,ideas
best football betting sites,E sport-specific,1600,82.85,LOW,commercial,27,comp:betgoodwin.co.uk|ideas|sugg
sports betting apps,B betting app,1600,71.11,MEDIUM,commercial,55,ideas
football websites,E sport-specific,1600,4.63,LOW,informational,100,ideas
free bets offers,C offers/free bets,1600,48.95,MEDIUM,commercial,36,ideas|sugg
1 pound deposit casino,casino (exclude),1600,8.13,LOW,transactional,0,ideas
jackpot.com uk,G other,1600,10.21,LOW,navigational,2,ideas
love island betting,G other,1600,5.87,LOW,commercial,0,ideas
bbc iplayer football,E sport-specific,1600,0.53,LOW,navigational,60,ideas
top 10 uk betting sites,F generic betting/sites,1600,58.98,LOW,commercial,60,ideas|sugg
gala bingo free spins,casino (exclude),1600,13.48,LOW,commercial,0,ideas
sign in national lottery,casino (exclude),1600,0.25,LOW,informational,27,ideas
uk lottery numbers tonight,casino (exclude),1600,1.23,LOW,informational,41,ideas
coin master free spins level,casino (exclude),1600,,LOW,informational,37,ideas
deposit by mobile casino,casino (exclude),1600,15.66,MEDIUM,transactional,25,ideas
cheltenham betting offers,C offers/free bets,1600,,LOW,commercial,36,ideas
vegas bet,G other,1600,21.06,LOW,commercial,24,ideas
uk lottery results for last night,casino (exclude),1600,0.1,LOW,informational,23,ideas
welcome offers betting,C offers/free bets,1600,50.67,MEDIUM,commercial,72,ideas
oddschecker odds,G other,1600,3.16,LOW,commercial,60,ideas
boro manager odds,G other,1600,,LOW,informational,0,ideas
gala bingo app,casino (exclude),1600,12.54,LOW,transactional,32,ideas
eurovision betting,G other,1600,17.33,LOW,commercial,22,ideas
non gamstop betting sites,bonus-hunter/offshore (exclude),1600,,LOW,commercial,18,ideas|sugg
fairplay bet,G other,1600,24.46,LOW,commercial,0,ideas
online casino free spins,casino (exclude),1600,36.63,LOW,commercial,39,comp:midnite.com|ideas
darts odds,E sport-specific,1600,2.24,LOW,informational,19,ideas
coral sports betting,competitor/brand,1600,4.31,LOW,commercial,41,ideas
royal bet,G other,1600,11.55,LOW,commercial,4,ideas
eurovision betting odds,G other,1600,,LOW,commercial,20,ideas
football vidiprinter bbc,E sport-specific,1600,,LOW,informational,21,ideas
free spins slots,casino (exclude),1600,43.57,MEDIUM,commercial,48,ideas
lucky 15 bet,G other,1600,11.18,LOW,commercial,0,ideas
3g football pitch,E sport-specific,1600,3.96,LOW,transactional,0,ideas
sky bingo app,casino (exclude),1600,8.93,LOW,transactional,11,ideas
deposit free spins,casino (exclude),1600,40.22,MEDIUM,transactional,12,ideas
placepots today results and payouts,informational (exclude),1600,,LOW,informational,0,ideas
free spins on registration uk,casino (exclude),1600,10.65,MEDIUM,transactional,11,ideas
love island betting odds,G other,1600,3.15,LOW,commercial,0,ideas
uk lottery results last night,casino (exclude),1600,0.1,LOW,informational,39,ideas
betting companies,F generic betting/sites,1600,63.49,MEDIUM,commercial,60,comp:betgoodwin.co.uk|ideas
uk online casinos list,casino (exclude),1600,38.01,LOW,commercial,43,ideas
boxing odds,E sport-specific,1600,3.08,LOW,informational,46,ideas
grand national betting odds,G other,1600,,LOW,commercial,53,ideas
free online football games,E sport-specific,1600,4.73,LOW,informational,43,ideas
william hill grand national odds,competitor/brand,1600,3.2,LOW,informational,15,ideas
grand national free bets,C offers/free bets,1600,,LOW,commercial,20,ideas|sugg
fpl bonus points live,C offers/free bets,1600,,LOW,informational,0,ideas
count binface odds,G other,1600,2.82,LOW,informational,13,ideas
online bookmakers uk,F generic betting/sites,1600,58.64,MEDIUM,commercial,56,ideas
lotto tonight uk,casino (exclude),1600,0.74,LOW,informational,39,ideas
national lottery app download,casino (exclude),1600,0.72,LOW,navigational,22,ideas
free bets on sign up,C offers/free bets,1600,46.56,LOW,commercial,47,ideas|sugg
bet 65,G other,1600,3.88,LOW,informational,57,ideas
cash in,G other,1600,1.6,LOW,informational,0,ideas
uk poker sites,casino (exclude),1600,33.55,MEDIUM,commercial,23,ideas
dabble betting,competitor/brand,1600,13.25,MEDIUM,commercial,13,ideas
betting exchange,G other,1600,14,MEDIUM,commercial,17,ideas
live blackjack,casino (exclude),1600,82.51,LOW,commercial,26,ideas
top online casinos,casino (exclude),1600,82.46,LOW,commercial,32,comp:betgoodwin.co.uk|ideas
bet builder tips,informational (exclude),1600,5.26,LOW,commercial,0,comp:midnite.com|ideas|sugg
mystake bet,competitor/brand,1600,14.3,LOW,commercial,6,ideas
betting on sports app,B betting app,1600,71.11,MEDIUM,transactional,64,sugg
sportsbook betting app,B betting app,1600,71.11,MEDIUM,transactional,55,sugg
sport betting app,B betting app,1600,71.11,MEDIUM,commercial,63,sugg
sports betting mobile app,B betting app,1600,71.11,MEDIUM,commercial,48,sugg
sports betting app,B betting app,1600,71.11,MEDIUM,commercial,63,sugg
sporting betting app,B betting app,1600,71.11,MEDIUM,commercial,63,sugg
best sites for football betting,E sport-specific,1600,82.85,LOW,commercial,27,sugg
csgo betting sites,F generic betting/sites,1600,8.11,LOW,commercial,57,sugg
betting sites csgo,F generic betting/sites,1600,8.11,LOW,commercial,49,sugg
best betting sites for soccer,F generic betting/sites,1600,82.85,LOW,commercial,52,comp:betgoodwin.co.uk|sugg
good football betting sites,E sport-specific,1600,82.85,LOW,commercial,25,sugg
top 10 betting sites in uk,F generic betting/sites,1600,58.98,LOW,commercial,60,sugg
top betting sites football,E sport-specific,1600,82.85,LOW,commercial,43,sugg
best soccer betting sites,F generic betting/sites,1600,82.85,LOW,commercial,52,sugg
top ten betting sites uk,F generic betting/sites,1600,58.98,LOW,commercial,51,sugg
best betting sites football,E sport-specific,1600,82.85,LOW,commercial,49,comp:betgoodwin.co.uk|sugg
top 10 betting sites uk,F generic betting/sites,1600,58.98,LOW,commercial,51,sugg
cs go betting sites,F generic betting/sites,1600,8.11,LOW,commercial,57,sugg
top football betting sites,E sport-specific,1600,82.85,LOW,commercial,48,comp:betgoodwin.co.uk|sugg
best betting football sites,E sport-specific,1600,82.85,LOW,commercial,27,sugg
cs:go betting sites,F generic betting/sites,1600,8.11,LOW,commercial,57,sugg
best betting sites for football,E sport-specific,1600,82.85,LOW,commercial,48,comp:betgoodwin.co.uk|sugg
betting sites for csgo,F generic betting/sites,1600,8.11,LOW,commercial,57,sugg
free bets grand national,C offers/free bets,1600,,LOW,commercial,20,sugg
free bets for the grand national,C offers/free bets,1600,,LOW,commercial,21,sugg
sign up for free bets,C offers/free bets,1600,46.56,LOW,transactional,18,sugg
free bets for grand national,C offers/free bets,1600,,LOW,commercial,21,sugg
free bets when sign up,C offers/free bets,1600,46.56,LOW,commercial,72,sugg
free bets on the grand national,C offers/free bets,1600,,LOW,commercial,20,sugg
free bets on grand national,C offers/free bets,1600,,LOW,commercial,21,sugg
free bets offer,C offers/free bets,1600,48.95,MEDIUM,commercial,45,sugg
free bets when signing up,C offers/free bets,1600,46.56,LOW,commercial,72,sugg
free grand national bets,G other,1600,,LOW,commercial,20,sugg
free bets with sign up,C offers/free bets,1600,46.56,LOW,commercial,18,sugg
free bets sign up,C offers/free bets,1600,46.56,LOW,commercial,18,sugg
bet builder tip,D acca/bet builder,1600,5.26,LOW,commercial,0,sugg
best betting site football,E sport-specific,1600,82.85,LOW,commercial,27,sugg
best site for football betting,E sport-specific,1600,82.85,LOW,commercial,27,sugg
best football betting website,E sport-specific,1600,82.85,LOW,commercial,51,comp:betgoodwin.co.uk|sugg
betting football,E sport-specific,1600,39.38,MEDIUM,commercial,52,comp:betgoodwin.co.uk|sugg
best site for betting on football,E sport-specific,1600,82.85,LOW,commercial,27,sugg
best betting websites football,E sport-specific,1600,82.85,LOW,commercial,49,comp:betgoodwin.co.uk|sugg
best betting site for football,E sport-specific,1600,82.85,LOW,commercial,27,sugg
best football betting websites,E sport-specific,1600,82.85,LOW,commercial,52,comp:betgoodwin.co.uk|sugg
best betting websites for football,E sport-specific,1600,82.85,LOW,commercial,49,sugg
best betting website for football,E sport-specific,1600,82.85,LOW,commercial,49,sugg
tipster accumulator,informational (exclude),1600,3.58,LOW,transactional,9,sugg
accumulator tips,informational (exclude),1600,3.58,LOW,informational,9,sugg
accumulator tipster,informational (exclude),1600,3.58,LOW,transactional,23,sugg
442 bet,G other,1600,22.8799991607666,MEDIUM,informational,5,comp:bet442.co.uk
bet football,E sport-specific,1600,39.380001068115234,MEDIUM,commercial,72,comp:bet442.co.uk|comp:betgoodwin.co.uk
bet442 login,competitor/brand,1600,11.869999885559082,MEDIUM,navigational,13,comp:bet442.co.uk
betting on stake,G other,1600,19.719999313354492,MEDIUM,commercial,40,comp:bet442.co.uk
check my set for life,G other,1600,2.240000009536743,LOW,navigational,13,comp:bet442.co.uk
check postcode lottery results,casino (exclude),1600,0.7200000286102295,LOW,informational,17,comp:bet442.co.uk
check scratch cards,casino (exclude),1600,1.5199999809265137,LOW,transactional,0,comp:bet442.co.uk
euro millionaire maker code,G other,1600,2.950000047683716,LOW,informational,7,comp:bet442.co.uk
euromillions maker code,G other,1600,2.950000047683716,LOW,informational,0,comp:bet442.co.uk
europa conference league final 2026,G other,1600,,LOW,informational,19,comp:bet442.co.uk
how many substitutes are allowed in football,E sport-specific,1600,,LOW,informational,3,comp:bet442.co.uk
megaways casino login,casino (exclude),1600,6.489999771118164,LOW,navigational,17,comp:bet442.co.uk
millionaire maker code tonight results,informational (exclude),1600,0.28999999165534973,LOW,informational,14,comp:bet442.co.uk
millionaire maker code tonight time,G other,1600,,LOW,informational,6,comp:bet442.co.uk
millionaire maker lottery,casino (exclude),1600,1.8600000143051147,LOW,informational,17,comp:bet442.co.uk
national lottery set for life,casino (exclude),1600,3.9700000286102295,LOW,informational,11,comp:bet442.co.uk
online casinos free spins,casino (exclude),1600,35.25,MEDIUM,commercial,55,comp:bet442.co.uk
people's postcode lottery prizes,casino (exclude),1600,2.3499999046325684,LOW,informational,8,comp:bet442.co.uk
postcode lottery prizes,casino (exclude),1600,4.679999828338623,LOW,informational,19,comp:bet442.co.uk
postcode lottery results checker,casino (exclude),1600,0.6600000262260437,LOW,informational,10,comp:bet442.co.uk
prizes on postcode lottery,casino (exclude),1600,2.3499999046325684,LOW,informational,19,comp:bet442.co.uk
remaining scratch card prizes,casino (exclude),1600,0.550000011920929,LOW,informational,0,comp:bet442.co.uk
scratch card checker,casino (exclude),1600,1.3300000429153442,LOW,informational,6,comp:bet442.co.uk
scratch cards uk,casino (exclude),1600,7.570000171661377,MEDIUM,informational,0,comp:bet442.co.uk
scratchcard checker,casino (exclude),1600,1.3300000429153442,LOW,informational,0,comp:bet442.co.uk
scratchcard prizes remaining,casino (exclude),1600,0.550000011920929,LOW,informational,0,comp:bet442.co.uk
scratchcards remaining prizes,casino (exclude),1600,0.5699999928474426,LOW,informational,0,comp:bet442.co.uk
settling bets,G other,1600,8.880000114440918,LOW,commercial,16,comp:bet442.co.uk
sportsbook,E sport-specific,1600,27.75,LOW,commercial,72,comp:bet442.co.uk
uk euromillions maker code,G other,1600,2.950000047683716,LOW,informational,5,comp:bet442.co.uk
uk millionaire maker,G other,1600,1.8600000143051147,LOW,informational,16,comp:bet442.co.uk
uk millionaire maker code tonight time,G other,1600,1.0700000524520874,LOW,informational,1,comp:bet442.co.uk
what are odds of winning postcode lottery,casino (exclude),1600,1.4199999570846558,LOW,informational,0,comp:bet442.co.uk
what are the chances of winning the postcode lottery,casino (exclude),1600,1.4199999570846558,LOW,informational,4,comp:bet442.co.uk
what are the odds of winning the postcode lottery,casino (exclude),1600,1.4199999570846558,LOW,informational,0,comp:bet442.co.uk
best casinos online,casino (exclude),1600,83.38999938964844,MEDIUM,commercial,77,comp:betgoodwin.co.uk
best football bet website,E sport-specific,1600,86.9000015258789,LOW,commercial,42,comp:betgoodwin.co.uk
best football gambling sites,E sport-specific,1600,82.8499984741211,LOW,commercial,51,comp:betgoodwin.co.uk
best soccer betting websites,G other,1600,82.8499984741211,LOW,commercial,51,comp:betgoodwin.co.uk
bet game online,G other,1600,71.47000122070312,MEDIUM,transactional,55,comp:betgoodwin.co.uk
bet online uk,F generic betting/sites,1600,64.16000366210938,MEDIUM,commercial,70,comp:betgoodwin.co.uk
betgoodwin login,competitor/brand,1600,6.659999847412109,LOW,navigational,16,comp:betgoodwin.co.uk
big online casino,casino (exclude),1600,86.38999938964844,MEDIUM,commercial,59,comp:betgoodwin.co.uk
bwin sports,competitor/brand,1600,2.2100000381469727,LOW,commercial,32,comp:betgoodwin.co.uk
gambling apps sports,B betting app,1600,71.11000061035156,MEDIUM,commercial,63,comp:betgoodwin.co.uk
gambling games online,G other,1600,69.6500015258789,LOW,commercial,57,comp:betgoodwin.co.uk
gambling online,G other,1600,68.62999725341797,MEDIUM,commercial,96,comp:betgoodwin.co.uk
good slot,casino (exclude),1600,74.08999633789062,MEDIUM,informational,14,comp:betgoodwin.co.uk
new online slot games,casino (exclude),1600,48.459999084472656,LOW,commercial,35,comp:betgoodwin.co.uk
new online slots,casino (exclude),1600,48.459999084472656,LOW,commercial,28,comp:betgoodwin.co.uk
new slot game online,casino (exclude),1600,48.459999084472656,LOW,transactional,37,comp:betgoodwin.co.uk
new slot games online,casino (exclude),1600,48.459999084472656,LOW,informational,28,comp:betgoodwin.co.uk
newest online slots,casino (exclude),1600,48.459999084472656,LOW,commercial,22,comp:betgoodwin.co.uk
ninewin uk,G other,1600,10.609999656677246,LOW,navigational,36,comp:betgoodwin.co.uk
online bet uk,competitor/brand,1600,64.16000366210938,MEDIUM,commercial,70,comp:betgoodwin.co.uk
online betting uk,F generic betting/sites,1600,64.16000366210938,MEDIUM,commercial,78,comp:betgoodwin.co.uk
online gambling sites,G other,1600,80.4000015258789,MEDIUM,commercial,82,comp:betgoodwin.co.uk
online top casino,casino (exclude),1600,82.45999908447266,LOW,commercial,77,comp:betgoodwin.co.uk
online uk casino,casino (exclude),1600,52.939998626708984,MEDIUM,commercial,62,comp:betgoodwin.co.uk
popular online casino,casino (exclude),1600,82.45999908447266,LOW,commercial,74,comp:betgoodwin.co.uk
slots games free spins,casino (exclude),1600,48.4900016784668,MEDIUM,commercial,40,comp:betgoodwin.co.uk
top internet casinos,casino (exclude),1600,82.45999908447266,LOW,commercial,50,comp:betgoodwin.co.uk
top-rated online casino,casino (exclude),1600,82.45999908447266,LOW,commercial,59,comp:betgoodwin.co.uk
uk bookies online,F generic betting/sites,1600,58.63999938964844,MEDIUM,commercial,62,comp:betgoodwin.co.uk
double bubble slot,casino (exclude),1600,21.040000915527344,LOW,transactional,5,comp:midnite.com
double bubble slot machine,casino (exclude),1600,21.040000915527344,LOW,transactional,0,comp:midnite.com
midnite casino login,competitor/brand,1600,11.960000038146973,LOW,navigational,1,comp:midnite.com
midnite casino review,competitor/brand,1600,20.59000015258789,MEDIUM,informational,2,comp:midnite.com
best csgo betting website,G other,1300,3.69,LOW,commercial,41,ideas
betfred betting,competitor/brand,1300,11.2,LOW,commercial,46,ideas
betting website,G other,1300,70.45,MEDIUM,commercial,89,comp:betgoodwin.co.uk|ideas
free canada bingo,casino (exclude),1300,,LOW,informational,0,ideas
tombola free bingo,casino (exclude),1300,3.62,LOW,informational,29,ideas
twitter football transfer,E sport-specific,1300,,LOW,navigational,7,ideas
foxy bingo app,casino (exclude),1300,15.82,LOW,transactional,24,ideas
no deposit new casino,casino (exclude),1300,5.99,LOW,commercial,17,ideas
free spins offers,casino (exclude),1300,52,MEDIUM,commercial,19,comp:midnite.com|ideas
sack race odds,G other,1300,,LOW,informational,5,ideas
vegas sports odds,E sport-specific,1300,24.85,LOW,commercial,48,ideas
casino no minimum deposit,casino (exclude),1300,11.86,LOW,commercial,0,ideas
world cup free bets,C offers/free bets,1300,63.33,LOW,commercial,19,ideas|sugg
free spins monopoly go,casino (exclude),1300,6.69,LOW,transactional,24,ideas
coin master free spin apps,B betting app,1300,7.88,LOW,transactional,17,ideas
lotto youtube live,casino (exclude),1300,0.88,LOW,informational,20,ideas
free bonus casino,casino (exclude),1300,22.81,LOW,commercial,20,ideas
free bingo canada,casino (exclude),1300,,LOW,informational,0,ideas
youtube football,E sport-specific,1300,0.6,LOW,navigational,47,ideas
new no deposit casino,casino (exclude),1300,4.83,LOW,commercial,30,ideas
best online poker sites,casino (exclude),1300,40.26,MEDIUM,commercial,23,ideas
casinò bet,G other,1300,42.91,LOW,commercial,87,ideas
check my lottery numbers uk,casino (exclude),1300,0.08,LOW,navigational,23,ideas
paddy power free bets,competitor/brand,1300,25.56,MEDIUM,commercial,25,ideas|sugg
bingo com uk,casino (exclude),1300,16.03,LOW,navigational,64,ideas
rtg smb pure football,E sport-specific,1300,,LOW,informational,10,ideas
euromillions odds,G other,1300,3.09,LOW,informational,5,ideas
fifa companion app,B betting app,1300,,LOW,transactional,16,ideas
deposit 10 get 200 free spins no wagering requirements,casino (exclude),1300,15.59,MEDIUM,transactional,12,ideas
coin master free spins app,casino (exclude),1300,7.88,LOW,transactional,15,ideas
how to play lotto uk,casino (exclude),1300,2.57,LOW,informational,25,ideas
bet365 free spins,competitor/brand,1300,40.14,MEDIUM,commercial,0,ideas
mahjong solitaire: classic free,G other,1300,0.46,LOW,informational,42,ideas
best free bet offers,C offers/free bets,1300,40.41,MEDIUM,commercial,69,ideas
haktuts free spins,casino (exclude),1300,2.81,LOW,commercial,1,ideas
bingo.com uk,casino (exclude),1300,16.03,LOW,navigational,24,ideas
bingo sites with slots,casino (exclude),1300,39.21,LOW,commercial,67,ideas
new uk bingo sites,casino (exclude),1300,33.2,MEDIUM,commercial,35,ideas
world cup app,B betting app,1300,1.18,LOW,informational,23,ideas
sky bet casino,competitor/brand,1300,20.07,LOW,commercial,36,ideas
download betfred app,competitor/brand,1300,9.52,LOW,transactional,29,ideas
top betting sites,F generic betting/sites,1300,69.37,MEDIUM,commercial,55,ideas|sugg
planet bet,G other,1300,25.52,LOW,commercial,34,ideas
spoty odds,G other,1300,5.33,LOW,informational,4,ideas
bingo slot sites,casino (exclude),1300,39.21,LOW,commercial,74,ideas
free bets on world cup,C offers/free bets,1300,63.33,LOW,commercial,18,ideas|sugg
slots no deposit bonus,casino (exclude),1300,10.95,LOW,commercial,19,ideas
betting village twitter,G other,1300,,LOW,navigational,10,ideas
bet ninja reviews,G other,1300,14.28,LOW,commercial,3,ideas
nearest betting shop,G other,1300,3.91,LOW,navigational,12,ideas
football apps,B betting app,1300,7.48,LOW,informational,25,ideas
livescorehunter football,competitor/brand,1300,,LOW,informational,9,ideas
jackpot uk,G other,1300,7.16,LOW,navigational,50,ideas
100 free spins,casino (exclude),1300,39.22,MEDIUM,commercial,0,comp:midnite.com|ideas
50 free spins no deposit uk,casino (exclude),1300,6.77,LOW,transactional,0,ideas
20 free spins no deposit,casino (exclude),1300,4.29,LOW,transactional,1,ideas
bingo and slot sites,casino (exclude),1300,39.21,LOW,commercial,81,ideas
best football kits 25/26,E sport-specific,1300,0.46,HIGH,commercial,5,ideas
welcome bonus no deposit,bonus-hunter/offshore (exclude),1300,13.04,MEDIUM,commercial,39,ideas
gambling apps,B betting app,1300,75.58,MEDIUM,commercial,26,ideas
poker sites,casino (exclude),1300,37.75,MEDIUM,commercial,44,ideas
free spins no deposit or wagering,casino (exclude),1300,8.91,MEDIUM,transactional,14,ideas
4g football pitch,E sport-specific,1300,1.8,LOW,transactional,0,ideas
top 10 online casinos,casino (exclude),1300,61.83,MEDIUM,commercial,76,ideas
sky bet sign up offer,competitor/brand,1300,22.93,LOW,transactional,4,ideas
gala bingo login uk,casino (exclude),1300,5.24,LOW,navigational,32,ideas
big brother bookies odds,F generic betting/sites,1300,,LOW,informational,0,ideas
betting odds vegas,G other,1300,24.85,LOW,commercial,62,ideas
vegas betting odds,G other,1300,24.85,LOW,commercial,43,ideas
free bet sign up offers,C offers/free bets,1300,42.08,MEDIUM,commercial,67,ideas
bet accumulator,D acca/bet builder,1300,24.59,LOW,commercial,19,ideas|sugg
coral betting app,competitor/brand,1300,10.2,LOW,transactional,29,ideas|sugg
monopoly free dice link,G other,1300,,LOW,informational,16,ideas
best csgo gambling sites,G other,1300,3.69,LOW,commercial,47,ideas
nifty fifty lotto results today,casino (exclude),1300,,LOW,informational,0,ideas
gambling sites not on gamstop,bonus-hunter/offshore (exclude),1300,,LOW,commercial,66,ideas
mahjong solitaire classic free,G other,1300,0.46,LOW,informational,32,ideas
fantasy football login premier league,E sport-specific,1300,,LOW,navigational,76,ideas
betting odds explained,informational (exclude),1300,3.75,LOW,informational,39,ideas
bet prediction,informational (exclude),1300,8.37,LOW,commercial,91,ideas
videoslots uk,casino (exclude),1300,4.25,LOW,informational,6,ideas
football manager 26 review,E sport-specific,1300,,LOW,commercial,0,ideas
betfair horse racing,competitor/brand,1300,2.95,LOW,commercial,20,ideas
free spins friday,casino (exclude),1300,5.38,LOW,commercial,5,ideas
free roulette game,casino (exclude),1300,7.77,LOW,informational,12,ideas
ante-post betting,G other,1300,5.91,LOW,commercial,14,comp:bet442.co.uk|ideas
btts & win tips,informational (exclude),1300,2.69,LOW,informational,0,ideas
slots temple uk,casino (exclude),1300,23.31,LOW,navigational,0,ideas
premier league fantasy football login,E sport-specific,1300,,LOW,navigational,76,ideas
uk euromillions lottery win,casino (exclude),1300,,LOW,transactional,58,ideas
william hill sports betting,competitor/brand,1300,3.98,LOW,commercial,28,ideas
watch lottery live,casino (exclude),1300,9.54,LOW,informational,21,ideas
btts win tips,informational (exclude),1300,2.69,LOW,informational,0,ideas
top casinos,casino (exclude),1300,67.05,MEDIUM,commercial,67,ideas
premier sport free trial,E sport-specific,1300,1.78,LOW,commercial,8,ideas
uk jackpot,G other,1300,7.16,LOW,commercial,25,ideas
ea sports web app,B betting app,1300,,LOW,navigational,32,ideas
betting awards,G other,1300,,LOW,commercial,33,ideas
kelly betting,G other,1300,,LOW,commercial,27,ideas
online betting for grand national,F generic betting/sites,1300,44.1,LOW,commercial,11,ideas
euromillions results today uk,informational (exclude),1300,0.22,LOW,informational,39,ideas
friday free spins,casino (exclude),1300,5.38,LOW,commercial,0,ideas
midnite bet login,competitor/brand,1300,10.33,LOW,navigational,7,comp:midnite.com|ideas
big brother betting odds,G other,1300,,LOW,commercial,0,ideas
vegas sports betting odds,E sport-specific,1300,24.85,LOW,commercial,52,ideas
ante post betting,G other,1300,5.91,LOW,commercial,12,comp:bet442.co.uk|ideas
best casino apps,casino (exclude),1300,94.35,MEDIUM,commercial,23,ideas
ladbrokes sign up offer,competitor/brand,1300,15.3,LOW,transactional,16,ideas
bingo app,casino (exclude),1300,54.11,MEDIUM,transactional,36,ideas
coin master free spin app,B betting app,1300,7.88,LOW,transactional,20,ideas
casino betting,casino (exclude),1300,42.91,LOW,commercial,87,comp:betgoodwin.co.uk|ideas
lottery live tonight,casino (exclude),1300,3.89,LOW,informational,29,ideas
1 minimum deposit casino uk,casino (exclude),1300,12.65,LOW,transactional,0,ideas
ladbrokes sports betting,competitor/brand,1300,1.09,LOW,commercial,16,ideas
win btts tips,informational (exclude),1300,2.69,LOW,informational,0,ideas
vipbox football,E sport-specific,1300,3.37,LOW,transactional,4,ideas
bet365 sign up offer,competitor/brand,1300,29,MEDIUM,transactional,47,ideas
casino games uk,casino (exclude),1300,49.28,MEDIUM,commercial,82,comp:betgoodwin.co.uk|ideas
gold cash free spins,casino (exclude),1300,39.08,MEDIUM,commercial,0,comp:midnite.com|ideas
bingo no deposit bonus,casino (exclude),1300,6.39,LOW,commercial,4,ideas
corals betting app,competitor/brand,1300,10.2,LOW,commercial,14,sugg
biggest betting sites,F generic betting/sites,1300,69.37,MEDIUM,commercial,55,sugg
top 50 betting sites uk free,F generic betting/sites,1300,25.67,LOW,commercial,56,sugg
best betting sites csgo,F generic betting/sites,1300,3.69,LOW,commercial,28,sugg
uk betting sites list,F generic betting/sites,1300,46.7,LOW,commercial,54,sugg
betting sites uk list,F generic betting/sites,1300,46.7,LOW,commercial,67,sugg
top rated betting sites,F generic betting/sites,1300,69.37,MEDIUM,commercial,55,sugg
csgo best betting sites,F generic betting/sites,1300,3.69,LOW,commercial,31,sugg
best cs:go betting sites,F generic betting/sites,1300,3.69,LOW,commercial,41,sugg
betting sites top,F generic betting/sites,1300,69.37,MEDIUM,commercial,55,sugg
list of betting sites uk,F generic betting/sites,1300,46.7,LOW,commercial,67,sugg
no verification betting sites,F generic betting/sites,1300,48.42,LOW,commercial,26,sugg
best csgo betting sites,F generic betting/sites,1300,3.69,LOW,commercial,47,sugg
big betting sites,F generic betting/sites,1300,69.37,MEDIUM,commercial,55,sugg
list of uk betting sites,F generic betting/sites,1300,46.7,LOW,commercial,40,sugg
free paddy power bets,competitor/brand,1300,25.56,MEDIUM,commercial,0,sugg
paddypower free bets,competitor/brand,1300,25.56,MEDIUM,commercial,25,sugg
free bets on paddy power,competitor/brand,1300,25.56,MEDIUM,commercial,0,sugg
free bets for world cup,C offers/free bets,1300,63.33,LOW,commercial,0,sugg
free bets with paddy power,competitor/brand,1300,25.56,MEDIUM,commercial,0,sugg
best free bets,C offers/free bets,1300,40.41,MEDIUM,commercial,35,sugg
free bets paddy power,competitor/brand,1300,25.56,MEDIUM,commercial,0,sugg
free bets world cup,C offers/free bets,1300,63.33,LOW,commercial,23,sugg
free bets sign up offers,C offers/free bets,1300,42.08,MEDIUM,commercial,67,sugg
bets free bets,C offers/free bets,1300,40.41,MEDIUM,commercial,58,sugg
free world cup bets,G other,1300,63.33,LOW,commercial,7,sugg
free bets sign up offer,C offers/free bets,1300,42.08,MEDIUM,commercial,67,sugg
paddy power betting football,competitor/brand,1300,9.4,LOW,commercial,39,sugg
paddy power football betting,competitor/brand,1300,9.4,LOW,commercial,39,sugg
football betting paddy power,competitor/brand,1300,9.4,LOW,commercial,15,sugg
football betting odds championship,E sport-specific,1300,1.98,LOW,commercial,33,sugg
footy accumulator twitter,D acca/bet builder,1300,2.34,LOW,navigational,12,sugg
accumulator in betting,D acca/bet builder,1300,24.59,LOW,commercial,19,sugg
accumulator bets,D acca/bet builder,1300,24.59,LOW,commercial,19,sugg
profit accumulator,D acca/bet builder,1300,13.14,LOW,informational,11,sugg
accumulator betting,D acca/bet builder,1300,24.59,LOW,commercial,19,sugg
accumulator profit,D acca/bet builder,1300,13.14,LOW,informational,0,sugg
accumulator bet,D acca/bet builder,1300,24.59,LOW,informational,0,sugg
profit accumulator uk,D acca/bet builder,1300,13.14,LOW,navigational,15,sugg
are my neighbours in the postcode lottery,casino (exclude),1300,,LOW,informational,4,comp:bet442.co.uk
cost of postcode lottery,casino (exclude),1300,8.819999694824219,LOW,commercial,5,comp:bet442.co.uk
courtsiding,G other,1300,1.25,LOW,informational,0,comp:bet442.co.uk
euromillions millionaire maker code tonight,G other,1300,0.09000000357627869,LOW,informational,6,comp:bet442.co.uk
euromillions millionaire maker codes tonight,G other,1300,1.6700000762939453,LOW,informational,10,comp:bet442.co.uk
football question,E sport-specific,1300,1.3700000047683716,LOW,informational,8,comp:bet442.co.uk
funny bingo calls,casino (exclude),1300,1.8600000143051147,LOW,informational,0,comp:bet442.co.uk
how long do basketball games last,G other,1300,,LOW,informational,0,comp:bet442.co.uk
how long does a basketball game last,G other,1300,,LOW,informational,8,comp:bet442.co.uk
how long does a basketball match last,G other,1300,,LOW,informational,8,comp:bet442.co.uk
how long is a hockey game,G other,1300,,LOW,informational,9,comp:bet442.co.uk
how long is halftime in super bowl,G other,1300,,LOW,informational,0,comp:bet442.co.uk
how long is halftime in the super bowl,G other,1300,,LOW,informational,0,comp:bet442.co.uk
how long is halftime super bowl,G other,1300,,LOW,informational,0,comp:bet442.co.uk
how long is super bowl,G other,1300,,LOW,informational,0,comp:bet442.co.uk
how long is super bowl game,G other,1300,,LOW,informational,22,comp:bet442.co.uk
how long is super bowl halftime,G other,1300,,LOW,informational,0,comp:bet442.co.uk
how long is the super bowl,G other,1300,,LOW,informational,24,comp:bet442.co.uk
how long super bowl,G other,1300,,LOW,informational,5,comp:bet442.co.uk
how long super bowl halftime,G other,1300,,LOW,informational,0,comp:bet442.co.uk
how long was the super bowl,G other,1300,,LOW,informational,22,comp:bet442.co.uk
how much for 3 numbers on lottery,casino (exclude),1300,3.809999942779541,LOW,informational,12,comp:bet442.co.uk
how much for 3 numbers on lotto,casino (exclude),1300,2.440000057220459,LOW,informational,48,comp:bet442.co.uk
is the postcode lottery worth it,casino (exclude),1300,,LOW,informational,14,comp:bet442.co.uk
longest travelled horse today,E sport-specific,1300,,LOW,informational,0,comp:bet442.co.uk
longest travelling horses today,E sport-specific,1300,,LOW,informational,2,comp:bet442.co.uk
lotto lucky dip,casino (exclude),1300,2.140000104904175,LOW,commercial,1,comp:bet442.co.uk
people's postcode lottery cost,casino (exclude),1300,8.819999694824219,LOW,commercial,10,comp:bet442.co.uk
postcode lottery cost,casino (exclude),1300,,LOW,informational,0,comp:bet442.co.uk
postcode lottery is it worth it,casino (exclude),1300,,LOW,informational,14,comp:bet442.co.uk
postcode lottery ticket price,casino (exclude),1300,,LOW,informational,15,comp:bet442.co.uk
set for life winners,G other,1300,8.489999771118164,LOW,navigational,4,comp:bet442.co.uk
set for life winnings,G other,1300,8.489999771118164,LOW,informational,0,comp:bet442.co.uk
sportsbook meaning,informational (exclude),1300,,LOW,informational,12,comp:bet442.co.uk
what do you get for 2 lottery numbers,casino (exclude),1300,1.1299999952316284,LOW,informational,8,comp:bet442.co.uk
best odds for england,G other,1300,23.360000610351562,MEDIUM,informational,23,comp:betgoodwin.co.uk
betting accounts,G other,1300,95.37999725341797,MEDIUM,commercial,58,comp:betgoodwin.co.uk
betting games,G other,1300,68.20999908447266,MEDIUM,commercial,82,comp:betgoodwin.co.uk
betting odds wimbledon,G other,1300,4.329999923706055,LOW,commercial,13,comp:betgoodwin.co.uk
bonus slots,casino (exclude),1300,76.9000015258789,MEDIUM,commercial,37,comp:betgoodwin.co.uk
casino bet,casino (exclude),1300,42.90999984741211,LOW,commercial,59,comp:betgoodwin.co.uk
casino player online,casino (exclude),1300,65.91000366210938,LOW,commercial,61,comp:betgoodwin.co.uk
casinos for real money,casino (exclude),1300,48.849998474121094,LOW,commercial,57,comp:betgoodwin.co.uk
casinos with real money,casino (exclude),1300,62.599998474121094,LOW,commercial,55,comp:betgoodwin.co.uk
cricket odds,E sport-specific,1300,4.210000038146973,LOW,informational,21,comp:betgoodwin.co.uk
early prices for horse racing,E sport-specific,1300,3.430000066757202,LOW,informational,77,comp:betgoodwin.co.uk
live bet casino,casino (exclude),1300,9.170000076293945,LOW,transactional,41,comp:betgoodwin.co.uk
live betting casino,casino (exclude),1300,9.170000076293945,LOW,commercial,41,comp:betgoodwin.co.uk
mobile casino slots,casino (exclude),1300,22.56999969482422,LOW,transactional,50,comp:betgoodwin.co.uk
new bookmakers,F generic betting/sites,1300,40.029998779296875,MEDIUM,commercial,60,comp:betgoodwin.co.uk
online casinos for us,casino (exclude),1300,22.850000381469727,MEDIUM,commercial,64,comp:betgoodwin.co.uk
play casino online,casino (exclude),1300,65.91000366210938,LOW,transactional,66,comp:betgoodwin.co.uk
play in casino online,casino (exclude),1300,54.040000915527344,LOW,transactional,57,comp:betgoodwin.co.uk
players online casino,casino (exclude),1300,65.91000366210938,LOW,commercial,81,comp:betgoodwin.co.uk
real cash casino,casino (exclude),1300,62.599998474121094,LOW,transactional,66,comp:betgoodwin.co.uk
real money casino,casino (exclude),1300,48.849998474121094,LOW,commercial,64,comp:betgoodwin.co.uk
roulette online,casino (exclude),1300,64.7300033569336,LOW,transactional,28,comp:betgoodwin.co.uk
sportsbook company,E sport-specific,1300,3.4700000286102295,LOW,commercial,74,comp:betgoodwin.co.uk
team casino,casino (exclude),1300,7.349999904632568,LOW,navigational,27,comp:betgoodwin.co.uk|comp:midnite.com
top betting website,G other,1300,75.2699966430664,MEDIUM,commercial,72,comp:betgoodwin.co.uk
top casino,casino (exclude),1300,68.33000183105469,MEDIUM,commercial,48,comp:betgoodwin.co.uk
uk betting,F generic betting/sites,1300,62.56999969482422,MEDIUM,commercial,74,comp:betgoodwin.co.uk
wimbledon odds,G other,1300,4.329999923706055,LOW,informational,22,comp:betgoodwin.co.uk
bubble casino,casino (exclude),1300,3.0899999141693115,LOW,commercial,0,comp:midnite.com
mines games,G other,1300,22.829999923706055,LOW,informational,18,comp:midnite.com
pfa player of the year odds,G other,1300,,LOW,informational,0,comp:midnite.com
bet 365 sign in,G other,1000,5.72,LOW,navigational,20,ideas
yankee bet,G other,1000,5.24,LOW,informational,0,ideas
ebay football programmes,E sport-specific,1000,0.2,LOW,commercial,0,ideas
ladbrokes 49 results today,competitor/brand,1000,,LOW,informational,25,ideas
poker free,casino (exclude),1000,4.29,LOW,informational,37,ideas
gala free spins,casino (exclude),1000,11.42,LOW,commercial,0,ideas
www uk lotto result,casino (exclude),1000,0.27,LOW,informational,39,ideas
gambling tax uk,G other,1000,,LOW,informational,27,ideas
49 lotto results for today,casino (exclude),1000,2.34,LOW,informational,26,ideas
betting sites with welcome bonus,C offers/free bets,1000,53.61,LOW,commercial,61,ideas|sugg
football manager 26 updates,E sport-specific,1000,,LOW,informational,15,ideas
jackpot city uk,G other,1000,5.87,LOW,navigational,14,ideas
10 free spins no deposit,casino (exclude),1000,5.3,LOW,transactional,9,ideas
betfred sign up offer,competitor/brand,1000,16.72,MEDIUM,transactional,22,ideas
tombola bingo uk,casino (exclude),1000,1.6,LOW,informational,38,ideas
mega casino uk,casino (exclude),1000,3.51,MEDIUM,commercial,11,ideas
amazon prime premier league,E sport-specific,1000,,LOW,commercial,19,ideas
irish lotto results uk,casino (exclude),1000,7.42,LOW,informational,20,ideas
bingo cash,casino (exclude),1000,30.45,MEDIUM,transactional,11,ideas
online slots sites,casino (exclude),1000,76.91,LOW,commercial,53,ideas
coin master spins free,casino (exclude),1000,,LOW,informational,28,ideas
free spin and coins,G other,1000,3.68,LOW,informational,20,ideas
odds alerts,G other,1000,,LOW,informational,7,ideas
boylesports betting,competitor/brand,1000,6.52,LOW,commercial,66,ideas
100 free spins no deposit,casino (exclude),1000,10.57,MEDIUM,transactional,4,ideas
lucky 63 bet calculator,informational (exclude),1000,3.81,LOW,informational,0,ideas
online roulette uk,casino (exclude),1000,85.19,LOW,commercial,22,comp:betgoodwin.co.uk|ideas
football manager 26 update,E sport-specific,1000,,LOW,informational,14,ideas
betting in england,G other,1000,33.38,MEDIUM,informational,91,ideas
euromillions app,B betting app,1000,1.81,LOW,transactional,29,ideas
top 10 betting sites,F generic betting/sites,1000,64.69,MEDIUM,commercial,51,ideas|sugg
ny lottery results today,casino (exclude),1000,,LOW,informational,34,ideas
hit it rich free coins,G other,1000,4.44,LOW,informational,3,ideas
online gambling uk,G other,1000,73.04,MEDIUM,commercial,90,comp:betgoodwin.co.uk|ideas
football scratch card,casino (exclude),1000,0.23,HIGH,transactional,0,ideas
lottery results yesterday uk,casino (exclude),1000,0.1,LOW,informational,29,ideas
lottery new york results today,casino (exclude),1000,,LOW,informational,34,ideas
sky bet sign up,competitor/brand,1000,18,LOW,transactional,30,ideas
great bet,G other,1000,11.12,LOW,commercial,40,ideas
free bingo paddy power,competitor/brand,1000,9.2,LOW,informational,11,ideas
best football betting apps,B betting app,1000,75.69,MEDIUM,commercial,32,ideas|sugg
betting companies uk,F generic betting/sites,1000,60.61,MEDIUM,commercial,60,ideas
sky bet website,competitor/brand,1000,5.26,LOW,navigational,44,ideas
free spin and coin,G other,1000,3.68,LOW,informational,20,ideas
free spins bonus,casino (exclude),1000,32.83,MEDIUM,commercial,12,ideas
world cup offers betting,C offers/free bets,1000,75.99,LOW,commercial,,ideas
backhouse bet,G other,1000,11.97,LOW,commercial,0,ideas
5 pound deposit casino,casino (exclude),1000,20.8,LOW,transactional,9,ideas
which lottery has the best odds,casino (exclude),1000,12.46,LOW,informational,0,ideas
monopoly free spins,casino (exclude),1000,6.73,LOW,transactional,13,ideas
lotto results for yesterday uk,casino (exclude),1000,0.1,LOW,informational,31,ideas
lotto results yesterday uk,casino (exclude),1000,0.1,LOW,informational,31,ideas
no deposit bingo,casino (exclude),1000,7.66,LOW,commercial,4,ideas
new uk casino sites,casino (exclude),1000,33.3,MEDIUM,commercial,57,comp:betgoodwin.co.uk|ideas
sky sports app download,B betting app,1000,1.39,LOW,navigational,43,ideas
casino sign up bonus no deposit,casino (exclude),1000,11.99,MEDIUM,transactional,26,ideas
bet365 bet,competitor/brand,1000,4.9,LOW,commercial,35,ideas
powerball lottery uk results,casino (exclude),1000,2.5,LOW,informational,0,ideas
live football streaming app,B betting app,1000,0.67,LOW,transactional,13,ideas
wheel of fortune hosts uk,G other,1000,,LOW,informational,6,ideas
unibet app,competitor/brand,1000,6.95,LOW,transactional,15,ideas
bet 365 english,G other,1000,3.27,LOW,commercial,36,ideas
free casino,casino (exclude),1000,11.62,MEDIUM,transactional,51,ideas
www uk lotto results,casino (exclude),1000,0.27,LOW,informational,30,ideas
irish lottery results uk,casino (exclude),1000,7.42,LOW,informational,25,ideas
which lottery has best odds,casino (exclude),1000,12.46,LOW,informational,5,ideas
uk casino free spins,casino (exclude),1000,26.4,LOW,commercial,40,ideas
new slot sites uk,casino (exclude),1000,44.84,MEDIUM,commercial,45,ideas
world cup betting offers,C offers/free bets,1000,75.99,LOW,commercial,14,ideas
best football betting app,B betting app,1000,75.69,MEDIUM,commercial,32,ideas|sugg
online poker uk,casino (exclude),1000,45.9,MEDIUM,commercial,61,ideas
national lottery sign in problems today,casino (exclude),1000,,LOW,informational,0,ideas
top rated casino sites,casino (exclude),1000,82.71,MEDIUM,commercial,47,ideas
no deposit casino bonus,casino (exclude),1000,8.56,MEDIUM,commercial,39,ideas
william hill bet calculator,competitor/brand,1000,4.03,LOW,informational,9,ideas
uk lotto online,casino (exclude),1000,2.35,LOW,informational,33,ideas
william hill lottery,competitor/brand,1000,5.12,LOW,informational,21,ideas
bet checker,G other,1000,7.27,LOW,commercial,15,ideas
lottery ny results today,casino (exclude),1000,,LOW,informational,36,ideas
best bookmakers uk,F generic betting/sites,1000,61.24,LOW,commercial,55,ideas
lotto uk latest results,casino (exclude),1000,0.83,LOW,informational,31,ideas
deposit 5 get free spins,casino (exclude),1000,14.99,MEDIUM,transactional,3,ideas
coin master free spin 2021,G other,1000,,LOW,informational,28,ideas
saturday lottery results uk,casino (exclude),1000,0.37,LOW,informational,29,ideas
paypal casinos uk,casino (exclude),1000,40.45,LOW,commercial,16,ideas
wheel of fortune host uk,G other,1000,,LOW,navigational,1,ideas
top casino websites,casino (exclude),1000,82.71,MEDIUM,commercial,77,ideas
sharp betting,G other,1000,,LOW,commercial,22,ideas
new york lotto results today,casino (exclude),1000,,LOW,informational,23,ideas
euro lottery cut off time uk,casino (exclude),1000,,LOW,informational,9,comp:bet442.co.uk|ideas
10 free spins,casino (exclude),1000,30.44,LOW,informational,0,ideas
ladbrokes football coupon,competitor/brand,1000,2.62,LOW,commercial,22,ideas
bet365 co uk,competitor/brand,1000,1.05,LOW,commercial,20,ideas
online football games,E sport-specific,1000,4.06,LOW,informational,39,ideas
bet365 offers,competitor/brand,1000,22.88,MEDIUM,commercial,15,ideas
virgin bet sign up offer,competitor/brand,1000,20.65,LOW,commercial,1,ideas
william hill free bets,competitor/brand,1000,17.88,LOW,informational,0,ideas|sugg
lotto winners uk,casino (exclude),1000,1.12,LOW,informational,48,ideas
strictly betting,G other,1000,,LOW,commercial,5,ideas
palms bet bg,G other,1000,4.95,LOW,commercial,78,ideas
irish lotto bet,casino (exclude),1000,8.79,LOW,commercial,3,ideas
euromillions live draw tonight,G other,1000,3.22,LOW,informational,31,ideas
popular casino sites,casino (exclude),1000,82.71,MEDIUM,commercial,77,ideas
gala spins free spins,casino (exclude),1000,11.42,LOW,commercial,0,ideas
premier bet zone,G other,1000,1.94,LOW,commercial,0,ideas
you bet on tour,G other,1000,,LOW,transactional,1,ideas
sportybet app,B betting app,1000,5.4,LOW,transactional,1,ideas
fun bet,G other,1000,21.82,LOW,commercial,0,ideas
william hill odds,competitor/brand,1000,2.3,LOW,informational,28,ideas
best casino sign up offers,casino (exclude),1000,80.33,MEDIUM,commercial,40,ideas
casino betting sites,casino (exclude),1000,59.75,LOW,commercial,73,ideas|sugg
betfred sign in,competitor/brand,1000,6.04,LOW,navigational,51,ideas
betfair free spins,competitor/brand,1000,15.15,MEDIUM,commercial,0,ideas
low deposit casino,casino (exclude),1000,13.14,LOW,commercial,0,ideas
william hill irish lottery results,competitor/brand,1000,3.71,LOW,informational,4,ideas
betting england,G other,1000,33.38,MEDIUM,commercial,78,ideas
uk bets,G other,1000,32.11,MEDIUM,commercial,8,ideas
www lottery results com uk,casino (exclude),1000,0.27,LOW,informational,30,ideas
live football app,B betting app,1000,1.19,LOW,transactional,12,ideas
how does each way betting work,G other,1000,,LOW,informational,12,ideas
free slots for fun,casino (exclude),1000,4.33,LOW,informational,51,ideas
pools bet,A social/bet-with-mates,1000,18.53,LOW,transactional,4,ideas
top casino website,casino (exclude),1000,82.71,MEDIUM,commercial,43,ideas
best online betting,F generic betting/sites,1000,80.12,LOW,commercial,67,ideas
ny lottery numbers for today,casino (exclude),1000,,LOW,informational,34,ideas
uk powerball results,informational (exclude),1000,2.5,LOW,informational,0,ideas
49 lotto results today,casino (exclude),1000,2.34,LOW,informational,25,ideas
new york lottery results today,casino (exclude),1000,,LOW,informational,27,ideas
new york lottery results for today,casino (exclude),1000,,LOW,informational,34,ideas
49 lotto result today,casino (exclude),1000,2.34,LOW,informational,23,ideas
god odds,G other,1000,22.8,LOW,informational,0,ideas
best online gambling sites,G other,1000,95.87,MEDIUM,commercial,51,ideas
strictly come dancing betting,G other,1000,,LOW,informational,0,ideas
best bookies uk,F generic betting/sites,1000,61.24,LOW,commercial,40,ideas
what are the odds of winning the uk lottery,casino (exclude),1000,3.24,LOW,informational,20,ideas
uk lotto results for yesterday,casino (exclude),1000,0.1,LOW,informational,30,ideas
free spins and coins,casino (exclude),1000,3.68,LOW,commercial,30,ideas
best gambling apps,B betting app,1000,90.01,MEDIUM,commercial,38,ideas
mahjong solitaire free,G other,1000,0.74,LOW,informational,31,ideas
slip betting,G other,1000,14.16,LOW,informational,0,ideas
acca betting,D acca/bet builder,1000,28.91,MEDIUM,commercial,2,ideas
lotto numbers yesterday uk,casino (exclude),1000,0.1,LOW,informational,31,ideas
national lottery uk app,casino (exclude),1000,0.85,LOW,navigational,29,ideas
pools betting,A social/bet-with-mates,1000,18.53,LOW,commercial,4,comp:bet442.co.uk|ideas
new york lottery numbers for today,casino (exclude),1000,,LOW,informational,34,ideas
best odds in a casino,casino (exclude),1000,8.02,MEDIUM,commercial,14,ideas
yesterday's lottery results uk,casino (exclude),1000,0.1,LOW,informational,29,ideas
coral free spins,competitor/brand,1000,11.44,LOW,transactional,4,ideas
coin master free spins 2021,casino (exclude),1000,,LOW,transactional,28,ideas
lotto results 49 today,casino (exclude),1000,2.34,LOW,informational,26,ideas
lucky 31 bet calculator,informational (exclude),1000,,LOW,informational,0,ideas
best app for football betting,B betting app,1000,75.69,MEDIUM,commercial,32,sugg
best betting app for football,B betting app,1000,75.69,MEDIUM,commercial,32,sugg
best soccer betting app,B betting app,1000,75.69,MEDIUM,commercial,17,sugg
best betting app football,B betting app,1000,75.69,MEDIUM,commercial,32,sugg
best app for betting football,B betting app,1000,75.69,MEDIUM,commercial,32,sugg
new sport betting sites,E sport-specific,1000,49.75,MEDIUM,commercial,74,sugg
betting sites top 10,F generic betting/sites,1000,64.69,MEDIUM,commercial,51,sugg
betting sites welcome bonus,C offers/free bets,1000,53.61,LOW,commercial,61,sugg
new sports betting sites,E sport-specific,1000,49.75,MEDIUM,commercial,74,comp:betgoodwin.co.uk|sugg
good online betting sites,F generic betting/sites,1000,80.12,LOW,commercial,70,sugg
best online betting sites,F generic betting/sites,1000,80.12,LOW,commercial,51,comp:betgoodwin.co.uk|sugg
10 top betting sites,F generic betting/sites,1000,64.69,MEDIUM,commercial,51,sugg
casino and betting sites,casino (exclude),1000,59.75,LOW,commercial,99,sugg
best sites for online betting,F generic betting/sites,1000,80.12,LOW,commercial,51,sugg
top betting sites online,F generic betting/sites,1000,80.12,LOW,commercial,55,comp:betgoodwin.co.uk|sugg
sports betting new sites,E sport-specific,1000,49.75,MEDIUM,commercial,74,sugg
online best betting sites,F generic betting/sites,1000,80.12,LOW,commercial,51,sugg
top online betting sites,F generic betting/sites,1000,80.12,LOW,commercial,90,sugg
top ten betting sites,F generic betting/sites,1000,64.69,MEDIUM,commercial,62,sugg
welcome bonus betting sites,C offers/free bets,1000,53.61,LOW,commercial,61,sugg
10 best betting sites,F generic betting/sites,1000,64.69,MEDIUM,commercial,50,sugg
newest sports betting sites,E sport-specific,1000,49.75,MEDIUM,commercial,74,sugg
betting sites with casino,casino (exclude),1000,59.75,LOW,commercial,58,sugg
best betting online sites,F generic betting/sites,1000,80.12,LOW,commercial,51,sugg
top 20 betting sites uk free,F generic betting/sites,1000,28.34,LOW,commercial,57,sugg
betting sites no id verification uk,F generic betting/sites,1000,15.41,LOW,commercial,23,sugg
best betting sites online,F generic betting/sites,1000,80.12,LOW,commercial,51,sugg
football bets free,E sport-specific,1000,37.52,LOW,commercial,65,sugg
free football bets,E sport-specific,1000,37.52,LOW,commercial,65,sugg
free bets with william hill,competitor/brand,1000,17.88,LOW,informational,30,sugg
free bets on football,C offers/free bets,1000,37.52,LOW,commercial,65,sugg
free bets on william hill,competitor/brand,1000,17.88,LOW,commercial,30,sugg
free bets william hill,competitor/brand,1000,17.88,LOW,informational,30,sugg
football free bets,C offers/free bets,1000,37.52,LOW,commercial,65,sugg
free bets football,C offers/free bets,1000,37.52,LOW,commercial,35,sugg
betting uk football,E sport-specific,1000,47.17,LOW,commercial,69,sugg
football betting in uk,E sport-specific,1000,47.17,LOW,commercial,69,sugg
football betting uk,E sport-specific,1000,47.17,LOW,commercial,69,sugg
best football betting tips for today,informational (exclude),1000,3.19,LOW,informational,54,sugg
football betting free,E sport-specific,1000,37.52,LOW,commercial,65,sugg
best betting apps for football,B betting app,1000,75.69,MEDIUM,commercial,32,sugg
best apps for football betting,B betting app,1000,75.69,MEDIUM,commercial,32,sugg
free football betting,E sport-specific,1000,37.52,LOW,commercial,65,sugg
uk football betting,E sport-specific,1000,47.17,LOW,commercial,69,sugg
best betting apps football,B betting app,1000,75.69,MEDIUM,commercial,32,sugg
betting on football uk,E sport-specific,1000,47.17,LOW,commercial,69,sugg
free betting football,C offers/free bets,1000,37.52,LOW,commercial,65,sugg
betting football uk,E sport-specific,1000,47.17,LOW,commercial,69,sugg
1/2 odds in decimal,G other,1000,21.719999313354492,LOW,informational,22,comp:bet442.co.uk
2 numbers on thunderball,G other,1000,,LOW,informational,0,comp:bet442.co.uk
442 quizzes,G other,1000,,LOW,informational,18,comp:bet442.co.uk
betting slip,G other,1000,14.15999984741211,LOW,informational,0,comp:bet442.co.uk
check a bet,G other,1000,7.269999980926514,LOW,commercial,43,comp:bet442.co.uk
cut off time euromillions,G other,1000,,LOW,informational,5,comp:bet442.co.uk
cut off time for euromillions,G other,1000,,LOW,informational,5,comp:bet442.co.uk
euromillions cut off time,G other,1000,,LOW,informational,5,comp:bet442.co.uk
euromillions cut off time uk,G other,1000,,LOW,informational,6,comp:bet442.co.uk
euromillions cut-off time,G other,1000,,LOW,informational,5,comp:bet442.co.uk
euromillions cut-off time uk,G other,1000,,LOW,informational,6,comp:bet442.co.uk
group g,A social/bet-with-mates,1000,,LOW,informational,5,comp:bet442.co.uk
how do i claim my lottery winnings over 500,casino (exclude),1000,0.3499999940395355,LOW,informational,0,comp:bet442.co.uk
how long are nba basketball games,E sport-specific,1000,,LOW,informational,0,comp:bet442.co.uk
how long nba basketball game,E sport-specific,1000,,LOW,informational,0,comp:bet442.co.uk
how to win euromillions,informational (exclude),1000,5.369999885559082,LOW,informational,6,comp:bet442.co.uk
is lottery tax free,casino (exclude),1000,23.1200008392334,LOW,informational,0,comp:bet442.co.uk
length of a rugby match,E sport-specific,1000,,LOW,informational,12,comp:bet442.co.uk
length of rugby game,E sport-specific,1000,,LOW,informational,7,comp:bet442.co.uk
lottery payouts,casino (exclude),1000,1.5099999904632568,LOW,informational,17,comp:bet442.co.uk
lottery scan,casino (exclude),1000,0.49000000953674316,LOW,informational,0,comp:bet442.co.uk
lottery scanner,casino (exclude),1000,0.47999998927116394,LOW,informational,7,comp:bet442.co.uk
lottery scanning,casino (exclude),1000,0.49000000953674316,LOW,informational,6,comp:bet442.co.uk
national lottery scanner app,casino (exclude),1000,0.5799999833106995,LOW,transactional,4,comp:bet442.co.uk
national lottery scratchcard checker,casino (exclude),1000,1.2799999713897705,LOW,informational,6,comp:bet442.co.uk
people's postcode lottery reviews,casino (exclude),1000,,LOW,informational,15,comp:bet442.co.uk
scratch card win,casino (exclude),1000,4.5,LOW,informational,6,comp:bet442.co.uk
thunderball 2 numbers,G other,1000,1.1299999952316284,LOW,informational,9,comp:bet442.co.uk
uk racecourses map,G other,1000,0.07999999821186066,LOW,informational,0,comp:bet442.co.uk
what does each way mean,G other,1000,24.450000762939453,LOW,informational,12,comp:bet442.co.uk
what time does lottery close,casino (exclude),1000,,LOW,informational,0,comp:bet442.co.uk
what time does lotto close,casino (exclude),1000,,LOW,informational,0,comp:bet442.co.uk
when is postcode lottery drawn,casino (exclude),1000,,LOW,informational,15,comp:bet442.co.uk
when is the postcode lottery draw,casino (exclude),1000,,LOW,informational,19,comp:bet442.co.uk
when is the postcode lottery drawn,casino (exclude),1000,,LOW,informational,19,comp:bet442.co.uk
winning scratch card,casino (exclude),1000,4.5,LOW,informational,0,comp:bet442.co.uk
best new casino sites uk,casino (exclude),1000,42,LOW,commercial,47,comp:betgoodwin.co.uk
bet co uk,G other,1000,60.61000061035156,MEDIUM,commercial,57,comp:betgoodwin.co.uk
bet on england,G other,1000,33.380001068115234,MEDIUM,informational,73,comp:betgoodwin.co.uk
betgoodwin casino,competitor/brand,1000,12.510000228881836,LOW,commercial,20,comp:betgoodwin.co.uk
betting agencies uk,G other,1000,60.61000061035156,MEDIUM,commercial,51,comp:betgoodwin.co.uk
betting firms uk,G other,1000,60.61000061035156,MEDIUM,commercial,66,comp:betgoodwin.co.uk
british betting companies,F generic betting/sites,1000,60.61000061035156,MEDIUM,commercial,51,comp:betgoodwin.co.uk
gambling casino sites,casino (exclude),1000,59.75,LOW,commercial,66,comp:betgoodwin.co.uk
new online bookmakers,F generic betting/sites,1000,44.59000015258789,MEDIUM,commercial,52,comp:betgoodwin.co.uk
new uk slots,casino (exclude),1000,48.22999954223633,MEDIUM,commercial,43,comp:betgoodwin.co.uk
slot game win,casino (exclude),1000,50.689998626708984,LOW,informational,46,comp:betgoodwin.co.uk
slots win,casino (exclude),1000,48.709999084472656,LOW,informational,23,comp:betgoodwin.co.uk
top 10 casino online uk real money,casino (exclude),1000,32.150001525878906,MEDIUM,commercial,48,comp:betgoodwin.co.uk
top gambling sites online,G other,1000,95.87000274658203,MEDIUM,commercial,47,comp:betgoodwin.co.uk
top ten betting site,F generic betting/sites,1000,64.69000244140625,MEDIUM,commercial,54,comp:betgoodwin.co.uk
uk bet,G other,1000,34.81999969482422,MEDIUM,commercial,58,comp:betgoodwin.co.uk
winning casino slots,casino (exclude),1000,48.709999084472656,LOW,informational,20,comp:betgoodwin.co.uk
big bass slots,casino (exclude),1000,54.95000076293945,LOW,transactional,0,comp:midnite.com
correct score,G other,1000,6.480000019073486,LOW,informational,7,comp:midnite.com
correct score today,G other,1000,1.9700000286102295,LOW,informational,2,comp:midnite.com
promo casino,casino (exclude),1000,62.939998626708984,MEDIUM,commercial,20,comp:midnite.com
betting bonus,C offers/free bets,880,68.75,LOW,commercial,41,ideas
grosvenor casino app,competitor/brand,880,7.49,LOW,navigational,59,ideas
odds of winning set for life,G other,880,20.07,LOW,informational,0,ideas
nfl game pass uk,E sport-specific,880,,LOW,transactional,22,ideas
score bet,G other,880,16.75,LOW,informational,39,ideas
how to change name on fantasy premier league,informational (exclude),880,,LOW,informational,0,ideas
place a bet on grand national,F generic betting/sites,880,,LOW,transactional,21,ideas
sun bingo login uk,casino (exclude),880,0.81,LOW,navigational,45,ideas
daily telegraph fantasy football login,E sport-specific,880,,LOW,navigational,22,ideas
bingo free spins,casino (exclude),880,24.92,MEDIUM,transactional,36,ideas
online casino free spins no deposit,casino (exclude),880,15.27,MEDIUM,transactional,27,ideas
best betting offers,C offers/free bets,880,53.68,LOW,commercial,33,ideas
betting deals uk,G other,880,65.64,MEDIUM,commercial,55,ideas
kerala lottery today result,casino (exclude),880,,LOW,informational,27,ideas
paddy power live betting,competitor/brand,880,17.75,LOW,commercial,27,ideas
casino sites not on gamstop,casino (exclude),880,,LOW,commercial,45,ideas
scarpa uk,G other,880,0.73,HIGH,commercial,7,ideas
free play rainbow riches,G other,880,8.39,LOW,informational,0,ideas
free spins bingo,casino (exclude),880,24.92,MEDIUM,transactional,33,ideas
kerala lottery today results,casino (exclude),880,,LOW,informational,27,ideas
casino bonus uk,casino (exclude),880,45.92,LOW,commercial,37,ideas
free £5 no deposit casino,casino (exclude),880,4.05,LOW,transactional,10,ideas
free no deposit bonus casino,casino (exclude),880,8.16,MEDIUM,transactional,6,ideas
casino welcome bonus no deposit,casino (exclude),880,12.53,MEDIUM,commercial,17,ideas
no deposit welcome bonus casino,casino (exclude),880,12.53,MEDIUM,commercial,21,ideas
ea fc 25 web app,B betting app,880,1.7,LOW,navigational,26,ideas
daily free game casino,casino (exclude),880,6.48,LOW,informational,24,ideas
football manager 2026 review,E sport-specific,880,,LOW,commercial,0,ideas
livescore bet casino,competitor/brand,880,6.55,LOW,commercial,31,ideas
live snooker scores org,E sport-specific,880,1.32,LOW,informational,59,ideas
free spin casino,casino (exclude),880,29.05,MEDIUM,transactional,38,ideas
rainbow riches free spins,casino (exclude),880,5.81,LOW,commercial,11,ideas
football match simulator,E sport-specific,880,4.23,LOW,transactional,1,ideas
welcome bonus casino uk,casino (exclude),880,32.61,MEDIUM,commercial,36,ideas
5 minimum deposit casino uk,casino (exclude),880,17.9,LOW,transactional,0,ideas
new no deposit casino uk,casino (exclude),880,3.8,LOW,commercial,20,ideas
gambling offers uk,C offers/free bets,880,65.64,MEDIUM,commercial,55,ideas
free spins no wagering uk,casino (exclude),880,23.53,MEDIUM,commercial,20,ideas
bet365 sign up bonus,competitor/brand,880,26.32,MEDIUM,transactional,29,ideas
uk betting offers,C offers/free bets,880,65.64,MEDIUM,commercial,55,ideas
50 000 free spins coin master,casino (exclude),880,1.48,LOW,transactional,22,ideas
free roulette simulator,casino (exclude),880,5.3,LOW,informational,5,ideas
best new customer betting offers,C offers/free bets,880,56.73,MEDIUM,commercial,47,ideas
888 casino app,competitor/brand,880,7.63,LOW,transactional,16,ideas
betting sites with free bets,C offers/free bets,880,44.03,MEDIUM,commercial,72,ideas|sugg
non gamstop betting,bonus-hunter/offshore (exclude),880,,LOW,commercial,45,ideas
cash out 2: high rollers,G other,880,,LOW,informational,12,ideas
spread betting uk,G other,880,141.84,MEDIUM,commercial,38,ideas
live fpl bonus points,C offers/free bets,880,,LOW,informational,2,ideas
best horse racing betting sites,E sport-specific,880,61.44,LOW,commercial,21,comp:betgoodwin.co.uk|ideas|sugg
world cup betting tips,informational (exclude),880,8.65,LOW,commercial,3,ideas
bet365 sign up,competitor/brand,880,19.27,LOW,transactional,22,ideas
age uk lottery results,casino (exclude),880,3.23,LOW,informational,0,ideas
no deposit no wagering bonus,bonus-hunter/offshore (exclude),880,23.39,MEDIUM,commercial,14,ideas
free slots with bonus and free spins,casino (exclude),880,20.08,MEDIUM,commercial,9,ideas
football manager release dates,E sport-specific,880,,LOW,informational,20,ideas
tote jackpot today,competitor/brand,880,3.28,LOW,informational,0,ideas
betting bonuses,C offers/free bets,880,68.75,LOW,commercial,41,ideas
pickleball betting,G other,880,0.81,HIGH,informational,,ideas
5 free no deposit casino uk,casino (exclude),880,4.12,LOW,transactional,20,ideas
no wagering deposit bonus,bonus-hunter/offshore (exclude),880,23.39,MEDIUM,commercial,40,ideas
euromillions draw today,G other,880,0.53,LOW,informational,31,ideas
betfred free bets,competitor/brand,880,15.32,MEDIUM,commercial,25,ideas|sugg
delicatezza uk,G other,880,0.58,HIGH,navigational,1,ideas
french lotto results today,casino (exclude),880,,LOW,informational,0,ideas
fast withdrawal casino uk,casino (exclude),880,47.84,LOW,transactional,0,ideas
sky fantasy football,E sport-specific,880,12.57,LOW,commercial,23,ideas
minimum deposit casino,casino (exclude),880,15.89,LOW,transactional,0,ideas
betway app,competitor/brand,880,11.77,LOW,transactional,15,ideas
windrawwin predictions today,informational (exclude),880,7.27,LOW,informational,14,ideas
free spins on registration,casino (exclude),880,11.22,MEDIUM,commercial,0,ideas
national lottery app issues today uk,casino (exclude),880,,LOW,transactional,0,ideas
free bet calculator lucky 15,informational (exclude),880,,LOW,informational,4,ideas
free casino no deposit bonus,casino (exclude),880,8.16,MEDIUM,transactional,17,ideas
win money for free,G other,880,12.38,MEDIUM,informational,56,ideas
william hill bingo login,competitor/brand,880,14.06,LOW,navigational,15,ideas
free football super tips,informational (exclude),880,4.17,LOW,informational,46,ideas
fut app,B betting app,880,,LOW,transactional,19,ideas
top slots sites,casino (exclude),880,69.21,MEDIUM,commercial,51,ideas
sky bet login horse racing,competitor/brand,880,1.33,LOW,navigational,23,ideas
easy bet,G other,880,7.04,MEDIUM,commercial,0,ideas
betting offers uk,C offers/free bets,880,65.64,MEDIUM,commercial,55,ideas
sky bet free spins,competitor/brand,880,26,MEDIUM,commercial,7,ideas
masters betting,G other,880,,LOW,commercial,42,ideas
independent casinos uk,casino (exclude),880,38.12,LOW,commercial,7,ideas
sky bet in-play,competitor/brand,880,3.65,LOW,commercial,27,ideas
people's postcode lottery odds,casino (exclude),880,0.83,LOW,informational,5,comp:bet442.co.uk|ideas
football online,E sport-specific,880,3.06,LOW,informational,81,ideas
top slot sites,casino (exclude),880,69.21,MEDIUM,commercial,54,ideas
william hill greyhound betting,competitor/brand,880,2.35,LOW,informational,0,ideas
free £5 no deposit casino uk,casino (exclude),880,4.12,LOW,transactional,35,ideas
monopoly bet,G other,880,19,LOW,informational,15,ideas
auchinleck talbot celtic betting suspended,G other,880,,,transactional,0,ideas
betfred 49 results for today,competitor/brand,880,,LOW,informational,11,ideas
betfred 49 results today,competitor/brand,880,,LOW,informational,11,ideas
level coin master free spins,casino (exclude),880,0.97,LOW,transactional,28,ideas
betfair sign up offer,competitor/brand,880,20.46,LOW,transactional,14,ideas
bet series,G other,880,,LOW,informational,28,ideas
best football manager game,E sport-specific,880,4.69,LOW,informational,0,ideas
best slots app,casino (exclude),880,100.73,MEDIUM,commercial,44,ideas
free spins casino no deposit,casino (exclude),880,10.47,MEDIUM,transactional,4,ideas
casino live,casino (exclude),880,68.4,MEDIUM,transactional,41,comp:betgoodwin.co.uk|ideas
sky bet in play,competitor/brand,880,3.65,LOW,commercial,42,ideas
free slots uk,casino (exclude),880,11.85,LOW,informational,48,ideas
pp betting,G other,880,18.09,LOW,commercial,45,ideas
missoni top,G other,880,0.76,HIGH,transactional,0,ideas
daily telegraph football fantasy login,E sport-specific,880,,LOW,navigational,22,ideas
free online casino games,casino (exclude),880,14.13,LOW,transactional,66,ideas
free lottery uk,casino (exclude),880,3.62,LOW,informational,45,ideas
sky bet games,competitor/brand,880,10.42,MEDIUM,commercial,22,ideas
euromillions numbers uk friday,G other,880,0.22,LOW,informational,29,ideas
bet angel forum,G other,880,8.43,LOW,navigational,18,ideas
gambling uk,G other,880,60.04,MEDIUM,informational,100,ideas
lotto live draw today,casino (exclude),880,0.65,LOW,informational,34,ideas
live betting paddy power,competitor/brand,880,17.75,LOW,informational,39,ideas
william hill betting odds,competitor/brand,880,3.25,LOW,commercial,0,ideas
pokerstars casino uk,competitor/brand,880,26.23,LOW,commercial,17,ideas
superbowl betting,G other,880,15.2,LOW,commercial,36,ideas
best odds betting,G other,880,6.06,LOW,commercial,30,ideas
casino slots free,casino (exclude),880,13.92,LOW,informational,58,ideas
50000 free spins coin master,casino (exclude),880,1.48,LOW,transactional,16,ideas
reading fc game today,G other,880,,LOW,informational,6,ideas
slots uk online,casino (exclude),880,57.71,LOW,commercial,45,ideas
casinos with free no deposit bonuses,casino (exclude),880,8.16,MEDIUM,commercial,39,ideas
1xbet app,competitor/brand,880,12.96,LOW,transactional,17,ideas
best odds for roulette,casino (exclude),880,55.43,LOW,commercial,13,ideas
free spins welcome bonus,casino (exclude),880,38.92,MEDIUM,commercial,39,ideas
betting app for football,B betting app,880,68.47,LOW,commercial,30,sugg
football betting app,B betting app,880,68.47,LOW,commercial,27,sugg
betting football app,B betting app,880,68.47,LOW,commercial,30,sugg
best app for betting on sports,B betting app,880,76.8,MEDIUM,commercial,51,sugg
sports betting best app,B betting app,880,76.8,MEDIUM,commercial,51,sugg
best sports betting app,B betting app,880,76.8,MEDIUM,commercial,51,sugg
betting app football,B betting app,880,68.47,LOW,commercial,30,sugg
best sport betting app,B betting app,880,76.8,MEDIUM,commercial,51,sugg
soccer betting app,B betting app,880,68.47,LOW,commercial,20,sugg
app for football betting,B betting app,880,68.47,LOW,commercial,30,sugg
betting sites free bets,C offers/free bets,880,44.03,MEDIUM,commercial,69,sugg
best betting sports sites,E sport-specific,880,82.09,MEDIUM,commercial,26,sugg
free bets betting sites,C offers/free bets,880,44.03,MEDIUM,commercial,69,sugg
best sites for betting on sports,E sport-specific,880,82.09,MEDIUM,commercial,26,sugg
free bet betting sites,C offers/free bets,880,44.03,MEDIUM,commercial,69,sugg
free betting sites,C offers/free bets,880,44.03,MEDIUM,commercial,76,sugg
best horse race betting sites,E sport-specific,880,61.44,LOW,commercial,42,sugg
betting sites offer,C offers/free bets,880,63.63,MEDIUM,commercial,36,sugg
betting sites offers,C offers/free bets,880,63.63,MEDIUM,commercial,55,comp:betgoodwin.co.uk|sugg
best sport betting sites,E sport-specific,880,82.09,MEDIUM,commercial,26,sugg
sports betting sites best,E sport-specific,880,82.09,MEDIUM,commercial,26,sugg
best sporting betting sites,E sport-specific,880,82.09,MEDIUM,commercial,26,sugg
sport betting best sites,E sport-specific,880,82.09,MEDIUM,commercial,26,sugg
best betting sites horse racing,E sport-specific,880,61.44,LOW,commercial,42,sugg
best horse betting sites,E sport-specific,880,61.44,LOW,commercial,41,comp:betgoodwin.co.uk|sugg
best sports betting sites,E sport-specific,880,82.09,MEDIUM,commercial,26,sugg
best betting sites for horse racing,E sport-specific,880,61.44,LOW,commercial,42,sugg
sports betting best sites,E sport-specific,880,82.09,MEDIUM,commercial,26,sugg
online betting sites offers,C offers/free bets,880,63.63,MEDIUM,commercial,29,sugg
best betting sites for sports,E sport-specific,880,82.09,MEDIUM,commercial,26,sugg
betting site free bets,C offers/free bets,880,44.03,MEDIUM,commercial,69,sugg
how to use free bets on paddy power,competitor/brand,880,6.33,LOW,informational,0,sugg
how do i use free bets on paddy power,competitor/brand,880,6.33,LOW,informational,0,sugg
free bets on betfred,competitor/brand,880,15.32,MEDIUM,commercial,20,sugg
free bets websites,C offers/free bets,880,44.03,MEDIUM,commercial,77,sugg
free bets tips football,informational (exclude),880,0.96,LOW,commercial,45,sugg
how to use paddy power free bets,competitor/brand,880,6.33,LOW,informational,9,sugg
free bets with betfred,competitor/brand,880,15.32,MEDIUM,commercial,20,sugg
free bets betfred,competitor/brand,880,15.32,MEDIUM,commercial,20,sugg
betting website free bets,C offers/free bets,880,44.03,MEDIUM,commercial,72,sugg
betting websites with free bets,C offers/free bets,880,44.03,MEDIUM,commercial,72,sugg
betting websites free bets,C offers/free bets,880,44.03,MEDIUM,commercial,72,sugg
how to use free bets paddy power,competitor/brand,880,6.33,LOW,informational,9,sugg
free football bets tips,informational (exclude),880,0.96,LOW,commercial,45,sugg
football bets tips free,informational (exclude),880,0.96,LOW,commercial,45,sugg
coral betting football,competitor/brand,880,3.82,LOW,commercial,24,sugg
betting nfl football,E sport-specific,880,18.47,LOW,commercial,35,sugg
corals football betting,competitor/brand,880,3.82,LOW,commercial,24,sugg
in-play betting football,E sport-specific,880,34.27,LOW,commercial,4,sugg
in play football betting,E sport-specific,880,34.27,LOW,commercial,0,sugg
betting on nfl football,E sport-specific,880,18.47,LOW,commercial,35,sugg
football betting free tips,informational (exclude),880,0.96,LOW,commercial,45,sugg
football in play betting,E sport-specific,880,34.27,LOW,commercial,17,sugg
betting free tips football,informational (exclude),880,0.96,LOW,commercial,45,sugg
football betting in play,E sport-specific,880,34.27,LOW,commercial,16,sugg
apps for football betting,B betting app,880,68.47,LOW,commercial,30,sugg
free betting football tips,informational (exclude),880,0.96,LOW,commercial,45,sugg
football betting tips free,informational (exclude),880,0.96,LOW,commercial,45,sugg
football betting tips nfl,informational (exclude),880,,LOW,commercial,26,sugg
tonights football betting,E sport-specific,880,28.14,LOW,informational,65,sugg
betting for tonight's football,E sport-specific,880,28.14,LOW,transactional,49,sugg
football betting nfl,E sport-specific,880,18.47,LOW,commercial,35,sugg
nfl football betting tips,informational (exclude),880,,LOW,commercial,28,sugg
free betting tips for football,informational (exclude),880,0.96,LOW,informational,45,sugg
in-play football betting,E sport-specific,880,34.27,LOW,commercial,0,sugg
football betting apps,B betting app,880,68.47,LOW,commercial,30,sugg
betting in play football,E sport-specific,880,34.27,LOW,commercial,23,sugg
betting tips free football,informational (exclude),880,0.96,LOW,commercial,45,sugg
in play betting football,E sport-specific,880,34.27,LOW,informational,1,sugg
free tips football betting,informational (exclude),880,0.96,LOW,commercial,45,sugg
tonight's football betting,E sport-specific,880,28.14,LOW,informational,65,sugg
football in-play betting,E sport-specific,880,34.27,LOW,commercial,13,sugg
free tips for betting football,informational (exclude),880,0.96,LOW,informational,45,sugg
football betting reddit,E sport-specific,880,16.33,LOW,commercial,22,sugg
free football betting tips,informational (exclude),880,0.96,LOW,commercial,45,sugg
football betting in-play,E sport-specific,880,34.27,LOW,commercial,10,sugg
nfl football betting,E sport-specific,880,18.47,LOW,commercial,35,sugg
betting football apps,B betting app,880,68.47,LOW,commercial,30,sugg
betting apps football,B betting app,880,68.47,LOW,commercial,30,sugg
coral football betting,competitor/brand,880,3.82,LOW,commercial,38,sugg
betting on tonight's football,E sport-specific,880,28.14,LOW,transactional,62,sugg
football betting tonight,E sport-specific,880,28.14,LOW,informational,55,sugg
football free betting tips,informational (exclude),880,0.96,LOW,commercial,45,sugg
coral: football betting,competitor/brand,880,3.82,LOW,commercial,24,sugg
betting apps for football,B betting app,880,68.47,LOW,commercial,30,sugg
football betting coral,competitor/brand,880,3.82,LOW,commercial,24,sugg
free betting tips football,informational (exclude),880,0.96,LOW,commercial,45,sugg
football betting for tonight,E sport-specific,880,28.14,LOW,commercial,62,sugg
inplay football betting,E sport-specific,880,34.27,LOW,commercial,0,sugg
betting on football tonight,E sport-specific,880,28.14,LOW,transactional,45,sugg
betting tips football free,informational (exclude),880,0.96,LOW,commercial,45,sugg
reddit football betting,E sport-specific,880,16.33,LOW,commercial,11,sugg
free tips for football betting,informational (exclude),880,0.96,LOW,informational,45,sugg
2 lucky stars and 1 number euromillions,G other,880,,LOW,informational,6,comp:bet442.co.uk
2 numbers on lotto do i win anything,casino (exclude),880,0.6899999976158142,LOW,informational,0,comp:bet442.co.uk
4 numbers in lotto,casino (exclude),880,6.340000152587891,LOW,informational,21,comp:bet442.co.uk
4 numbers on lottery,casino (exclude),880,,LOW,informational,30,comp:bet442.co.uk
4 numbers on lotto,casino (exclude),880,6.340000152587891,LOW,informational,8,comp:bet442.co.uk
442 quiz,G other,880,,LOW,informational,18,comp:bet442.co.uk
bonus ball numbers saturday,C offers/free bets,880,0.019999999552965164,LOW,informational,15,comp:bet442.co.uk
cut off time for lottery,casino (exclude),880,,LOW,informational,0,comp:bet442.co.uk
define oche,G other,880,7.720000267028809,LOW,informational,0,comp:bet442.co.uk
difficult football questions,E sport-specific,880,1.3600000143051147,LOW,informational,1,comp:bet442.co.uk
does 2 numbers on the lotto win anything,casino (exclude),880,1.1800000667572021,LOW,informational,2,comp:bet442.co.uk
euro lottery 2 numbers and 1 lucky star,casino (exclude),880,,LOW,informational,6,comp:bet442.co.uk
euro millions one number and one lucky star,G other,880,,LOW,informational,0,comp:bet442.co.uk
euromillions 1 number and 1 lucky star,G other,880,,LOW,informational,0,comp:bet442.co.uk
euromillions 2 lucky stars and 1 number,G other,880,,LOW,informational,6,comp:bet442.co.uk
euromillions 2 numbers and 1 lucky star,G other,880,,LOW,informational,7,comp:bet442.co.uk
euromillions millionaire maker results,informational (exclude),880,0.30000001192092896,LOW,informational,13,comp:bet442.co.uk
euromillions one number and one lucky star,G other,880,,LOW,informational,3,comp:bet442.co.uk
euromillions results uk millionaire maker,informational (exclude),880,0.30000001192092896,LOW,informational,3,comp:bet442.co.uk
euromillions two numbers and one lucky star,G other,880,,LOW,informational,5,comp:bet442.co.uk
football questions hard,E sport-specific,880,2.490000009536743,LOW,informational,4,comp:bet442.co.uk
grand national prize money,G other,880,,LOW,informational,1,comp:bet442.co.uk
hardest football questions,E sport-specific,880,2.490000009536743,LOW,informational,6,comp:bet442.co.uk
how long is halftime nfl,E sport-specific,880,,LOW,informational,0,comp:bet442.co.uk
how long is nfl halftime,E sport-specific,880,,LOW,informational,0,comp:bet442.co.uk
how long is rugby game,E sport-specific,880,,LOW,informational,7,comp:bet442.co.uk
how long nfl halftime,E sport-specific,880,,LOW,informational,0,comp:bet442.co.uk
how many balls in an over,G other,880,,LOW,informational,0,comp:bet442.co.uk
how many balls in one over,G other,880,,LOW,informational,0,comp:bet442.co.uk
how many minutes in a rugby match,E sport-specific,880,,LOW,informational,0,comp:bet442.co.uk
how many minutes is a rugby match,E sport-specific,880,,LOW,informational,6,comp:bet442.co.uk
how many minutes rugby match,E sport-specific,880,,LOW,informational,8,comp:bet442.co.uk
how many subs in premier league,E sport-specific,880,,LOW,informational,14,comp:bet442.co.uk
how many yards in a furlong,G other,880,,LOW,informational,2,comp:bet442.co.uk
how much do jockeys get paid,G other,880,,LOW,informational,0,comp:bet442.co.uk
lottery cut off time,casino (exclude),880,,LOW,informational,0,comp:bet442.co.uk
lottery cut-off time,casino (exclude),880,,LOW,informational,0,comp:bet442.co.uk
lottery tickets cut off time,casino (exclude),880,,LOW,informational,0,comp:bet442.co.uk
lotto cut off time,casino (exclude),880,,LOW,informational,9,comp:bet442.co.uk
lotto scan,casino (exclude),880,0.5199999809265137,LOW,informational,0,comp:bet442.co.uk
national lottery instant win games,casino (exclude),880,3.140000104904175,MEDIUM,informational,0,comp:bet442.co.uk
national lottery scan,casino (exclude),880,0.46000000834465027,LOW,informational,10,comp:bet442.co.uk
national lottery scanner,casino (exclude),880,0.5,LOW,informational,22,comp:bet442.co.uk
oche meaning,informational (exclude),880,7.720000267028809,LOW,informational,0,comp:bet442.co.uk
omaze uk free entry,G other,880,2.0199999809265137,LOW,navigational,0,comp:bet442.co.uk
postcode lottery odds,casino (exclude),880,0.8299999833106995,LOW,informational,0,comp:bet442.co.uk
prize money for grand national,G other,880,,LOW,informational,5,comp:bet442.co.uk
prize money grand national,G other,880,,LOW,informational,0,comp:bet442.co.uk
rock vegas,G other,880,,LOW,informational,34,comp:bet442.co.uk
scan lotto,casino (exclude),880,0.5199999809265137,LOW,informational,0,comp:bet442.co.uk
scan national lottery,casino (exclude),880,0.5,LOW,informational,7,comp:bet442.co.uk
scan with the national lottery,casino (exclude),880,0.46000000834465027,LOW,informational,9,comp:bet442.co.uk
set for life check my numbers,G other,880,,LOW,informational,0,comp:bet442.co.uk
tackles meaning,informational (exclude),880,,LOW,informational,26,comp:bet442.co.uk
uk millionaire maker code results,informational (exclude),880,0.2800000011920929,LOW,informational,6,comp:bet442.co.uk
uk millionaire maker code tonight results tuesday time,informational (exclude),880,,LOW,transactional,6,comp:bet442.co.uk
what are overs in cricket,E sport-specific,880,,LOW,informational,5,comp:bet442.co.uk
what is a filly,informational (exclude),880,,LOW,informational,2,comp:bet442.co.uk
what is a filly horse,informational (exclude),880,,LOW,informational,1,comp:bet442.co.uk
what is an each way bet,informational (exclude),880,,LOW,informational,2,comp:bet442.co.uk
what is an over in cricket,informational (exclude),880,,LOW,informational,0,comp:bet442.co.uk
what is each-way bet,informational (exclude),880,,LOW,informational,9,comp:bet442.co.uk
what is ew betting,informational (exclude),880,,LOW,informational,10,comp:bet442.co.uk
who invented hockey,G other,880,,LOW,informational,17,comp:bet442.co.uk
best betting website for horse racing,E sport-specific,880,71.55000305175781,MEDIUM,commercial,41,comp:betgoodwin.co.uk
best horse betting site,E sport-specific,880,61.439998626708984,LOW,commercial,43,comp:betgoodwin.co.uk
best sports betting websites,E sport-specific,880,79.06999969482422,MEDIUM,commercial,73,comp:betgoodwin.co.uk
best website for horse betting,E sport-specific,880,61.439998626708984,LOW,commercial,41,comp:betgoodwin.co.uk
betting casino online,casino (exclude),880,69.05999755859375,LOW,commercial,87,comp:betgoodwin.co.uk
casino gambling games online,casino (exclude),880,60.15999984741211,LOW,commercial,55,comp:betgoodwin.co.uk
casino online gambling,casino (exclude),880,60.15999984741211,LOW,commercial,56,comp:betgoodwin.co.uk
horse racing prices,E sport-specific,880,4,LOW,informational,73,comp:betgoodwin.co.uk
latest horse betting,E sport-specific,880,,LOW,informational,55,comp:betgoodwin.co.uk
new online casinos uk,casino (exclude),880,39.790000915527344,LOW,commercial,67,comp:betgoodwin.co.uk
online casino london,casino (exclude),880,11.109999656677246,LOW,commercial,38,comp:betgoodwin.co.uk
play online blackjack,casino (exclude),880,89.33999633789062,LOW,transactional,45,comp:betgoodwin.co.uk
roulette game play online,casino (exclude),880,74.61000061035156,LOW,informational,44,comp:betgoodwin.co.uk
slot promo,casino (exclude),880,85.52999877929688,MEDIUM,commercial,18,comp:betgoodwin.co.uk
uk casinos online,casino (exclude),880,69.44000244140625,MEDIUM,commercial,77,comp:betgoodwin.co.uk
lightning roulette,casino (exclude),880,108.0199966430664,LOW,informational,1,comp:midnite.com
midnight games,G other,880,7.619999885559082,LOW,informational,23,comp:midnite.com
midnite bookmakers,competitor/brand,880,4.039999961853027,MEDIUM,commercial,2,comp:midnite.com
midnite gambling,competitor/brand,880,5.960000038146973,MEDIUM,informational,8,comp:midnite.com
midnite gaming,competitor/brand,880,4.929999828338623,MEDIUM,informational,7,comp:midnite.com
midnite sign up offer,competitor/brand,880,32.33000183105469,MEDIUM,commercial,0,comp:midnite.com
next club odds,G other,880,1.059999942779541,LOW,commercial,5,comp:midnite.com
player transfer odds,G other,880,3.509999990463257,LOW,informational,5,comp:midnite.com
free spins sign up offers,casino (exclude),720,40.97,MEDIUM,commercial,40,ideas
mobile casino uk,casino (exclude),720,28.04,LOW,commercial,47,ideas
odds of royal flush,G other,720,,LOW,informational,0,ideas
pinnacle betting,G other,720,12.94,LOW,commercial,15,ideas
1 minimum deposit casino,casino (exclude),720,11.33,LOW,transactional,0,ideas
sports betting free bonus no deposit,bonus-hunter/offshore (exclude),720,14.25,LOW,commercial,37,ideas
mahjong 247 free,G other,720,,LOW,informational,42,ideas
top uk slots,casino (exclude),720,75.9,MEDIUM,informational,45,ideas
30 bet login,G other,720,13.05,LOW,navigational,0,ideas
uk casino 10 free no deposit,casino (exclude),720,5.81,LOW,transactional,17,ideas
uk lottery news latest unclaimed,casino (exclude),720,2.48,LOW,informational,10,ideas
free bingo no deposit required win real money,casino (exclude),720,7.47,MEDIUM,transactional,11,ideas
50 free spins,casino (exclude),720,10.82,MEDIUM,informational,0,ideas
irish lotto twitter today 3 draws,casino (exclude),720,,LOW,informational,8,ideas
best payout online casino uk,casino (exclude),720,69.51,LOW,commercial,12,ideas
betting sign up bonuses,C offers/free bets,720,61.83,LOW,commercial,77,ideas
free bet sportsbook no deposit,bonus-hunter/offshore (exclude),720,14.25,LOW,transactional,36,comp:midnite.com|ideas
betway sign up offer,competitor/brand,720,23.74,LOW,transactional,3,ideas
paddy power live casino,competitor/brand,720,13.09,LOW,commercial,20,ideas
betting joining bonus,C offers/free bets,720,61.83,LOW,commercial,51,ideas
youtube lotto live,casino (exclude),720,15.23,LOW,informational,17,ideas
10 free no deposit casino uk,casino (exclude),720,5.81,LOW,transactional,26,ideas
bet365 uk app,competitor/brand,720,6.1,LOW,transactional,19,ideas
best online casino sites europe,casino (exclude),720,21.6,LOW,commercial,15,ideas
top betting sites uk,F generic betting/sites,720,75.34,MEDIUM,commercial,55,ideas|sugg
best poker sites,casino (exclude),720,37.38,MEDIUM,commercial,15,ideas
lotto results history uk yesterday,casino (exclude),720,0.06,LOW,informational,14,ideas
monopoly go free dice codes,G other,720,0.71,LOW,informational,19,ideas
golden lion betting,G other,720,7.26,LOW,commercial,0,ideas
mobile casinos uk,casino (exclude),720,28.04,LOW,commercial,34,ideas
how to win the lottery uk,casino (exclude),720,4.11,LOW,informational,22,ideas
free no deposit sports bets,bonus-hunter/offshore (exclude),720,14.25,LOW,commercial,15,ideas|sugg
royal flush odds,G other,720,,LOW,informational,0,ideas
amazon slots app,casino (exclude),720,13.3,MEDIUM,transactional,7,ideas
sign up bonus betting,C offers/free bets,720,61.83,LOW,transactional,47,ideas
unibet sign up offer,competitor/brand,720,16.91,MEDIUM,transactional,11,ideas
haktuts free spins link,casino (exclude),720,4.8,LOW,commercial,4,ideas
football career simulator,E sport-specific,720,1.7,LOW,transactional,5,ideas
national lottery live youtube,casino (exclude),720,4.2,LOW,informational,18,ideas
william hill casino log in,competitor/brand,720,9.24,LOW,navigational,81,ideas
monopoly uk,G other,720,0.16,HIGH,informational,1,ideas
mobile uk casino,casino (exclude),720,28.04,LOW,commercial,6,ideas
slot app,casino (exclude),720,87.98,MEDIUM,transactional,29,ideas
free to play solitaire,G other,720,0.23,LOW,informational,74,ideas
1 deposit casino uk,casino (exclude),720,8.75,LOW,transactional,0,ideas
football games fifa,E sport-specific,720,1.51,LOW,informational,33,ideas
uk casino not on gamstop,casino (exclude),720,,LOW,commercial,45,ideas
free spins gambling,casino (exclude),720,51.14,LOW,commercial,32,ideas
lottoland uk casino & lottery,casino (exclude),720,4.14,MEDIUM,navigational,0,ideas
betting predictions today,informational (exclude),720,4.59,LOW,commercial,75,ideas
bet account,G other,720,96.29,LOW,transactional,49,comp:betgoodwin.co.uk|ideas
jackpot bet,G other,720,16.91,LOW,commercial,0,ideas
free spins no deposit bonus,casino (exclude),720,10.53,LOW,commercial,17,ideas
live casino games,casino (exclude),720,86.53,LOW,commercial,41,ideas
no deposit free sports bets,bonus-hunter/offshore (exclude),720,14.25,LOW,commercial,36,comp:midnite.com|ideas|sugg
free bets no deposit sports,bonus-hunter/offshore (exclude),720,14.25,LOW,commercial,16,ideas|sugg
national lottery results live,casino (exclude),720,1.01,LOW,informational,29,ideas
free bets new customers,C offers/free bets,720,53.98,MEDIUM,commercial,20,ideas|sugg
uk lottery app,casino (exclude),720,1.43,LOW,informational,15,ideas
replica football kits junior,E sport-specific,720,0.93,HIGH,transactional,2,ideas
online slots real money uk,casino (exclude),720,64.31,LOW,commercial,62,ideas
national lottery results checker uk,casino (exclude),720,0.05,LOW,informational,28,ideas
uk betting forum,F generic betting/sites,720,,LOW,commercial,0,ideas
casino mobile uk,casino (exclude),720,28.04,LOW,commercial,39,ideas
free slot tournaments,casino (exclude),720,6.73,LOW,informational,0,ideas
lottoland uk: casino & lottery,casino (exclude),720,4.14,MEDIUM,commercial,8,ideas
slot apps,casino (exclude),720,87.98,MEDIUM,commercial,48,ideas
coral betting uk,competitor/brand,720,2.82,LOW,commercial,36,ideas
patent betting,G other,720,3.92,LOW,commercial,0,ideas
sky vegas 50 free spins,competitor/brand,720,6.07,LOW,commercial,0,ideas
live fpl price,G other,720,,LOW,informational,13,ideas
world cup predictor free,G other,720,1.51,LOW,informational,0,ideas
fantasy football app,B betting app,720,1.07,LOW,transactional,48,ideas
bet 10 get,G other,720,37.01,MEDIUM,informational,36,ideas
free spins promo,casino (exclude),720,40.25,MEDIUM,commercial,10,ideas
win cash online,G other,720,46.53,MEDIUM,transactional,28,ideas
best bookie sign up offers,C offers/free bets,720,48.51,MEDIUM,commercial,47,ideas
how to get free spins in coin master,casino (exclude),720,1.66,LOW,informational,12,ideas
play roulette for free,casino (exclude),720,8.66,LOW,informational,15,ideas
best odds lottery,casino (exclude),720,11.72,MEDIUM,informational,0,ideas
no deposit free bet sports,bonus-hunter/offshore (exclude),720,14.25,LOW,commercial,36,comp:midnite.com|ideas
william hill irish lottery,competitor/brand,720,9.04,LOW,informational,0,ideas
ready reckoner betting,G other,720,2.26,LOW,commercial,26,ideas
sports betting free bet no deposit,bonus-hunter/offshore (exclude),720,14.25,LOW,commercial,17,ideas
free bingo no deposit win real money,casino (exclude),720,7.47,MEDIUM,transactional,25,ideas
betting sign up bonus,C offers/free bets,720,61.83,LOW,commercial,41,ideas
home uk lottery,casino (exclude),720,0.35,LOW,informational,48,ideas
online casino slots uk,casino (exclude),720,54.34,LOW,commercial,52,ideas
coin tales free spins,casino (exclude),720,,LOW,commercial,0,ideas
best gambling site offers,C offers/free bets,720,64.38,MEDIUM,commercial,41,ideas
free bet bookies,C offers/free bets,720,42.71,LOW,commercial,72,comp:midnite.com|ideas
lotto jackpot today,casino (exclude),720,0.43,LOW,informational,48,ideas
spincasino uk,casino (exclude),720,17.21,LOW,commercial,11,ideas
best lottery to play uk,casino (exclude),720,7.75,MEDIUM,informational,6,ideas
uk casino mobile,casino (exclude),720,28.04,LOW,commercial,41,ideas
free coins,G other,720,2.71,LOW,informational,0,ideas
lucky charms uk,G other,720,0.26,HIGH,transactional,0,ideas
bet predictions today,informational (exclude),720,4.59,LOW,commercial,68,ideas
nufc latest news 24 7 today,informational (exclude),720,,LOW,informational,69,ideas
qustodio app,B betting app,720,1.62,MEDIUM,navigational,21,ideas
bet accounts,G other,720,96.29,LOW,commercial,51,ideas
top slots,casino (exclude),720,64.55,MEDIUM,informational,33,ideas
people's postcode lottery app,casino (exclude),720,0.2,LOW,navigational,26,ideas
free spins promotions,casino (exclude),720,40.25,MEDIUM,commercial,15,ideas
you bet game show,G other,720,,LOW,informational,5,ideas
snooker betting odds,E sport-specific,720,12.13,LOW,commercial,18,ideas
free sports bets,E sport-specific,720,35.96,LOW,commercial,46,ideas|sugg
free online roulette,casino (exclude),720,7.07,LOW,informational,4,ideas
deposit 1 casino uk,casino (exclude),720,8.75,LOW,transactional,0,ideas
deposit £1 casino uk,casino (exclude),720,8.75,LOW,transactional,0,ideas
casino.no deposit,casino (exclude),720,8.06,MEDIUM,transactional,36,ideas
online betting apps,B betting app,720,79.2,LOW,commercial,63,ideas
free £10 no deposit casino uk,casino (exclude),720,5.81,LOW,commercial,5,ideas
health lottery results tonight live,casino (exclude),720,2.55,LOW,informational,0,ideas
betting app for cricket,B betting app,720,60.46,LOW,transactional,1,sugg
cricket betting app,B betting app,720,60.46,LOW,commercial,6,sugg
app for cricket betting,B betting app,720,60.46,LOW,transactional,2,sugg
online betting app,B betting app,720,79.2,LOW,commercial,56,sugg
betting cricket app,B betting app,720,60.46,LOW,transactional,4,sugg
betting app online,B betting app,720,79.2,LOW,commercial,83,sugg
new customer offers betting app,B betting app,720,56.72,LOW,commercial,47,sugg
betting online app,B betting app,720,79.2,LOW,commercial,56,sugg
best offers on betting sites,C offers/free bets,720,64.38,MEDIUM,commercial,70,sugg
best offers for betting sites,C offers/free bets,720,64.38,MEDIUM,commercial,70,sugg
best betting sites offers,C offers/free bets,720,64.38,MEDIUM,commercial,60,sugg
best offers from betting sites,C offers/free bets,720,64.38,MEDIUM,commercial,70,sugg
best offers betting sites,C offers/free bets,720,64.38,MEDIUM,commercial,70,sugg
betting sites paypal,F generic betting/sites,720,40.73,LOW,commercial,0,sugg
betting sites best offers,C offers/free bets,720,64.38,MEDIUM,commercial,35,sugg
paypal betting sites,F generic betting/sites,720,40.73,LOW,commercial,0,sugg
betting uk sites,G other,720,66.08,MEDIUM,commercial,55,sugg
betting sites with paypal,F generic betting/sites,720,40.73,LOW,commercial,0,sugg
best offer betting sites,C offers/free bets,720,64.38,MEDIUM,commercial,70,sugg
new customers free bets,C offers/free bets,720,53.98,MEDIUM,commercial,41,sugg
free bets no deposit sport,bonus-hunter/offshore (exclude),720,14.25,LOW,commercial,40,sugg
free bets sports,C offers/free bets,720,35.96,LOW,commercial,72,sugg
bookies free bets,C offers/free bets,720,42.71,LOW,commercial,71,sugg
free bets bookmakers,C offers/free bets,720,42.71,LOW,commercial,70,sugg
bookmaker free bets,C offers/free bets,720,42.71,LOW,commercial,70,sugg
free sports bets no deposit,bonus-hunter/offshore (exclude),720,14.25,LOW,commercial,36,sugg
bookmakers free bets,C offers/free bets,720,42.71,LOW,commercial,70,sugg
free bookmakers bets,F generic betting/sites,720,42.71,LOW,commercial,70,sugg
bookmakers with free bets,C offers/free bets,720,42.71,LOW,commercial,70,sugg
sports free bets,C offers/free bets,720,35.96,LOW,commercial,72,sugg
sports bets for free,E sport-specific,720,35.96,LOW,commercial,72,sugg
new customer free bets,C offers/free bets,720,53.98,MEDIUM,commercial,41,sugg
free bets sports no deposit,bonus-hunter/offshore (exclude),720,14.25,LOW,commercial,14,comp:midnite.com|sugg
free bets with bookmakers,C offers/free bets,720,42.71,LOW,commercial,70,sugg
free bookmaker bets,F generic betting/sites,720,42.71,LOW,commercial,46,sugg
free bets with sky bet,competitor/brand,720,17.94,LOW,commercial,8,sugg
bookies offers free bets,C offers/free bets,720,42.71,LOW,commercial,69,sugg
free bets sport,C offers/free bets,720,35.96,LOW,commercial,72,sugg
free sport bets no deposit,bonus-hunter/offshore (exclude),720,14.25,LOW,commercial,15,sugg
bookies with free bets,C offers/free bets,720,42.71,LOW,commercial,71,sugg
free bets sportsbook,C offers/free bets,720,35.96,LOW,commercial,42,sugg
free sport bets,E sport-specific,720,35.96,LOW,commercial,72,sugg
free bets bookies,C offers/free bets,720,42.71,LOW,commercial,71,sugg
free bookies bets,F generic betting/sites,720,42.71,LOW,commercial,71,sugg
free bets no deposit sportsbook,bonus-hunter/offshore (exclude),720,14.25,LOW,commercial,39,sugg
sky bets free bets,competitor/brand,720,17.94,LOW,commercial,3,sugg
free bets sky bet,competitor/brand,720,17.94,LOW,commercial,16,sugg
free bets new customer,C offers/free bets,720,53.98,MEDIUM,commercial,41,sugg
free bets for new customers,C offers/free bets,720,53.98,MEDIUM,commercial,41,sugg
bet builder tips today,informational (exclude),720,4.54,LOW,commercial,5,sugg
football betting and predictions,informational (exclude),720,15.72,LOW,commercial,72,sugg
betting tips football premier league,informational (exclude),720,,LOW,commercial,42,sugg
best football betting,E sport-specific,720,45.8,LOW,commercial,42,sugg
football prediction betting,informational (exclude),720,15.72,LOW,commercial,78,sugg
predictions football betting,informational (exclude),720,15.72,LOW,commercial,78,sugg
football betting and prediction,informational (exclude),720,15.72,LOW,commercial,72,sugg
betting football prediction,informational (exclude),720,15.72,LOW,commercial,78,sugg
football betting ladbrokes,competitor/brand,720,7.1,LOW,commercial,34,sugg
prediction betting football,informational (exclude),720,15.72,LOW,commercial,78,sugg
betting football predictions,informational (exclude),720,15.72,LOW,commercial,78,sugg
football betting predictions,informational (exclude),720,15.72,LOW,commercial,59,sugg
epl football betting tips,informational (exclude),720,,LOW,informational,32,sugg
ladbrokes football betting,competitor/brand,720,7.1,LOW,commercial,28,sugg
betting predictions football,informational (exclude),720,15.72,LOW,commercial,78,sugg
premier league football betting tips,informational (exclude),720,,LOW,informational,26,sugg
football betting tips premier league,informational (exclude),720,,LOW,commercial,25,sugg
football betting tips english premier league,informational (exclude),720,,LOW,commercial,32,sugg
premiership football betting tips,informational (exclude),720,,LOW,commercial,34,sugg
football betting prediction,informational (exclude),720,15.72,LOW,commercial,78,sugg
football betting predictor,E sport-specific,720,15.72,LOW,commercial,75,sugg
football betting forecast,E sport-specific,720,15.72,LOW,commercial,70,sugg
prediction football betting,informational (exclude),720,15.72,LOW,commercial,78,sugg
football predictions for betting,informational (exclude),720,15.72,LOW,commercial,78,sugg
football accumulator tips today,informational (exclude),720,3.66,LOW,informational,9,sugg
ava's accumulator,D acca/bet builder,720,,LOW,navigational,0,sugg
2 lucky stars on euromillions,G other,720,,LOW,informational,2,comp:bet442.co.uk
best football bets,E sport-specific,720,58.45000076293945,LOW,commercial,55,comp:betgoodwin.co.uk
best online casino slots,casino (exclude),720,97.8499984741211,MEDIUM,commercial,37,comp:betgoodwin.co.uk
betting account,G other,720,96.29000091552734,LOW,commercial,59,comp:betgoodwin.co.uk
casino games for real cash,casino (exclude),720,59.18000030517578,MEDIUM,transactional,71,comp:betgoodwin.co.uk
casino games real cash,casino (exclude),720,59.18000030517578,MEDIUM,transactional,71,comp:betgoodwin.co.uk
free bet no deposit sports,bonus-hunter/offshore (exclude),720,14.25,LOW,commercial,14,comp:midnite.com
free sports bet no deposit required,bonus-hunter/offshore (exclude),720,7.889999866485596,LOW,commercial,12,comp:midnite.com
midnight spins,casino (exclude),720,10.640000343322754,MEDIUM,informational,0,comp:midnite.com
midnite welcome offer,competitor/brand,720,28.600000381469727,MEDIUM,informational,0,comp:midnite.com
no deposit free bet sportsbook,bonus-hunter/offshore (exclude),720,14.25,LOW,commercial,12,comp:midnite.com
time slots,casino (exclude),720,1.9500000476837158,LOW,informational,0,comp:midnite.com
transfer specials,G other,720,5.849999904632568,LOW,commercial,0,comp:midnite.com
ladbrokes betting app,competitor/brand,590,9.15,LOW,transactional,12,sugg
horse betting app,B betting app,590,72.12,LOW,transactional,17,sugg
best horse racing betting app,B betting app,590,74.28,LOW,commercial,27,sugg
horse racing betting app,B betting app,590,72.12,LOW,commercial,15,sugg
new betting app,B betting app,590,67.15,LOW,commercial,34,sugg
william hill betting app,competitor/brand,590,16.25,LOW,transactional,5,sugg
best horse race betting app,B betting app,590,74.28,LOW,commercial,27,sugg
best betting app for horse racing,B betting app,590,74.28,LOW,commercial,41,sugg
midnite betting app,competitor/brand,590,7.67,MEDIUM,transactional,5,comp:midnite.com|sugg
horse race betting app,B betting app,590,72.12,LOW,transactional,5,sugg
best uk sports betting sites,E sport-specific,590,79.15,MEDIUM,commercial,65,sugg
uk football betting sites,E sport-specific,590,72.14,LOW,commercial,44,sugg
best sports betting sites uk,E sport-specific,590,79.15,MEDIUM,commercial,51,sugg
top 100 betting sites uk,F generic betting/sites,590,31.98,LOW,commercial,55,sugg
fastest withdrawal betting sites,F generic betting/sites,590,46.6,LOW,commercial,0,sugg
betting sites esports,E sport-specific,590,44.59,LOW,commercial,44,sugg
betting sites with slots,casino (exclude),590,66.31,MEDIUM,commercial,55,sugg
offers betting sites,C offers/free bets,590,62.91,MEDIUM,commercial,55,sugg
offers on betting sites,C offers/free bets,590,62.91,MEDIUM,commercial,55,sugg
slot betting sites,casino (exclude),590,66.31,MEDIUM,commercial,55,sugg
football betting sites in uk,E sport-specific,590,72.14,LOW,commercial,85,sugg
esports betting sites,E sport-specific,590,44.59,LOW,commercial,12,sugg
betting sites slots,casino (exclude),590,66.31,MEDIUM,commercial,55,sugg
uk betting sites top 100,F generic betting/sites,590,31.98,LOW,commercial,55,sugg
betting sites with offers,C offers/free bets,590,62.91,MEDIUM,commercial,55,sugg
football betting sites uk,E sport-specific,590,72.14,LOW,commercial,69,sugg
top 100 uk betting sites,F generic betting/sites,590,31.98,LOW,commercial,55,sugg
slots betting sites,casino (exclude),590,66.31,MEDIUM,commercial,55,sugg
esport betting sites,E sport-specific,590,44.59,LOW,commercial,44,sugg
fast withdrawal betting sites,F generic betting/sites,590,46.6,LOW,commercial,0,sugg
betting slots sites,casino (exclude),590,66.31,MEDIUM,commercial,55,sugg
today free bets,C offers/free bets,590,24.82,MEDIUM,commercial,74,sugg
coral free bets,competitor/brand,590,14.64,MEDIUM,commercial,22,sugg
free bets for horse racing,C offers/free bets,590,40.36,LOW,informational,44,sugg
free bets no deposit uk,bonus-hunter/offshore (exclude),590,15.01,MEDIUM,commercial,34,sugg
free bets oddschecker,C offers/free bets,590,23.17,LOW,commercial,62,sugg
free bets on ladbrokes,competitor/brand,590,14.91,MEDIUM,commercial,14,sugg
free bets for today,C offers/free bets,590,24.82,MEDIUM,commercial,96,sugg
free bets ladbrokes,competitor/brand,590,14.91,MEDIUM,commercial,14,sugg
free bets today,C offers/free bets,590,24.82,MEDIUM,commercial,74,sugg
horse racing free bets,C offers/free bets,590,40.36,LOW,commercial,44,sugg
oddschecker free bets,C offers/free bets,590,23.17,LOW,commercial,33,sugg
free bets on horse racing,C offers/free bets,590,40.36,LOW,informational,44,sugg
today's free bets,C offers/free bets,590,24.82,MEDIUM,informational,74,sugg
ladbrokes free bets,competitor/brand,590,14.91,MEDIUM,commercial,10,sugg
free horse racing bets,E sport-specific,590,40.36,LOW,commercial,44,sugg
free bets horse racing,C offers/free bets,590,40.36,LOW,informational,44,sugg
free bets uk no deposit,bonus-hunter/offshore (exclude),590,15.01,MEDIUM,commercial,36,sugg
free bets with coral,competitor/brand,590,14.64,MEDIUM,commercial,16,sugg
free bets coral,competitor/brand,590,14.64,MEDIUM,commercial,16,sugg
what is a bet builder,informational (exclude),590,5.92,LOW,informational,0,comp:midnite.com|sugg
betting odds on football today,E sport-specific,590,2.59,LOW,commercial,62,sugg
football betting odds premiership,E sport-specific,590,2.77,LOW,commercial,47,sugg
football betting game,E sport-specific,590,50.36,LOW,commercial,62,sugg
betting odds today football,informational (exclude),590,2.59,LOW,commercial,62,sugg
uk football betting site,E sport-specific,590,72.14,LOW,commercial,85,sugg
betting in football games,E sport-specific,590,50.36,LOW,commercial,47,sugg
betting on football games,E sport-specific,590,50.36,LOW,commercial,52,sugg
betting odds football today,E sport-specific,590,2.59,LOW,commercial,62,sugg
betting for football games,E sport-specific,590,50.36,LOW,commercial,62,sugg
football betting odds premier league,E sport-specific,590,2.77,LOW,commercial,51,sugg
today football betting odds,E sport-specific,590,2.59,LOW,commercial,62,sugg
football game betting,E sport-specific,590,50.36,LOW,commercial,69,sugg
premiership football betting odds,E sport-specific,590,2.77,LOW,commercial,64,sugg
today's football betting odds,E sport-specific,590,2.59,LOW,informational,62,sugg
football betting tips champions league,informational (exclude),590,3.21,LOW,informational,16,sugg
football betting websites uk,E sport-specific,590,72.14,LOW,commercial,69,sugg
football betting odds today,informational (exclude),590,2.59,LOW,commercial,62,sugg
football betting odds for today,E sport-specific,590,2.59,LOW,commercial,62,sugg
football betting games,E sport-specific,590,50.36,LOW,commercial,62,sugg
football games betting,E sport-specific,590,50.36,LOW,commercial,52,sugg
betting football games,E sport-specific,590,50.36,LOW,commercial,52,sugg
calculator betting accumulator,informational (exclude),590,3.53,LOW,informational,5,sugg
accumulator betting calculator,informational (exclude),590,3.53,LOW,informational,5,sugg
bet accumulator calculator,informational (exclude),590,3.53,LOW,informational,5,sugg
accumulator bets calculator,informational (exclude),590,3.53,LOW,informational,5,sugg
accumulator calculator bet,informational (exclude),590,3.53,LOW,informational,5,sugg
accumulator bet calculator,informational (exclude),590,3.53,LOW,informational,5,sugg
cdl picks,G other,590,,LOW,informational,3,comp:midnite.com
correct score tips,informational (exclude),590,2.430000066757202,LOW,informational,0,comp:midnite.com
double bubble uk,G other,590,1.8899999856948853,LOW,informational,0,comp:midnite.com
double double bingo,casino (exclude),590,2.180000066757202,LOW,informational,2,comp:midnite.com
goonies slots,casino (exclude),590,70.43000030517578,MEDIUM,transactional,0,comp:midnite.com
midnight wins casino,casino (exclude),590,8.920000076293945,MEDIUM,informational,44,comp:midnite.com
midnite app,competitor/brand,590,5.820000171661377,LOW,navigational,1,comp:midnite.com
midnite promo code,competitor/brand,590,11.6899995803833,MEDIUM,commercial,0,comp:midnite.com
midnite review,competitor/brand,590,12.720000267028809,LOW,informational,0,comp:midnite.com
midnite reviews,competitor/brand,590,12.720000267028809,LOW,informational,2,comp:midnite.com
monopoly online casino,casino (exclude),590,4.409999847412109,MEDIUM,transactional,8,comp:midnite.com
mr fixit soccer tips,informational (exclude),590,,LOW,informational,0,comp:midnite.com
over 2.5 goals meaning,informational (exclude),590,,LOW,informational,0,comp:midnite.com
secrets of the phoenix slot game,casino (exclude),590,38.63999938964844,LOW,informational,0,comp:midnite.com
what is draw no bet,informational (exclude),590,,LOW,informational,0,comp:midnite.com
betting app with free bet,B betting app,480,55.77,LOW,commercial,36,sugg
betting app offer,B betting app,480,78.43,MEDIUM,commercial,50,sugg
betting calculator app,informational (exclude),480,1.23,LOW,transactional,26,sugg
free betting app,B betting app,480,55.77,LOW,transactional,72,sugg
betting app offers,B betting app,480,78.43,MEDIUM,commercial,72,sugg
coral sports betting app,competitor/brand,480,5.84,LOW,commercial,29,sugg
cricket betting sites,E sport-specific,480,43.51,LOW,commercial,3,sugg
betting sites that allow paypal,F generic betting/sites,480,48.21,MEDIUM,commercial,0,sugg
online uk betting sites,F generic betting/sites,480,65.61,MEDIUM,commercial,72,sugg
best football betting sites uk,E sport-specific,480,77.33,LOW,commercial,43,sugg
online betting uk sites,F generic betting/sites,480,65.61,MEDIUM,commercial,72,sugg
crypto betting sites,F generic betting/sites,480,,LOW,commercial,18,sugg
online betting sites in uk,F generic betting/sites,480,65.61,MEDIUM,commercial,72,sugg
betting exchange sites,G other,480,20.14,MEDIUM,commercial,70,sugg
betting sites uk online,F generic betting/sites,480,65.61,MEDIUM,commercial,60,sugg
betting sites that take paypal,F generic betting/sites,480,48.21,MEDIUM,commercial,0,sugg
non uk betting sites,bonus-hunter/offshore (exclude),480,16.05,LOW,commercial,33,sugg
betting casino sites,casino (exclude),480,77.21,MEDIUM,commercial,73,sugg
best new betting sites,F generic betting/sites,480,71.05,MEDIUM,commercial,51,sugg
betting sites that accept paypal,F generic betting/sites,480,48.21,MEDIUM,commercial,2,sugg
betting sites accepting paypal,F generic betting/sites,480,48.21,MEDIUM,commercial,1,sugg
betting sites cricket,E sport-specific,480,43.51,LOW,commercial,3,sugg
cryptocurrency betting sites,F generic betting/sites,480,,LOW,commercial,51,sugg
betting sites online uk,F generic betting/sites,480,65.61,MEDIUM,commercial,72,sugg
betting sites using paypal,F generic betting/sites,480,48.21,MEDIUM,commercial,0,sugg
betting sites accept paypal,F generic betting/sites,480,48.21,MEDIUM,commercial,1,sugg
best uk football betting sites,E sport-specific,480,77.33,LOW,commercial,43,sugg
betting sites use paypal,F generic betting/sites,480,48.21,MEDIUM,commercial,0,sugg
betting sites for cricket,E sport-specific,480,43.51,LOW,commercial,6,sugg
betting sites casino,casino (exclude),480,77.21,MEDIUM,commercial,87,sugg
betting sites that use paypal,F generic betting/sites,480,48.21,MEDIUM,commercial,0,sugg
betting sites which accept paypal,F generic betting/sites,480,48.21,MEDIUM,commercial,19,sugg
best football betting sites in uk,E sport-specific,480,77.33,LOW,commercial,43,sugg
exchange betting sites,F generic betting/sites,480,20.14,MEDIUM,commercial,6,sugg
betting sites not on gamestop uk,F generic betting/sites,480,,LOW,commercial,6,sugg
best betting sites for football uk,E sport-specific,480,77.33,LOW,commercial,43,sugg
top 50 betting sites in the world,F generic betting/sites,480,27.37,MEDIUM,commercial,51,sugg
bet 10 get free bets,C offers/free bets,480,28.9,MEDIUM,commercial,15,sugg
betting apps with free bets,B betting app,480,55.77,LOW,commercial,72,sugg
free bets online,C offers/free bets,480,36.33,LOW,commercial,74,sugg
skybet free bets,competitor/brand,480,24.54,MEDIUM,commercial,4,sugg
free bets on betfair,competitor/brand,480,19.47,LOW,commercial,3,sugg
free bets bet365,competitor/brand,480,30.34,MEDIUM,commercial,18,sugg
betfair free bets,competitor/brand,480,19.47,LOW,commercial,3,sugg
bet £5 get free bets,C offers/free bets,480,24.06,MEDIUM,commercial,16,sugg
betting apps free bets,B betting app,480,55.77,LOW,commercial,30,sugg
online bets free,G other,480,36.33,LOW,commercial,45,sugg
bet £10 get free bets,C offers/free bets,480,28.9,MEDIUM,transactional,21,sugg
betmgm free bets,competitor/brand,480,17.04,LOW,commercial,24,sugg
sky bet free bets,competitor/brand,480,24.54,MEDIUM,commercial,8,sugg
free online bets,G other,480,36.33,LOW,commercial,96,sugg
free bets with bet365,competitor/brand,480,30.34,MEDIUM,commercial,18,sugg
free bets on bet365,competitor/brand,480,30.34,MEDIUM,commercial,18,sugg
free bets betfair,competitor/brand,480,19.47,LOW,commercial,3,sugg
online free bets,C offers/free bets,480,36.33,LOW,commercial,52,sugg
bet 5 get free bets,C offers/free bets,480,24.06,MEDIUM,commercial,36,sugg
free bets on skybet,competitor/brand,480,24.54,MEDIUM,commercial,38,sugg
football betting this weekend,E sport-specific,480,19.23,LOW,commercial,55,sugg
weekend football betting,E sport-specific,480,19.23,LOW,commercial,45,sugg
football betting calculator,informational (exclude),480,3.44,LOW,informational,45,sugg
football betting calculators,informational (exclude),480,3.44,LOW,informational,45,sugg
betting calculator for football,informational (exclude),480,3.44,LOW,informational,45,sugg
this week's acca football betting show,D acca/bet builder,480,,LOW,commercial,23,sugg
betting calculator football,informational (exclude),480,3.44,LOW,informational,45,sugg
football betting weekend,E sport-specific,480,19.23,LOW,commercial,45,sugg
football world cup betting,E sport-specific,480,18.49,LOW,commercial,33,sugg
world cup football betting,E sport-specific,480,18.49,LOW,commercial,34,sugg
accumulator hydraulic,D acca/bet builder,480,1.43,HIGH,transactional,0,sugg
accumulator tip today,D acca/bet builder,480,2.67,LOW,informational,11,sugg
betting calculator accumulator,informational (exclude),480,4,LOW,informational,5,sugg
accumulator tips for tonight,informational (exclude),480,2.67,LOW,informational,7,sugg
hydraulic pressure accumulator,D acca/bet builder,480,1.43,HIGH,transactional,1,sugg
bet calculator accumulator,informational (exclude),480,4,LOW,transactional,5,sugg
today's accumulator tips,informational (exclude),480,2.67,LOW,commercial,11,sugg
odds accumulator calculator,informational (exclude),480,4,LOW,informational,1,sugg
hydraulics accumulator,D acca/bet builder,480,1.43,HIGH,transactional,0,sugg
odds calculator accumulator,informational (exclude),480,4,LOW,informational,0,sugg
accumulator tips for today,informational (exclude),480,2.67,LOW,informational,11,sugg
accumulator odds calculator,informational (exclude),480,4,LOW,informational,0,sugg
accumulator in hydraulics,D acca/bet builder,480,1.43,HIGH,transactional,0,sugg
accumulator tanks,D acca/bet builder,480,1.28,HIGH,transactional,0,sugg
nickel-iron accumulator,D acca/bet builder,480,0.28,HIGH,transactional,0,sugg
hydraulic accumulator,D acca/bet builder,480,1.43,HIGH,transactional,0,sugg
accumulator today tips,informational (exclude),480,2.67,LOW,commercial,11,sugg
accumulator tips today,informational (exclude),480,2.67,LOW,informational,11,sugg
betting accumulator calculator,informational (exclude),480,4,LOW,informational,4,sugg
accumulator tank,D acca/bet builder,480,1.28,HIGH,transactional,0,sugg
casino 20/20,casino (exclude),480,13.5,MEDIUM,commercial,0,comp:midnite.com
fa cup finals 2023,G other,480,,LOW,informational,26,comp:midnite.com
football correct score prediction,informational (exclude),480,2.759999990463257,LOW,informational,6,comp:midnite.com
m betting,G other,480,16,LOW,commercial,34,comp:midnite.com
meaning of under 3.5 goals,informational (exclude),480,,LOW,informational,0,comp:midnite.com
midnite casino uk,competitor/brand,480,6.860000133514404,MEDIUM,informational,16,comp:midnite.com
midnite sports,competitor/brand,480,4.340000152587891,LOW,informational,2,comp:midnite.com
mgm betting app,B betting app,390,12.57,MEDIUM,commercial,73,sugg
new betting sites 2026,F generic betting/sites,390,50.46,MEDIUM,commercial,58,sugg
betting sites all,F generic betting/sites,390,5.53,MEDIUM,commercial,74,sugg
bonus betting sites,C offers/free bets,390,71.54,LOW,commercial,35,sugg
betting sites no deposit,bonus-hunter/offshore (exclude),390,15.69,LOW,commercial,28,sugg
betting sites in ireland,F generic betting/sites,390,26.02,LOW,commercial,27,sugg
betting sites bonus no deposit,bonus-hunter/offshore (exclude),390,15.69,LOW,commercial,36,sugg
betting sites in europe,F generic betting/sites,390,25.1,LOW,commercial,26,sugg
new sports betting sites uk,E sport-specific,390,45.11,MEDIUM,commercial,54,sugg
no deposit bonus betting sites,bonus-hunter/offshore (exclude),390,15.69,LOW,commercial,36,sugg
betting sites eu,F generic betting/sites,390,25.1,LOW,commercial,50,sugg
bonuses betting sites,C offers/free bets,390,71.54,LOW,commercial,40,sugg
betting sites bonus,C offers/free bets,390,71.54,LOW,commercial,73,sugg
all betting sites,F generic betting/sites,390,5.53,MEDIUM,commercial,57,sugg
betting sites no deposit bonus,bonus-hunter/offshore (exclude),390,15.69,LOW,commercial,36,sugg
betting sites europe,F generic betting/sites,390,25.1,LOW,commercial,26,sugg
betting sites ireland,F generic betting/sites,390,26.02,LOW,commercial,31,sugg
betting sites with no deposit bonus,bonus-hunter/offshore (exclude),390,15.69,LOW,commercial,36,sugg
new uk betting sites 2026,F generic betting/sites,390,46.07,MEDIUM,commercial,70,sugg
irish betting sites,F generic betting/sites,390,26.02,LOW,commercial,31,sugg
new online betting sites,F generic betting/sites,390,45.57,MEDIUM,commercial,74,sugg
betting sites bonuses,C offers/free bets,390,71.54,LOW,commercial,37,sugg
new uk sports betting sites,E sport-specific,390,43.74,LOW,commercial,54,sugg
ireland betting sites,F generic betting/sites,390,26.02,LOW,commercial,27,sugg
europe betting sites,F generic betting/sites,390,25.1,LOW,commercial,26,sugg
online betting sites new,F generic betting/sites,390,45.57,MEDIUM,commercial,63,sugg
uk sports betting sites new,E sport-specific,390,45.11,MEDIUM,commercial,54,sugg
new betting sites online,F generic betting/sites,390,45.57,MEDIUM,commercial,63,sugg
betting sites with bonus,C offers/free bets,390,71.54,LOW,commercial,70,sugg
betting sites with bonuses,C offers/free bets,390,71.54,LOW,commercial,34,sugg
rust betting sites,F generic betting/sites,390,6.99,LOW,commercial,5,sugg
sports betting sites new uk,E sport-specific,390,45.11,MEDIUM,commercial,54,sugg
betting bonus sites,C offers/free bets,390,71.54,LOW,commercial,40,sugg
eu betting sites,F generic betting/sites,390,25.1,LOW,commercial,26,sugg
european betting sites,F generic betting/sites,390,25.1,LOW,commercial,26,sugg
free bets promo,C offers/free bets,390,40.04,LOW,commercial,38,sugg
bet free bets,C offers/free bets,390,43.85,LOW,commercial,41,sugg
betting free bets,C offers/free bets,390,43.85,LOW,commercial,81,sugg
free bets promotion,C offers/free bets,390,40.04,LOW,commercial,72,sugg
bet365 free bets,competitor/brand,390,31.04,MEDIUM,commercial,29,sugg
free spin bets,G other,390,56.62,MEDIUM,commercial,10,sugg
bet-365 free bets,C offers/free bets,390,31.04,MEDIUM,commercial,29,sugg
free bets betting,C offers/free bets,390,43.85,LOW,commercial,39,sugg
free bets promotions,C offers/free bets,390,40.04,LOW,commercial,72,sugg
football betting transfers,E sport-specific,390,6.93,LOW,commercial,37,sugg
live football betting william hill,competitor/brand,390,5.12,LOW,commercial,26,sugg
betting football accumulator,D acca/bet builder,390,25.05,LOW,commercial,21,sugg
football transfer betting,E sport-specific,390,6.93,LOW,commercial,7,sugg
football betting tips for this weekend,informational (exclude),390,3.55,LOW,commercial,45,sugg
betting on football transfers,E sport-specific,390,6.93,LOW,commercial,37,sugg
football betting tips this weekend,informational (exclude),390,3.55,LOW,commercial,36,sugg
football betting tips weekend,informational (exclude),390,3.55,LOW,commercial,42,sugg
accumulator betting football,D acca/bet builder,390,25.05,LOW,commercial,13,sugg
weekly football betting tips,informational (exclude),390,3.55,LOW,commercial,45,sugg
betting tips for this weekend's football,informational (exclude),390,3.55,LOW,commercial,45,sugg
betting tips football this weekend,informational (exclude),390,3.55,LOW,commercial,45,sugg
betting tips for football this weekend,informational (exclude),390,3.55,LOW,commercial,45,sugg
transfer betting football,E sport-specific,390,6.93,LOW,commercial,37,sugg
football betting tips for weekend,informational (exclude),390,3.55,LOW,commercial,42,sugg
william hill live football betting,competitor/brand,390,5.12,LOW,commercial,0,sugg
betting football transfers,E sport-specific,390,6.93,LOW,commercial,37,sugg
football weekend betting tips,informational (exclude),390,3.55,LOW,commercial,42,sugg
betting on transfers football,E sport-specific,390,6.93,LOW,commercial,37,sugg
betting tips weekend football,informational (exclude),390,3.55,LOW,informational,42,sugg
live football betting,E sport-specific,390,23.57,LOW,commercial,9,sugg
weekend betting tips football,informational (exclude),390,3.55,LOW,commercial,45,sugg
betting tips for weekend football,informational (exclude),390,3.55,LOW,commercial,42,sugg
football accumulator betting,D acca/bet builder,390,25.05,LOW,commercial,21,sugg
football betting accumulator,D acca/bet builder,390,25.05,LOW,commercial,21,sugg
football betting tips for the weekend,informational (exclude),390,3.55,LOW,commercial,42,sugg
betting tips football weekend,informational (exclude),390,3.55,LOW,commercial,42,sugg
weekend football betting tips,informational (exclude),390,3.55,LOW,commercial,36,sugg
calculator profit accumulator,informational (exclude),390,,LOW,informational,10,sugg
accumulator bets football,D acca/bet builder,390,25.05,LOW,commercial,23,sugg
football accumulator calculator,informational (exclude),390,2.15,LOW,informational,5,sugg
what is hydraulic accumulator,informational (exclude),390,0.74,LOW,informational,0,sugg
bet accumulator football,D acca/bet builder,390,25.05,LOW,transactional,21,sugg
football accumulator bets,D acca/bet builder,390,25.05,LOW,commercial,22,sugg
accumulator bet football,D acca/bet builder,390,25.05,LOW,commercial,14,sugg
accumulator football bet,D acca/bet builder,390,25.05,LOW,commercial,13,sugg
what is accumulator in hydraulics,informational (exclude),390,0.74,LOW,informational,0,sugg
accumulator football calculator,informational (exclude),390,2.15,LOW,informational,5,sugg
profit accumulator calculator,informational (exclude),390,,LOW,informational,18,sugg
football accumulator bet,D acca/bet builder,390,25.05,LOW,commercial,23,sugg
accumulator football bets,D acca/bet builder,390,25.05,LOW,commercial,21,sugg
what is accumulator,informational (exclude),390,0.74,LOW,informational,3,sugg
ladbrokes accumulator insurance,competitor/brand,390,4.06,LOW,commercial,0,sugg
accumulator calculator football,informational (exclude),390,2.15,LOW,informational,5,sugg
what is the accumulator,informational (exclude),390,0.74,LOW,informational,3,sugg
football bet accumulator,D acca/bet builder,390,25.05,LOW,transactional,23,sugg
what is an accumulator,informational (exclude),390,0.74,LOW,informational,0,sugg
footy accumulator calculator,informational (exclude),390,2.15,LOW,informational,5,sugg
20 free spins,casino (exclude),390,8.989999771118164,LOW,commercial,0,comp:midnite.com
action bank safe cracker,G other,390,34.720001220703125,LOW,transactional,0,comp:midnite.com
correct score betting tips,informational (exclude),390,1.5499999523162842,LOW,commercial,0,comp:midnite.com
double bubble bingo login free,casino (exclude),390,0.029999999329447746,LOW,informational,0,comp:midnite.com
double bubble bingo sign in,casino (exclude),390,14.0600004196167,LOW,navigational,0,comp:midnite.com
free bet on sign up no deposit,bonus-hunter/offshore (exclude),390,18.559999465942383,LOW,transactional,16,comp:midnite.com
gambling promotions,C offers/free bets,390,89.93000030517578,MEDIUM,commercial,47,comp:midnite.com
midnite casino welcome offer,competitor/brand,390,14.039999961853027,MEDIUM,commercial,0,comp:midnite.com
next championship manager sacked odds,E sport-specific,390,,LOW,informational,13,comp:midnite.com
next championship manager to be sacked,E sport-specific,390,,LOW,informational,5,comp:midnite.com
what is best betting app,informational (exclude),320,44.53,MEDIUM,informational,29,sugg
top betting app,B betting app,320,80.53,MEDIUM,commercial,49,sugg
betting android app,B betting app,320,,LOW,transactional,22,sugg
coral betting login app,competitor/brand,320,2.56,LOW,navigational,14,sugg
betting app for android,B betting app,320,,LOW,transactional,31,sugg
what is the best betting app,informational (exclude),320,44.53,MEDIUM,informational,27,sugg
ladbrokes sports betting app,competitor/brand,320,14.26,LOW,transactional,12,sugg
betting app android,B betting app,320,,LOW,transactional,32,sugg
android betting app,B betting app,320,,LOW,transactional,31,sugg
paddy power betting app,competitor/brand,320,19.13,LOW,transactional,11,sugg
new betting sites 2025,F generic betting/sites,320,19.84,MEDIUM,commercial,70,sugg
betting sites not on gamstop uk,bonus-hunter/offshore (exclude),320,,LOW,commercial,42,sugg
football online betting sites,E sport-specific,320,60.31,LOW,commercial,42,sugg
online football betting sites,E sport-specific,320,60.31,LOW,commercial,51,sugg
football betting online sites,E sport-specific,320,60.31,LOW,commercial,67,sugg
brand new betting sites,F generic betting/sites,320,28.97,MEDIUM,commercial,73,sugg
online betting sites football,E sport-specific,320,60.31,LOW,commercial,68,sugg
counter strike betting sites,F generic betting/sites,320,13.87,LOW,commercial,60,sugg
paysafecard betting sites,F generic betting/sites,320,33.79,MEDIUM,commercial,0,sugg
all betting sites uk,F generic betting/sites,320,33.1,MEDIUM,commercial,67,sugg
online betting sites for football,E sport-specific,320,60.31,LOW,commercial,70,sugg
cs betting sites,F generic betting/sites,320,13.87,LOW,commercial,60,sugg
betting sites free bets no deposit,bonus-hunter/offshore (exclude),320,21.38,LOW,commercial,35,comp:midnite.com|sugg
betting sites with free bets no deposit,bonus-hunter/offshore (exclude),320,21.38,LOW,commercial,35,comp:midnite.com|sugg
best esports betting sites,E sport-specific,320,45.14,LOW,commercial,0,sugg
betting sites in usa,bonus-hunter/offshore (exclude),320,24.88,MEDIUM,commercial,65,sugg
free bet no deposit betting sites,bonus-hunter/offshore (exclude),320,21.38,LOW,commercial,3,comp:midnite.com|sugg
american betting sites,F generic betting/sites,320,24.88,MEDIUM,commercial,61,sugg
best betting sites for esports,E sport-specific,320,45.14,LOW,commercial,21,sugg
free betting sites no deposit,bonus-hunter/offshore (exclude),320,21.38,LOW,commercial,34,sugg
betting sites us,F generic betting/sites,320,24.88,MEDIUM,commercial,62,sugg
betting sites for usa,bonus-hunter/offshore (exclude),320,24.88,MEDIUM,commercial,65,sugg
betting sites paysafecard,F generic betting/sites,320,33.79,MEDIUM,commercial,0,sugg
betting sites with free bets without deposit,C offers/free bets,320,21.38,LOW,commercial,6,comp:midnite.com|sugg
all uk betting sites,F generic betting/sites,320,33.1,MEDIUM,commercial,56,sugg
how to block betting sites,informational (exclude),320,1.43,LOW,informational,60,sugg
betting sites with free bet no deposit,bonus-hunter/offshore (exclude),320,21.38,LOW,commercial,2,comp:midnite.com|sugg
free bets boylesports,competitor/brand,320,15,LOW,commercial,13,sugg
football free bets no deposit,bonus-hunter/offshore (exclude),320,15.07,LOW,commercial,22,sugg
best betting free bets,C offers/free bets,320,41.23,LOW,commercial,72,sugg
best free bets offers,C offers/free bets,320,41.23,LOW,commercial,40,sugg
best free bets offer,C offers/free bets,320,41.23,LOW,commercial,69,sugg
free bets betway,competitor/brand,320,41.38,LOW,commercial,0,sugg
free bets for signing up no deposit,bonus-hunter/offshore (exclude),320,17.73,LOW,commercial,36,sugg
betting websites with free bets no deposit,bonus-hunter/offshore (exclude),320,21.38,LOW,commercial,35,comp:midnite.com|sugg
free bets no deposit sign up,bonus-hunter/offshore (exclude),320,17.73,LOW,commercial,36,sugg
betting websites free bets no deposit,bonus-hunter/offshore (exclude),320,21.38,LOW,commercial,35,comp:midnite.com|sugg
free bets and bonuses,C offers/free bets,320,38.83,LOW,commercial,71,sugg
free bets football no deposit,bonus-hunter/offshore (exclude),320,15.07,LOW,commercial,35,sugg
free bets bonus,C offers/free bets,320,38.83,LOW,commercial,36,sugg
boylesports free bets,competitor/brand,320,15,LOW,commercial,12,sugg
free football bets without deposit,E sport-specific,320,15.07,LOW,commercial,35,sugg
free bets on sign up no deposit,bonus-hunter/offshore (exclude),320,17.73,LOW,transactional,36,sugg
free bets sign up no deposit,bonus-hunter/offshore (exclude),320,17.73,LOW,commercial,36,sugg
betway free bets,competitor/brand,320,41.38,LOW,commercial,0,sugg
free football bets no deposit,bonus-hunter/offshore (exclude),320,15.07,LOW,commercial,22,sugg
free bets no deposit football,bonus-hunter/offshore (exclude),320,15.07,LOW,commercial,22,sugg
free bonus bets,C offers/free bets,320,38.83,LOW,commercial,36,sugg
sign up free bets no deposit,bonus-hunter/offshore (exclude),320,17.73,LOW,transactional,36,sugg
football spread betting,E sport-specific,320,15.27,LOW,commercial,0,sugg
betting strategies football,E sport-specific,320,3.15,LOW,commercial,0,sugg
football betting tipster,informational (exclude),320,2.85,LOW,commercial,55,sugg
spread football betting,E sport-specific,320,15.27,LOW,commercial,4,sugg
football betting online website,E sport-specific,320,60.31,LOW,commercial,68,sugg
nfl football betting odds,E sport-specific,320,1.87,LOW,commercial,81,sugg
betting strategies for football,E sport-specific,320,3.15,LOW,commercial,0,sugg
betting on football spread,E sport-specific,320,15.27,LOW,commercial,4,sugg
betting the spread football,E sport-specific,320,15.27,LOW,commercial,4,sugg
betting strategy football,informational (exclude),320,3.15,LOW,commercial,0,sugg
accumulator tips football today,informational (exclude),320,,LOW,informational,9,sugg
sporting life football accumulator,D acca/bet builder,320,,LOW,transactional,50,sugg
football accumulator tips for the weekend,informational (exclude),320,,LOW,informational,22,sugg
what is an accumulator in betting,informational (exclude),320,,LOW,informational,6,sugg
accumulator computing,D acca/bet builder,320,,LOW,informational,0,sugg
football accumulator tips for this weekend,informational (exclude),320,,LOW,informational,22,sugg
today football accumulator tips,informational (exclude),320,,LOW,informational,9,sugg
football accumulator tips this weekend,informational (exclude),320,,LOW,informational,22,sugg
football accumulator tips for weekend,informational (exclude),320,,LOW,informational,22,sugg
football accumulator tips for today,informational (exclude),320,,LOW,informational,9,sugg
what is an accumulator bet,informational (exclude),320,,LOW,informational,1,sugg
weekend football accumulator tips,informational (exclude),320,,LOW,informational,23,sugg
accumulator cpu,D acca/bet builder,320,,LOW,transactional,0,sugg
what is accumulator betting,informational (exclude),320,,LOW,informational,0,sugg
orgone energy accumulator,D acca/bet builder,320,0.36,MEDIUM,transactional,13,sugg
football accumulator tips for tonight,informational (exclude),320,,LOW,informational,22,sugg
accumulator tips today football,informational (exclude),320,,LOW,informational,9,sugg
cpu accumulator,D acca/bet builder,320,,LOW,transactional,0,sugg
football accumulator tips tonight,informational (exclude),320,,LOW,informational,22,sugg
accumulator in cpu,D acca/bet builder,320,,LOW,transactional,0,sugg
accumulator football tips for today,informational (exclude),320,,LOW,informational,9,sugg
today football tips accumulator,informational (exclude),320,,LOW,informational,9,sugg
osrs ava's accumulator,D acca/bet builder,320,,LOW,navigational,0,sugg
football accumulator tips weekend,informational (exclude),320,,LOW,informational,23,sugg
what is accumulator bet,informational (exclude),320,,LOW,informational,13,sugg
accumulator in computer,D acca/bet builder,320,,LOW,informational,1,sugg
today's football accumulator tips,informational (exclude),320,,LOW,commercial,9,sugg
sporting life accumulator today,D acca/bet builder,320,,LOW,navigational,38,sugg
accumulator machine,D acca/bet builder,320,,LOW,transactional,0,sugg
orgone accumulator,D acca/bet builder,320,0.36,MEDIUM,transactional,21,sugg
ava accumulator osrs,D acca/bet builder,320,,LOW,informational,0,sugg
accumulator football tips today,informational (exclude),320,,LOW,informational,9,sugg
betting correct score tips,informational (exclude),320,6.130000114440918,LOW,commercial,0,comp:midnite.com
betting site free bet no deposit,bonus-hunter/offshore (exclude),320,21.3799991607666,LOW,commercial,11,comp:midnite.com
big bass splash 1000,G other,320,48.130001068115234,MEDIUM,transactional,0,comp:midnite.com
championship promotion odds 2026,C offers/free bets,320,1.8299999237060547,LOW,commercial,5,comp:midnite.com
correct score bets,G other,320,13.630000114440918,LOW,commercial,4,comp:midnite.com
double bubble app,B betting app,320,2.5799999237060547,LOW,transactional,4,comp:midnite.com
football transfer betting odds,E sport-specific,320,5.159999847412109,LOW,commercial,0,comp:midnite.com
jackpot joker,G other,320,16.06999969482422,LOW,informational,0,comp:midnite.com
madame destiny megaways,G other,320,37.59000015258789,MEDIUM,informational,0,comp:midnite.com
midnight wins,G other,320,13.270000457763672,MEDIUM,informational,40,comp:midnite.com
midnite betting reviews,competitor/brand,320,14.670000076293945,MEDIUM,informational,0,comp:midnite.com
midnite casino no deposit bonus,competitor/brand,320,5.28000020980835,LOW,commercial,0,comp:midnite.com
midnite free spins,competitor/brand,320,33.20000076293945,MEDIUM,commercial,0,comp:midnite.com
midnite sister sites,competitor/brand,320,21.280000686645508,MEDIUM,navigational,0,comp:midnite.com
midnite uk,competitor/brand,320,6.420000076293945,MEDIUM,informational,2,comp:midnite.com
monday free spins,casino (exclude),320,3.2899999618530273,LOW,commercial,0,comp:midnite.com
oddschecker next manager sacked,G other,320,,LOW,informational,31,comp:midnite.com
play big bass bonanza,G other,320,26.1299991607666,LOW,informational,18,comp:midnite.com
ted slots,casino (exclude),320,43.5099983215332,LOW,informational,0,comp:midnite.com
the goonies slot,casino (exclude),320,68.30000305175781,LOW,navigational,0,comp:midnite.com
best app for horse betting,B betting app,260,53.02,MEDIUM,commercial,16,sugg
365 betting app,B betting app,260,12.64,LOW,transactional,28,sugg
best online betting app,B betting app,260,65.03,LOW,commercial,49,sugg
best horse betting app,B betting app,260,53.02,MEDIUM,commercial,16,sugg
betfair betting app,competitor/brand,260,20.96,LOW,transactional,36,sugg
best sport betting app uk,B betting app,260,54.79,MEDIUM,commercial,32,sugg
best sports betting app uk,B betting app,260,54.79,MEDIUM,commercial,32,sugg
paddy power golf betting today app,competitor/brand,260,,LOW,transactional,36,sugg
political betting sites,F generic betting/sites,260,,LOW,commercial,14,sugg
betting sites ladbrokes,competitor/brand,260,16.6,LOW,commercial,42,sugg
betting sites no minimum deposit,F generic betting/sites,260,29.83,LOW,commercial,0,sugg
credit card betting sites,F generic betting/sites,260,24.06,LOW,commercial,0,sugg
online betting sites for sports,E sport-specific,260,85.05,LOW,commercial,95,sugg
best new betting sites uk,F generic betting/sites,260,55.29,MEDIUM,commercial,61,sugg
betting sites with no minimum deposit,F generic betting/sites,260,29.83,LOW,commercial,0,sugg
golf betting sites,E sport-specific,260,46.13,LOW,commercial,14,sugg
top betting sites for cricket,E sport-specific,260,76.42,LOW,commercial,5,sugg
horse betting sites uk,E sport-specific,260,44.81,MEDIUM,commercial,66,sugg
sports betting online sites,E sport-specific,260,85.05,LOW,commercial,95,sugg
horse racing betting sites uk,E sport-specific,260,63.95,LOW,commercial,41,sugg
uk betting sites not on gamstop,bonus-hunter/offshore (exclude),260,,LOW,commercial,41,sugg
best betting sites for cricket,E sport-specific,260,76.42,LOW,commercial,0,sugg
betvictor free bets,competitor/brand,260,41.96,MEDIUM,commercial,0,sugg
free bets welcome offer,C offers/free bets,260,31.76,MEDIUM,commercial,42,sugg
free royal ascot bets,G other,260,41.44,LOW,commercial,1,sugg
free bets sites,C offers/free bets,260,42.7,LOW,commercial,76,sugg
free bets site,C offers/free bets,260,42.7,LOW,commercial,76,sugg
royal ascot free bets,C offers/free bets,260,41.44,LOW,commercial,1,sugg
free bets royal ascot,C offers/free bets,260,41.44,LOW,commercial,4,sugg
bet sites with free bets,C offers/free bets,260,42.7,LOW,commercial,69,sugg
free bets for royal ascot,C offers/free bets,260,41.44,LOW,commercial,1,sugg
bet sites free bets,C offers/free bets,260,42.7,LOW,commercial,69,sugg
ascot free bets,C offers/free bets,260,41.44,LOW,commercial,0,sugg
bet builder helper,D acca/bet builder,260,,LOW,informational,0,sugg
sporting life accumulator tips,informational (exclude),260,,LOW,informational,21,sugg
saturday football accumulator tips,informational (exclude),260,,LOW,informational,11,sugg
today football accumulator,D acca/bet builder,260,3.77,LOW,informational,23,sugg
football accumulator tips saturday,informational (exclude),260,,LOW,informational,10,sugg
what does an accumulator do,D acca/bet builder,260,,LOW,informational,0,sugg
football accumulator today,D acca/bet builder,260,3.77,LOW,informational,23,sugg
football accumulator tips for saturday,informational (exclude),260,,LOW,informational,20,sugg
football accumulator for today,D acca/bet builder,260,3.77,LOW,informational,22,sugg
what does the accumulator do,D acca/bet builder,260,,LOW,informational,0,sugg
accumulator odds,D acca/bet builder,260,2.39,LOW,informational,1,sugg
odds accumulator,D acca/bet builder,260,2.39,LOW,informational,1,sugg
football accumulator tips: saturday,informational (exclude),260,,LOW,informational,4,sugg
100/1 roulette,casino (exclude),260,72.77999877929688,LOW,commercial,0,comp:midnite.com
777 burn em up gold demo,G other,260,9.760000228881836,LOW,informational,0,comp:midnite.com
betting on correct score,G other,260,25.889999389648438,MEDIUM,commercial,0,comp:midnite.com
christmas football fixtures,E sport-specific,260,,LOW,informational,0,comp:midnite.com
cops and robbers bigger big money demo,G other,260,,LOW,informational,0,comp:midnite.com
cops and robbers grand chance demo,G other,260,8.609999656677246,LOW,commercial,0,comp:midnite.com
correct score betting,G other,260,25.889999389648438,MEDIUM,commercial,0,comp:midnite.com
derby day manchester,G other,260,,LOW,informational,0,comp:midnite.com
double bubble slots uk,casino (exclude),260,8.260000228881836,LOW,informational,0,comp:midnite.com
esoccer h2h gg league,G other,260,5.5,LOW,informational,0,comp:midnite.com
fishin frenzy big win,G other,260,,LOW,informational,0,comp:midnite.com
fishin frenzy big wins,G other,260,,LOW,informational,0,comp:midnite.com
fishin frenzy the big catch,G other,260,52.02000045776367,MEDIUM,informational,0,comp:midnite.com
gold cash big spins demo,casino (exclude),260,5.21999979019165,LOW,commercial,0,comp:midnite.com
gold spins,casino (exclude),260,46.43000030517578,MEDIUM,transactional,0,comp:midnite.com
green ball snooker,E sport-specific,260,,LOW,informational,0,comp:midnite.com
is midnite casino legit,competitor/brand,260,37.880001068115234,MEDIUM,informational,1,comp:midnite.com
jack and the beanstalk slot,casino (exclude),260,40.31999969482422,LOW,informational,0,comp:midnite.com
le cowboy,G other,260,24.219999313354492,LOW,informational,0,comp:midnite.com
lucky phoenix,G other,260,,LOW,informational,0,comp:midnite.com
midnite careers,competitor/brand,260,,LOW,navigational,0,comp:midnite.com
midnite casino sign up offer,competitor/brand,260,38.56999969482422,LOW,transactional,0,comp:midnite.com
midnite casino sister sites,competitor/brand,260,27.760000228881836,MEDIUM,navigational,0,comp:midnite.com
midnite new customer offer,competitor/brand,260,23.040000915527344,MEDIUM,commercial,7,comp:midnite.com
midnite sports betting,competitor/brand,260,3.5399999618530273,LOW,informational,2,comp:midnite.com
online free spins,casino (exclude),260,31.56999969482422,MEDIUM,commercial,47,comp:midnite.com
play big bass bonanza free,G other,260,11.680000305175781,LOW,transactional,0,comp:midnite.com
play crazy time,G other,260,51.880001068115234,LOW,informational,16,comp:midnite.com
sign up offers no deposit,bonus-hunter/offshore (exclude),260,10.380000114440918,MEDIUM,transactional,13,comp:midnite.com
sweet rush bonanza,G other,260,83.44999694824219,LOW,informational,0,comp:midnite.com
xmas football fixtures,E sport-specific,260,,LOW,informational,0,comp:midnite.com
mccleans betting app,B betting app,210,6.71,LOW,navigational,0,sugg
coral betting app download,competitor/brand,210,8.04,MEDIUM,transactional,15,sugg
talksport betting app,competitor/brand,210,17.08,MEDIUM,commercial,47,sugg
what the best betting app,B betting app,210,67.82,MEDIUM,informational,37,sugg
paddy power sports betting app,competitor/brand,210,10.26,LOW,navigational,28,sugg
betting app sign up bonus,B betting app,210,71.27,MEDIUM,transactional,24,sugg
download coral betting app,competitor/brand,210,8.04,MEDIUM,transactional,15,sugg
grosvenor betting app,competitor/brand,210,13.78,MEDIUM,commercial,23,sugg
how to use free bets betfred,competitor/brand,210,8.18,LOW,informational,8,sugg
how to use free bets on betfred,competitor/brand,210,8.18,LOW,informational,11,sugg
free bets tips today,informational (exclude),210,4.15,LOW,commercial,67,sugg
betfred 50 free bets,competitor/brand,210,10.85,MEDIUM,commercial,23,sugg
how to use betfred free bets,competitor/brand,210,8.18,LOW,informational,20,sugg
free sky bets,competitor/brand,210,30.35,MEDIUM,commercial,3,sugg
free bets sky,C offers/free bets,210,30.35,MEDIUM,commercial,0,sugg
how to use free bets on skybet,competitor/brand,210,,LOW,informational,4,sugg
cheltenham free bets existing customers,C offers/free bets,210,,,commercial,0,sugg
tote free bets,competitor/brand,210,5.83,LOW,commercial,7,sugg
bet365 bet builder,competitor/brand,210,9.16,LOW,transactional,0,sugg
osrs ava accumulator,D acca/bet builder,210,,LOW,informational,0,sugg
ava's accumulator osrs,D acca/bet builder,210,,LOW,navigational,0,sugg
sure accumulator tips,informational (exclude),210,5.14,LOW,commercial,9,sugg
water accumulator,D acca/bet builder,210,1.75,HIGH,transactional,0,sugg
betfred accumulator free bet,competitor/brand,210,8.98,LOW,commercial,1,sugg
betting accumulator,D acca/bet builder,210,20.18,LOW,commercial,4,sugg
accumulator water,D acca/bet builder,210,1.75,HIGH,transactional,0,sugg
accumulator for water,D acca/bet builder,210,1.75,HIGH,transactional,0,sugg
100 1 roulette demo,casino (exclude),210,9,LOW,informational,0,comp:midnite.com
100 casino bonus,casino (exclude),210,63.880001068115234,LOW,commercial,37,comp:midnite.com
100-1 roulette demo,casino (exclude),210,9,LOW,navigational,0,comp:midnite.com
100/1 roulette demo,casino (exclude),210,5.460000038146973,LOW,informational,0,comp:midnite.com
20p roulette online,casino (exclude),210,49.75,MEDIUM,transactional,0,comp:midnite.com
big bass spins,casino (exclude),210,57.93000030517578,MEDIUM,informational,3,comp:midnite.com
bonus bet no deposit,bonus-hunter/offshore (exclude),210,16.639999389648438,MEDIUM,commercial,35,comp:midnite.com
bonus roulette,casino (exclude),210,56.5099983215332,LOW,commercial,0,comp:midnite.com
bonus spins,casino (exclude),210,55.88999938964844,MEDIUM,commercial,16,comp:midnite.com
call of duty bets,G other,210,20.790000915527344,MEDIUM,commercial,0,comp:midnite.com
call of duty betting,G other,210,26.309999465942383,LOW,commercial,0,comp:midnite.com
casino 100 bonus,casino (exclude),210,63.880001068115234,LOW,commercial,25,comp:midnite.com
championship next manager sacked odds,E sport-specific,210,1.3600000143051147,LOW,informational,6,comp:midnite.com
cod betting,G other,210,20.790000915527344,MEDIUM,commercial,0,comp:midnite.com
david dooley tips,informational (exclude),210,,LOW,informational,1,comp:midnite.com
double bubble slots sites,casino (exclude),210,4.409999847412109,MEDIUM,informational,0,comp:midnite.com
dribble media limited,G other,210,,LOW,navigational,5,comp:midnite.com
fishin frenzy big catch 3 demo,G other,210,,LOW,informational,0,comp:midnite.com
manager sack race,G other,210,,LOW,informational,29,comp:midnite.com
manager specials,G other,210,6.03000020980835,LOW,commercial,0,comp:midnite.com
midas 2,G other,210,,LOW,informational,2,comp:midnite.com
midnite casino promo code,competitor/brand,210,13.609999656677246,MEDIUM,commercial,0,comp:midnite.com
midnite logo,competitor/brand,210,14.859999656677246,LOW,informational,0,comp:midnite.com
mines gambling,G other,210,18.450000762939453,LOW,informational,4,comp:midnite.com
next championship manager to be sacked odds,E sport-specific,210,1.3600000143051147,LOW,informational,8,comp:midnite.com
next manager sacked odds championship,E sport-specific,210,,LOW,informational,13,comp:midnite.com
online casino 020,casino (exclude),210,,LOW,informational,20,comp:midnite.com
phoenix firestorm,G other,210,14.569999694824219,HIGH,informational,0,comp:midnite.com
slot login,casino (exclude),210,16.389999389648438,LOW,navigational,37,comp:midnite.com
slotnite casino,casino (exclude),210,25.329999923706055,LOW,commercial,11,comp:midnite.com
soccer correct score,G other,210,2.009999990463257,LOW,informational,7,comp:midnite.com
what is a lay bet,informational (exclude),210,23.84000015258789,LOW,informational,0,comp:midnite.com
wild wild riches,G other,210,77.0199966430664,LOW,informational,0,comp:midnite.com
which is the best betting app,B betting app,170,50.3,MEDIUM,informational,48,sugg
which betting app is the best,B betting app,170,50.3,MEDIUM,informational,38,sugg
best betting app offers,B betting app,170,63.91,MEDIUM,commercial,37,sugg
which betting app is best,B betting app,170,50.3,MEDIUM,informational,38,sugg
indian betting app,bonus-hunter/offshore (exclude),170,,LOW,commercial,24,sugg
sky sports betting app,B betting app,170,31.97,LOW,commercial,24,sugg
sky betting app,competitor/brand,170,19.73,MEDIUM,transactional,15,sugg
betting app in india,bonus-hunter/offshore (exclude),170,,LOW,commercial,29,sugg
best cricket betting app,B betting app,170,,LOW,commercial,1,sugg
which is best betting app,B betting app,170,50.3,MEDIUM,informational,38,sugg
sky sport betting app,B betting app,170,31.97,LOW,transactional,24,sugg
mobile betting app,B betting app,170,150.82,LOW,commercial,48,sugg
free bets app,B betting app,170,52.59,MEDIUM,commercial,72,sugg
boyle sports free bets,C offers/free bets,170,20.6,LOW,commercial,11,sugg
10 free bets,C offers/free bets,170,55.58,LOW,commercial,38,sugg
free 50 bets,G other,170,44.03,MEDIUM,commercial,3,sugg
free bets blackjack,casino (exclude),170,71.48,MEDIUM,commercial,2,sugg
new customer free bets no deposit,bonus-hunter/offshore (exclude),170,25.49,MEDIUM,commercial,36,sugg
free bets for existing customers,C offers/free bets,170,,LOW,commercial,21,sugg
free bets on registration,C offers/free bets,170,23.92,LOW,commercial,36,sugg
free bets 50,C offers/free bets,170,44.03,MEDIUM,commercial,42,sugg
50 free bets,C offers/free bets,170,44.03,MEDIUM,commercial,19,sugg
free bets when you sign up,C offers/free bets,170,53.75,MEDIUM,commercial,22,sugg
best world cup free bets,C offers/free bets,170,59.07,LOW,commercial,,sugg
free bets existing customers,C offers/free bets,170,,LOW,commercial,11,sugg
free bets existing customer,C offers/free bets,170,,LOW,transactional,27,sugg
existing customer free bets,C offers/free bets,170,,LOW,commercial,19,sugg
free bets apps,B betting app,170,52.59,MEDIUM,commercial,20,sugg
888sport free bets,competitor/brand,170,17.42,LOW,commercial,13,sugg
existing customers free bets,C offers/free bets,170,,LOW,commercial,3,sugg
free bets 888sport,competitor/brand,170,17.42,LOW,commercial,13,sugg
football bet builder tips today,informational (exclude),170,3.75,LOW,commercial,8,sugg
paddy power bet builder,competitor/brand,170,10.52,LOW,transactional,36,sugg
football bet builder,D acca/bet builder,170,25.27,LOW,commercial,35,sugg
nfl bet builder tips,informational (exclude),170,,LOW,commercial,5,sugg
coral horse racing bet builder,competitor/brand,170,3.27,LOW,transactional,9,sugg
football predictions accumulator,informational (exclude),170,2.33,LOW,informational,14,sugg
accumulator bets tips,informational (exclude),170,10.81,LOW,commercial,12,sugg
what is a accumulator,informational (exclude),170,,LOW,informational,0,sugg
accumulator for today,D acca/bet builder,170,,LOW,informational,9,sugg
accumulator football prediction,informational (exclude),170,2.33,LOW,informational,14,sugg
accumulator bet tip,D acca/bet builder,170,10.81,LOW,commercial,12,sugg
best accumulator tips,informational (exclude),170,2.9,LOW,informational,22,sugg
football betting accumulator tips,informational (exclude),170,,LOW,commercial,22,sugg
accumulator insurance,D acca/bet builder,170,,LOW,navigational,0,sugg
accumulator today,D acca/bet builder,170,,LOW,informational,9,sugg
what is accumulator in computer,informational (exclude),170,,LOW,informational,0,sugg
bet tips accumulator,informational (exclude),170,10.81,LOW,commercial,12,sugg
horse betting accumulator,D acca/bet builder,170,,LOW,commercial,0,comp:midnite.com|sugg
accumulator water tank,D acca/bet builder,170,1.68,HIGH,transactional,0,sugg
betting tips accumulator,informational (exclude),170,10.81,LOW,informational,10,sugg
best accumulator tipsters,informational (exclude),170,2.9,LOW,commercial,23,sugg
accumulator bet365,competitor/brand,170,18.69,LOW,commercial,0,sugg
football accumulator predictions,informational (exclude),170,2.33,LOW,informational,23,sugg
betting accumulator tips,informational (exclude),170,10.81,LOW,commercial,12,sugg
accumulator each way calculator,informational (exclude),170,,LOW,informational,1,sugg
betting tips football accumulator,informational (exclude),170,,LOW,commercial,22,sugg
water accumulator tank,D acca/bet builder,170,1.68,HIGH,transactional,0,sugg
football accumulator betting tips,informational (exclude),170,,LOW,commercial,22,sugg
accumulator betting tips,informational (exclude),170,10.81,LOW,commercial,6,sugg
accumulator meaning,informational (exclude),170,,LOW,informational,4,sugg
football accumulator prediction,informational (exclude),170,2.33,LOW,informational,2,sugg
accumulator football predictions,informational (exclude),170,2.33,LOW,informational,14,sugg
football prediction accumulator,informational (exclude),170,2.33,LOW,informational,14,sugg
football bet accumulator tips,informational (exclude),170,,LOW,commercial,22,sugg
each way accumulator bet calculator,informational (exclude),170,,LOW,informational,0,sugg
accumulator horse racing,D acca/bet builder,170,,LOW,informational,0,comp:midnite.com|sugg
water accumulator tanks,D acca/bet builder,170,1.68,HIGH,transactional,0,sugg
horse racing accumulator,D acca/bet builder,170,,LOW,informational,0,comp:midnite.com|sugg
accumulator bet tips,informational (exclude),170,10.81,LOW,commercial,12,sugg
bet365 accumulator,competitor/brand,170,18.69,LOW,transactional,0,sugg
what is the accumulator in computer,informational (exclude),170,,LOW,informational,0,sugg
accumulator on bet365,competitor/brand,170,18.69,LOW,transactional,5,sugg
sporting life football accumulator tips,informational (exclude),170,,LOW,commercial,24,sugg
bet calculator each way accumulator,informational (exclude),170,,LOW,informational,9,sugg
each way accumulator calculator,informational (exclude),170,,LOW,informational,9,sugg
betting football accumulator tips,informational (exclude),170,,LOW,commercial,22,sugg
best accumulator tipster,informational (exclude),170,2.9,LOW,commercial,22,sugg
10p roulette,casino (exclude),170,51.709999084472656,MEDIUM,transactional,0,comp:midnite.com
betting bonus without deposit,C offers/free bets,170,11.460000038146973,LOW,commercial,35,comp:midnite.com
betting bonuses no deposit,bonus-hunter/offshore (exclude),170,11.460000038146973,LOW,commercial,35,comp:midnite.com
big bass bonanza megaways,G other,170,17.709999084472656,LOW,informational,0,comp:midnite.com
big bass casino login,casino (exclude),170,8.680000305175781,LOW,navigational,11,comp:midnite.com
big bass splash casino,casino (exclude),170,42.40999984741211,MEDIUM,navigational,0,comp:midnite.com
btts meaning in betting,informational (exclude),170,,LOW,informational,0,comp:midnite.com
bubble bubble bingo,casino (exclude),170,0.5699999928474426,LOW,informational,0,comp:midnite.com
bubble slot,casino (exclude),170,7.119999885559082,HIGH,transactional,1,comp:midnite.com
bubble slot machine,casino (exclude),170,8.869999885559082,HIGH,transactional,0,comp:midnite.com
bubble slots,casino (exclude),170,7.119999885559082,HIGH,transactional,0,comp:midnite.com
casino 100 free spins,casino (exclude),170,30.520000457763672,MEDIUM,transactional,7,comp:midnite.com
cops and robbers bigger big money,G other,170,38.54999923706055,LOW,informational,0,comp:midnite.com
cops n robbers slot,casino (exclude),170,60.959999084472656,MEDIUM,informational,0,comp:midnite.com
crazy time game,G other,170,59.40999984741211,LOW,informational,21,comp:midnite.com
deposit 20 get free spins,casino (exclude),170,35.720001220703125,MEDIUM,transactional,16,comp:midnite.com
double bubble login app,B betting app,170,1.2799999713897705,LOW,navigational,0,comp:midnite.com
football correct scores,E sport-specific,170,1.399999976158142,LOW,informational,6,comp:midnite.com
free spins monday,casino (exclude),170,5.170000076293945,LOW,commercial,2,comp:midnite.com
gg league esoccer,G other,170,16.40999984741211,LOW,informational,0,comp:midnite.com
goodwood betting,G other,170,18.739999771118164,LOW,commercial,0,comp:midnite.com
greentube uk,G other,170,,LOW,navigational,6,comp:midnite.com
halloween golden winner demo,G other,170,,LOW,transactional,0,comp:midnite.com
king kong splash,G other,170,32.70000076293945,MEDIUM,informational,0,comp:midnite.com
lay bet,G other,170,17.09000015258789,LOW,commercial,0,comp:midnite.com
luck o irish slot,casino (exclude),170,45.41999816894531,MEDIUM,navigational,0,comp:midnite.com
luck o the irish slot machine,casino (exclude),170,45.41999816894531,MEDIUM,informational,0,comp:midnite.com
midnite bingo,competitor/brand,170,15.40999984741211,LOW,informational,4,comp:midnite.com
midnite free bet,competitor/brand,170,12.529999732971191,MEDIUM,informational,7,comp:midnite.com
midnite trustpilot,competitor/brand,170,66.05999755859375,LOW,navigational,3,comp:midnite.com
monopoly megaways demo,G other,170,6.699999809265137,LOW,informational,0,comp:midnite.com
online 20p roulette,casino (exclude),170,56.279998779296875,LOW,transactional,0,comp:midnite.com
piggy riches,G other,170,53.779998779296875,LOW,informational,0,comp:midnite.com
what does btts mean,G other,170,,LOW,informational,0,comp:midnite.com
what does lay bet mean,G other,170,,LOW,informational,0,comp:midnite.com
what does lay betting mean,G other,170,,LOW,informational,0,comp:midnite.com
what is btts,informational (exclude),170,,LOW,informational,0,comp:midnite.com
where can i play double bubble slots online,casino (exclude),170,30.06999969482422,HIGH,transactional,1,comp:midnite.com
who owns midnite betting,competitor/brand,170,,LOW,informational,2,comp:midnite.com
best betting app for grand national,B betting app,140,,LOW,commercial,14,sugg
sports betting app uk,B betting app,140,54.15,MEDIUM,commercial,51,sugg
tote betting app,competitor/brand,140,6.94,MEDIUM,transactional,12,sugg
best mobile betting app,B betting app,140,,LOW,commercial,38,sugg
top 10 betting app,B betting app,140,75,MEDIUM,commercial,51,sugg
betting app promos,B betting app,140,83.19,MEDIUM,commercial,51,sugg
best football betting app uk,B betting app,140,54.4,MEDIUM,commercial,22,sugg
online betting free bets,C offers/free bets,140,80.38,LOW,commercial,69,sugg
free bets online no deposit,bonus-hunter/offshore (exclude),140,19.12,LOW,commercial,13,sugg
free bets no deposit bonus,bonus-hunter/offshore (exclude),140,19.41,MEDIUM,commercial,36,sugg
free bets unibet,competitor/brand,140,13.62,LOW,commercial,8,sugg
champions league free bets,C offers/free bets,140,,LOW,commercial,18,sugg
kwiff free bets,competitor/brand,140,8.11,MEDIUM,commercial,0,sugg
cheltenham free bets offers,C offers/free bets,140,,LOW,commercial,9,sugg
free bets casino no deposit,casino (exclude),140,10.11,MEDIUM,commercial,36,sugg
bet365 money back in free bets,competitor/brand,140,,LOW,commercial,13,sugg
online betting free bets no deposit,bonus-hunter/offshore (exclude),140,19.12,LOW,commercial,37,sugg
free bets no deposit casino,casino (exclude),140,10.11,MEDIUM,commercial,36,sugg
how to use free bets on betway,competitor/brand,140,,LOW,informational,3,sugg
casino free bets no deposit,casino (exclude),140,10.11,MEDIUM,commercial,36,sugg
free casino bets no deposit,casino (exclude),140,10.11,MEDIUM,commercial,36,sugg
unibet free bets,competitor/brand,140,13.62,LOW,commercial,8,sugg
free bonus bets no deposit,bonus-hunter/offshore (exclude),140,19.41,MEDIUM,commercial,28,sugg
free bets on registration no deposit,bonus-hunter/offshore (exclude),140,13.4,LOW,commercial,36,sugg
free bets champions league,C offers/free bets,140,,LOW,informational,17,sugg
national free bets,C offers/free bets,140,,LOW,commercial,14,sugg
free bets national,C offers/free bets,140,,LOW,commercial,20,sugg
how to use free bets betfair,competitor/brand,140,,LOW,informational,9,sugg
how to use free bets on betfair,competitor/brand,140,,LOW,informational,0,sugg
free national bets,G other,140,,LOW,commercial,21,sugg
online free bets no deposit,bonus-hunter/offshore (exclude),140,19.12,LOW,commercial,36,sugg
racing post free bets,C offers/free bets,140,41.05,LOW,commercial,33,sugg
free online bets no deposit,bonus-hunter/offshore (exclude),140,19.12,LOW,commercial,13,comp:midnite.com|sugg
spreadex free bets,competitor/brand,140,13.8,MEDIUM,commercial,7,sugg
free bets matched betting,C offers/free bets,140,19.32,MEDIUM,commercial,42,sugg
free bets on the national,C offers/free bets,140,,LOW,commercial,20,sugg
free champions league bets,G other,140,,LOW,commercial,18,sugg
free online bets without deposit,G other,140,19.12,LOW,commercial,34,sugg
free bets on national,C offers/free bets,140,,LOW,commercial,22,sugg
bet builder predictions,informational (exclude),140,4.36,LOW,commercial,0,comp:midnite.com|sugg
how does bet builder work,D acca/bet builder,140,18.16,LOW,informational,0,sugg
nba bet builder tips,informational (exclude),140,,LOW,informational,2,sugg
whats a bet builder,D acca/bet builder,140,12.01,LOW,informational,4,sugg
england bet builder,D acca/bet builder,140,17.45,LOW,commercial,10,sugg
best bet builder today,D acca/bet builder,140,9.15,MEDIUM,commercial,22,sugg
free bet builder tips today,informational (exclude),140,5.77,LOW,commercial,0,sugg
bet builder prediction,informational (exclude),140,4.36,LOW,commercial,0,comp:midnite.com|sugg
how does bet builder works,D acca/bet builder,140,18.16,LOW,informational,0,sugg
free bet builder,C offers/free bets,140,17.31,MEDIUM,commercial,6,sugg
football bet builder tips,informational (exclude),140,3.42,LOW,commercial,8,sugg
bet builder calculator,informational (exclude),140,3.13,LOW,informational,32,sugg
betfred bet builder,competitor/brand,140,4.29,MEDIUM,commercial,0,sugg
horse racing bet builder,D acca/bet builder,140,7.98,MEDIUM,commercial,0,sugg
ladbrokes bet builder,competitor/brand,140,4.12,LOW,commercial,12,sugg
bet builder today,D acca/bet builder,140,9.37,LOW,informational,14,comp:midnite.com|sugg
best football accumulator tips,informational (exclude),140,4.39,LOW,informational,22,sugg
accumulator computer science,D acca/bet builder,140,,LOW,informational,0,sugg
weekend accumulator tips,informational (exclude),140,,LOW,informational,5,sugg
accumulator tips for weekend,informational (exclude),140,,LOW,informational,19,sugg
accumulator tips this weekend,informational (exclude),140,,LOW,informational,9,sugg
accumulator in computer science,D acca/bet builder,140,,LOW,informational,0,sugg
acca accumulator,D acca/bet builder,140,,LOW,transactional,0,sugg
good football accumulator tips,informational (exclude),140,4.39,LOW,informational,22,sugg
horse betting accumulator tips,informational (exclude),140,,LOW,commercial,8,sugg
horse racing accumulator tips,informational (exclude),140,,LOW,informational,8,sugg
accumulator tips for the weekend,informational (exclude),140,,LOW,informational,19,sugg
best soccer accumulator tips,informational (exclude),140,4.39,LOW,informational,22,sugg
accumulator horse racing tips,informational (exclude),140,,LOW,informational,3,sugg
best football accumulator for today,D acca/bet builder,140,,LOW,commercial,9,sugg
best football accumulator today,D acca/bet builder,140,,LOW,informational,22,sugg
today's best football accumulator tips,informational (exclude),140,,LOW,commercial,9,sugg
best football accumulator tips today,informational (exclude),140,,LOW,informational,11,sugg
accumulator tips horse racing,informational (exclude),140,,LOW,informational,12,sugg
best football accumulator tipsters,informational (exclude),140,4.39,LOW,commercial,22,sugg
best football accumulator tipster,informational (exclude),140,4.39,LOW,commercial,22,sugg
accumulator tips weekend,informational (exclude),140,,LOW,informational,22,sugg
best football accumulator tips for today,informational (exclude),140,,LOW,commercial,11,sugg
best bet builders today,D acca/bet builder,140,9.149999618530273,MEDIUM,commercial,11,comp:midnite.com
bet builders today,D acca/bet builder,140,9.369999885559082,LOW,informational,2,comp:midnite.com
bet spins,casino (exclude),140,56.15999984741211,MEDIUM,informational,41,comp:midnite.com
big bass 3 little fish demo,G other,140,23.670000076293945,LOW,informational,0,comp:midnite.com
build a bet tips,informational (exclude),140,5.119999885559082,LOW,informational,8,comp:midnite.com
cash out betting,G other,140,52.7599983215332,LOW,informational,4,comp:midnite.com
casino deals,casino (exclude),140,90.38999938964844,MEDIUM,commercial,51,comp:midnite.com
championship manager sack odds,E sport-specific,140,1.6299999952316284,LOW,informational,13,comp:midnite.com
championship manager sacked odds,E sport-specific,140,1.6299999952316284,LOW,informational,4,comp:midnite.com
championship manager sacking odds,E sport-specific,140,,LOW,commercial,13,comp:midnite.com
divine fortune,G other,140,57.119998931884766,LOW,informational,0,comp:midnite.com
dog house megaways,G other,140,,MEDIUM,navigational,0,comp:midnite.com
double bubble demo,G other,140,9.8100004196167,MEDIUM,transactional,0,comp:midnite.com
fish frenzy slot,casino (exclude),140,64.29000091552734,LOW,transactional,2,comp:midnite.com
flippin rich,G other,140,23.43000030517578,MEDIUM,informational,0,comp:midnite.com
free betting online no deposit,bonus-hunter/offshore (exclude),140,44.779998779296875,LOW,commercial,11,comp:midnite.com
free spins wednesday,casino (exclude),140,4.920000076293945,LOW,commercial,10,comp:midnite.com
get free spins,casino (exclude),140,43.2599983215332,MEDIUM,commercial,14,comp:midnite.com
gold horsey winner,E sport-specific,140,26.489999771118164,MEDIUM,informational,0,comp:midnite.com
low stakes roulette,casino (exclude),140,60.720001220703125,LOW,informational,0,comp:midnite.com
manager sacking odds championship,E sport-specific,140,,LOW,informational,13,comp:midnite.com
mental 2 slot demo,casino (exclude),140,,LOW,informational,0,comp:midnite.com
midnite casino app,competitor/brand,140,7.739999771118164,LOW,navigational,2,comp:midnite.com
midnite jobs,competitor/brand,140,,LOW,informational,0,comp:midnite.com
midnite live chat,competitor/brand,140,0.9300000071525574,LOW,informational,2,comp:midnite.com
midnite offer,competitor/brand,140,36.40999984741211,MEDIUM,commercial,0,comp:midnite.com
midnite slots login,competitor/brand,140,3.619999885559082,LOW,navigational,1,comp:midnite.com
no deposit free bet bonus,bonus-hunter/offshore (exclude),140,17.889999389648438,MEDIUM,commercial,36,comp:midnite.com
online free bet no deposit,bonus-hunter/offshore (exclude),140,19.1200008392334,LOW,commercial,17,comp:midnite.com
secrets of the phoenix elements,G other,140,23.360000610351562,MEDIUM,informational,0,comp:midnite.com
sizzling hot deluxe,G other,140,48.79999923706055,LOW,transactional,0,comp:midnite.com
tada gaming,G other,140,16.860000610351562,LOW,informational,23,comp:midnite.com
team bet,G other,140,,LOW,commercial,18,comp:midnite.com
ted megaways demo,G other,140,7.880000114440918,LOW,informational,0,comp:midnite.com
the goonies slot demo,casino (exclude),140,8.779999732971191,LOW,informational,0,comp:midnite.com
today correct score,G other,140,1.940000057220459,LOW,informational,0,comp:midnite.com
today correct scores,G other,140,18.469999313354492,LOW,informational,0,comp:midnite.com
transfer specials odds,G other,140,1.6399999856948853,LOW,commercial,0,comp:midnite.com
betting app sign up offers,B betting app,110,78.6,MEDIUM,transactional,73,sugg
stake betting app,B betting app,110,26.16,MEDIUM,transactional,45,sugg
best betting app in uk,B betting app,110,58.03,MEDIUM,commercial,48,sugg
stakes betting app,B betting app,110,26.16,MEDIUM,commercial,32,sugg
good betting app,B betting app,110,88.57,LOW,commercial,36,sugg
best betting mobile app,B betting app,110,88.57,LOW,commercial,37,sugg
the best betting app,B betting app,110,107.67,LOW,commercial,48,sugg
best free bets cheltenham,C offers/free bets,110,,LOW,commercial,3,sugg
bet 10 get 30 in free bets,C offers/free bets,110,26.94,LOW,transactional,24,sugg
free bookmakers bets no deposit,bonus-hunter/offshore (exclude),110,14.03,LOW,commercial,36,sugg
bookies free bets no deposit,bonus-hunter/offshore (exclude),110,14.03,LOW,commercial,34,sugg
free bets for ascot,C offers/free bets,110,54.1,LOW,commercial,15,sugg
bet 10 get 30 free bets,C offers/free bets,110,26.94,LOW,commercial,5,sugg
free slot bets no deposit,casino (exclude),110,24.49,LOW,commercial,18,sugg
free bets no deposit bookies,bonus-hunter/offshore (exclude),110,14.03,LOW,commercial,28,sugg
free bets sign up bonus,C offers/free bets,110,41.06,MEDIUM,commercial,20,sugg
best betting sites with free bets,C offers/free bets,110,58.07,MEDIUM,commercial,69,sugg
bookmaker free bets no deposit,bonus-hunter/offshore (exclude),110,14.03,LOW,commercial,21,comp:midnite.com|sugg
best cheltenham free bets,C offers/free bets,110,,LOW,commercial,21,sugg
free sign up bonus bets,C offers/free bets,110,41.06,MEDIUM,commercial,37,sugg
big free bets,C offers/free bets,110,,MEDIUM,commercial,75,sugg
free bets no deposit slots,casino (exclude),110,24.49,LOW,commercial,24,sugg
best free bets for cheltenham,C offers/free bets,110,,LOW,commercial,20,sugg
free bookies bets no deposit,bonus-hunter/offshore (exclude),110,14.03,LOW,commercial,34,sugg
paddy power 50 free bets,competitor/brand,110,27.78,LOW,commercial,11,sugg
welcome free bets,C offers/free bets,110,32,LOW,commercial,38,sugg
bookies with free bets no deposit,bonus-hunter/offshore (exclude),110,14.03,LOW,commercial,18,sugg
betfred free bets not showing,competitor/brand,110,12.62,LOW,informational,14,sugg
bet 10.get 30 free bets,C offers/free bets,110,26.94,LOW,commercial,36,sugg
sbk free bets,C offers/free bets,110,16.35,MEDIUM,commercial,14,sugg
bookmakers free bets offers,C offers/free bets,110,33.26,LOW,commercial,69,sugg
free horse bets,E sport-specific,110,42.39,MEDIUM,commercial,37,sugg
free bets horses,C offers/free bets,110,42.39,MEDIUM,informational,38,sugg
best betting site for free bets,C offers/free bets,110,58.07,MEDIUM,commercial,60,sugg
best betting sites for free bets,C offers/free bets,110,58.07,MEDIUM,commercial,36,sugg
paddy power cheltenham free bets,competitor/brand,110,,LOW,commercial,0,sugg
free bets with deposit,C offers/free bets,110,36.6,MEDIUM,commercial,37,sugg
free bets deposit,C offers/free bets,110,36.6,MEDIUM,commercial,46,sugg
money back in free bets bet365,competitor/brand,110,,LOW,commercial,5,sugg
bookmakers free bets no deposit,bonus-hunter/offshore (exclude),110,14.03,LOW,commercial,36,sugg
biggest free bets,C offers/free bets,110,,MEDIUM,commercial,34,sugg
outplayed bet builder helper,D acca/bet builder,110,,LOW,commercial,0,sugg
william hill bet builder rules,competitor/brand,110,,LOW,informational,0,sugg
bet builder for today,D acca/bet builder,110,13.72,LOW,commercial,14,sugg
ladbrokes bet builder rules,competitor/brand,110,4.88,LOW,informational,12,sugg
what is bet builder,informational (exclude),110,15.48,LOW,informational,6,sugg
orgone accumulator hawkwind,D acca/bet builder,110,,LOW,transactional,2,sugg
tomorrow accumulator tips,informational (exclude),110,,LOW,informational,22,sugg
betfred accumulator,competitor/brand,110,6.69,MEDIUM,transactional,4,sugg
accumulator betfred,competitor/brand,110,6.69,MEDIUM,commercial,4,sugg
how does the accumulator work,D acca/bet builder,110,,LOW,informational,0,sugg
premier league accumulator tips,informational (exclude),110,,LOW,informational,22,sugg
hawkwind orgone accumulator,D acca/bet builder,110,,LOW,transactional,4,sugg
accumulator tips tomorrow,informational (exclude),110,,LOW,commercial,22,sugg
accumulator tips premier league,informational (exclude),110,,LOW,commercial,9,sugg
how to work out accumulator odds,informational (exclude),110,,LOW,informational,0,sugg
accumulator tips for saturday,informational (exclude),110,,LOW,informational,22,sugg
pumped accumulator,D acca/bet builder,110,3.11,HIGH,transactional,0,sugg
accumulator on betfred,competitor/brand,110,6.69,MEDIUM,commercial,4,sugg
stuart turner accumulator,D acca/bet builder,110,2.03,HIGH,transactional,0,sugg
accumulator world cup,D acca/bet builder,110,19.97,MEDIUM,informational,9,sugg
pump accumulator,D acca/bet builder,110,3.11,HIGH,transactional,0,sugg
how does an accumulator work,D acca/bet builder,110,,LOW,informational,0,sugg
world cup accumulator,D acca/bet builder,110,19.97,MEDIUM,transactional,28,sugg
accumulator tips for tomorrow,informational (exclude),110,,LOW,informational,22,sugg
premiership accumulator tips,informational (exclude),110,,LOW,informational,9,sugg
how does accumulator work,D acca/bet builder,110,,LOW,informational,0,sugg
saturday accumulator tips,informational (exclude),110,,LOW,informational,22,sugg
accumulator pump,D acca/bet builder,110,3.11,HIGH,transactional,0,sugg
accumulator tips saturday,informational (exclude),110,,LOW,informational,4,sugg
ava accumulator,D acca/bet builder,110,,LOW,transactional,0,sugg
accumulator tips: saturday,informational (exclude),110,,LOW,informational,9,sugg
how to calculate accumulator odds,informational (exclude),110,,LOW,informational,0,sugg
2022 world cup odds,G other,110,,LOW,informational,16,comp:midnite.com
777 burn em up gold,G other,110,34.099998474121094,MEDIUM,informational,0,comp:midnite.com
bet boosts today,G other,110,16.770000457763672,LOW,commercial,0,comp:midnite.com
betting tips in cricket ipl,informational (exclude),110,,LOW,informational,19,comp:midnite.com
betting tips ipl,informational (exclude),110,,LOW,commercial,19,comp:midnite.com
big bass christmas frozen lake,G other,110,,LOW,informational,0,comp:midnite.com
big bass race day repeat,G other,110,44.470001220703125,LOW,informational,0,comp:midnite.com
big bass raceday repeat,G other,110,44.470001220703125,LOW,informational,0,comp:midnite.com
big bass surfs up demo,G other,110,,LOW,transactional,0,comp:midnite.com
bookies free bet no deposit,bonus-hunter/offshore (exclude),110,14.029999732971191,LOW,commercial,12,comp:midnite.com
burn em up free play,G other,110,13.260000228881836,LOW,informational,0,comp:midnite.com
cops n robbers big money,G other,110,21.8700008392334,LOW,informational,0,comp:midnite.com
cricket ipl betting tips,informational (exclude),110,,LOW,commercial,17,comp:midnite.com
demo game slot,casino (exclude),110,5.130000114440918,MEDIUM,transactional,22,comp:midnite.com
dolphins pearl deluxe,G other,110,43.630001068115234,LOW,transactional,0,comp:midnite.com
double bubble slot sites,casino (exclude),110,64.87999725341797,LOW,informational,0,comp:midnite.com
duck hunters slot,casino (exclude),110,52.060001373291016,MEDIUM,informational,0,comp:midnite.com
dynamite slots,casino (exclude),110,26.1200008392334,LOW,transactional,2,comp:midnite.com
eye of horus tablets of destiny demo,G other,110,,LOW,informational,0,comp:midnite.com
fireball roulette,casino (exclude),110,68.2300033569336,LOW,informational,0,comp:midnite.com
fishin frenzy prize lines,G other,110,28.979999542236328,MEDIUM,informational,0,comp:midnite.com
fly casino,casino (exclude),110,8.739999771118164,LOW,commercial,14,comp:midnite.com
football tips midweek,informational (exclude),110,,LOW,informational,45,comp:midnite.com
gigantoonz demo,G other,110,,LOW,informational,0,comp:midnite.com
gold cash slot,casino (exclude),110,30.979999542236328,LOW,transactional,0,comp:midnite.com
gold cash slots,casino (exclude),110,30.979999542236328,LOW,transactional,0,comp:midnite.com
best betting app for android,B betting app,90,94.6,LOW,commercial,25,sugg
ipl betting app,B betting app,90,,LOW,transactional,4,sugg
betting app deals,B betting app,90,68.47,MEDIUM,commercial,42,sugg
stakemate betting app,competitor/brand,90,79.34,MEDIUM,navigational,1,sugg
best android betting app,B betting app,90,94.6,LOW,commercial,33,sugg
golf betting app,B betting app,90,46.37,LOW,transactional,22,sugg
william hill sports betting app,competitor/brand,90,6.84,LOW,navigational,0,sugg
best betting android app,B betting app,90,94.6,LOW,commercial,31,sugg
toals betting app,B betting app,90,37.63,LOW,commercial,0,sugg
cricket betting app ipl,B betting app,90,,LOW,commercial,4,sugg
us betting app,B betting app,90,35.23,MEDIUM,commercial,68,sugg
best betting app android,B betting app,90,94.6,LOW,commercial,42,sugg
sbk betting app,B betting app,90,11.88,LOW,commercial,5,sugg
betting app new customer offers,B betting app,90,72.5,MEDIUM,commercial,22,sugg
best ufc betting app,B betting app,90,72.21,LOW,commercial,6,sugg
best betting app for ufc,B betting app,90,72.21,LOW,commercial,6,sugg
american betting app,B betting app,90,35.23,MEDIUM,commercial,86,sugg
indian premier league betting app,bonus-hunter/offshore (exclude),90,,LOW,commercial,2,sugg
world cup bet builder,D acca/bet builder,90,15.56,LOW,commercial,0,sugg
best bet builder sites,D acca/bet builder,90,71.93,LOW,commercial,1,sugg
coral bet builder,competitor/brand,90,2.17,MEDIUM,commercial,6,sugg
nba bet builder,D acca/bet builder,90,,LOW,commercial,0,sugg
bet builder sites,D acca/bet builder,90,69,LOW,commercial,1,sugg
england vs croatia bet builder,D acca/bet builder,90,,,commercial,0,sugg
william hill bet builder,competitor/brand,90,12.84,LOW,navigational,0,sugg
bet builder meaning,informational (exclude),90,2.47,LOW,informational,0,sugg
sky bet builder,competitor/brand,90,10.14,LOW,commercial,20,sugg
sky bet bet builder,competitor/brand,90,10.14,LOW,commercial,12,sugg
england bet builder tips,informational (exclude),90,4.02,LOW,commercial,5,sugg
nfl bet builder,D acca/bet builder,90,17.43,LOW,commercial,0,sugg
accumulator definition,D acca/bet builder,90,,LOW,informational,0,sugg
champions league accumulator tips,informational (exclude),90,,LOW,informational,11,sugg
what is the function of accumulator register,informational (exclude),90,,LOW,informational,0,sugg
accumulator purpose,D acca/bet builder,90,,LOW,informational,0,sugg
what is the purpose of the accumulator,informational (exclude),90,,LOW,informational,0,sugg
purpose of accumulator,D acca/bet builder,90,,LOW,informational,0,sugg
in the cpu what does the accumulator store,D acca/bet builder,90,,LOW,informational,0,sugg
accumulator wins,D acca/bet builder,90,,LOW,informational,0,sugg
what is the function of the accumulator,informational (exclude),90,,LOW,informational,0,sugg
shurflo accumulator,D acca/bet builder,90,0.41,HIGH,transactional,0,sugg
lucky 15 accumulator calculator,informational (exclude),90,,LOW,informational,0,sugg
accumulator paddy power,competitor/brand,90,7.79,LOW,transactional,22,sugg
hydraulic accumulator bladders,D acca/bet builder,90,0.89,MEDIUM,transactional,0,sugg
paddy power accumulator,competitor/brand,90,7.79,LOW,transactional,22,sugg
best football accumulator,D acca/bet builder,90,,LOW,informational,9,sugg
bladder accumulator,D acca/bet builder,90,0.89,MEDIUM,transactional,0,sugg
accumulator on paddy power,competitor/brand,90,7.79,LOW,transactional,22,sugg
accumulator register,D acca/bet builder,90,,LOW,transactional,0,sugg
mega accumulator tip,D acca/bet builder,90,,LOW,transactional,9,sugg
accumulator bladders,D acca/bet builder,90,0.89,MEDIUM,transactional,0,sugg
win accumulator,D acca/bet builder,90,,LOW,informational,9,sugg
cold water accumulator,D acca/bet builder,90,1.48,HIGH,transactional,0,sugg
bladder for accumulator,D acca/bet builder,90,0.89,MEDIUM,transactional,0,sugg
bladder hydraulic accumulator,D acca/bet builder,90,0.89,MEDIUM,transactional,0,sugg
bet accumulator tips,informational (exclude),90,3.28,LOW,commercial,9,sugg
hydraulic accumulator bladder,D acca/bet builder,90,0.89,MEDIUM,transactional,0,sugg
what is the function of accumulator,informational (exclude),90,,LOW,informational,0,sugg
accumulator bladder,D acca/bet builder,90,0.89,MEDIUM,transactional,0,sugg
accumulator calculator lucky 15,informational (exclude),90,,LOW,informational,0,sugg
mega accumulator tips,informational (exclude),90,,LOW,informational,3,sugg
accumulator winner,D acca/bet builder,90,,LOW,informational,7,sugg
define accumulator,D acca/bet builder,90,,LOW,informational,0,sugg
winning accumulator,D acca/bet builder,90,,LOW,informational,10,sugg
betfred betting app,competitor/brand,70,17.02,MEDIUM,transactional,15,sugg
best betting app for iphone,B betting app,70,,LOW,commercial,47,sugg
live betting app,B betting app,70,45.85,LOW,transactional,70,sugg
betting tips app,informational (exclude),70,12.92,LOW,commercial,19,sugg
betting app without verification,B betting app,70,,LOW,commercial,,sugg
casino betting app,casino (exclude),70,85.44,MEDIUM,transactional,57,sugg
esport betting app,B betting app,70,20.19,MEDIUM,commercial,12,sugg
betting app promotions,B betting app,70,61.21,LOW,commercial,29,sugg
kwiff betting app,competitor/brand,70,8.06,MEDIUM,commercial,8,sugg
nba betting app,B betting app,70,,LOW,commercial,32,sugg
best betting app ireland,B betting app,70,,LOW,commercial,0,sugg
dabble betting app,competitor/brand,70,14.88,MEDIUM,transactional,,sugg
ios betting app,B betting app,70,,LOW,transactional,16,sugg
what is the best betting app for football,informational (exclude),70,39.1,MEDIUM,informational,39,sugg
betting app promotion,B betting app,70,61.21,LOW,commercial,35,sugg
betting tracker app,B betting app,70,3.15,LOW,transactional,34,sugg
esports betting app,B betting app,70,20.19,MEDIUM,commercial,16,sugg
new customer offers betting app no deposit,bonus-hunter/offshore (exclude),70,34.66,MEDIUM,transactional,19,sugg
ufc betting app,B betting app,70,40.95,LOW,transactional,13,sugg
best betting app for horse racing uk,B betting app,70,62.41,LOW,commercial,6,sugg
mwos betting app,B betting app,70,4.52,LOW,transactional,0,sugg
betting app ios,B betting app,70,,LOW,navigational,38,sugg
best betting app on iphone,B betting app,70,,LOW,commercial,33,sugg
app betting tips,informational (exclude),70,12.92,LOW,commercial,19,sugg
betting app for iphone,B betting app,70,15.9,LOW,transactional,20,sugg
betting app welcome bonus,B betting app,70,57.74,MEDIUM,commercial,90,sugg
best iphone betting app,B betting app,70,,LOW,commercial,29,sugg
best betting app iphone,B betting app,70,,LOW,commercial,37,sugg
what is the best football betting app,informational (exclude),70,39.1,MEDIUM,informational,31,sugg
best betting app for world cup,B betting app,70,86.31,MEDIUM,commercial,,sugg
betting tip app,B betting app,70,12.92,LOW,commercial,19,sugg
bet with friends,A social/bet-with-mates,70,,LOW,commercial,7,sugg
man united bet builder,D acca/bet builder,70,,,navigational,0,sugg
andy bet builder,D acca/bet builder,70,,LOW,navigational,19,sugg
champions league bet builder,D acca/bet builder,70,,,commercial,11,sugg
best bet builder tips,informational (exclude),70,2.56,LOW,informational,3,sugg
man city bet builder,D acca/bet builder,70,,,commercial,0,sugg
paddy power free bet builder,competitor/brand,70,14.27,MEDIUM,commercial,11,sugg
how to do a bet builder on betfred,competitor/brand,70,,LOW,transactional,,sugg
liverpool bet builder,A social/bet-with-mates,70,,,commercial,0,sugg
bet builder horse racing,D acca/bet builder,70,5.6,LOW,transactional,0,sugg
man u bet builder,D acca/bet builder,70,,,transactional,0,sugg
bet builder tips today football,informational (exclude),70,,LOW,commercial,18,sugg
bet builder bet365,competitor/brand,70,13.74,LOW,commercial,0,sugg
how does a bet builder work,D acca/bet builder,70,5.22,LOW,informational,0,sugg
william hill bet builder player not starting,competitor/brand,70,,LOW,informational,0,sugg
man utd bet builder,D acca/bet builder,70,,,commercial,0,sugg
bet builder matched betting,D acca/bet builder,70,22.1,LOW,commercial,0,sugg
betfred bet builder rules,competitor/brand,70,3.81,LOW,commercial,,sugg
accumulator osrs,D acca/bet builder,70,,LOW,informational,0,sugg
bet accumulator tips today,informational (exclude),70,,LOW,transactional,,sugg
accumulator sky bet,competitor/brand,70,14.32,LOW,commercial,8,sugg
accumulator each way,D acca/bet builder,70,,LOW,navigational,0,sugg
football accumulator tips btts,informational (exclude),70,,LOW,transactional,9,sugg
free football accumulator tips,informational (exclude),70,,LOW,commercial,22,sugg
how do accumulator bets work,D acca/bet builder,70,,LOW,informational,0,sugg
how does an accumulator bet work,D acca/bet builder,70,,LOW,informational,0,sugg
accumulator vessel,D acca/bet builder,70,2.93,HIGH,transactional,0,sugg
btts accumulator tips,informational (exclude),70,,LOW,informational,2,sugg
accumulator william hill,competitor/brand,70,8.59,LOW,navigational,0,sugg
preon accumulator,D acca/bet builder,70,,LOW,transactional,0,sugg
20 fold accumulator tips,informational (exclude),70,,LOW,transactional,5,sugg
how to do accumulator on betfred,competitor/brand,70,,LOW,informational,0,sugg
each way accumulator,D acca/bet builder,70,,LOW,navigational,0,sugg
what does the accumulator do in the cpu,D acca/bet builder,70,,LOW,informational,0,sugg
hydraulic accumulator pressure,D acca/bet builder,70,2.48,HIGH,informational,3,sugg
how to do an accumulator on betfred,competitor/brand,70,,LOW,informational,0,sugg
best accumulator tips today,informational (exclude),70,2.21,LOW,informational,4,sugg
accumulator for car,D acca/bet builder,70,,LOW,transactional,0,sugg
accumulator vessels,D acca/bet builder,70,2.93,HIGH,transactional,0,sugg
accumulator charge kit,D acca/bet builder,70,0.79,HIGH,transactional,0,sugg
william hill accumulator,competitor/brand,70,8.59,LOW,navigational,0,sugg
accumulator stores the of calculations,D acca/bet builder,70,,LOW,informational,0,sugg
accumulator pressure,D acca/bet builder,70,2.48,HIGH,transactional,0,sugg
football accumulator tips for tomorrow,informational (exclude),70,,LOW,informational,10,sugg
best accumulator tips for today,informational (exclude),70,2.21,LOW,informational,10,sugg
accumulator factorio,D acca/bet builder,70,,LOW,transactional,0,sugg
water pump accumulator,D acca/bet builder,70,0.9,HIGH,transactional,0,sugg
pressure accumulator,D acca/bet builder,70,2.48,HIGH,transactional,0,sugg
profit accumulator login,D acca/bet builder,70,,LOW,navigational,11,sugg
free football tips accumulator,informational (exclude),70,,LOW,commercial,23,sugg
accumulator plumbing,D acca/bet builder,70,1.55,HIGH,transactional,0,sugg
accumulator in car,D acca/bet builder,70,,LOW,transactional,0,sugg
hydraulic accumulator charge kit,D acca/bet builder,70,0.79,HIGH,transactional,0,sugg
how to do an accumulator on bet365,competitor/brand,70,,LOW,informational,0,sugg
4 fold accumulator,D acca/bet builder,70,,LOW,transactional,0,sugg
sky bet accumulator,competitor/brand,70,14.32,LOW,transactional,24,sugg
piston hydraulic accumulator,D acca/bet builder,70,4.05,MEDIUM,transactional,0,sugg
accumulator 4 fold,D acca/bet builder,70,,LOW,transactional,0,sugg
how do you do an accumulator on bet365,competitor/brand,70,,LOW,informational,0,sugg
accumulator tips: sunday,informational (exclude),70,,LOW,informational,3,sugg
accumulator charging kit,D acca/bet builder,70,0.79,HIGH,transactional,0,sugg
bet 365 group,A social/bet-with-mates,70,,LOW,commercial,34,sugg
group bet,A social/bet-with-mates,70,,LOW,transactional,,sugg
cricket betting app uk,B betting app,50,53.83,MEDIUM,commercial,17,sugg
best odds betting app,B betting app,50,71.79,MEDIUM,commercial,48,sugg
best betting odds app,B betting app,50,71.79,MEDIUM,commercial,48,sugg
crypto betting app,B betting app,50,,LOW,commercial,51,sugg
real betting app,B betting app,50,72.87,LOW,commercial,36,sugg
ladbrokes i sports betting app,competitor/brand,50,,,navigational,23,sugg
spread betting app,B betting app,50,106.39,LOW,commercial,37,sugg
whats the best betting app uk,B betting app,50,53.27,MEDIUM,informational,49,sugg
best betting app for beginners,B betting app,50,120.47,MEDIUM,commercial,26,sugg
best betting app for cheltenham,B betting app,50,,,commercial,6,sugg
virgin betting app,competitor/brand,50,38,MEDIUM,transactional,4,sugg
basketball betting app,B betting app,50,,LOW,commercial,14,sugg
new sports betting app,B betting app,50,41.12,MEDIUM,commercial,63,sugg
betting app offers uk,B betting app,50,79,MEDIUM,commercial,55,sugg
bet365 betting app,competitor/brand,50,15.98,LOW,transactional,8,sugg
cashout betting app,B betting app,50,31.82,LOW,transactional,4,sugg
top sport betting app,B betting app,50,42.39,LOW,commercial,53,sugg
nfl betting app,B betting app,50,,LOW,commercial,63,sugg
top sports betting app,B betting app,50,42.39,LOW,commercial,53,sugg
betting app no minimum deposit,B betting app,50,33.54,MEDIUM,commercial,,sugg
uk best betting app,B betting app,50,60.25,MEDIUM,commercial,49,sugg
best betting app sign up offers,B betting app,50,63.21,MEDIUM,commercial,70,sugg
betting with friends app,A social/bet-with-mates,50,8.96,LOW,transactional,4,sugg
kalshi betting app,B betting app,50,18.29,LOW,commercial,,sugg
cash out betting app,B betting app,50,31.82,LOW,transactional,0,sugg
livescore betting app,competitor/brand,50,10.68,LOW,commercial,29,sugg
match betting app,B betting app,50,12.95,MEDIUM,commercial,44,sugg
best betting app for slots,casino (exclude),50,98.25,MEDIUM,commercial,,sugg
greyhound betting app,B betting app,50,21.95,LOW,transactional,7,sugg
betting app welcome offers,B betting app,50,65.74,MEDIUM,commercial,,sugg
bb betting app,B betting app,50,,LOW,commercial,1,sugg
bet with friends app,A social/bet-with-mates,50,8.96,LOW,transactional,3,sugg
bet365 bet builder not working,competitor/brand,50,,LOW,informational,19,sugg
france vs spain bet builder,D acca/bet builder,50,5.89,LOW,commercial,,sugg
liverpool bet builder tips,informational (exclude),50,,,commercial,0,sugg
england v croatia bet builder tips,informational (exclude),50,,LOW,informational,,sugg
ladbrokes horse racing bet builder,competitor/brand,50,,LOW,commercial,,sugg
ai bet builder,D acca/bet builder,50,7.69,LOW,commercial,,sugg
how to do a bet builder,informational (exclude),50,9.01,LOW,informational,,sugg
best bet builder,D acca/bet builder,50,24.55,MEDIUM,commercial,6,sugg
bet builder betfred,competitor/brand,50,4.81,LOW,commercial,0,sugg
matched betting bet builder,D acca/bet builder,50,10.1,LOW,commercial,0,sugg
bet builder ladbrokes,competitor/brand,50,1.86,LOW,commercial,12,sugg
arsenal bet builder tips,informational (exclude),50,,,commercial,,sugg
bet builder stats,D acca/bet builder,50,,LOW,informational,4,sugg
ladbrokes bet builder player doesn't start,competitor/brand,50,,LOW,transactional,,sugg
bet builder tips tonight,informational (exclude),50,2.41,LOW,commercial,,sugg
bet builder tips for today,informational (exclude),50,3.22,LOW,commercial,5,sugg
ladbrokes bet builder player doesn t start,competitor/brand,50,,LOW,transactional,,sugg
midnite bet builder,competitor/brand,50,0.67,LOW,informational,0,sugg
england vs croatia bet builder tips,informational (exclude),50,,LOW,commercial,,sugg
sky bet group bet,competitor/brand,50,,LOW,commercial,15,sugg
24/7 betting app,B betting app,40,93.36,MEDIUM,commercial,,sugg
boxing betting app,B betting app,40,85.17,LOW,transactional,,sugg
best boxing betting app,B betting app,40,41.31,MEDIUM,commercial,11,sugg
unibet betting app,competitor/brand,40,5.28,LOW,transactional,,sugg
betting games app,B betting app,40,35.09,LOW,transactional,53,sugg
best betting app in india,bonus-hunter/offshore (exclude),40,20.84,LOW,commercial,36,sugg
top 50 betting sites uk free app,B betting app,40,40.59,LOW,commercial,,sugg
betting game app,B betting app,40,35.09,LOW,transactional,53,sugg
ai betting app,B betting app,40,8.23,LOW,commercial,,sugg
best nfl betting app,B betting app,40,,LOW,commercial,,sugg
which betting app has the best odds,B betting app,40,38.31,MEDIUM,commercial,,sugg
top 20 betting sites uk free app,B betting app,40,,LOW,commercial,48,sugg
sport betting app for android,B betting app,40,,LOW,transactional,49,sugg
australia betting app,bonus-hunter/offshore (exclude),40,11.45,LOW,commercial,55,sugg
sports betting android app,B betting app,40,,LOW,transactional,66,sugg
best cricket betting app uk,B betting app,40,53.95,LOW,commercial,,sugg
247 betting app,B betting app,40,93.36,MEDIUM,commercial,,sugg
matched betting app,B betting app,40,8.21,LOW,commercial,56,sugg
all betting app,B betting app,40,26.5,LOW,commercial,55,sugg
sports betting app android,B betting app,40,,LOW,transactional,55,sugg
online cricket betting app,B betting app,40,,LOW,transactional,28,sugg
best betting app deals,B betting app,40,66.2,LOW,commercial,,sugg
sports betting app for android,B betting app,40,,LOW,transactional,63,sugg
what is the best betting app uk,informational (exclude),40,29.34,MEDIUM,informational,35,sugg
android sports betting app,B betting app,40,,LOW,transactional,70,sugg
best betting app for boxing,B betting app,40,41.31,MEDIUM,commercial,11,sugg
betting casino app,casino (exclude),40,72.82,MEDIUM,transactional,39,sugg
best new customer offers betting app,B betting app,40,51.93,LOW,commercial,,sugg
betfair online betting app,competitor/brand,40,49.44,LOW,transactional,,sugg
betting app for boxing,B betting app,40,85.17,LOW,transactional,,sugg
best nba betting app,B betting app,40,24.07,LOW,commercial,11,sugg
australian betting app,bonus-hunter/offshore (exclude),40,11.45,LOW,commercial,52,sugg
social betting,A social/bet-with-mates,40,7.79,LOW,commercial,8,sugg
superbowl bet builder,D acca/bet builder,40,,,commercial,0,sugg
man city vs liverpool bet builder,A social/bet-with-mates,40,,LOW,commercial,0,sugg
what is a bet builder on ladbrokes,competitor/brand,40,,LOW,informational,,sugg
best bet builder tips today,informational (exclude),40,2.27,LOW,commercial,,sugg
bet builder william hill,competitor/brand,40,6.2,MEDIUM,navigational,0,sugg
liverpool v arsenal bet builder tips,informational (exclude),40,,,commercial,0,sugg
arsenal vs man city bet builder,D acca/bet builder,40,,,commercial,,sugg
coral bet builder rules,competitor/brand,40,,LOW,informational,,sugg
betfair bet builder,competitor/brand,40,5.7,MEDIUM,commercial,12,sugg
super bowl bet builder,D acca/bet builder,40,,,commercial,0,sugg
oddsmonkey bet builder,D acca/bet builder,40,,LOW,commercial,0,sugg
difference between acca and bet builder,D acca/bet builder,40,,LOW,commercial,,sugg
france vs morocco bet builder,D acca/bet builder,40,8.46,LOW,commercial,,sugg
oddschecker bet builder,D acca/bet builder,40,20.09,LOW,commercial,,sugg
liverpool vs man united bet builder tips,informational (exclude),40,,,commercial,0,sugg
man city vs liverpool bet builder tips,informational (exclude),40,,,commercial,0,sugg
man city v liverpool bet builder,A social/bet-with-mates,40,,LOW,commercial,,sugg
man city v liverpool bet builder tips,informational (exclude),40,,,informational,0,sugg
acca vs bet builder,D acca/bet builder,40,,LOW,commercial,,sugg
paddy power bet builder rules,competitor/brand,40,22.02,LOW,informational,3,sugg
champions league bet builder tips,informational (exclude),40,,LOW,informational,,sugg
how to lay a bet builder on smarkets,competitor/brand,40,4.52,LOW,informational,,sugg
arsenal vs chelsea bet builder,D acca/bet builder,40,,,commercial,,sugg
liverpool v man utd bet builder tips,informational (exclude),40,,,informational,0,sugg
darts bet builder,D acca/bet builder,40,48.06,MEDIUM,commercial,,sugg
chelsea bet builder,D acca/bet builder,40,,,commercial,0,sugg
liverpool vs arsenal bet builder tips,informational (exclude),40,,,informational,0,sugg
nfl bet builder tips today,informational (exclude),40,,,informational,,sugg
