keyword,search_volume,etv,position,ranking_url,keyword_difficulty,cpc,search_intent
bath and towel,49500,15048,2,https://www.brooklinen.com/collections/bath-towel-bundles,6,1.6200000047683716,transactional
bed sheets best,33100,10062.400390625,3,https://www.brooklinen.com/collections/best-sellers,23,7.360000133514404,commercial
best best sheets,33100,10062.400390625,2,https://www.brooklinen.com/collections/best-sellers,20,7.360000133514404,transactional
cotton percale bed sheets,33100,10062.400390625,2,https://www.brooklinen.com/collections/classic-percale-sheets,0,3.5,transactional
cotton percale sheets,33100,10062.400390625,3,https://www.brooklinen.com/collections/classic-percale-sheets,0,3.5,transactional
good bed sheet,33100,10062.400390625,2,https://www.brooklinen.com/collections/best-sellers,5,7.360000133514404,commercial
percale bed sheets,33100,10062.400390625,1,https://www.brooklinen.com/collections/classic-percale-sheets,0,4.28000020980835,transactional
percale cotton sheets,33100,10062.400390625,3,https://www.brooklinen.com/collections/classic-percale-sheets,0,3.5,transactional
percale sheet,33100,10062.400390625,2,https://www.brooklinen.com/collections/classic-percale-sheets,0,4.28000020980835,transactional
percale sheets,33100,10062.400390625,1,https://www.brooklinen.com/collections/classic-percale-sheets,0,4.28000020980835,transactional
flannel sheets bed,27100,8238.400390625,1,https://www.brooklinen.com/collections/brushed-flannel-sheets,0,1.6299999952316284,transactional
bathroom towels,49500,8019,3,https://www.brooklinen.com/collections/all-towels,3,1.6200000047683716,transactional
towels for bathroom,49500,8019,3,https://www.brooklinen.com/collections/all-towels,0,1.559999942779541,transactional
linens,90500,5963.9501953125,5,https://www.brooklinen.com/,0,2.6500000953674316,transactional
brookline,60500,5886.64990234375,3,https://www.brooklinen.com/,46,8.819999694824219,informational
linens sheets,60500,5886.64990234375,5,https://www.brooklinen.com/collections/washed-linen-sheets,0,4.25,transactional
duvet covers,165000,5577,11,https://www.brooklinen.com/collections/duvet-covers,3,2.4800000190734863,transactional
best towels for bathroom,18100,5502.39990234375,2,https://www.brooklinen.com/pages/all-bath,0,3.7200000286102295,informational
cotton percale sheet,33100,5362.2001953125,3,https://www.brooklinen.com/collections/classic-percale-sheets,0,3.5,transactional
bath towels,49500,4816.35009765625,5,https://www.brooklinen.com/collections/all-towels,6,1.6200000047683716,transactional
bath towels towels,49500,4816.35009765625,6,https://www.brooklinen.com/collections/all-towels,6,1.6200000047683716,transactional
bedding,60500,3986.949951171875,5,https://www.brooklinen.com/pages/all-bed,22,3.319999933242798,transactional
linen for bed sheets,60500,3986.949951171875,9,https://www.brooklinen.com/collections/washed-linen-sheets,0,4.25,transactional
sheets and linens,60500,3986.949951171875,12,https://www.brooklinen.com/,0,4.25,transactional
bedding sets,110000,3718,8,https://www.brooklinen.com/,2,2.799999952316284,transactional
luxury bed comforters,74000,3470.60009765625,7,https://www.brooklinen.com/,0,5.179999828338623,transactional
luxury bedroom comforters,74000,3470.60009765625,6,https://www.brooklinen.com/,0,5.179999828338623,transactional
bath towel,49500,3262.050048828125,6,https://www.brooklinen.com/collections/bath-towel-bundles,6,1.6200000047683716,transactional
down down comforter,49500,3262.050048828125,7,https://www.brooklinen.com/products/down-comforter,0,4.980000019073486,transactional
duvet and cover,165000,3250.5,13,https://www.brooklinen.com/collections/duvet-covers,0,2.4800000190734863,transactional
best duvet covers,9900,3009.60009765625,2,https://www.brooklinen.com/collections/duvet-covers,5,5.349999904632568,commercial
comforter down alternative,9900,3009.60009765625,1,https://www.brooklinen.com/products/down-alternative-comforter,0,3.6100001335144043,informational
down alternative pillow,9900,3009.60009765625,4,https://www.brooklinen.com/products/down-alternative-pillow,0,2.9100000858306885,transactional
towel set for bathroom,9900,3009.60009765625,2,https://www.brooklinen.com/collections/bath-towel-bundles,0,1.3199999332427979,transactional
down pillow,27100,2636.830078125,4,https://www.brooklinen.com/products/down-pillow,0,4.449999809265137,transactional
curtain shower curtain,165000,2475,15,https://www.brooklinen.com/collections/shower-curtains,5,0.8199999928474426,transactional
good bed sheets,33100,2181.2900390625,6,https://www.brooklinen.com/,17,7.360000133514404,transactional
bed bath ab,1000000,2100,40,https://www.brooklinen.com/,51,0.46000000834465027,transactional
finest linen sheets,6600,2006.4000244140625,2,https://www.brooklinen.com/collections/washed-linen-sheets,0,7.019999980926514,commercial
sateen sheet,6600,2006.4000244140625,2,https://www.brooklinen.com/collections/luxe-sateen-sheets,0,5.199999809265137,transactional
down comforter set,12100,1960.199951171875,3,https://www.brooklinen.com/products/down-comforter,0,2.5899999141693115,transactional
percale,12100,1960.199951171875,4,https://www.brooklinen.com/collections/classic-percale-sheets,0,4.090000152587891,informational
luxury bedroom comforter,74000,1894.4000244140625,12,https://www.brooklinen.com/,0,5.179999828338623,transactional
beach towel towel,49500,1673.0999755859375,8,https://www.brooklinen.com/collections/beach-towels,0,1.2699999809265137,transactional
bed sheets,110000,1650,17,https://www.brooklinen.com/,7,2.799999952316284,transactional
comforter,110000,1650,15,https://www.brooklinen.com/collections/comforters,7,2.2100000381469727,transactional
100 cotton percale sheets,5400,1641.5999755859375,7,https://www.brooklinen.com/collections/classic-percale-sheets,0,3.0299999713897705,transactional
100 cotton sheets percale,5400,1641.5999755859375,5,https://www.brooklinen.com/collections/classic-percale-sheets,0,3.0299999713897705,transactional
cotton sateen bed set,5400,1641.5999755859375,2,https://www.brooklinen.com/collections/luxe-sateen-sheets,0,3.630000114440918,transactional
cotton sateen sheets,5400,1641.5999755859375,2,https://www.brooklinen.com/collections/luxe-sateen-sheets,0,3.630000114440918,transactional
linen queen sheets,5400,1641.5999755859375,3,https://www.brooklinen.com/collections/washed-linen-sheets,0,3.319999933242798,transactional
percale duvet cover,5400,1641.5999755859375,2,https://www.brooklinen.com/products/classic-duvet-cover,0,4.880000114440918,transactional
percale sheets 100 cotton,5400,1641.5999755859375,4,https://www.brooklinen.com/collections/classic-percale-sheets,0,3.0299999713897705,transactional
sateen weave cotton sheets,5400,1641.5999755859375,4,https://www.brooklinen.com/collections/luxe-sateen-sheets,0,3.630000114440918,transactional
waffle robe,5400,1641.5999755859375,2,https://www.brooklinen.com/products/waffle-robe,0,2.2300000190734863,transactional
waffle towels,5400,1641.5999755859375,2,https://www.brooklinen.com/collections/waffle-towels,0,2.6700000762939453,transactional
bath towel set,9900,1603.800048828125,4,https://www.brooklinen.com/collections/bath-towel-bundles,0,1.3199999332427979,transactional
bath towel sets,9900,1603.800048828125,3,https://www.brooklinen.com/collections/bath-towel-bundles,0,1.3199999332427979,transactional
bathroom towels set,9900,1603.800048828125,3,https://www.brooklinen.com/collections/bath-towel-bundles,0,1.3199999332427979,transactional
down alternative comforter,9900,1603.800048828125,5,https://www.brooklinen.com/products/down-alternative-comforter,0,3.6100001335144043,transactional
sheet set,9900,1603.800048828125,3,https://www.brooklinen.com/collections/sheet-bundles,0,3.2100000381469727,transactional
best bed sheets,33100,1552.3900146484375,7,https://www.brooklinen.com/,0,7.360000133514404,transactional
cool sheets,33100,1552.3900146484375,8,https://www.brooklinen.com/pages/cooling,0,4.159999847412109,transactional
fitted sheet percale,33100,1552.3900146484375,7,https://www.brooklinen.com/products/classic-fitted-sheets,0,4.28000020980835,transactional
quilt,165000,1501.5,19,https://www.brooklinen.com/collections/quilts-bed-blankets,11,1.2999999523162842,informational
shower curtain curtains,165000,1501.5,18,https://www.brooklinen.com/collections/shower-curtains,0,0.8199999928474426,transactional
king doona cover,14800,1440.0400390625,6,https://www.brooklinen.com/collections/duvet-covers,0,2.809999942779541,transactional
king duvet covers,14800,1440.0400390625,4,https://www.brooklinen.com/collections/duvet-covers,0,2.809999942779541,transactional
satin sheets bedding,14800,1440.0400390625,6,https://www.brooklinen.com/collections/luxe-sateen-sheets,0,1.809999942779541,transactional
bed linen percale,4400,1337.5999755859375,1,https://www.brooklinen.com/collections/classic-percale-sheets,0,5.650000095367432,transactional
bedding percale,4400,1337.5999755859375,3,https://www.brooklinen.com/collections/classic-percale-sheets,0,5.650000095367432,transactional
best sheets percale,4400,1337.5999755859375,1,https://www.brooklinen.com/collections/classic-percale-sheets,0,6.119999885559082,commercial
blanket and linen,4400,1337.5999755859375,5,https://www.brooklinen.com/collections/quilts-bed-blankets,0,2.1700000762939453,transactional
brooklin,4400,1337.5999755859375,1,https://www.brooklinen.com/,17,4.429999828338623,informational
percale bed linen,4400,1337.5999755859375,4,https://www.brooklinen.com/collections/classic-percale-sheets,0,5.650000095367432,transactional
bed linens,8100,1312.199951171875,3,https://www.brooklinen.com/,1,5.46999979019165,transactional
bedsheet store near me,8100,1312.199951171875,6,https://www.brooklinen.com/,14,2.4800000190734863,navigational
towel set,8100,1312.199951171875,3,https://www.brooklinen.com/collections/bath-towel-bundles,0,1.159999966621399,transactional
towel sets,8100,1312.199951171875,3,https://www.brooklinen.com/collections/bath-towel-bundles,0,1.159999966621399,transactional
best bath towel,18100,1192.7900390625,6,https://www.brooklinen.com/pages/all-bath,0,3.7200000286102295,transactional
best bath towels,18100,1192.7900390625,7,https://www.brooklinen.com/pages/all-bath,0,3.7200000286102295,commercial
pillowcase silk,60500,1191.8499755859375,12,https://www.brooklinen.com/products/mulberry-silk-pillowcase,0,5.460000038146973,transactional
pillow protectors,12100,1177.3299560546875,6,https://www.brooklinen.com/products/pillow-protector,0,1.8799999952316284,transactional
bedding sheet queen,33100,1118.780029296875,10,https://www.brooklinen.com/collections/all-sheets,26,1.899999976158142,transactional
cotton percale fitted sheet,33100,1118.780029296875,8,https://www.brooklinen.com/products/classic-fitted-sheets,0,3.5,transactional
luxury bedding,74000,1110,15,https://www.brooklinen.com/,0,5.179999828338623,transactional
bed sheet sets sale,3600,1094.4000244140625,2,https://www.brooklinen.com/collections/last-call,0,2.2699999809265137,transactional
bed sheets set sale,3600,1094.4000244140625,2,https://www.brooklinen.com/collections/last-call,13,2.2699999809265137,transactional
cotton percale,3600,1094.4000244140625,2,https://www.brooklinen.com/collections/classic-percale-sheets,0,3.630000114440918,informational
high quality sheets,3600,1094.4000244140625,2,https://www.brooklinen.com/collections/classic-percale-sheets,28,7.050000190734863,transactional
high quality towel,3600,1094.4000244140625,1,https://www.brooklinen.com/pages/all-bath,0,6.809999942779541,transactional
satin bedding sheets,3600,1094.4000244140625,2,https://www.brooklinen.com/collections/luxe-sateen-sheets,0,1.399999976158142,transactional
sheets on sale,3600,1094.4000244140625,1,https://www.brooklinen.com/collections/last-call,0,2.2699999809265137,transactional
comforters and duvet covers,6600,1069.199951171875,4,https://www.brooklinen.com/collections/duvet-covers,0,2.7200000286102295,transactional
towels,90500,1022.6500244140625,20,https://www.brooklinen.com/collections/all-towels,0,2.0399999618530273,transactional
duvets,110000,1001,18,https://www.brooklinen.com/collections/duvet-covers,5,2.9600000381469727,transactional
linen bedding sheets,14800,975.3200073242188,7,https://www.brooklinen.com/collections/washed-linen-sheets,0,3.9000000953674316,transactional
down bedspreads,49500,975.1500244140625,12,https://www.brooklinen.com/products/down-comforter,0,4.730000019073486,transactional
bed and blankets,9900,963.27001953125,4,https://www.brooklinen.com/collections/quilts-bed-blankets,0,2.490000009536743,transactional
bedroom sheets queen,9900,963.27001953125,6,https://www.brooklinen.com/collections/all-sheets,11,1.600000023841858,transactional
good towels,9900,963.27001953125,5,https://www.brooklinen.com/pages/all-bath,0,5.349999904632568,transactional
linen sheets,60500,907.5,15,https://www.brooklinen.com/collections/washed-linen-sheets,0,4.25,transactional
bedroom duvets,2900,881.5999755859375,1,https://www.brooklinen.com/collections/duvet-covers,0,2.4200000762939453,transactional
breathable bed linen,2900,881.5999755859375,4,https://www.brooklinen.com/collections/classic-percale-sheets,8,2.9100000858306885,informational
comforter and bed sheet set,2900,881.5999755859375,2,https://www.brooklinen.com/collections/sheet-bundles,11,1.8299999237060547,transactional
comforter sheet set,2900,881.5999755859375,2,https://www.brooklinen.com/collections/sheet-bundles,11,1.8299999237060547,transactional
comforter with sheet sets,2900,881.5999755859375,3,https://www.brooklinen.com/collections/sheet-bundles,0,1.8299999237060547,transactional
coolest duvet covers,2900,881.5999755859375,2,https://www.brooklinen.com/collections/duvet-covers,4,4,commercial
cotton percale cooling sheets,2900,881.5999755859375,1,https://www.brooklinen.com/collections/classic-percale-sheets,0,1.4900000095367432,informational
cotton percale sheets for hot sleepers,2900,881.5999755859375,1,https://www.brooklinen.com/collections/classic-percale-sheets,0,2.069999933242798,commercial
high quality bath towels,2900,881.5999755859375,1,https://www.brooklinen.com/pages/all-bath,10,5.779999732971191,transactional
high quality bathroom towels,2900,881.5999755859375,3,https://www.brooklinen.com/pages/all-bath,0,5.779999732971191,transactional
high quality bed sheets,2900,881.5999755859375,1,https://www.brooklinen.com/collections/best-sellers,8,6.929999828338623,transactional
marlow pillow,2900,881.5999755859375,2,https://www.brooklinen.com/products/marlow-cooling-bundle,0,2.75,transactional
marlow pillows,2900,881.5999755859375,1,https://www.brooklinen.com/products/marlow-pillow,0,2.75,transactional
sheet set with comforter,2900,881.5999755859375,2,https://www.brooklinen.com/collections/sheet-bundles,0,1.8299999237060547,transactional
waffle robe women's,2900,881.5999755859375,2,https://www.brooklinen.com/products/waffle-robe,0,1.9500000476837158,transactional
best towels for beach,5400,874.7999877929688,2,https://www.brooklinen.com/collections/beach-towels,0,2.4100000858306885,informational
cotton sateen bed sheets,5400,874.7999877929688,5,https://www.brooklinen.com/collections/luxe-sateen-sheets,0,3.630000114440918,transactional
durable linen sheets,5400,874.7999877929688,2,https://www.brooklinen.com/collections/washed-linen-sheets,0,5.710000038146973,transactional
sateen cotton sheets,5400,874.7999877929688,4,https://www.brooklinen.com/collections/luxe-sateen-sheets,0,3.630000114440918,transactional
towel waffle,5400,874.7999877929688,4,https://www.brooklinen.com/collections/waffle-towels,0,2.6700000762939453,transactional
best sheets,33100,847.3599853515625,12,https://www.brooklinen.com/,0,7.360000133514404,commercial
cool bed sets,33100,847.3599853515625,9,https://www.brooklinen.com/,0,4.159999847412109,transactional
duvet inserts,33100,847.3599853515625,12,https://www.brooklinen.com/collections/duvet-inserts-pillows,0,3,transactional
fitted sheets percale,33100,847.3599853515625,8,https://www.brooklinen.com/collections/classic-percale-sheets,0,4.28000020980835,transactional
fitted bed sheets,40500,797.8499755859375,13,https://www.brooklinen.com/products/classic-fitted-sheets,0,2.180000066757202,transactional
fitted bottom sheets,40500,797.8499755859375,10,https://www.brooklinen.com/products/classic-fitted-sheets,0,2.180000066757202,transactional
bedding and sheets,12100,797.3900146484375,6,https://www.brooklinen.com/,0,4.639999866485596,transactional
bed and linen,8100,788.1300048828125,7,https://www.brooklinen.com/,0,5.46999979019165,transactional
bed linen,8100,788.1300048828125,5,https://www.brooklinen.com/,1,5.46999979019165,transactional
bed sheet comforter,8100,788.1300048828125,6,https://www.brooklinen.com/collections/sheet-bundles,0,1.340000033378601,transactional
bedding and linen,8100,788.1300048828125,8,https://www.brooklinen.com/,0,5.46999979019165,transactional
bedding sale memorial day,8100,788.1300048828125,3,https://www.brooklinen.com/collections/last-call,0,11.380000114440918,commercial
bedroom linen,8100,788.1300048828125,5,https://www.brooklinen.com/,0,5.46999979019165,transactional
bedsheets linen,8100,788.1300048828125,3,https://www.brooklinen.com/collections/washed-linen-sheets,0,5.46999979019165,transactional
high quality bed linens,8100,788.1300048828125,4,https://www.brooklinen.com/,8,5.269999980926514,transactional
high quality bedding,8100,788.1300048828125,6,https://www.brooklinen.com/,1,5.269999980926514,commercial
quilt blanket,8100,788.1300048828125,4,https://www.brooklinen.com/collections/quilts-bed-blankets,0,0.9900000095367432,transactional
100 long-staple cotton sheets,2400,729.5999755859375,4,https://www.brooklinen.com/collections/classic-percale-sheets,0,3.2100000381469727,transactional
bed sheet sales,2400,729.5999755859375,2,https://www.brooklinen.com/collections/last-call,1,1.809999942779541,transactional
bed sheets sale,2400,729.5999755859375,1,https://www.brooklinen.com/collections/last-call,0,1.809999942779541,transactional
cotton percale bed linens,2400,729.5999755859375,2,https://www.brooklinen.com/collections/classic-percale-sheets,0,3.700000047683716,transactional
percale cotton bedding,2400,729.5999755859375,2,https://www.brooklinen.com/collections/classic-percale-sheets,0,3.700000047683716,transactional
quilt for summer,2400,729.5999755859375,1,https://www.brooklinen.com/collections/quilts-bed-blankets,0,1.9600000381469727,informational
quilt summer,2400,729.5999755859375,2,https://www.brooklinen.com/collections/quilts-bed-blankets,0,1.9600000381469727,informational
quilts for summer,2400,729.5999755859375,2,https://www.brooklinen.com/collections/quilts-bed-blankets,0,1.9600000381469727,informational
top-rated down alternative comforters,2400,729.5999755859375,2,https://www.brooklinen.com/products/down-alternative-comforter,7,6.869999885559082,commercial
best percale sheet,4400,712.7999877929688,3,https://www.brooklinen.com/collections/classic-percale-sheets,2,6.119999885559082,commercial
comforter covers,4400,712.7999877929688,2,https://www.brooklinen.com/collections/duvet-covers,11,2.4200000762939453,transactional
duvet cover queen,14800,694.1199951171875,7,https://www.brooklinen.com/collections/duvet-covers,0,2.3399999141693115,transactional
duvet set king,14800,694.1199951171875,8,https://www.brooklinen.com/collections/duvet-covers,0,2.809999942779541,transactional
linen bed sheets,14800,694.1199951171875,8,https://www.brooklinen.com/collections/washed-linen-sheets,0,3.9000000953674316,transactional
linen bedding,14800,694.1199951171875,8,https://www.brooklinen.com/,0,4.150000095367432,transactional
bath mat,74000,673.4000244140625,19,https://www.brooklinen.com/collections/bath-rugs-mats,0,1.309999942779541,transactional
alternative down pillow,9900,652.4099731445312,8,https://www.brooklinen.com/products/down-alternative-pillow,0,2.9100000858306885,transactional
bath cotton towel,9900,652.4099731445312,5,https://www.brooklinen.com/collections/all-towels,0,1.6399999856948853,transactional
bath towels cotton,9900,652.4099731445312,8,https://www.brooklinen.com/collections/all-towels,0,1.6399999856948853,transactional
best duvet and cover,9900,652.4099731445312,6,https://www.brooklinen.com/collections/duvet-covers,0,5.349999904632568,commercial
best duvet cover,9900,652.4099731445312,5,https://www.brooklinen.com/collections/duvet-covers,1,5.349999904632568,transactional
down alternative pillows,9900,652.4099731445312,8,https://www.brooklinen.com/products/down-alternative-pillow,0,2.9100000858306885,transactional
mulberry silk pillowcase,9900,652.4099731445312,6,https://www.brooklinen.com/products/mulberry-silk-pillowcase,0,3.5999999046325684,transactional
set of bed sheets,9900,652.4099731445312,9,https://www.brooklinen.com/collections/sheet-bundles,1,3.2100000381469727,transactional
bath robe,33100,652.0700073242188,16,https://www.brooklinen.com/products/super-plush-robe,0,1.7200000286102295,transactional
coolest sheets,33100,652.0700073242188,12,https://www.brooklinen.com/pages/cooling,11,4.139999866485596,informational
best down comforter,6600,642.1799926757812,4,https://www.brooklinen.com/products/down-comforter,0,7.420000076293945,transactional
comforter and duvet cover,6600,642.1799926757812,6,https://www.brooklinen.com/collections/comforters,1,2.7200000286102295,transactional
cotton bathrobes,6600,642.1799926757812,6,https://www.brooklinen.com/products/super-plush-robe,0,1.8199999332427979,transactional
down queen comforter,6600,642.1799926757812,5,https://www.brooklinen.com/products/down-comforter,0,4.130000114440918,transactional
duvet comforter covers,6600,642.1799926757812,6,https://www.brooklinen.com/collections/duvet-covers,4,2.7200000286102295,transactional
sateen sheets,6600,642.1799926757812,7,https://www.brooklinen.com/collections/luxe-sateen-sheets,0,5.199999809265137,transactional
split king sheets,6600,642.1799926757812,5,https://www.brooklinen.com/products/luxe-split-king-sheet-set,0,4.579999923706055,transactional
bed sheets in sale,3600,583.2000122070312,3,https://www.brooklinen.com/collections/last-call,0,2.2699999809265137,transactional
bed sheets on sale,3600,583.2000122070312,3,https://www.brooklinen.com/collections/last-call,0,2.2699999809265137,transactional
comforters duvet,3600,583.2000122070312,4,https://www.brooklinen.com/collections/comforters,0,3.059999942779541,transactional
full duvet cover,3600,583.2000122070312,2,https://www.brooklinen.com/collections/duvet-covers,0,1.6200000047683716,transactional
full duvet covers,3600,583.2000122070312,3,https://www.brooklinen.com/collections/duvet-covers,0,1.6200000047683716,transactional
sale bed sheets,3600,583.2000122070312,2,https://www.brooklinen.com/collections/last-call,0,2.2699999809265137,transactional
sale on sheets,3600,583.2000122070312,3,https://www.brooklinen.com/collections/last-call,0,2.2699999809265137,transactional
sales bed sheets,3600,583.2000122070312,3,https://www.brooklinen.com/collections/last-call,0,2.2699999809265137,transactional
satin bed sets,3600,583.2000122070312,4,https://www.brooklinen.com/collections/luxe-sateen-sheets,0,1.399999976158142,transactional
satin bedding set,3600,583.2000122070312,4,https://www.brooklinen.com/collections/luxe-sateen-sheets,0,1.399999976158142,transactional
sheet set split king,3600,583.2000122070312,5,https://www.brooklinen.com/products/luxe-split-king-sheet-set,0,5.329999923706055,transactional
split king sheet set,3600,583.2000122070312,3,https://www.brooklinen.com/products/classic-split-king-sheet-set,0,5.329999923706055,transactional
breathable linen sheets,1900,577.5999755859375,3,https://www.brooklinen.com/collections/washed-linen-sheets,1,1.3700000047683716,transactional
cotton robe waffle,1900,577.5999755859375,4,https://www.brooklinen.com/products/waffle-robe,0,1.4700000286102295,transactional
duvet blankets,1900,577.5999755859375,3,https://www.brooklinen.com/collections/duvet-covers,0,2.109999895095825,transactional
duvet cover bed,1900,577.5999755859375,3,https://www.brooklinen.com/collections/duvet-covers,0,3.190000057220459,transactional
duvet covers bed,1900,577.5999755859375,2,https://www.brooklinen.com/collections/duvet-covers,0,3.190000057220459,transactional
hypoallergenic down comforter,1900,577.5999755859375,2,https://www.brooklinen.com/products/down-alternative-comforter,0,9.489999771118164,transactional
lightweight quilt,1900,577.5999755859375,2,https://www.brooklinen.com/collections/quilts-bed-blankets,0,1.7699999809265137,transactional
percale queen sheets,1900,577.5999755859375,3,https://www.brooklinen.com/collections/classic-percale-sheets,0,2.990000009536743,transactional
soft bathroom towels,1900,577.5999755859375,3,https://www.brooklinen.com/collections/bath-towel-bundles,3,3.259999990463257,transactional
washable comforter,1900,577.5999755859375,1,https://www.brooklinen.com/collections/comforters,0,4.409999847412109,transactional
organic cotton bedding set,22200,568.3200073242188,10,https://www.brooklinen.com/collections/organic-sheets,0,4.360000133514404,transactional
sham pillowcases,22200,568.3200073242188,13,https://www.brooklinen.com/collections/pillowcases-shams,0,1.3300000429153442,transactional
100 mulberry silk pillowcase,12100,567.489990234375,8,https://www.brooklinen.com/products/mulberry-silk-pillowcase,0,3.430000066757202,transactional
duvet set cotton,90500,533.9500122070312,17,https://www.brooklinen.com/collections/duvet-covers,0,1.8600000143051147,transactional
bed and linens,8100,533.7899780273438,7,https://www.brooklinen.com/,0,5.46999979019165,transactional
comforters and bed sheets,8100,533.7899780273438,5,https://www.brooklinen.com/,11,1.340000033378601,transactional
high quality bed linen,8100,533.7899780273438,6,https://www.brooklinen.com/,0,5.269999980926514,transactional
towel and robe,8100,533.7899780273438,6,https://www.brooklinen.com/products/super-plush-towel-and-robe-bundle,0,1.2999999523162842,transactional
warm bath towel,8100,533.7899780273438,6,https://www.brooklinen.com/collections/all-towels,0,1.2400000095367432,transactional
100 cotton percale bed sheets,5400,525.4199829101562,5,https://www.brooklinen.com/collections/classic-percale-sheets,0,3.0299999713897705,transactional
bathrobes waffle,5400,525.4199829101562,7,https://www.brooklinen.com/products/waffle-robe,0,2.2300000190734863,transactional
duvet cover percale,5400,525.4199829101562,4,https://www.brooklinen.com/products/classic-duvet-cover,0,4.880000114440918,transactional
duvet covers percale,5400,525.4199829101562,5,https://www.brooklinen.com/products/classic-duvet-cover,0,4.880000114440918,transactional
flannel queen sheet set,5400,525.4199829101562,8,https://www.brooklinen.com/products/flannel-core-sheet-set,0,1.3600000143051147,transactional
good beach towel,5400,525.4199829101562,6,https://www.brooklinen.com/collections/beach-towels,0,2.4100000858306885,informational
good beach towels,5400,525.4199829101562,5,https://www.brooklinen.com/collections/beach-towels,0,2.4100000858306885,transactional
queen duvet cover cotton,5400,525.4199829101562,4,https://www.brooklinen.com/collections/duvet-covers,0,1.309999942779541,transactional
sheet sets king,5400,525.4199829101562,4,https://www.brooklinen.com/collections/all-sheets,6,2.559999942779541,transactional
throw blanket for bed,5400,525.4199829101562,3,https://www.brooklinen.com/collections/throw-blankets-pillow-covers,6,1.7300000190734863,transactional
king bed duvet covers,14800,500.239990234375,10,https://www.brooklinen.com/collections/duvet-covers,0,2.809999942779541,transactional
linen bed set,14800,500.239990234375,7,https://www.brooklinen.com/,0,3.9000000953674316,transactional
linen sheets for bed,14800,500.239990234375,9,https://www.brooklinen.com/collections/washed-linen-sheets,0,3.9000000953674316,transactional
pillow and bedding,14800,500.239990234375,9,https://www.brooklinen.com/,0,1.8700000047683716,transactional
satin sheets,14800,500.239990234375,11,https://www.brooklinen.com/collections/luxe-sateen-sheets,0,1.809999942779541,transactional
best fitted sheets,33100,496.5,15,https://www.brooklinen.com/,3,7.360000133514404,commercial
best quilt,1600,486.3999938964844,3,https://www.brooklinen.com/collections/quilts-bed-blankets,5,3.549999952316284,commercial
classic percale fitted sheet,1600,486.3999938964844,2,https://www.brooklinen.com/collections/classic-percale-sheets,0,7.590000152587891,transactional
classic percale sheets,1600,486.3999938964844,1,https://www.brooklinen.com/collections/classic-percale-sheets,0,7.590000152587891,transactional
percale cotton,1600,486.3999938964844,5,https://www.brooklinen.com/collections/classic-percale-sheets,0,3.809999942779541,transactional
percale king sheet,1600,486.3999938964844,2,https://www.brooklinen.com/collections/classic-percale-sheets,0,4.929999828338623,transactional
percale king sheets,1600,486.3999938964844,2,https://www.brooklinen.com/collections/classic-percale-sheets,0,4.929999828338623,transactional
plush bath towels,1600,486.3999938964844,2,https://www.brooklinen.com/collections/plush-towels,0,3.380000114440918,transactional
plushest bath towels,1600,486.3999938964844,1,https://www.brooklinen.com/pages/all-bath,6,3.380000114440918,transactional
super plush robe,1600,486.3999938964844,2,https://www.brooklinen.com/products/super-plush-robe,0,2.2899999618530273,transactional
waffle weave blankets,1600,486.3999938964844,3,https://www.brooklinen.com/products/dreamweave-waffle-bed-blanket,0,1.4800000190734863,transactional
bath towels high quality,2900,469.79998779296875,3,https://www.brooklinen.com/pages/all-bath,3,5.779999732971191,transactional
bed and duvet,2900,469.79998779296875,3,https://www.brooklinen.com/collections/duvet-covers,0,2.4200000762939453,transactional
bedding duvet,2900,469.79998779296875,2,https://www.brooklinen.com/collections/duvet-covers,0,2.4200000762939453,transactional
comforter & sheet set,2900,469.79998779296875,3,https://www.brooklinen.com/collections/sheet-bundles,11,1.8299999237060547,transactional
comforter and sheet sets,2900,469.79998779296875,2,https://www.brooklinen.com/collections/sheet-bundles,4,1.8299999237060547,transactional
duvet for bed,2900,469.79998779296875,5,https://www.brooklinen.com/collections/duvet-covers,0,2.4200000762939453,transactional
duvet for bedding,2900,469.79998779296875,2,https://www.brooklinen.com/collections/duvet-covers,0,2.4200000762939453,transactional
queen sheets sale,2900,469.79998779296875,3,https://www.brooklinen.com/collections/last-call,0,1.159999966621399,transactional
sheets comforter sets,2900,469.79998779296875,3,https://www.brooklinen.com/collections/sheet-bundles,0,1.8299999237060547,transactional
women's waffle robe,2900,469.79998779296875,3,https://www.brooklinen.com/products/waffle-robe,0,1.9500000476837158,transactional
bath towel cotton,9900,464.30999755859375,7,https://www.brooklinen.com/collections/all-towels,0,1.6399999856948853,transactional
best sheets for a hot sleeper,9900,464.30999755859375,8,https://www.brooklinen.com/pages/cooling,0,6.03000020980835,commercial
coolest bedding,9900,464.30999755859375,11,https://www.brooklinen.com/,11,4.480000019073486,transactional
modern bed sheets,9900,464.30999755859375,7,https://www.brooklinen.com/,0,2.7200000286102295,transactional
best bathroom towels,18100,463.3599853515625,12,https://www.brooklinen.com/pages/all-bath,0,3.7200000286102295,transactional
bath mat in bathroom,74000,436.6000061035156,19,https://www.brooklinen.com/collections/bath-rugs-mats,0,1.309999942779541,transactional
best linen sheets,6600,434.94000244140625,6,https://www.brooklinen.com/collections/washed-linen-sheets,0,7.019999980926514,commercial
luxurious bed sheets,6600,434.94000244140625,9,https://www.brooklinen.com/,0,4.760000228881836,transactional
luxury bed sheets,6600,434.94000244140625,5,https://www.brooklinen.com/,0,4.760000228881836,transactional
split king fitted sheet,6600,434.94000244140625,8,https://www.brooklinen.com/products/classic-split-king-sheet-set,0,4.579999923706055,transactional
bed sheet full set,4400,428.1199951171875,6,https://www.brooklinen.com/collections/sheet-bundles,8,1.3899999856948853,transactional
bedroom sheet sets,4400,428.1199951171875,9,https://www.brooklinen.com/collections/sheet-bundles,11,2.5799999237060547,transactional
comforters and quilts,4400,428.1199951171875,3,https://www.brooklinen.com/collections/quilts-bed-blankets,0,1.5199999809265137,transactional
cover comforter,4400,428.1199951171875,6,https://www.brooklinen.com/collections/duvet-covers,0,2.4200000762939453,transactional
covers for comforter,4400,428.1199951171875,6,https://www.brooklinen.com/collections/duvet-covers,0,2.4200000762939453,transactional
duvet and duvet cover sale,4400,428.1199951171875,4,https://www.brooklinen.com/collections/duvet-covers,0,1.9100000858306885,transactional
full set of sheets,4400,428.1199951171875,5,https://www.brooklinen.com/collections/all-sheets,2,1.3899999856948853,transactional
mulberry silk sheets,4400,428.1199951171875,3,https://www.brooklinen.com/collections/mulberry-silk-collection,0,4.230000019073486,transactional
percale bed linens,4400,428.1199951171875,5,https://www.brooklinen.com/collections/classic-percale-sheets,0,5.650000095367432,transactional
sheet set bedding,4400,428.1199951171875,4,https://www.brooklinen.com/collections/sheet-bundles,0,2.5799999237060547,transactional
bath mats,74000,414.3999938964844,23,https://www.brooklinen.com/collections/bath-rugs-mats,0,1.309999942779541,transactional
best bed sheets cooling,12100,408.9800109863281,11,https://www.brooklinen.com/collections/classic-percale-sheets,0,4.970000267028809,commercial
sheets for bed,12100,408.9800109863281,10,https://www.brooklinen.com/,0,4.639999866485596,transactional
sheets for beds,12100,408.9800109863281,12,https://www.brooklinen.com/,11,4.639999866485596,transactional
silk sheet,27100,406.5,14,https://www.brooklinen.com/collections/luxe-sateen-sheets,0,3.259999990463257,transactional
linen companies,1300,395.20001220703125,4,https://www.brooklinen.com/,25,7.210000038146973,commercial
percale sheet sets,1300,395.20001220703125,2,https://www.brooklinen.com/collections/classic-percale-sheets,0,4.449999809265137,transactional
quilts and throws,1300,395.20001220703125,2,https://www.brooklinen.com/collections/quilts-bed-blankets,0,0.6000000238418579,transactional
throws and quilts,1300,395.20001220703125,3,https://www.brooklinen.com/collections/quilts-bed-blankets,0,0.6000000238418579,transactional
100 long staple cotton sheets,2400,388.79998779296875,4,https://www.brooklinen.com/collections/classic-percale-sheets,0,3.2100000381469727,transactional
bed sheet sale,2400,388.79998779296875,2,https://www.brooklinen.com/collections/last-call,0,1.809999942779541,transactional
blankets and covers,2400,388.79998779296875,4,https://www.brooklinen.com/collections/throw-blankets-pillow-covers,2,1.2599999904632568,transactional
decorative throws and blankets,2400,388.79998779296875,3,https://www.brooklinen.com/collections/throw-blankets-pillow-covers,7,1.0299999713897705,transactional
european linen duvet cover,2400,388.79998779296875,4,https://www.brooklinen.com/products/washed-linen-duvet-cover,0,4.590000152587891,transactional
throw for bed,2400,388.79998779296875,3,https://www.brooklinen.com/collections/throw-blankets-pillow-covers,2,1.5399999618530273,transactional
towel linens,2400,388.79998779296875,3,https://www.brooklinen.com/collections/all-towels,0,1.2799999713897705,transactional
bed sheets store near me,8100,379.8900146484375,9,https://www.brooklinen.com/,10,2.4800000190734863,transactional
bedsheets,8100,379.8900146484375,6,https://www.brooklinen.com/,0,4.340000152587891,transactional
comforter down king,8100,379.8900146484375,8,https://www.brooklinen.com/products/down-comforter,0,4.420000076293945,transactional
high quality bedspreads,8100,379.8900146484375,10,https://www.brooklinen.com/,0,5.269999980926514,transactional
bath sheets,14800,378.8800048828125,13,https://www.brooklinen.com/products/super-plush-bath-sheets,0,1.8399999141693115,transactional
bed linen sheet,14800,378.8800048828125,11,https://www.brooklinen.com/,0,3.9000000953674316,transactional
linen bed,14800,378.8800048828125,11,https://www.brooklinen.com/,0,4.150000095367432,transactional
linen bedroom set,14800,378.8800048828125,11,https://www.brooklinen.com/,0,3.9000000953674316,transactional
comforter goose down,49500,371.25,17,https://www.brooklinen.com/products/down-comforter,0,4.980000019073486,informational
fitted sheet,40500,368.54998779296875,18,https://www.brooklinen.com/products/luxe-fitted-sheets,0,2.180000066757202,transactional
bed sheet,110000,363,25,https://www.brooklinen.com/,0,2.799999952316284,transactional
duvet cover,165000,363,34,https://www.brooklinen.com/collections/duvet-covers,2,2.4800000190734863,transactional
silk sleeping mask,18100,356.57000732421875,14,https://www.brooklinen.com/products/mulberry-silk-eyemask,0,4.440000057220459,transactional
bathrobe waffle,5400,355.8599853515625,7,https://www.brooklinen.com/products/waffle-robe,0,2.2300000190734863,transactional
king sheets set,5400,355.8599853515625,6,https://www.brooklinen.com/collections/all-sheets,0,2.559999942779541,transactional
plush robe,5400,355.8599853515625,5,https://www.brooklinen.com/products/super-plush-robe,0,1.940000057220459,transactional
bath mat and runner,3600,350.2799987792969,5,https://www.brooklinen.com/collections/bath-rugs-mats,0,1.4300000667572021,informational
bath mat runners,3600,350.2799987792969,7,https://www.brooklinen.com/collections/bath-rugs-mats,0,1.4300000667572021,transactional
bed linen shops,3600,350.2799987792969,6,https://www.brooklinen.com/,0,2.490000009536743,commercial
bedding sheets on sale,3600,350.2799987792969,4,https://www.brooklinen.com/collections/last-call,0,2.2699999809265137,transactional
bedding sheets sale,3600,350.2799987792969,7,https://www.brooklinen.com/collections/last-call,0,2.2699999809265137,transactional
bedroom linen stores,3600,350.2799987792969,6,https://www.brooklinen.com/,0,2.490000009536743,navigational
bedsheet set sale,3600,350.2799987792969,4,https://www.brooklinen.com/collections/last-call,0,2.2699999809265137,transactional
comforter duvet,3600,350.2799987792969,8,https://www.brooklinen.com/collections/duvet-inserts-pillows,0,3.059999942779541,transactional
down comforter king size,3600,350.2799987792969,7,https://www.brooklinen.com/products/down-comforter,0,4.260000228881836,transactional
duvet sheet,3600,350.2799987792969,7,https://www.brooklinen.com/collections/duvet-covers,0,2.759999990463257,transactional
king size white down comforter,3600,350.2799987792969,8,https://www.brooklinen.com/products/down-comforter,0,4.260000228881836,transactional
premium bed linen,3600,350.2799987792969,3,https://www.brooklinen.com/,0,7.190000057220459,transactional
sheets bedding sale,3600,350.2799987792969,4,https://www.brooklinen.com/collections/last-call,0,2.2699999809265137,transactional
store bedding,3600,350.2799987792969,8,https://www.brooklinen.com/pages/all-bed,14,2.490000009536743,transactional
curtains shower curtain,165000,346.5,46,https://www.brooklinen.com/products/shower-curtain-set,0,0.8199999928474426,transactional
quilts,165000,346.5,47,https://www.brooklinen.com/collections/quilts-bed-blankets,0,1.2999999523162842,transactional
shower curtains,165000,346.5,53,https://www.brooklinen.com/collections/shower-curtains,0,0.8199999928474426,transactional
bath rug,60500,338.79998779296875,22,https://www.brooklinen.com/collections/bath-rugs-mats,0,1.100000023841858,transactional
bedding & bath,9900,334.6199951171875,9,https://www.brooklinen.com/,16,0.9200000166893005,navigational
best sheets for hot sleepers,9900,334.6199951171875,10,https://www.brooklinen.com/pages/cooling,0,6.03000020980835,commercial
silk mulberry pillowcases,9900,334.6199951171875,10,https://www.brooklinen.com/products/mulberry-silk-pillowcase,0,3.5999999046325684,informational
bathtub mats,74000,318.20001220703125,23,https://www.brooklinen.com/collections/bath-rugs-mats,0,1.309999942779541,transactional
best bedding,12100,309.760009765625,10,https://www.brooklinen.com/,2,13.569999694824219,commercial
best cooling bed sheets,12100,309.760009765625,11,https://www.brooklinen.com/pages/cooling,0,4.970000267028809,commercial
best for bedding,12100,309.760009765625,9,https://www.brooklinen.com/,0,13.569999694824219,commercial
best sheets cooling,12100,309.760009765625,11,https://www.brooklinen.com/collections/classic-percale-sheets,0,4.970000267028809,commercial
downs comforter sets,12100,309.760009765625,10,https://www.brooklinen.com/products/down-comforter,0,2.5899999141693115,transactional
queen duvet cover,12100,309.760009765625,10,https://www.brooklinen.com/collections/duvet-covers,0,1.9200000762939453,transactional
bed sheet luxury,6600,309.5400085449219,8,https://www.brooklinen.com/,0,4.760000228881836,transactional
cotton bathrobe,6600,309.5400085449219,9,https://www.brooklinen.com/products/super-plush-robe,0,1.8199999332427979,transactional
duvet cover for comforter,6600,309.5400085449219,8,https://www.brooklinen.com/collections/duvet-covers,0,2.7200000286102295,transactional
luxurious bed sets,6600,309.5400085449219,6,https://www.brooklinen.com/,0,4.760000228881836,transactional
luxury bed linen set,6600,309.5400085449219,6,https://www.brooklinen.com/,0,4.760000228881836,transactional
luxury bed linen sets,6600,309.5400085449219,7,https://www.brooklinen.com/,0,4.760000228881836,transactional
100 european flax linen sheets,1900,307.79998779296875,3,https://www.brooklinen.com/collections/washed-linen-sheets,0,4.449999809265137,informational
bed linen brands,1900,307.79998779296875,3,https://www.brooklinen.com/,7,5.389999866485596,commercial
bedding duvet covers,1900,307.79998779296875,3,https://www.brooklinen.com/collections/duvet-covers,2,3.190000057220459,transactional
bedroom duvet covers,1900,307.79998779296875,3,https://www.brooklinen.com/collections/duvet-covers,0,3.190000057220459,transactional
blanket and duvet,1900,307.79998779296875,5,https://www.brooklinen.com/collections/quilts-bed-blankets,2,2.109999895095825,transactional
block printed quilt,1900,307.79998779296875,3,https://www.brooklinen.com/products/caroline-z-hurley-block-printed-gauze-quilt,0,1.2400000095367432,transactional
down comforters hypoallergenic,1900,307.79998779296875,3,https://www.brooklinen.com/products/down-alternative-comforter,0,9.489999771118164,transactional
duvet bed covers,1900,307.79998779296875,2,https://www.brooklinen.com/collections/duvet-covers,0,3.190000057220459,transactional
percale sheets queen,1900,307.79998779296875,4,https://www.brooklinen.com/collections/classic-percale-sheets,0,2.990000009536743,transactional
soft bath towels,1900,307.79998779296875,7,https://www.brooklinen.com/collections/bath-towel-bundles,9,3.259999990463257,transactional
waffle robe cotton,1900,307.79998779296875,6,https://www.brooklinen.com/products/waffle-robe,0,1.4700000286102295,transactional
winter duvet cover,1900,307.79998779296875,3,https://www.brooklinen.com/collections/duvet-covers,0,2.619999885559082,transactional
winter duvet covers,1900,307.79998779296875,3,https://www.brooklinen.com/collections/duvet-covers,4,2.619999885559082,transactional
bath towels bath sheet,1000,304,6,https://www.brooklinen.com/collections/bath-towel-bundles,0,1.7699999809265137,transactional
bedding bundles,1000,304,1,https://www.brooklinen.com/collections/sheet-bundles,0,10.109999656677246,transactional
best linen duvet covers,1000,304,1,https://www.brooklinen.com/products/washed-linen-duvet-cover,4,6.539999961853027,commercial
deals on bedding,1000,304,2,https://www.brooklinen.com/collections/last-call,0,4.639999866485596,commercial
linen brooklyn,1000,304,4,https://www.brooklinen.com/,0,3.740000009536743,commercial
nice bed sheets,1000,304,2,https://www.brooklinen.com/,26,4.420000076293945,transactional
percale cotton sheets queen,1000,304,4,https://www.brooklinen.com/collections/classic-percale-sheets,0,2.0399999618530273,transactional
sateen bed set,1000,304,2,https://www.brooklinen.com/collections/luxe-sateen-sheets,0,5.789999961853027,transactional
sateen bed sheet,1000,304,3,https://www.brooklinen.com/collections/luxe-sateen-sheets,0,5.789999961853027,transactional
sateen bed sheets,1000,304,2,https://www.brooklinen.com/collections/luxe-sateen-sheets,0,5.789999961853027,transactional
towels plush,1000,304,2,https://www.brooklinen.com/collections/plush-towels,0,3.5,transactional
waffle knit bath robe,1000,304,2,https://www.brooklinen.com/products/waffle-robe,0,2.2899999618530273,transactional
waffle weave robes,1000,304,2,https://www.brooklinen.com/products/waffle-robe,0,2.2899999618530273,transactional
beach towels,49500,292.04998779296875,22,https://www.brooklinen.com/collections/beach-towels,0,1.2699999809265137,transactional
down comforter,49500,292.04998779296875,21,https://www.brooklinen.com/products/down-alternative-comforter,0,4.980000019073486,transactional
best comforter,14800,291.55999755859375,11,https://www.brooklinen.com/collections/comforters,0,5.300000190734863,transactional
linen sheets bed,14800,291.55999755859375,10,https://www.brooklinen.com/collections/washed-linen-sheets,0,3.9000000953674316,transactional
bed sheet set,4400,289.9599914550781,5,https://www.brooklinen.com/collections/sheet-bundles,8,2.5799999237060547,transactional
bedroom sheet set,4400,289.9599914550781,7,https://www.brooklinen.com/collections/sheet-bundles,0,2.5799999237060547,transactional
best percale fitted sheets,4400,289.9599914550781,5,https://www.brooklinen.com/collections/classic-percale-sheets,3,6.119999885559082,commercial
best percale sheets,4400,289.9599914550781,4,https://www.brooklinen.com/collections/classic-percale-sheets,0,6.119999885559082,commercial
best.percale sheets,4400,289.9599914550781,5,https://www.brooklinen.com/collections/classic-percale-sheets,5,6.119999885559082,informational
comforter linen,4400,289.9599914550781,6,https://www.brooklinen.com/collections/comforters,0,2.7899999618530273,transactional
comforters linen,4400,289.9599914550781,7,https://www.brooklinen.com/,0,2.7899999618530273,transactional
new sheets,4400,289.9599914550781,8,https://www.brooklinen.com/,33,9.989999771118164,informational
percale bedding,4400,289.9599914550781,7,https://www.brooklinen.com/collections/classic-percale-sheets,0,5.650000095367432,transactional
quilt bed comforter,4400,289.9599914550781,8,https://www.brooklinen.com/collections/quilts-bed-blankets,0,1.5199999809265137,transactional
striped sheets,4400,289.9599914550781,6,https://www.brooklinen.com/pages/stripes,0,1.6700000762939453,transactional
waffle blanket,4400,289.9599914550781,7,https://www.brooklinen.com/products/dreamweave-waffle-bed-blanket,0,1.7599999904632568,transactional
bath mat for bathroom floor,2900,282.1700134277344,5,https://www.brooklinen.com/collections/bath-rugs-mats,5,1.0800000429153442,transactional
bedding and duvets,2900,282.1700134277344,5,https://www.brooklinen.com/collections/duvet-covers,0,2.4200000762939453,transactional
bedding with duvet,2900,282.1700134277344,7,https://www.brooklinen.com/collections/duvet-covers,0,2.4200000762939453,informational
good place to buy bedding,2900,282.1700134277344,3,https://www.brooklinen.com/,14,3.119999885559082,commercial
high quality bath towel,2900,282.1700134277344,4,https://www.brooklinen.com/pages/all-bath,0,5.779999732971191,transactional
high-quality bed sheets,2900,282.1700134277344,4,https://www.brooklinen.com/collections/best-sellers,0,6.929999828338623,transactional
ladies waffle robe,2900,282.1700134277344,6,https://www.brooklinen.com/products/waffle-robe,0,1.9500000476837158,transactional
linen quilt,2900,282.1700134277344,5,https://www.brooklinen.com/products/washed-linen-quilt,0,3.0899999141693115,transactional
linen quilts,2900,282.1700134277344,5,https://www.brooklinen.com/collections/quilts-bed-blankets,0,3.0899999141693115,transactional
shower towel,2900,282.1700134277344,6,https://www.brooklinen.com/collections/bath-towel-bundles,1,1.2999999523162842,transactional
twin down comforter,2900,282.1700134277344,5,https://www.brooklinen.com/products/down-comforter,0,4.190000057220459,transactional
twin down comforters,2900,282.1700134277344,4,https://www.brooklinen.com/products/down-comforter,0,4.190000057220459,transactional
bath towel turkish cotton,8100,273.7799987792969,9,https://www.brooklinen.com/products/super-plush-bath-towels,0,2.569999933242798,transactional
bedding linen,8100,273.7799987792969,9,https://www.brooklinen.com/,0,5.46999979019165,transactional
comforter and bed sheet,8100,273.7799987792969,11,https://www.brooklinen.com/,11,1.340000033378601,transactional
cotton turkish bath towels,8100,273.7799987792969,9,https://www.brooklinen.com/products/super-plush-bath-towels,0,2.569999933242798,transactional
fitted king sheet,8100,273.7799987792969,8,https://www.brooklinen.com/products/luxe-fitted-sheets,0,1.8199999332427979,transactional
high quality bed comforters,8100,273.7799987792969,7,https://www.brooklinen.com/,0,5.269999980926514,transactional
king size duvet covers,8100,273.7799987792969,7,https://www.brooklinen.com/collections/duvet-covers,0,2.619999885559082,transactional
linen bed linens,8100,273.7799987792969,7,https://www.brooklinen.com/collections/washed-linen-sheets,0,5.46999979019165,transactional
100 cotton sateen sheet,880,267.5199890136719,3,https://www.brooklinen.com/collections/luxe-sateen-sheets,0,1.899999976158142,transactional
bath towel good quality,880,267.5199890136719,3,https://www.brooklinen.com/pages/all-bath,0,4.019999980926514,transactional
bath towels good quality,880,267.5199890136719,3,https://www.brooklinen.com/pages/all-bath,0,4.019999980926514,transactional
bedding companies,880,267.5199890136719,2,https://www.brooklinen.com/,4,4.050000190734863,commercial
best sateen bed sheets,880,267.5199890136719,1,https://www.brooklinen.com/collections/luxe-sateen-sheets,6,7.230000019073486,commercial
best sateen sheets,880,267.5199890136719,2,https://www.brooklinen.com/collections/luxe-sateen-sheets,0,7.230000019073486,commercial
down comforter full,880,267.5199890136719,4,https://www.brooklinen.com/products/down-comforter,0,4.260000228881836,transactional
down comforter sets queen,880,267.5199890136719,2,https://www.brooklinen.com/products/down-comforter,0,1.1100000143051147,transactional
full down comforters,880,267.5199890136719,2,https://www.brooklinen.com/products/down-comforter,0,4.260000228881836,transactional
good quality bath towels,880,267.5199890136719,2,https://www.brooklinen.com/pages/all-bath,0,4.019999980926514,commercial
great bed sheets,880,267.5199890136719,2,https://www.brooklinen.com/collections/best-sellers,1,3.690000057220459,transactional
patchwork shower curtain,880,267.5199890136719,1,https://www.brooklinen.com/products/patchwork-shower-curtain,0,0.3799999952316284,transactional
sale on linen sheets,880,267.5199890136719,3,https://www.brooklinen.com/collections/last-call,0,3.2799999713897705,transactional
sale sheets,880,267.5199890136719,2,https://www.brooklinen.com/collections/last-call,0,4.710000038146973,transactional
sham set,880,267.5199890136719,5,https://www.brooklinen.com/collections/pillowcases-shams,0,7.059999942779541,transactional
sheet brands,880,267.5199890136719,2,https://www.brooklinen.com/,17,6.199999809265137,navigational
top rated sateen sheets,880,267.5199890136719,1,https://www.brooklinen.com/collections/luxe-sateen-sheets,6,7.230000019073486,commercial
bed sets covers,1600,259.20001220703125,3,https://www.brooklinen.com/collections/duvet-covers,0,1.0499999523162842,transactional
bedding light,1600,259.20001220703125,4,https://www.brooklinen.com/collections/quilts-bed-blankets,0,0.7900000214576721,transactional
bedding online,1600,259.20001220703125,3,https://www.brooklinen.com/,0,8.1899995803833,transactional
best pillow down alternative,1600,259.20001220703125,3,https://www.brooklinen.com/products/down-alternative-pillow,0,5.300000190734863,informational
european linen sheets,1600,259.20001220703125,4,https://www.brooklinen.com/collections/washed-linen-sheets,0,5.949999809265137,transactional
flannel bed linen,1600,259.20001220703125,3,https://www.brooklinen.com/collections/brushed-flannel-sheets,0,3.0899999141693115,transactional
flannelette bedding,1600,259.20001220703125,4,https://www.brooklinen.com/collections/brushed-flannel-sheets,0,3.0899999141693115,transactional
king percale sheets,1600,259.20001220703125,3,https://www.brooklinen.com/collections/classic-percale-sheets,0,4.929999828338623,transactional
mulberry silk bedding,1600,259.20001220703125,2,https://www.brooklinen.com/collections/mulberry-silk-collection,0,4.720000267028809,transactional
on sale bed sheets,1600,259.20001220703125,3,https://www.brooklinen.com/collections/last-call,0,1.5899999141693115,transactional
percale fitted sheet king,1600,259.20001220703125,3,https://www.brooklinen.com/collections/classic-percale-sheets,0,4.929999828338623,transactional
quilt best,1600,259.20001220703125,2,https://www.brooklinen.com/collections/quilts-bed-blankets,9,3.549999952316284,informational
soft cotton sheet,1600,259.20001220703125,4,https://www.brooklinen.com/collections/organic-sheets,2,3.8899998664855957,transactional
bath sheet vs bath towel,9900,253.44000244140625,10,https://www.brooklinen.com/blogs/brookliving/everything-you-need-to-know-about-the-difference-between-our-bath-sheets-and-towels,0,2.7200000286102295,informational
bedding and blankets,9900,253.44000244140625,12,https://www.brooklinen.com/,11,2.490000009536743,transactional
queen size linen,9900,253.44000244140625,10,https://www.brooklinen.com/,0,1.6800000667572021,transactional
set sheets,9900,253.44000244140625,11,https://www.brooklinen.com/,0,3.2100000381469727,transactional
bathrobe plush,5400,253.25999450683594,8,https://www.brooklinen.com/products/super-plush-robe,0,1.940000057220459,transactional
bedding throw pillow,5400,253.25999450683594,7,https://www.brooklinen.com/collections/throw-blankets-pillow-covers,1,1.2300000190734863,transactional
best beach towels,5400,253.25999450683594,7,https://www.brooklinen.com/collections/beach-towels,0,2.4100000858306885,transactional
cotton sateen bedding set,5400,253.25999450683594,7,https://www.brooklinen.com/collections/luxe-sateen-sheets,0,3.630000114440918,transactional
robe waffle,5400,253.25999450683594,7,https://www.brooklinen.com/products/waffle-robe,0,2.2300000190734863,transactional
hair silk pillowcase,22200,250.86000061035156,18,https://www.brooklinen.com/products/mulberry-silk-pillowcase,0,4.579999923706055,transactional
pillow shams,22200,250.86000061035156,18,https://www.brooklinen.com/collections/pillowcases-shams,0,1.3300000429153442,transactional
flannel sheet,27100,246.61000061035156,18,https://www.brooklinen.com/collections/brushed-flannel-sheets,0,1.6299999952316284,transactional
flannel sheets,27100,246.61000061035156,17,https://www.brooklinen.com/collections/brushed-flannel-sheets,0,1.6299999952316284,transactional
brooklyn bedding,40500,238.9499969482422,19,https://www.brooklinen.com/,0,3.7799999713897705,navigational
bed sheet sets queen,12100,238.3699951171875,11,https://www.brooklinen.com/collections/all-sheets,9,1.7300000190734863,transactional
bed sheets california king,12100,238.3699951171875,11,https://www.brooklinen.com/,0,3.190000057220459,transactional
down comforter bedding set,12100,238.3699951171875,10,https://www.brooklinen.com/products/down-comforter,0,2.5899999141693115,transactional
queen bed sheet sets,12100,238.3699951171875,12,https://www.brooklinen.com/collections/all-sheets,11,1.7300000190734863,transactional
bathroom mat runners,3600,237.24000549316406,8,https://www.brooklinen.com/collections/bath-rugs-mats,0,1.4300000667572021,transactional
bed linen shop,3600,237.24000549316406,7,https://www.brooklinen.com/,0,2.490000009536743,navigational
bed linen stores,3600,237.24000549316406,7,https://www.brooklinen.com/,22,2.490000009536743,commercial
bed linens stores,3600,237.24000549316406,7,https://www.brooklinen.com/,20,2.490000009536743,commercial
bedsheet for sale,3600,237.24000549316406,6,https://www.brooklinen.com/collections/last-call,8,1.7799999713897705,transactional
comforter and duvet,3600,237.24000549316406,7,https://www.brooklinen.com/collections/comforters,0,3.059999942779541,transactional
comforter with duvet,3600,237.24000549316406,7,https://www.brooklinen.com/collections/comforters,0,3.059999942779541,transactional
cotton duvet cover king,3600,237.24000549316406,6,https://www.brooklinen.com/collections/duvet-covers,0,1.7599999904632568,transactional
flannel bed sheets,3600,237.24000549316406,5,https://www.brooklinen.com/collections/brushed-flannel-sheets,0,1.3600000143051147,transactional
flannel bedding set,3600,237.24000549316406,5,https://www.brooklinen.com/collections/brushed-flannel-sheets,0,1.3600000143051147,transactional
fluffy robe,3600,237.24000549316406,8,https://www.brooklinen.com/products/super-plush-robe,0,1.1699999570846558,transactional
full bed duvet covers,3600,237.24000549316406,6,https://www.brooklinen.com/collections/duvet-covers,0,1.5299999713897705,transactional
linen fitted king sheet,3600,237.24000549316406,6,https://www.brooklinen.com/products/washed-linen-fitted-sheet,0,4.869999885559082,transactional
mulberry silk pillowcases,3600,237.24000549316406,7,https://www.brooklinen.com/products/mulberry-silk-pillowcase,0,5.320000171661377,transactional
premium bed linens,3600,237.24000549316406,5,https://www.brooklinen.com/,0,7.190000057220459,transactional
bath floor mat towel,2400,233.52000427246094,7,https://www.brooklinen.com/collections/bath-rugs-mats,0,1.4199999570846558,transactional
bath towel floor mats,2400,233.52000427246094,5,https://www.brooklinen.com/collections/bath-rugs-mats,0,1.4199999570846558,transactional
luxury bedding comforter sets,2400,233.52000427246094,3,https://www.brooklinen.com/,0,2.299999952316284,transactional
luxury comforters,2400,233.52000427246094,3,https://www.brooklinen.com/,0,4.860000133514404,transactional
percale cotton duvet cover,2400,233.52000427246094,6,https://www.brooklinen.com/products/classic-duvet-cover,0,3.3499999046325684,transactional
queen bed linen sheets,2400,233.52000427246094,6,https://www.brooklinen.com/collections/washed-linen-sheets,0,2.3600001335144043,transactional
throws for the bed,2400,233.52000427246094,4,https://www.brooklinen.com/collections/throw-blankets-pillow-covers,3,1.5399999618530273,transactional
towel mats for bathroom,2400,233.52000427246094,6,https://www.brooklinen.com/collections/bath-rugs-mats,0,1.4199999570846558,transactional
waffle knit robes,2400,233.52000427246094,5,https://www.brooklinen.com/products/waffle-robe,0,1.5199999809265137,transactional
waffle towels bath,2400,233.52000427246094,4,https://www.brooklinen.com/collections/waffle-towels,0,2.3899998664855957,transactional
bedding set,110000,231,38,https://www.brooklinen.com/collections/sheet-bundles,2,2.799999952316284,transactional
full size bedding,110000,231,47,https://www.brooklinen.com/collections/sheet-bundles,0,1.6800000667572021,transactional
bed comforters queen,40500,226.8000030517578,19,https://www.brooklinen.com/,0,0.8500000238418579,transactional
queen bed sets with sheets,40500,226.8000030517578,18,https://www.brooklinen.com/collections/sheet-bundles,7,0.8500000238418579,transactional
best bathroom robes,6600,223.0800018310547,10,https://www.brooklinen.com/products/super-plush-robe,0,3.940000057220459,commercial
striped duvet cover,6600,223.0800018310547,8,https://www.brooklinen.com/collections/duvet-covers,0,1.899999976158142,transactional
bedding and bathroom,14800,222,11,https://www.brooklinen.com/,6,1.1200000047683716,commercial
linen duvet cover,14800,222,13,https://www.brooklinen.com/products/washed-linen-duvet-cover,0,4.480000019073486,transactional
linens duvet covers,14800,222,14,https://www.brooklinen.com/products/washed-linen-duvet-cover,0,4.480000019073486,transactional
silk bed sheets set,14800,222,14,https://www.brooklinen.com/collections/luxe-sateen-sheets,0,2.9000000953674316,transactional
silky bed sheet,14800,222,12,https://www.brooklinen.com/collections/luxe-sateen-sheets,0,2.9000000953674316,transactional
alternatives to down comforters,720,218.8800048828125,2,https://www.brooklinen.com/products/down-alternative-comforter,0,3.25,informational
bath towel nearby,720,218.8800048828125,5,https://www.brooklinen.com/collections/bath-towel-bundles,2,0.3499999940395355,transactional
bath towels nearby,720,218.8800048828125,5,https://www.brooklinen.com/collections/bath-towel-bundles,1,0.3499999940395355,transactional
bathroom towels nearby,720,218.8800048828125,4,https://www.brooklinen.com/collections/bath-towel-bundles,0,0.3499999940395355,transactional
bed linen on sale,720,218.8800048828125,1,https://www.brooklinen.com/collections/last-call,0,1.7000000476837158,transactional
bed linens on sale,720,218.8800048828125,1,https://www.brooklinen.com/collections/last-call,0,1.7000000476837158,transactional
cotton percale king sheets,720,218.8800048828125,2,https://www.brooklinen.com/collections/classic-percale-sheets,0,3.440000057220459,transactional
good quality towel,720,218.8800048828125,1,https://www.brooklinen.com/pages/all-bath,0,4.340000152587891,transactional
high quality percale sheets,720,218.8800048828125,2,https://www.brooklinen.com/collections/classic-percale-sheets,0,8.529999732971191,transactional
linen sheets near me,720,218.8800048828125,6,https://www.brooklinen.com/,0,1.2699999809265137,transactional
plaid flannel sheets,720,218.8800048828125,2,https://www.brooklinen.com/products/flannel-core-sheet-set,0,1.309999942779541,transactional
quilts and blankets,720,218.8800048828125,3,https://www.brooklinen.com/collections/quilts-bed-blankets,0,1.809999942779541,informational
sheet set sale,720,218.8800048828125,2,https://www.brooklinen.com/collections/last-call,0,1.25,transactional
the best bedding sets,720,218.8800048828125,2,https://www.brooklinen.com/collections/best-sellers,3,6.019999980926514,commercial
the best bedding sheets,720,218.8800048828125,2,https://www.brooklinen.com/collections/best-sellers,20,6.019999980926514,commercial
waffle throw blanket,720,218.8800048828125,2,https://www.brooklinen.com/products/dreamweave-waffle-throw-blanket,0,1.850000023841858,transactional
waffle throw blankets,720,218.8800048828125,2,https://www.brooklinen.com/products/dreamweave-waffle-throw-blanket,0,1.850000023841858,transactional
duvet sets cotton,90500,217.1999969482422,24,https://www.brooklinen.com/collections/duvet-covers,0,1.8600000143051147,transactional
bathtub towel,49500,212.85000610351562,24,https://www.brooklinen.com/collections/bath-towel-bundles,3,1.6200000047683716,transactional
best bed blanket,1300,210.60000610351562,3,https://www.brooklinen.com/collections/quilts-bed-blankets,9,4.639999866485596,transactional
blankets with pillows,1300,210.60000610351562,4,https://www.brooklinen.com/collections/throw-blankets-pillow-covers,0,1.1699999570846558,transactional
plush bath mat,1300,210.60000610351562,4,https://www.brooklinen.com/collections/bath-rugs-mats,0,2.0899999141693115,transactional
plush bath robe,1300,210.60000610351562,3,https://www.brooklinen.com/products/super-plush-robe,0,2.200000047683716,transactional
sateen duvet cover,1300,210.60000610351562,4,https://www.brooklinen.com/products/luxe-duvet-cover,0,5.900000095367432,transactional
cotton duvet cover,90500,208.14999389648438,31,https://www.brooklinen.com/collections/duvet-covers,3,1.8600000143051147,transactional
bed beddings,8100,207.36000061035156,9,https://www.brooklinen.com/,0,5.46999979019165,transactional
bed linens stores near me,8100,207.36000061035156,11,https://www.brooklinen.com/,0,2.4800000190734863,transactional
bedding bed,8100,207.36000061035156,8,https://www.brooklinen.com/,11,5.46999979019165,transactional
cotton robes,8100,207.36000061035156,8,https://www.brooklinen.com/products/super-plush-robe,0,1.5,transactional
high-quality bedspreads,8100,207.36000061035156,10,https://www.brooklinen.com/,1,5.269999980926514,commercial
twin bed sheet set,8100,207.36000061035156,12,https://www.brooklinen.com/,0,1.190000057220459,transactional
fitted mattress sheet,40500,206.5500030517578,22,https://www.brooklinen.com/products/classic-fitted-sheets,0,2.180000066757202,transactional
bedsheet set full,4400,206.36000061035156,7,https://www.brooklinen.com/collections/all-sheets,12,1.3899999856948853,transactional
best king bedding,4400,206.36000061035156,7,https://www.brooklinen.com/,0,12.869999885559082,transactional
best organic bedding,4400,206.36000061035156,7,https://www.brooklinen.com/collections/organic-sheets,0,14.369999885559082,commercial
duvets covers on sale,4400,206.36000061035156,6,https://www.brooklinen.com/collections/duvet-covers,0,1.9100000858306885,transactional
good shower curtains,4400,206.36000061035156,8,https://www.brooklinen.com/collections/shower-curtains,11,1.1399999856948853,informational
linen comforter,4400,206.36000061035156,9,https://www.brooklinen.com/,0,2.7899999618530273,transactional
linens and comforters,4400,206.36000061035156,9,https://www.brooklinen.com/,11,2.7899999618530273,transactional
luxury sheet,4400,206.36000061035156,9,https://www.brooklinen.com/,0,12.800000190734863,transactional
mulberry silk sheet set,4400,206.36000061035156,7,https://www.brooklinen.com/collections/mulberry-silk-collection,0,4.230000019073486,transactional
robes striped,4400,206.36000061035156,7,https://www.brooklinen.com/products/super-plush-robe,0,1.0399999618530273,transactional
sheets luxury sheets,4400,206.36000061035156,7,https://www.brooklinen.com/,1,12.800000190734863,transactional
organic cotton bed linen,18100,204.52999877929688,13,https://www.brooklinen.com/collections/organic-sheets,0,3.869999885559082,transactional
oxygen bleach,18100,204.52999877929688,19,https://www.brooklinen.com/products/oxygen-bleach-alternative,0,0.9300000071525574,transactional
silk pillowcases,18100,204.52999877929688,14,https://www.brooklinen.com/products/mulberry-silk-pillowcase,0,6.130000114440918,transactional
twin bedding sets,22200,202.02000427246094,13,https://www.brooklinen.com/,0,1.1299999952316284,transactional
best towel,9900,195.02999877929688,14,https://www.brooklinen.com/pages/all-bath,0,5.349999904632568,transactional
best towels,9900,195.02999877929688,12,https://www.brooklinen.com/pages/all-bath,0,5.349999904632568,commercial
bed duvet,2900,191.11000061035156,5,https://www.brooklinen.com/collections/duvet-covers,0,2.4200000762939453,transactional
best place to buy bed sheets,2900,191.11000061035156,6,https://www.brooklinen.com/,6,3.119999885559082,commercial
duvets bedding,2900,191.11000061035156,5,https://www.brooklinen.com/collections/duvet-covers,0,2.4200000762939453,transactional
european flax linen sheets,2900,191.11000061035156,7,https://www.brooklinen.com/collections/washed-linen-sheets,0,5.230000019073486,transactional
european linen bedding,2900,191.11000061035156,6,https://www.brooklinen.com/collections/washed-linen-sheets,0,4.789999961853027,transactional
high quality bedding sheets,2900,191.11000061035156,7,https://www.brooklinen.com/,0,6.929999828338623,transactional
lightweight down comforter,2900,191.11000061035156,9,https://www.brooklinen.com/products/down-comforter,0,5.489999771118164,transactional
linen sheets set,2900,191.11000061035156,5,https://www.brooklinen.com/collections/washed-linen-sheets,0,4.800000190734863,transactional
queen sheet sale,2900,191.11000061035156,5,https://www.brooklinen.com/collections/last-call,0,1.159999966621399,transactional
sale on queen sheets,2900,191.11000061035156,5,https://www.brooklinen.com/collections/last-call,0,1.159999966621399,transactional
sheets on sale queen,2900,191.11000061035156,6,https://www.brooklinen.com/collections/last-call,0,1.159999966621399,transactional
shower curtain waffle weave,2900,191.11000061035156,7,https://www.brooklinen.com/products/micro-waffle-shower-curtain,0,1.2599999904632568,transactional
womens robe waffle,2900,191.11000061035156,7,https://www.brooklinen.com/products/waffle-robe,0,1.9500000476837158,transactional
cotton cover duvet,90500,190.0500030517578,76,https://www.brooklinen.com/collections/duvet-covers,0,1.8600000143051147,transactional
bed duvet covers,1900,184.8699951171875,4,https://www.brooklinen.com/collections/duvet-covers,0,3.190000057220459,transactional
bed linen brand,1900,184.8699951171875,4,https://www.brooklinen.com/,3,5.389999866485596,transactional
crisp bed sheets,1900,184.8699951171875,5,https://www.brooklinen.com/collections/classic-percale-sheets,0,3.819999933242798,transactional
down alternative bed topper,1900,184.8699951171875,5,https://www.brooklinen.com/products/mattress-pad,0,3.319999933242798,transactional
down alternative mattress toppers,1900,184.8699951171875,5,https://www.brooklinen.com/products/mattress-pad,0,3.319999933242798,transactional
down king pillows,1900,184.8699951171875,9,https://www.brooklinen.com/products/down-pillow,0,4.929999828338623,transactional
duvet cover summer,1900,184.8699951171875,4,https://www.brooklinen.com/collections/duvet-covers,0,2.940000057220459,transactional
duvet for blanket,1900,184.8699951171875,8,https://www.brooklinen.com/collections/duvet-covers,0,2.109999895095825,transactional
good bed linens,1900,184.8699951171875,9,https://www.brooklinen.com/,25,6.309999942779541,transactional
lightweight quilts,1900,184.8699951171875,5,https://www.brooklinen.com/collections/quilts-bed-blankets,0,1.7699999809265137,transactional
queen percale bed sheets,1900,184.8699951171875,7,https://www.brooklinen.com/collections/classic-percale-sheets,0,2.990000009536743,transactional
sheets for king bed,1900,184.8699951171875,6,https://www.brooklinen.com/collections/all-sheets,1,2.8499999046325684,transactional
soft duvet covers,1900,184.8699951171875,4,https://www.brooklinen.com/collections/duvet-covers,10,4.820000171661377,transactional
softest duvet covers,1900,184.8699951171875,6,https://www.brooklinen.com/collections/duvet-covers,14,4.820000171661377,commercial
striped bed sheet,1900,184.8699951171875,5,https://www.brooklinen.com/pages/stripes,0,1.3300000429153442,transactional
upscale duvet covers,1900,184.8699951171875,4,https://www.brooklinen.com/collections/duvet-covers,0,5.849999904632568,transactional
100 mulberry silk pillowcases,5400,182.52000427246094,9,https://www.brooklinen.com/products/mulberry-silk-pillowcase,0,4.300000190734863,transactional
bath robe waffle,5400,182.52000427246094,9,https://www.brooklinen.com/products/waffle-robe,0,2.2300000190734863,transactional
bed sheet set king,5400,182.52000427246094,9,https://www.brooklinen.com/,0,2.559999942779541,transactional
bed sheets cotton sateen,5400,182.52000427246094,9,https://www.brooklinen.com/collections/luxe-sateen-sheets,0,3.630000114440918,transactional
cotton sateen bedding sets,5400,182.52000427246094,8,https://www.brooklinen.com/collections/luxe-sateen-sheets,0,3.630000114440918,transactional
flannel bed set queen,5400,182.52000427246094,9,https://www.brooklinen.com/products/flannel-core-sheet-set,0,1.3600000143051147,transactional
linen sheets queen,5400,182.52000427246094,10,https://www.brooklinen.com/collections/washed-linen-sheets,0,3.319999933242798,informational
silk eye mask for sleeping,5400,182.52000427246094,10,https://www.brooklinen.com/products/mulberry-silk-eyemask,0,4.829999923706055,transactional
bed sheets sheets,12100,181.5,10,https://www.brooklinen.com/,0,4.639999866485596,transactional
down comforter bedding,12100,181.5,11,https://www.brooklinen.com/products/down-comforter,0,2.5899999141693115,transactional
full size bedding sets,12100,181.5,11,https://www.brooklinen.com/,3,1.2400000095367432,transactional
mulberry silk,12100,181.5,14,https://www.brooklinen.com/collections/mulberry-silk-collection,0,2.690000057220459,transactional
pillowcase protector,12100,181.5,13,https://www.brooklinen.com/products/pillow-protector,0,1.8799999952316284,transactional
silk mulberry,12100,181.5,18,https://www.brooklinen.com/collections/mulberry-silk-collection,0,2.880000114440918,transactional
all season down comforter,590,179.36000061035156,2,https://www.brooklinen.com/products/down-comforter,0,4.210000038146973,transactional
bedding satin,590,179.36000061035156,2,https://www.brooklinen.com/collections/luxe-sateen-sheets,0,1.6399999856948853,transactional
best bed quilt,590,179.36000061035156,2,https://www.brooklinen.com/collections/quilts-bed-blankets,3,3.7100000381469727,commercial
best bed quilts,590,179.36000061035156,1,https://www.brooklinen.com/collections/quilts-bed-blankets,6,3.7100000381469727,commercial
best lightweight down comforter,590,179.36000061035156,2,https://www.brooklinen.com/products/down-comforter,0,7.400000095367432,commercial
best lightweight down comforters,590,179.36000061035156,2,https://www.brooklinen.com/products/down-comforter,0,7.400000095367432,commercial
best quilts for beds,590,179.36000061035156,2,https://www.brooklinen.com/collections/quilts-bed-blankets,2,3.7100000381469727,informational
breathable cool sheets,590,179.36000061035156,1,https://www.brooklinen.com/collections/classic-percale-sheets,0,3.9200000762939453,transactional
classic percale duvet cover,590,179.36000061035156,1,https://www.brooklinen.com/products/classic-duvet-cover,0,9.510000228881836,transactional
cotton towel sets,590,179.36000061035156,2,https://www.brooklinen.com/collections/bath-towel-bundles,0,1.409999966621399,transactional
high rated sheets,590,179.36000061035156,3,https://www.brooklinen.com/collections/best-sellers,18,7.659999847412109,informational
light down alternative comforter,590,179.36000061035156,2,https://www.brooklinen.com/products/down-alternative-comforter,5,3.569999933242798,transactional
lightweight alternative down comforter,590,179.36000061035156,4,https://www.brooklinen.com/products/down-alternative-comforter,0,3.569999933242798,commercial
lightweight bed blanket,590,179.36000061035156,5,https://www.brooklinen.com/products/weekend-wash-bed-blanket,4,1.809999942779541,transactional
lightweight down alternative comforter,590,179.36000061035156,3,https://www.brooklinen.com/products/down-alternative-comforter,0,3.569999933242798,transactional
lightweight quilts for summer,590,179.36000061035156,1,https://www.brooklinen.com/collections/quilts-bed-blankets,0,1.8600000143051147,informational
pillowcases shams,590,179.36000061035156,3,https://www.brooklinen.com/collections/pillowcases-shams,0,1.1299999952316284,transactional
quality bath towels,590,179.36000061035156,1,https://www.brooklinen.com/pages/all-bath,3,4.130000114440918,transactional
satin duvet cover,590,179.36000061035156,2,https://www.brooklinen.com/products/luxe-duvet-cover,0,2.440000057220459,transactional
summer quilt queen,590,179.36000061035156,2,https://www.brooklinen.com/collections/quilts-bed-blankets,0,1.6399999856948853,transactional
waffle bed blanket,590,179.36000061035156,3,https://www.brooklinen.com/products/dreamweave-waffle-bed-blanket,0,2.990000009536743,transactional
queen comforter bedroom sets,40500,174.14999389648438,20,https://www.brooklinen.com/,2,0.8500000238418579,transactional
best bath mats,6600,168.9600067138672,12,https://www.brooklinen.com/collections/bath-rugs-mats,9,1.8399999141693115,commercial
cotton hand towels,6600,168.9600067138672,11,https://www.brooklinen.com/products/plush-hand-towels,0,1.2899999618530273,transactional
down comforter best,6600,168.9600067138672,10,https://www.brooklinen.com/products/down-comforter,8,7.420000076293945,transactional
duvet and comforter covers,6600,168.9600067138672,9,https://www.brooklinen.com/collections/duvet-covers,0,2.7200000286102295,transactional
luxurious bedding set,6600,168.9600067138672,9,https://www.brooklinen.com/,0,4.760000228881836,transactional
sheet for king,6600,168.9600067138672,10,https://www.brooklinen.com/,0,2.950000047683716,transactional
bath mats and runners,3600,168.83999633789062,7,https://www.brooklinen.com/collections/bath-rugs-mats,0,1.4300000667572021,transactional
bed linen store,3600,168.83999633789062,8,https://www.brooklinen.com/,0,2.490000009536743,navigational
bed linens store,3600,168.83999633789062,8,https://www.brooklinen.com/,0,2.490000009536743,navigational
bedding stores,3600,168.83999633789062,7,https://www.brooklinen.com/,21,2.490000009536743,commercial
euro size pillowcase,3600,168.83999633789062,9,https://www.brooklinen.com/products/washed-linen-pillowcases,0,2.4000000953674316,transactional
full bed duvet cover,3600,168.83999633789062,6,https://www.brooklinen.com/collections/duvet-covers,0,1.5299999713897705,transactional
high end bed linens,3600,168.83999633789062,6,https://www.brooklinen.com/,0,4.079999923706055,transactional
high end bedspreads,3600,168.83999633789062,7,https://www.brooklinen.com/,1,4.079999923706055,transactional
sale of bed sheets,3600,168.83999633789062,6,https://www.brooklinen.com/collections/last-call,0,2.2699999809265137,transactional
sheet sets for split king,3600,168.83999633789062,6,https://www.brooklinen.com/products/luxe-split-king-sheet-set,0,5.329999923706055,transactional
shop bed linen,3600,168.83999633789062,9,https://www.brooklinen.com/,0,2.490000009536743,transactional
duvet insert,33100,168.80999755859375,21,https://www.brooklinen.com/collections/duvet-inserts-pillows,0,3,transactional
silk sleep mask,18100,164.7100067138672,19,https://www.brooklinen.com/products/mulberry-silk-eyemask,0,4.440000057220459,transactional
best linen duvet cover,1000,162,2,https://www.brooklinen.com/products/washed-linen-duvet-cover,0,6.539999961853027,commercial
cool quilts,1000,162,3,https://www.brooklinen.com/collections/quilts-bed-blankets,0,2.619999885559082,transactional
cotton percale queen sheets,1000,162,5,https://www.brooklinen.com/collections/classic-percale-sheets,0,2.0399999618530273,transactional
flannel bed sheets sale,1000,162,2,https://www.brooklinen.com/collections/brushed-flannel-sheets,0,0.8600000143051147,transactional
mulberry silk bed sheets,1000,162,2,https://www.brooklinen.com/collections/mulberry-silk-collection,0,3.630000114440918,transactional
plush towel,1000,162,4,https://www.brooklinen.com/collections/plush-towels,0,3.5,transactional
plush towels,1000,162,3,https://www.brooklinen.com/collections/plush-towels,0,3.5,transactional
queen sheets sets clearance,1000,162,2,https://www.brooklinen.com/collections/last-call,0,0.5899999737739563,commercial
sateen bedding set,1000,162,4,https://www.brooklinen.com/collections/luxe-sateen-sheets,0,5.789999961853027,transactional
sheet for blanket,1000,162,3,https://www.brooklinen.com/collections/sheet-bundles,10,1.25,transactional
towel packages,1000,162,3,https://www.brooklinen.com/collections/bath-towel-bundles,0,0.6899999976158142,transactional
where to buy sheets,1000,162,5,https://www.brooklinen.com/,6,4.239999771118164,transactional
flannelette sheet,27100,159.88999938964844,20,https://www.brooklinen.com/collections/brushed-flannel-sheets,0,1.6299999952316284,transactional
queen bed sheets,27100,159.88999938964844,19,https://www.brooklinen.com/,7,1.7100000381469727,transactional
bath gown towel,8100,159.57000732421875,12,https://www.brooklinen.com/products/super-plush-robe,1,1.2999999523162842,transactional
bathrobe and towel,8100,159.57000732421875,13,https://www.brooklinen.com/products/super-plush-robe,14,1.2999999523162842,transactional
bed bedding,8100,159.57000732421875,10,https://www.brooklinen.com/,11,5.46999979019165,transactional
bedroom bedding,8100,159.57000732421875,9,https://www.brooklinen.com/,11,5.46999979019165,transactional
best down feather pillows,8100,159.57000732421875,12,https://www.brooklinen.com/products/down-pillow,0,7.269999980926514,commercial
best down pillows,8100,159.57000732421875,11,https://www.brooklinen.com/products/down-pillow,0,7.269999980926514,transactional
comforter and bed sheets,8100,159.57000732421875,11,https://www.brooklinen.com/collections/sheet-bundles,13,1.340000033378601,transactional
down comforter king,8100,159.57000732421875,12,https://www.brooklinen.com/products/down-comforter,0,4.420000076293945,transactional
down comforter king set,8100,159.57000732421875,14,https://www.brooklinen.com/products/down-comforter,0,4.420000076293945,transactional
down king comforter,8100,159.57000732421875,13,https://www.brooklinen.com/products/down-comforter,0,4.420000076293945,transactional
highest quality bed linens,8100,159.57000732421875,12,https://www.brooklinen.com/collections/best-sellers,4,5.269999980926514,commercial
king size duvet and cover,8100,159.57000732421875,9,https://www.brooklinen.com/collections/duvet-covers,0,2.619999885559082,transactional
quilted blankets,8100,159.57000732421875,12,https://www.brooklinen.com/collections/quilts-bed-blankets,0,0.9900000095367432,transactional
towel bathrobe,8100,159.57000732421875,14,https://www.brooklinen.com/products/super-plush-robe,0,1.2999999523162842,transactional
best comforter down alternative,2400,158.16000366210938,5,https://www.brooklinen.com/products/down-alternative-comforter,7,6.869999885559082,commercial
breathable bedding for hot sleepers,2400,158.16000366210938,6,https://www.brooklinen.com/pages/cooling,0,3.9200000762939453,informational
cotton percale duvet cover,2400,158.16000366210938,7,https://www.brooklinen.com/products/classic-duvet-cover,0,3.3499999046325684,transactional
fast drying bath towel,2400,158.16000366210938,7,https://www.brooklinen.com/collections/all-towels,0,1.5899999141693115,transactional
sheets pillows,2400,158.16000366210938,6,https://www.brooklinen.com/,0,3.1700000762939453,transactional
sleeping bedding,2400,158.16000366210938,10,https://www.brooklinen.com/,11,5.550000190734863,transactional
summer quilt,2400,158.16000366210938,6,https://www.brooklinen.com/collections/quilts-bed-blankets,0,1.9600000381469727,informational
summer quilts,2400,158.16000366210938,7,https://www.brooklinen.com/collections/quilts-bed-blankets,0,1.9600000381469727,informational
throws in bed,2400,158.16000366210938,8,https://www.brooklinen.com/collections/throw-blankets-pillow-covers,6,1.5399999618530273,informational
towels linens,2400,158.16000366210938,6,https://www.brooklinen.com/collections/all-towels,0,1.2799999713897705,transactional
waffle bath towels,2400,158.16000366210938,5,https://www.brooklinen.com/collections/waffle-towels,0,2.3899998664855957,transactional
bedsheet good quality,1600,155.67999267578125,6,https://www.brooklinen.com/,28,5.820000171661377,transactional
blanket for king bed,1600,155.67999267578125,4,https://www.brooklinen.com/collections/quilts-bed-blankets,0,2.740000009536743,transactional
comforters you can wash,1600,155.67999267578125,5,https://www.brooklinen.com/collections/comforters,0,0.25999999046325684,informational
cotton quilt blanket,1600,155.67999267578125,6,https://www.brooklinen.com/collections/quilts-bed-blankets,0,1.3700000047683716,transactional
linen fitted sheets,1600,155.67999267578125,4,https://www.brooklinen.com/products/washed-linen-fitted-sheet,0,4.420000076293945,transactional
percale bed sheets king,1600,155.67999267578125,7,https://www.brooklinen.com/collections/classic-percale-sheets,0,4.929999828338623,transactional
percale sheet king,1600,155.67999267578125,6,https://www.brooklinen.com/collections/classic-percale-sheets,0,4.929999828338623,transactional
quilt covers,1600,155.67999267578125,6,https://www.brooklinen.com/collections/duvet-covers,0,1.3799999952316284,transactional
top rated quilts,1600,155.67999267578125,4,https://www.brooklinen.com/collections/quilts-bed-blankets,8,3.549999952316284,commercial
turkish cotton bath sheet,1600,155.67999267578125,4,https://www.brooklinen.com/products/super-plush-bath-sheet-bundle,0,3.130000114440918,transactional
waffle weave blanket,1600,155.67999267578125,7,https://www.brooklinen.com/products/dreamweave-waffle-bed-blanket,0,1.4800000190734863,transactional
bath mats for bathroom,74000,155.39999389648438,48,https://www.brooklinen.com/collections/bath-rugs-mats,16,1.309999942779541,transactional
bathroom mat,74000,155.39999389648438,50,https://www.brooklinen.com/collections/bath-rugs-mats,1,1.309999942779541,transactional
bathroom mats,74000,155.39999389648438,52,https://www.brooklinen.com/collections/bath-rugs-mats,1,1.309999942779541,transactional
bathtub mat,74000,155.39999389648438,53,https://www.brooklinen.com/collections/bath-rugs-mats,1,1.309999942779541,transactional
bedding furniture,74000,155.39999389648438,47,https://www.brooklinen.com/,12,2.549999952316284,transactional
blankets and throws,74000,155.39999389648438,58,https://www.brooklinen.com/collections/throw-blankets-pillow-covers,23,1.2300000190734863,transactional
linen seed,74000,155.39999389648438,87,https://www.brooklinen.com/pages/cooling-shop,20,0.3199999928474426,informational
throw and blankets,74000,155.39999389648438,66,https://www.brooklinen.com/collections/throw-blankets-pillow-covers,1,1.2300000190734863,transactional
throw blankets,74000,155.39999389648438,62,https://www.brooklinen.com/collections/throw-blankets-pillow-covers,23,1.2300000190734863,transactional
throws and blankets,74000,155.39999389648438,49,https://www.brooklinen.com/collections/throw-blankets-pillow-covers,23,1.2300000190734863,transactional
what duvet covers,27100,151.75999450683594,19,https://www.brooklinen.com/collections/duvet-covers,0,1.0700000524520874,informational
bathrobe turkish cotton,4400,148.72000122070312,8,https://www.brooklinen.com/products/super-plush-robe,0,2.3600001335144043,transactional
best flannel sheets,4400,148.72000122070312,8,https://www.brooklinen.com/collections/brushed-flannel-sheets,0,4.720000267028809,commercial
comforter and quilts,4400,148.72000122070312,8,https://www.brooklinen.com/,0,1.5199999809265137,transactional
cotton bath robe men's,4400,148.72000122070312,8,https://www.brooklinen.com/products/super-plush-robe,0,2.1600000858306885,informational
cotton mens bathrobe,4400,148.72000122070312,10,https://www.brooklinen.com/products/super-plush-robe,0,2.1600000858306885,transactional
robe stripe,4400,148.72000122070312,7,https://www.brooklinen.com/products/super-plush-robe,0,1.0399999618530273,informational
turkish cotton robes,4400,148.72000122070312,10,https://www.brooklinen.com/products/super-plush-robe,0,2.3600001335144043,transactional
cotton comforter bed sets,9900,148.5,10,https://www.brooklinen.com/collections/comforters,0,0.949999988079071,transactional
duvet covers king,9900,148.5,13,https://www.brooklinen.com/collections/duvet-covers,0,2.8299999237060547,transactional
silk eye mask,9900,148.5,13,https://www.brooklinen.com/products/mulberry-silk-eyemask,0,4.210000038146973,transactional
bathroom towel sets,480,145.9199981689453,2,https://www.brooklinen.com/collections/bath-towel-bundles,0,1.6700000762939453,transactional
cashmere bedding sheets,480,145.9199981689453,2,https://www.brooklinen.com/collections/heathered-cashmere-sheets,0,3.109999895095825,transactional
cashmere sheets bedding,480,145.9199981689453,1,https://www.brooklinen.com/collections/heathered-cashmere-sheets,0,3.109999895095825,transactional
comforter with bed sheet,480,145.9199981689453,2,https://www.brooklinen.com/collections/sheet-bundles,0,2.049999952316284,transactional
high quality cotton percale sheets,480,145.9199981689453,2,https://www.brooklinen.com/collections/classic-percale-sheets,1,5.349999904632568,commercial
linen sale,480,145.9199981689453,3,https://www.brooklinen.com/collections/last-call,0,2.75,transactional
machine washable down comforter,480,145.9199981689453,2,https://www.brooklinen.com/products/down-comforter,0,3.1700000762939453,transactional
sateen bed linen,480,145.9199981689453,2,https://www.brooklinen.com/collections/luxe-sateen-sheets,0,6.449999809265137,transactional
sateen bed linens,480,145.9199981689453,1,https://www.brooklinen.com/collections/luxe-sateen-sheets,0,6.449999809265137,transactional
sateen sheet set,480,145.9199981689453,2,https://www.brooklinen.com/collections/luxe-sateen-sheets,0,5.989999771118164,transactional
sateen sheet sets,480,145.9199981689453,2,https://www.brooklinen.com/collections/luxe-sateen-sheets,0,5.989999771118164,transactional
sateen weave sheets,480,145.9199981689453,2,https://www.brooklinen.com/collections/luxe-sateen-sheets,0,3.4800000190734863,transactional
super plush bathrobe,480,145.9199981689453,2,https://www.brooklinen.com/products/super-plush-robe,0,4.670000076293945,transactional
super plush bathrobes,480,145.9199981689453,2,https://www.brooklinen.com/products/super-plush-robe,0,4.670000076293945,transactional
textured throw blankets,480,145.9199981689453,5,https://www.brooklinen.com/collections/throw-blankets-pillow-covers,0,1.190000057220459,transactional
thin bath towels,480,145.9199981689453,3,https://www.brooklinen.com/collections/all-towels,0,0.8600000143051147,transactional
washed linen sheets,480,145.9199981689453,2,https://www.brooklinen.com/collections/washed-linen-sheets,0,5.940000057220459,informational
where can i buy duvets,480,145.9199981689453,5,https://www.brooklinen.com/collections/duvet-covers,0,3.9200000762939453,transactional
adjustable firmness pillow,880,142.55999755859375,2,https://www.brooklinen.com/products/marlow-pillow,0,4.360000133514404,transactional
bathrobes couples,880,142.55999755859375,2,https://www.brooklinen.com/products/mine-and-yours-robe-bundle,0,2.200000047683716,transactional
bedsheet brands,880,142.55999755859375,3,https://www.brooklinen.com/,7,6.199999809265137,commercial
bedsheets brand,880,142.55999755859375,2,https://www.brooklinen.com/,32,6.199999809265137,transactional
best bed sheets queen,880,142.55999755859375,3,https://www.brooklinen.com/collections/best-sellers,0,4.340000152587891,transactional
breathable cotton sheets,880,142.55999755859375,4,https://www.brooklinen.com/collections/classic-percale-sheets,3,3.7200000286102295,transactional
coolest bath mats,880,142.55999755859375,3,https://www.brooklinen.com/collections/bath-rugs-mats,7,1.350000023841858,transactional
couple robe,880,142.55999755859375,3,https://www.brooklinen.com/products/mine-and-yours-robe-bundle,0,2.200000047683716,transactional
down full comforter,880,142.55999755859375,4,https://www.brooklinen.com/products/down-comforter,0,4.260000228881836,informational
european linen sheet set,880,142.55999755859375,3,https://www.brooklinen.com/collections/washed-linen-sheets,0,5.909999847412109,transactional
feather comforter,880,142.55999755859375,4,https://www.brooklinen.com/products/down-comforter,0,1.7000000476837158,transactional
mulberry silk sleep mask,880,142.55999755859375,3,https://www.brooklinen.com/products/mulberry-silk-eyemask,0,3.190000057220459,transactional
pillow protector covers,880,142.55999755859375,4,https://www.brooklinen.com/products/pillow-protector,0,1.5799999237060547,transactional
protective pillow cover,880,142.55999755859375,7,https://www.brooklinen.com/products/pillow-protector,0,1.5799999237060547,transactional
quilts for full size bed,880,142.55999755859375,2,https://www.brooklinen.com/collections/quilts-bed-blankets,0,1.1399999856948853,transactional
silk pillowcases king,880,142.55999755859375,4,https://www.brooklinen.com/products/mulberry-silk-pillowcase,3,6.909999847412109,transactional
striped queen sheets,880,142.55999755859375,6,https://www.brooklinen.com/pages/stripes,0,1.409999966621399,transactional
towel sheets,880,142.55999755859375,4,https://www.brooklinen.com/products/super-plush-bath-sheets,0,3.059999942779541,transactional
warm bed blanket,880,142.55999755859375,3,https://www.brooklinen.com/collections/quilts-bed-blankets,0,1.2799999713897705,transactional
where can i buy duvet covers,880,142.55999755859375,6,https://www.brooklinen.com/collections/duvet-covers,0,2.8399999141693115,transactional
woven bath mat,880,142.55999755859375,5,https://www.brooklinen.com/products/handwoven-rug,0,0.9700000286102295,transactional
silk pillowcase,60500,139.14999389648438,29,https://www.brooklinen.com/products/mulberry-silk-pillowcase,0,5.460000038146973,transactional
bed linen set king size,5400,138.24000549316406,10,https://www.brooklinen.com/,0,1.5899999141693115,transactional
blanket throws for beds,5400,138.24000549316406,8,https://www.brooklinen.com/collections/throw-blankets-pillow-covers,24,1.7300000190734863,transactional
cotton cover duvet queen,5400,138.24000549316406,11,https://www.brooklinen.com/collections/duvet-covers,5,1.309999942779541,transactional
flannel sheet sets queen,5400,138.24000549316406,10,https://www.brooklinen.com/products/flannel-core-sheet-set,0,1.3600000143051147,transactional
king bed sheet sets,5400,138.24000549316406,9,https://www.brooklinen.com/,0,2.559999942779541,transactional
king size bedding set,5400,138.24000549316406,9,https://www.brooklinen.com/,0,1.5899999141693115,transactional
plush bathrobes for women,5400,138.24000549316406,9,https://www.brooklinen.com/products/super-plush-robe,0,2.2799999713897705,transactional
plush robe for women,5400,138.24000549316406,9,https://www.brooklinen.com/products/super-plush-robe,0,2.2799999713897705,transactional
plush robe women,5400,138.24000549316406,12,https://www.brooklinen.com/products/super-plush-robe,0,2.2799999713897705,transactional
queen sheet flannel,5400,138.24000549316406,10,https://www.brooklinen.com/products/flannel-core-sheet-set,0,1.3600000143051147,informational
queen sheets flannel,5400,138.24000549316406,10,https://www.brooklinen.com/products/flannel-core-sheet-set,0,1.3600000143051147,transactional
robes waffle,5400,138.24000549316406,9,https://www.brooklinen.com/products/waffle-robe,0,2.2300000190734863,transactional
towels waffle,5400,138.24000549316406,11,https://www.brooklinen.com/collections/waffle-towels,0,2.6700000762939453,transactional
cotton bath mat,12100,136.72999572753906,17,https://www.brooklinen.com/collections/bath-rugs-mats,0,1.149999976158142,transactional
100 pure mulberry silk pillowcase,2900,136.00999450683594,9,https://www.brooklinen.com/products/mulberry-silk-pillowcase,0,4.570000171661377,transactional
bed sheet and comforter set,2900,136.00999450683594,7,https://www.brooklinen.com/collections/sheet-bundles,2,1.8299999237060547,transactional
bed with duvet,2900,136.00999450683594,10,https://www.brooklinen.com/collections/duvet-covers,0,2.4200000762939453,transactional
bedsheet,2900,136.00999450683594,7,https://www.brooklinen.com/,2,2.4000000953674316,transactional
comforter set with sheet,2900,136.00999450683594,6,https://www.brooklinen.com/collections/sheet-bundles,2,1.8299999237060547,transactional
pillow cases with zips,2900,136.00999450683594,9,https://www.brooklinen.com/products/pillow-protector,0,1.0399999618530273,transactional
turkish 100 cotton towels,2900,136.00999450683594,7,https://www.brooklinen.com/products/super-plush-bath-towel-bundle,0,1.809999942779541,transactional
twin bed down comforters,2900,136.00999450683594,9,https://www.brooklinen.com/products/down-comforter,0,4.190000057220459,transactional
hand towel,18100,135.75,19,https://www.brooklinen.com/products/super-plush-hand-towels,0,1.2300000190734863,transactional
bath sheet,14800,134.67999267578125,19,https://www.brooklinen.com/products/super-plush-bath-sheets,0,1.8399999141693115,transactional
best comforters,14800,134.67999267578125,15,https://www.brooklinen.com/collections/comforters,0,5.300000190734863,commercial
duvet covers queen,14800,134.67999267578125,17,https://www.brooklinen.com/collections/duvet-covers,0,2.3399999141693115,transactional
linen bedding sets,14800,134.67999267578125,16,https://www.brooklinen.com/collections/washed-linen-sheets,0,3.9000000953674316,transactional
king size comforter set,22200,130.97999572753906,17,https://www.brooklinen.com/,0,0.9900000095367432,transactional
bed linen cotton,6600,130.02000427246094,11,https://www.brooklinen.com/,1,2.059999942779541,transactional
bed sheets modern,6600,130.02000427246094,10,https://www.brooklinen.com/,0,2.759999990463257,transactional
best feather down comforter,6600,130.02000427246094,14,https://www.brooklinen.com/products/down-comforter,3,7.420000076293945,commercial
comforter cover duvet,6600,130.02000427246094,10,https://www.brooklinen.com/collections/duvet-covers,0,2.7200000286102295,transactional
duvet and cover set,6600,130.02000427246094,12,https://www.brooklinen.com/collections/duvet-covers,0,2.5299999713897705,transactional
duvet covers and comforters,6600,130.02000427246094,10,https://www.brooklinen.com/collections/duvet-covers,0,2.7200000286102295,transactional
fitted bed sheets queen size,6600,130.02000427246094,12,https://www.brooklinen.com/,0,1.1100000143051147,transactional
luxury bedding collections,6600,130.02000427246094,14,https://www.brooklinen.com/,0,4.760000228881836,commercial
bath rugs,60500,127.05000305175781,52,https://www.brooklinen.com/collections/bath-rugs-mats,0,1.100000023841858,transactional
bath rugs for bathroom,60500,127.05000305175781,47,https://www.brooklinen.com/collections/bath-rugs-mats,0,1.100000023841858,transactional
bathroom carpet rugs,60500,127.05000305175781,52,https://www.brooklinen.com/collections/bath-rugs-mats,0,1.100000023841858,transactional
bathroom rug,60500,127.05000305175781,51,https://www.brooklinen.com/collections/bath-rugs-mats,0,1.100000023841858,transactional
bathroom rugs,60500,127.05000305175781,49,https://www.brooklinen.com/collections/bath-rugs-mats,1,1.100000023841858,transactional
comforter set,60500,127.05000305175781,33,https://www.brooklinen.com/collections/comforters,2,1.1200000047683716,transactional
comforter sets,60500,127.05000305175781,66,https://www.brooklinen.com/collections/comforters,0,1.1200000047683716,transactional
comforters and sets,60500,127.05000305175781,57,https://www.brooklinen.com/collections/comforters,0,1.1200000047683716,transactional
rugs bath,60500,127.05000305175781,42,https://www.brooklinen.com/collections/bath-rugs-mats,0,1.100000023841858,transactional
best blankets for beds,1300,126.48999786376953,3,https://www.brooklinen.com/collections/quilts-bed-blankets,5,4.639999866485596,informational
blankets pillows,1300,126.48999786376953,5,https://www.brooklinen.com/collections/throw-blankets-pillow-covers,0,1.1699999570846558,transactional
cover bedding set,1300,126.48999786376953,4,https://www.brooklinen.com/collections/duvet-covers,0,1.5099999904632568,transactional
duvet covers king size,1300,126.48999786376953,5,https://www.brooklinen.com/collections/duvet-covers,0,2.930000066757202,transactional
duvet covers lightweight,1300,126.48999786376953,3,https://www.brooklinen.com/collections/duvet-covers,2,4.360000133514404,transactional
light duvet covers,1300,126.48999786376953,7,https://www.brooklinen.com/collections/duvet-covers,3,4.360000133514404,transactional
luxurious bed linen,1300,126.48999786376953,3,https://www.brooklinen.com/,0,6.019999980926514,transactional
plush bathrobe,1300,126.48999786376953,6,https://www.brooklinen.com/products/super-plush-robe,0,2.8299999237060547,transactional
sheet bed cover,1300,126.48999786376953,7,https://www.brooklinen.com/collections/sheet-bundles,5,1.5099999904632568,transactional
waffle bath robe,1300,126.48999786376953,4,https://www.brooklinen.com/products/waffle-robe,0,2.7300000190734863,transactional
waffle bath robes,1300,126.48999786376953,6,https://www.brooklinen.com/products/waffle-robe,0,2.7300000190734863,transactional
bathrobe waffle cotton,1900,125.20999908447266,8,https://www.brooklinen.com/products/waffle-robe,0,1.4700000286102295,transactional
bed covers duvet,1900,125.20999908447266,6,https://www.brooklinen.com/collections/duvet-covers,0,3.190000057220459,transactional
bed linen luxury brands,1900,125.20999908447266,6,https://www.brooklinen.com/,0,5.170000076293945,commercial
blockprint quilt,1900,125.20999908447266,6,https://www.brooklinen.com/products/caroline-z-hurley-block-printed-gauze-quilt,0,1.2400000095367432,transactional
cotton bath sheets,1900,125.20999908447266,6,https://www.brooklinen.com/products/super-plush-bath-sheets,0,2.0299999713897705,transactional
duvet cover duvet insert,1900,125.20999908447266,6,https://www.brooklinen.com/collections/duvet-covers,0,2.950000047683716,transactional
duvet cover soft,1900,125.20999908447266,7,https://www.brooklinen.com/collections/duvet-covers,0,4.820000171661377,transactional
duvet covers bedding,1900,125.20999908447266,4,https://www.brooklinen.com/collections/duvet-covers,0,3.190000057220459,transactional
duvet covers soft,1900,125.20999908447266,7,https://www.brooklinen.com/collections/duvet-covers,0,4.820000171661377,transactional
linens near me,1900,125.20999908447266,8,https://www.brooklinen.com/,16,1.2000000476837158,transactional
pillow sham,22200,124.31999969482422,22,https://www.brooklinen.com/collections/pillowcases-shams,0,1.3300000429153442,transactional
bed quilt set,3600,121.68000030517578,9,https://www.brooklinen.com/collections/quilts-bed-blankets,0,1.0199999809265137,transactional
bed sheet for sale,3600,121.68000030517578,10,https://www.brooklinen.com/,2,1.899999976158142,transactional
bed sheets full size,3600,121.68000030517578,9,https://www.brooklinen.com/,5,1.2000000476837158,transactional
bedspreads high end,3600,121.68000030517578,8,https://www.brooklinen.com/,0,4.079999923706055,transactional
best bed sheets fabric,3600,121.68000030517578,11,https://www.brooklinen.com/collections/luxe-sateen-sheets,0,2.180000066757202,commercial
fluffy robes,3600,121.68000030517578,8,https://www.brooklinen.com/products/super-plush-robe,0,1.1699999570846558,transactional
high end bed linen,3600,121.68000030517578,8,https://www.brooklinen.com/,0,4.079999923706055,transactional
high quality towels,3600,121.68000030517578,9,https://www.brooklinen.com/pages/all-bath,13,6.809999942779541,transactional
linen fitted sheet king,3600,121.68000030517578,9,https://www.brooklinen.com/products/washed-linen-fitted-sheet,0,4.869999885559082,transactional
luxury bed sets queen,3600,121.68000030517578,8,https://www.brooklinen.com/,0,1.5499999523162842,transactional
organic cotton duvet covers,3600,121.68000030517578,7,https://www.brooklinen.com/products/organic-duvet-cover,0,4.239999771118164,transactional
sheets high quality,3600,121.68000030517578,11,https://www.brooklinen.com/collections/classic-percale-sheets,15,7.050000190734863,transactional
turkish towel bath,3600,121.68000030517578,10,https://www.brooklinen.com/products/super-plush-bath-towels,0,2.4800000190734863,transactional
bath towel on sale,8100,121.5,12,https://www.brooklinen.com/collections/all-towels,0,0.8199999928474426,transactional
bedroom linens,8100,121.5,10,https://www.brooklinen.com/,1,5.46999979019165,transactional
comforter bed sheet,8100,121.5,13,https://www.brooklinen.com/collections/sheet-bundles,0,1.340000033378601,transactional
down comforter queen,8100,121.5,16,https://www.brooklinen.com/products/down-comforter,0,3.799999952316284,transactional
bed clothing store,390,118.55999755859375,5,https://www.brooklinen.com/,0,2.9600000381469727,navigational
bed sets stores,390,118.55999755859375,4,https://www.brooklinen.com/,0,2.9600000381469727,transactional
best cotton duvet covers,390,118.55999755859375,1,https://www.brooklinen.com/collections/duvet-covers,9,3.740000009536743,commercial
best waffle bathrobes,390,118.55999755859375,3,https://www.brooklinen.com/products/waffle-robe,0,4.039999961853027,commercial
cool crisp sheets,390,118.55999755859375,3,https://www.brooklinen.com/collections/classic-percale-sheets,0,5.119999885559082,transactional
light quilt king,390,118.55999755859375,1,https://www.brooklinen.com/collections/quilts-bed-blankets,0,1.6399999856948853,transactional
luxe bed linen,390,118.55999755859375,4,https://www.brooklinen.com/collections/luxe-sateen-sheets,0,6.300000190734863,transactional
pre washed linen sheets,390,118.55999755859375,2,https://www.brooklinen.com/collections/washed-linen-sheets,0,1.2100000381469727,informational
sesame street sheets,390,118.55999755859375,1,https://www.brooklinen.com/products/sesame-street-core-sheet-set-last-call,0,0.8700000047683716,transactional
thick bath rug,390,118.55999755859375,2,https://www.brooklinen.com/collections/bath-rugs-mats,0,1.0099999904632568,transactional
waffle bedding,390,118.55999755859375,2,https://www.brooklinen.com/pages/waffle-world,0,2.1500000953674316,transactional
waffle weave bedspread,390,118.55999755859375,2,https://www.brooklinen.com/pages/waffle-world,0,1.2799999713897705,transactional
waffle weave bedspreads,390,118.55999755859375,2,https://www.brooklinen.com/pages/waffle-world,0,1.2799999713897705,transactional
alternative down comforter,720,116.63999938964844,3,https://www.brooklinen.com/products/down-alternative-comforter,0,3.25,transactional
best pillow case protector,720,116.63999938964844,2,https://www.brooklinen.com/products/pillow-protector,0,2.5299999713897705,transactional
best pillow protector,720,116.63999938964844,3,https://www.brooklinen.com/products/pillow-protector,0,2.799999952316284,transactional
best pillow protectors,720,116.63999938964844,3,https://www.brooklinen.com/products/pillow-protector,0,2.5299999713897705,commercial
best waffle towel,720,116.63999938964844,3,https://www.brooklinen.com/collections/waffle-towels,0,5.720000267028809,transactional
best waffle towels,720,116.63999938964844,3,https://www.brooklinen.com/collections/waffle-towels,0,5.720000267028809,commercial
blanket quilted,720,116.63999938964844,4,https://www.brooklinen.com/collections/quilts-bed-blankets,0,1.809999942779541,transactional
cotton cooling sheets,720,116.63999938964844,3,https://www.brooklinen.com/collections/classic-percale-sheets,4,2.0999999046325684,transactional
cotton percale fitted sheet king,720,116.63999938964844,3,https://www.brooklinen.com/collections/classic-percale-sheets,0,3.440000057220459,transactional
down blanket king,720,116.63999938964844,3,https://www.brooklinen.com/products/down-comforter,0,3.6399998664855957,transactional
duvet set queen,720,116.63999938964844,4,https://www.brooklinen.com/collections/duvet-covers,0,2.4000000953674316,transactional
flannel plaid sheets,720,116.63999938964844,7,https://www.brooklinen.com/products/flannel-core-sheet-set,0,1.309999942779541,transactional
full size down comforter,720,116.63999938964844,3,https://www.brooklinen.com/products/down-comforter,0,3,transactional
good quality bed sheets,720,116.63999938964844,3,https://www.brooklinen.com/collections/best-sellers,10,3.9000000953674316,transactional
long staple cotton percale sheets,720,116.63999938964844,2,https://www.brooklinen.com/collections/classic-percale-sheets,0,4.940000057220459,transactional
quilt and blankets,720,116.63999938964844,4,https://www.brooklinen.com/collections/quilts-bed-blankets,0,1.809999942779541,transactional
quilted shower curtain,720,116.63999938964844,3,https://www.brooklinen.com/products/patchwork-shower-curtain,0,0.3100000023841858,transactional
sale on sheet sets,720,116.63999938964844,3,https://www.brooklinen.com/collections/last-call,0,1.25,transactional
sale sheet sets,720,116.63999938964844,3,https://www.brooklinen.com/collections/last-call,1,1.25,transactional
sheet sets on sale,720,116.63999938964844,4,https://www.brooklinen.com/collections/last-call,0,1.25,commercial
soft cool sheets,720,116.63999938964844,5,https://www.brooklinen.com/pages/cooling,0,5.489999771118164,transactional
what are the best bath towels,720,116.63999938964844,3,https://www.brooklinen.com/pages/all-bath,1,2.940000057220459,informational
what is the best bath towels,720,116.63999938964844,4,https://www.brooklinen.com/pages/all-bath,2,2.940000057220459,informational
where can i buy towels,720,116.63999938964844,6,https://www.brooklinen.com/collections/all-towels,0,2.299999952316284,transactional
laundry dryer balls,27100,116.52999877929688,22,https://www.brooklinen.com/products/wool-dryer-balls,0,1.1200000047683716,transactional
down and feather comforters,49500,113.8499984741211,25,https://www.brooklinen.com/products/down-comforter,0,4.980000019073486,transactional
bed cover,22200,113.22000122070312,22,https://www.brooklinen.com/collections/duvet-covers,0,3.190000057220459,transactional
100 silk pillowcase,4400,112.63999938964844,10,https://www.brooklinen.com/products/mulberry-silk-pillowcase,0,3.3399999141693115,transactional
bedding sheet set,4400,112.63999938964844,10,https://www.brooklinen.com/,11,2.5799999237060547,transactional
cotton king sheet,4400,112.63999938964844,9,https://www.brooklinen.com/,0,1.7999999523162842,transactional
cozy bedding,4400,112.63999938964844,10,https://www.brooklinen.com/,0,3.2100000381469727,transactional
great shower curtains,4400,112.63999938964844,9,https://www.brooklinen.com/collections/shower-curtains,0,1.1399999856948853,transactional
luxury sheets,4400,112.63999938964844,10,https://www.brooklinen.com/,0,12.800000190734863,transactional
sheet set for bed,4400,112.63999938964844,9,https://www.brooklinen.com/collections/sheet-bundles,11,2.5799999237060547,transactional
100 cotton organic sheets,2400,112.55999755859375,8,https://www.brooklinen.com/collections/organic-sheets,0,3.3499999046325684,transactional
best down alternative comforter,2400,112.55999755859375,9,https://www.brooklinen.com/products/down-alternative-comforter,3,6.869999885559082,commercial
blanket throws decorative,2400,112.55999755859375,7,https://www.brooklinen.com/collections/throw-blankets-pillow-covers,0,1.0299999713897705,transactional
linen shop near me,2400,112.55999755859375,9,https://www.brooklinen.com/,19,1.75,commercial
luxurious comforter,2400,112.55999755859375,7,https://www.brooklinen.com/,0,4.860000133514404,transactional
luxurious comforters sets,2400,112.55999755859375,6,https://www.brooklinen.com/,0,2.299999952316284,transactional
luxury bedding comforter,2400,112.55999755859375,8,https://www.brooklinen.com/,0,4.860000133514404,transactional
luxury bedroom bedding sets,2400,112.55999755859375,7,https://www.brooklinen.com/,0,2.299999952316284,transactional
softest comforters,2400,112.55999755859375,6,https://www.brooklinen.com/collections/comforters,0,3.140000104904175,commercial
throw in bed,2400,112.55999755859375,8,https://www.brooklinen.com/collections/throw-blankets-pillow-covers,0,1.5399999618530273,informational
top rated alternative down comforters,2400,112.55999755859375,7,https://www.brooklinen.com/products/down-alternative-comforter,2,6.869999885559082,commercial
towelling bathrobes for women,2400,112.55999755859375,9,https://www.brooklinen.com/products/super-plush-robe,0,1.350000023841858,transactional
best doona covers,9900,111.87000274658203,18,https://www.brooklinen.com/collections/duvet-covers,0,5.349999904632568,transactional
deep pocket bedding set,14800,111,16,https://www.brooklinen.com/,0,3.7100000381469727,transactional
wash cloths,18100,106.79000091552734,20,https://www.brooklinen.com/products/super-plush-washcloths,0,0.9300000071525574,informational
bedding comfy,5400,106.37999725341797,10,https://www.brooklinen.com/,0,4.789999961853027,transactional
king bedroom sheets,5400,106.37999725341797,11,https://www.brooklinen.com/,0,2.559999942779541,transactional
robes for women plush,5400,106.37999725341797,14,https://www.brooklinen.com/products/super-plush-robe,0,2.2799999713897705,transactional
silk eye mask sleep,5400,106.37999725341797,11,https://www.brooklinen.com/products/mulberry-silk-eyemask,0,4.829999923706055,transactional
throw blanket bedroom,5400,106.37999725341797,10,https://www.brooklinen.com/collections/throw-blankets-pillow-covers,0,1.7300000190734863,transactional
top rated beach towel,5400,106.37999725341797,13,https://www.brooklinen.com/collections/beach-towels,0,2.4100000858306885,transactional
100 flax linen sheets,1600,105.44000244140625,7,https://www.brooklinen.com/collections/washed-linen-sheets,0,3.819999933242798,transactional
percale king fitted sheet,1600,105.44000244140625,8,https://www.brooklinen.com/products/classic-fitted-sheets,0,4.929999828338623,transactional
quilt duvet covers,1600,105.44000244140625,6,https://www.brooklinen.com/collections/duvet-covers,0,1.7400000095367432,transactional
sateen cotton bedding,1600,105.44000244140625,7,https://www.brooklinen.com/collections/luxe-sateen-sheets,0,3.2300000190734863,transactional
waffle duvet cover,1600,105.44000244140625,6,https://www.brooklinen.com/products/micro-waffle-duvet-cover,0,2.5999999046325684,transactional
waffle duvet covers,1600,105.44000244140625,7,https://www.brooklinen.com/products/micro-waffle-duvet-set,0,2.5999999046325684,transactional
waffle weave towel,1600,105.44000244140625,7,https://www.brooklinen.com/collections/waffle-towels,0,1.690000057220459,transactional
comforters goose down,49500,103.94999694824219,35,https://www.brooklinen.com/products/down-comforter,0,4.980000019073486,transactional
satin weave fabric,49500,103.94999694824219,116,https://www.brooklinen.com/collections/luxe-sateen-sheets,4,1.1299999952316284,transactional
throw,49500,103.94999694824219,29,https://www.brooklinen.com/collections/throw-blankets-pillow-covers,18,1.2999999523162842,informational
throws,49500,103.94999694824219,82,https://www.brooklinen.com/collections/throw-blankets-pillow-covers,23,1.2999999523162842,informational
wool balls for tumble dryer,49500,103.94999694824219,110,https://www.brooklinen.com/products/wool-dryer-balls,0,1.4800000190734863,transactional
wool dryer balls,49500,103.94999694824219,43,https://www.brooklinen.com/products/wool-dryer-balls,0,1.4800000190734863,transactional
best robe,6600,99,11,https://www.brooklinen.com/products/super-plush-robe,1,3.940000057220459,transactional
comforter and duvet covers,6600,99,12,https://www.brooklinen.com/collections/duvet-covers,0,2.7200000286102295,transactional
cotton hand towel,6600,99,12,https://www.brooklinen.com/products/super-plush-hand-towels,0,1.2899999618530273,transactional
curtains bathroom shower curtains,6600,99,12,https://www.brooklinen.com/collections/shower-curtains,4,0.6200000047683716,transactional
duvet bed cover set,6600,99,11,https://www.brooklinen.com/collections/duvet-covers,0,2.5299999713897705,transactional
duvet cover comforter cover,6600,99,11,https://www.brooklinen.com/collections/duvet-covers,0,2.7200000286102295,transactional
duvet covers comforters,6600,99,12,https://www.brooklinen.com/collections/duvet-covers,0,2.7200000286102295,transactional
fitted sheets for split king,6600,99,13,https://www.brooklinen.com/products/luxe-split-king-sheet-set,0,4.579999923706055,transactional
queen size bed sheet fitted,6600,99,14,https://www.brooklinen.com/products/classic-fitted-sheets,0,1.1100000143051147,transactional
100 turkish cotton towels,2900,98.0199966430664,8,https://www.brooklinen.com/products/super-plush-bath-towels,0,1.809999942779541,transactional
best place to buy bed linens,2900,98.0199966430664,12,https://www.brooklinen.com/,22,3.119999885559082,commercial
best places to buy bedspreads,2900,98.0199966430664,12,https://www.brooklinen.com/,12,3.0999999046325684,commercial
comforter sheet sets,2900,98.0199966430664,8,https://www.brooklinen.com/collections/sheet-bundles,11,1.8299999237060547,transactional
good places to buy bedding,2900,98.0199966430664,10,https://www.brooklinen.com/,22,3.119999885559082,commercial
ladies waffle robes,2900,98.0199966430664,10,https://www.brooklinen.com/products/waffle-robe,0,1.9500000476837158,transactional
linen stores,2900,98.0199966430664,8,https://www.brooklinen.com/,7,2.6100001335144043,commercial
sheets and comforter sets,2900,98.0199966430664,9,https://www.brooklinen.com/,12,1.8299999237060547,transactional
twin goose down comforter,2900,98.0199966430664,11,https://www.brooklinen.com/products/down-comforter,0,4.190000057220459,transactional
bed bedding sets,1000,97.30000305175781,4,https://www.brooklinen.com/,11,1.1699999570846558,transactional
bed clothing,1000,97.30000305175781,7,https://www.brooklinen.com/,6,2.2100000381469727,transactional
cotton light blanket,1000,97.30000305175781,7,https://www.brooklinen.com/products/weekend-wash-bed-blanket,0,1.7599999904632568,transactional
cotton percale sheets queen,1000,97.30000305175781,4,https://www.brooklinen.com/collections/classic-percale-sheets,0,2.0399999618530273,transactional
decorative blanket,1000,97.30000305175781,6,https://www.brooklinen.com/collections/throw-blankets-pillow-covers,0,0.9100000262260437,transactional
down comforters sale,1000,97.30000305175781,6,https://www.brooklinen.com/products/down-comforter,0,5.360000133514404,transactional
european flax linen duvet covers,1000,97.30000305175781,3,https://www.brooklinen.com/products/washed-linen-duvet-cover,0,4.269999980926514,informational
full queen duvet cover,1000,97.30000305175781,5,https://www.brooklinen.com/collections/duvet-covers,0,2.5299999713897705,transactional
mattress sheets,1000,97.30000305175781,6,https://www.brooklinen.com/collections/all-sheets,7,1.7699999809265137,transactional
mulberry silk bed set,1000,97.30000305175781,3,https://www.brooklinen.com/collections/mulberry-silk-collection,0,3.630000114440918,transactional
mulberry silk bedding sets,1000,97.30000305175781,4,https://www.brooklinen.com/collections/mulberry-silk-collection,0,3.630000114440918,transactional
organic cotton queen sheets,1000,97.30000305175781,6,https://www.brooklinen.com/collections/organic-sheets,0,2.8899998664855957,transactional
oversized bath sheets,1000,97.30000305175781,4,https://www.brooklinen.com/products/super-plush-bath-sheets,0,1.3700000047683716,transactional
pure linen bed sheets,1000,97.30000305175781,6,https://www.brooklinen.com/collections/washed-linen-sheets,0,3.4000000953674316,transactional
queen sheets cotton percale,1000,97.30000305175781,6,https://www.brooklinen.com/collections/classic-percale-sheets,0,2.0399999618530273,transactional
stripe beach towels,1000,97.30000305175781,7,https://www.brooklinen.com/products/pride-stripe-beach-towel,0,1.899999976158142,transactional
striped blanket,1000,97.30000305175781,4,https://www.brooklinen.com/products/striped-lambswool-throw-blanket,0,0.7699999809265137,transactional
towel sets on sale,1000,97.30000305175781,4,https://www.brooklinen.com/collections/bath-towel-bundles,0,0.949999988079071,transactional
bed sheets and duvet set,320,97.27999877929688,1,https://www.brooklinen.com/collections/sheet-bundles,0,6.900000095367432,transactional
bedsheet and duvet set,320,97.27999877929688,2,https://www.brooklinen.com/collections/sheet-bundles,2,6.900000095367432,transactional
best cotton bath towels,320,97.27999877929688,2,https://www.brooklinen.com/pages/all-bath,0,2.680000066757202,commercial
breathable linen bedding,320,97.27999877929688,3,https://www.brooklinen.com/collections/washed-linen-sheets,0,3.549999952316284,informational
comforter with pillows,320,97.27999877929688,3,https://www.brooklinen.com/collections/duvet-inserts-pillows,0,3.130000114440918,transactional
lightweight bed quilts,320,97.27999877929688,2,https://www.brooklinen.com/collections/quilts-bed-blankets,0,2.5899999141693115,transactional
luxe sateen sheets,320,97.27999877929688,1,https://www.brooklinen.com/collections/luxe-sateen-sheets,0,13.479999542236328,transactional
percale duvet cover queen,320,97.27999877929688,2,https://www.brooklinen.com/products/classic-duvet-cover-last-call,0,4.25,transactional
percale king sheet set,320,97.27999877929688,3,https://www.brooklinen.com/collections/classic-percale-sheets,0,3.990000009536743,transactional
queen sateen fitted sheet,320,97.27999877929688,2,https://www.brooklinen.com/products/luxe-fitted-sheets,0,4.760000228881836,transactional
stripe percale sheets,320,97.27999877929688,3,https://www.brooklinen.com/collections/classic-percale-sheets,0,3.2100000381469727,transactional
waffle sheets,320,97.27999877929688,1,https://www.brooklinen.com/pages/waffle-world,0,2.369999885559082,transactional
washed european linen sheets,320,97.27999877929688,1,https://www.brooklinen.com/collections/washed-linen-sheets,0,12.699999809265137,informational
where to buy best sheets,320,97.27999877929688,2,https://www.brooklinen.com/collections/best-sellers,19,4.789999961853027,commercial
100 organic cotton duvet covers,590,95.58000183105469,4,https://www.brooklinen.com/products/organic-duvet-cover,0,3.5799999237060547,transactional
bed sheet and blanket,590,95.58000183105469,5,https://www.brooklinen.com/collections/sheet-bundles,12,1.9100000858306885,transactional
best linen bedding,590,95.58000183105469,3,https://www.brooklinen.com/collections/washed-linen-sheets,0,7.949999809265137,commercial
cotton sateen duvet cover,590,95.58000183105469,3,https://www.brooklinen.com/products/luxe-duvet-cover,0,3.4100000858306885,transactional
cotton satin duvet cover,590,95.58000183105469,2,https://www.brooklinen.com/products/luxe-duvet-cover,0,3.4100000858306885,transactional
down alternative mattress pad,590,95.58000183105469,5,https://www.brooklinen.com/products/mattress-pad,11,4.309999942779541,transactional
duvet/comforter set,590,95.58000183105469,4,https://www.brooklinen.com/collections/duvet-covers,0,2.059999942779541,transactional
highly rated sheets,590,95.58000183105469,2,https://www.brooklinen.com/collections/best-sellers,22,7.659999847412109,informational
king linen quilts,590,95.58000183105469,4,https://www.brooklinen.com/products/washed-linen-quilt,0,3.059999942779541,transactional
linen king quilt,590,95.58000183105469,6,https://www.brooklinen.com/products/washed-linen-quilt,0,3.059999942779541,transactional
linen quilt king,590,95.58000183105469,5,https://www.brooklinen.com/products/washed-linen-quilt,0,3.059999942779541,transactional
satin bed sheet set,590,95.58000183105469,3,https://www.brooklinen.com/collections/luxe-sateen-sheets,0,1.7699999809265137,transactional
sheet and duvet cover set,590,95.58000183105469,2,https://www.brooklinen.com/collections/sheet-bundles,1,4.519999980926514,transactional
sheet set 100 cotton,22200,95.45999908447266,20,https://www.brooklinen.com/collections/classic-percale-sheets,0,1.7100000381469727,transactional
bath towels turkish,3600,92.16000366210938,10,https://www.brooklinen.com/products/super-plush-bath-towels,0,2.4800000190734863,transactional
bathrobe fluffy,3600,92.16000366210938,12,https://www.brooklinen.com/products/super-plush-robe,0,1.1699999570846558,transactional
high end bedding,3600,92.16000366210938,12,https://www.brooklinen.com/,0,4.079999923706055,commercial
luxury comforters queen,3600,92.16000366210938,9,https://www.brooklinen.com/,0,1.5499999523162842,transactional
queen luxury bedding sets,3600,92.16000366210938,10,https://www.brooklinen.com/,0,1.5499999523162842,transactional
bed linen stores near me,8100,91.52999877929688,16,https://www.brooklinen.com/pages/our-stores,1,2.4800000190734863,transactional
comfortable bed sheets,8100,91.52999877929688,15,https://www.brooklinen.com/,10,1.340000033378601,transactional
bath rugs cotton,12100,90.75,18,https://www.brooklinen.com/collections/bath-rugs-mats,0,1.149999976158142,transactional
bathroom cotton mats,12100,90.75,18,https://www.brooklinen.com/collections/bath-rugs-mats,0,1.149999976158142,transactional
bath towel vs bath sheet,9900,90.08999633789062,17,https://www.brooklinen.com/blogs/brookliving/everything-you-need-to-know-about-the-difference-between-our-bath-sheets-and-towels,0,2.7200000286102295,informational
cooling bedding sheets,33100,89.37000274658203,35,https://www.brooklinen.com/pages/cooling,0,4.159999847412109,transactional
100 cotton bathrobe,1900,89.11000061035156,9,https://www.brooklinen.com/products/super-plush-robe,0,1.7000000476837158,transactional
100 mulberry silk sheets,1900,89.11000061035156,5,https://www.brooklinen.com/collections/mulberry-silk-collection,0,4.21999979019165,transactional
block print quilts,1900,89.11000061035156,6,https://www.brooklinen.com/products/caroline-z-hurley-block-printed-gauze-quilt,0,1.2400000095367432,transactional
check blanket,1900,89.11000061035156,9,https://www.brooklinen.com/products/pop-check-throw-blanket,0,1.2400000095367432,transactional
cotton bath sheet,1900,89.11000061035156,7,https://www.brooklinen.com/products/super-plush-bath-sheets,0,2.0299999713897705,transactional
cotton waffle bathrobes,1900,89.11000061035156,7,https://www.brooklinen.com/products/waffle-robe,0,1.4700000286102295,transactional
down pillow king,1900,89.11000061035156,10,https://www.brooklinen.com/products/down-pillow,0,4.929999828338623,transactional
fitted sheet full,1900,89.11000061035156,7,https://www.brooklinen.com/products/classic-fitted-sheets,0,1.0499999523162842,transactional
fuzzy robe,1900,89.11000061035156,6,https://www.brooklinen.com/products/super-plush-robe,5,1.1100000143051147,transactional
queen fitted sheet percale,1900,89.11000061035156,7,https://www.brooklinen.com/products/classic-fitted-sheets,0,2.990000009536743,transactional
queen percale sheets,1900,89.11000061035156,9,https://www.brooklinen.com/collections/classic-percale-sheets,0,2.990000009536743,transactional
robes 100 cotton,1900,89.11000061035156,8,https://www.brooklinen.com/products/super-plush-robe,0,1.7000000476837158,transactional
king comforter set,40500,89.0999984741211,31,https://www.brooklinen.com/collections/comforters,0,1.159999966621399,transactional
california king comforter and sheet set,14800,87.31999969482422,17,https://www.brooklinen.com/,0,1.2799999713897705,transactional
luxury blanket,14800,87.31999969482422,20,https://www.brooklinen.com/,0,5.829999923706055,transactional
silky bedding set,14800,87.31999969482422,20,https://www.brooklinen.com/collections/luxe-sateen-sheets,0,2.9000000953674316,transactional
bed linen cheap,4400,86.68000030517578,10,https://www.brooklinen.com/,14,1.5199999809265137,transactional
bed sheet set king size,4400,86.68000030517578,12,https://www.brooklinen.com/collections/all-sheets,1,2.130000114440918,transactional
bedding sheet sets full,4400,86.68000030517578,10,https://www.brooklinen.com/collections/all-sheets,0,1.3899999856948853,transactional
bedsheet set,4400,86.68000030517578,11,https://www.brooklinen.com/,11,2.5799999237060547,transactional
blankets and linen,4400,86.68000030517578,10,https://www.brooklinen.com/,0,2.1700000762939453,transactional
cheapest bed linen,4400,86.68000030517578,12,https://www.brooklinen.com/collections/last-call,0,1.5199999809265137,transactional
king size bed sheet sets,4400,86.68000030517578,12,https://www.brooklinen.com/collections/all-sheets,0,2.130000114440918,transactional
king size bedding sheet set,4400,86.68000030517578,11,https://www.brooklinen.com/,1,2.130000114440918,transactional
king size sheets sets,4400,86.68000030517578,11,https://www.brooklinen.com/collections/all-sheets,0,2.130000114440918,transactional
sheet sets king size,4400,86.68000030517578,10,https://www.brooklinen.com/collections/all-sheets,0,2.130000114440918,transactional
striped bedding,4400,86.68000030517578,12,https://www.brooklinen.com/pages/stripes,0,1.340000033378601,transactional
turkish cotton bath robe,4400,86.68000030517578,10,https://www.brooklinen.com/products/super-plush-robe,0,2.3600001335144043,transactional
bed covers and sheets,1300,85.66999816894531,5,https://www.brooklinen.com/,11,1.5099999904632568,transactional
duvet cover king size,1300,85.66999816894531,5,https://www.brooklinen.com/collections/duvet-covers,0,2.930000066757202,transactional
high quality down comforter,1300,85.66999816894531,7,https://www.brooklinen.com/products/down-comforter,0,8.079999923706055,transactional
high quality linen sheets,1300,85.66999816894531,7,https://www.brooklinen.com/collections/washed-linen-sheets,0,7.449999809265137,transactional
luxurious bed linens,1300,85.66999816894531,6,https://www.brooklinen.com/,0,6.019999980926514,transactional
luxurious bedding king,1300,85.66999816894531,4,https://www.brooklinen.com/,0,2.869999885559082,transactional
luxurious linen bedding,1300,85.66999816894531,5,https://www.brooklinen.com/,0,6.019999980926514,transactional
luxury bedroom linens,1300,85.66999816894531,4,https://www.brooklinen.com/,0,6.019999980926514,transactional
quality bed set,1300,85.66999816894531,5,https://www.brooklinen.com/,0,6.599999904632568,transactional
quality bed sets,1300,85.66999816894531,5,https://www.brooklinen.com/,0,6.599999904632568,transactional
satin silk sheets,1300,85.66999816894531,7,https://www.brooklinen.com/collections/luxe-sateen-sheets,0,1.9900000095367432,transactional
waffle bathrobe,1300,85.66999816894531,6,https://www.brooklinen.com/products/waffle-robe,0,2.7300000190734863,informational
100 linen duvet cover,880,85.6240005493164,6,https://www.brooklinen.com/products/washed-linen-duvet-cover,0,2.6500000953674316,transactional
bath towels best quality,880,85.6240005493164,5,https://www.brooklinen.com/pages/all-bath,0,4.019999980926514,commercial
bed linens sets,880,85.6240005493164,5,https://www.brooklinen.com/,0,3.700000047683716,transactional
bed sheet brands,880,85.6240005493164,5,https://www.brooklinen.com/,17,6.199999809265137,commercial
bed sheets brand,880,85.6240005493164,6,https://www.brooklinen.com/,21,6.199999809265137,transactional
colourful duvet covers,880,85.6240005493164,5,https://www.brooklinen.com/collections/duvet-covers,0,1.3300000429153442,transactional
comforter bedspread,880,85.6240005493164,5,https://www.brooklinen.com/collections/comforters,0,1.190000057220459,transactional
comforter covers queen,880,85.6240005493164,5,https://www.brooklinen.com/collections/duvet-covers,0,1.690000057220459,transactional
couple matching robes,880,85.6240005493164,4,https://www.brooklinen.com/products/mine-and-yours-robe-bundle,0,2,informational
down comforter queen set,880,85.6240005493164,5,https://www.brooklinen.com/products/down-comforter,0,1.1100000143051147,transactional
down comforters full,880,85.6240005493164,5,https://www.brooklinen.com/products/down-comforter,0,4.260000228881836,informational
european linen sheet sets,880,85.6240005493164,3,https://www.brooklinen.com/collections/washed-linen-sheets,0,5.909999847412109,commercial
gots certified organic cotton bedding,880,85.6240005493164,3,https://www.brooklinen.com/collections/organic-sheets,0,6.820000171661377,transactional
king silk pillowcase,880,85.6240005493164,4,https://www.brooklinen.com/products/mulberry-silk-pillowcase,0,6.909999847412109,transactional
protective pillow covers,880,85.6240005493164,7,https://www.brooklinen.com/products/pillow-protector,0,1.5799999237060547,informational
silk king pillowcase,880,85.6240005493164,5,https://www.brooklinen.com/products/mulberry-silk-pillowcase,0,6.909999847412109,transactional
silk pillowcase king,880,85.6240005493164,4,https://www.brooklinen.com/products/mulberry-silk-pillowcase,0,6.909999847412109,transactional
stain remover sheets,880,85.6240005493164,6,https://www.brooklinen.com/products/stain-remover,4,1.4700000286102295,transactional
white silk pillowcases,880,85.6240005493164,7,https://www.brooklinen.com/products/mulberry-silk-pillowcase,0,4.789999961853027,transactional
bed bath & beyond promo codes,40500,85.05000305175781,91,https://www.brooklinen.com/,0,3.569999933242798,commercial
blanket set for queen,40500,85.05000305175781,96,https://www.brooklinen.com/collections/quilts-bed-blankets,0,0.8500000238418579,transactional
brooklyn mattress,40500,85.05000305175781,63,https://www.brooklinen.com/,0,3.7799999713897705,navigational
fitted sheets,40500,85.05000305175781,35,https://www.brooklinen.com/products/luxe-fitted-sheets,0,2.180000066757202,informational
king bedspread set,40500,85.05000305175781,44,https://www.brooklinen.com/,0,1.159999966621399,transactional
king set comforter,40500,85.05000305175781,103,https://www.brooklinen.com/collections/duvet-covers,0,1.159999966621399,transactional
queen bed comforter set,40500,85.05000305175781,100,https://www.brooklinen.com/,0,0.8500000238418579,transactional
queen bedding set with sheets,40500,85.05000305175781,61,https://www.brooklinen.com/collections/sheet-bundles,0,0.8500000238418579,transactional
queen bedding sets with sheets,40500,85.05000305175781,64,https://www.brooklinen.com/collections/sheet-bundles,0,0.8500000238418579,transactional
queen comforter set with sheets,40500,85.05000305175781,77,https://www.brooklinen.com/collections/sheet-bundles,0,0.8500000238418579,transactional
comforter set for full size bed,14800,82.87999725341797,18,https://www.brooklinen.com/,0,0.8100000023841858,transactional
bed sheets queen bed,2400,81.12000274658203,9,https://www.brooklinen.com/collections/all-sheets,10,2.3600001335144043,transactional
bedding sheets and pillowcases,2400,81.12000274658203,7,https://www.brooklinen.com/,0,3.1700000762939453,transactional
linens stores near me,2400,81.12000274658203,10,https://www.brooklinen.com/,25,1.75,commercial
luxury comforter set,2400,81.12000274658203,9,https://www.brooklinen.com/,0,2.299999952316284,transactional
luxury comforter sets,2400,81.12000274658203,9,https://www.brooklinen.com/,0,2.299999952316284,transactional
luxury comforters bedspreads,2400,81.12000274658203,8,https://www.brooklinen.com/,0,2.299999952316284,transactional
percale cotton duvet covers,2400,81.12000274658203,9,https://www.brooklinen.com/products/classic-duvet-cover,0,3.3499999046325684,transactional
pillowcases and sheets,2400,81.12000274658203,9,https://www.brooklinen.com/,0,3.1700000762939453,transactional
queen bed covers,2400,81.12000274658203,9,https://www.brooklinen.com/collections/duvet-covers,0,1.159999966621399,transactional
sheets & pillowcases,2400,81.12000274658203,9,https://www.brooklinen.com/collections/sheet-bundles,0,3.1700000762939453,transactional
sheets and pillow,2400,81.12000274658203,8,https://www.brooklinen.com/,0,3.1700000762939453,transactional
towel robe ladies,2400,81.12000274658203,9,https://www.brooklinen.com/products/super-plush-robe,0,1.350000023841858,transactional
towel robes for women,2400,81.12000274658203,8,https://www.brooklinen.com/products/super-plush-robe,0,1.350000023841858,transactional
toweling bath mats,2400,81.12000274658203,9,https://www.brooklinen.com/collections/bath-rugs-mats,0,1.4199999570846558,transactional
womens robe towel,2400,81.12000274658203,10,https://www.brooklinen.com/products/super-plush-robe,0,1.350000023841858,transactional
bed fitted sheet,5400,81,12,https://www.brooklinen.com/products/classic-fitted-sheets,0,1.7200000286102295,transactional
bedding sale,5400,81,9,https://www.brooklinen.com/,0,4.519999980926514,transactional
mattress fitted sheet,5400,81,13,https://www.brooklinen.com/products/classic-fitted-sheets,0,1.7200000286102295,transactional
oversized bath towels,5400,81,15,https://www.brooklinen.com/products/super-plush-bath-towels,0,1.2200000286102295,transactional
oversized bathroom towels,5400,81,15,https://www.brooklinen.com/products/super-plush-bath-towels,0,1.2200000286102295,transactional
sheets twin size,5400,81,13,https://www.brooklinen.com/collections/all-sheets,0,0.7599999904632568,transactional
silk sleep eye mask,5400,81,13,https://www.brooklinen.com/products/mulberry-silk-eyemask,0,4.829999923706055,transactional
sleeping silk eye mask,5400,81,13,https://www.brooklinen.com/products/mulberry-silk-eyemask,0,4.829999923706055,transactional
