keyword,search_volume,cpc,competition,keyword_difficulty,search_intent,source
sheets,2240000,6,LOW,78,transactional,ideas
blanket,201000,1.73,HIGH,9,transactional,ideas
twin bedding,201000,1.41,HIGH,0,transactional,suggestion
twin beds bedding,201000,1.41,HIGH,0,transactional,suggestion
bedding twins,201000,1.41,HIGH,0,transactional,suggestion
pillow,165000,2.51,HIGH,30,transactional,ideas
duvets and duvet covers,165000,2.48,HIGH,24,transactional,suggestion
duvet and covers,165000,2.48,HIGH,0,transactional,suggestion
shower curtain,165000,0.82,HIGH,10,transactional,suggestion
curtains for shower curtain,165000,0.82,HIGH,,transactional,suggestion
cover for duvet,165000,2.48,HIGH,0,transactional,suggestion
curtains for shower,165000,0.82,HIGH,10,transactional,suggestion
duvets with covers,165000,2.48,HIGH,0,transactional,suggestion
alaska king bedding,165000,1.96,HIGH,0,transactional,suggestion
bedding measurements,165000,0.67,HIGH,0,informational,suggestion
bedding sizes,165000,0.67,HIGH,9,informational,suggestion
bedding size,165000,0.67,HIGH,9,transactional,suggestion
alaskan king bedding,165000,1.96,HIGH,0,transactional,suggestion
bedding sizing,165000,0.67,HIGH,9,informational,suggestion
toddler bedding,165000,0.81,HIGH,0,transactional,suggestion
pregnancy pillow,135000,1.3,HIGH,18,transactional,ideas
weighted blanket,135000,2.22,HIGH,20,transactional,ideas
queen bedding dimensions,135000,1.44,HIGH,0,informational,suggestion
size king bedding,135000,3.27,HIGH,2,transactional,suggestion
loft bedding,135000,0.78,HIGH,0,transactional,suggestion
queen bedding measurements,135000,1.44,HIGH,0,informational,suggestion
queen bedding size measurements,135000,1.44,HIGH,0,informational,suggestion
robe,110000,1.41,HIGH,5,transactional,ideas
quilt store near me,110000,0.75,LOW,20,commercial,suggestion
quilt shop close to me,110000,0.75,LOW,0,commercial,suggestion
quilt stores near me,110000,0.75,LOW,0,commercial,suggestion
quilt shops.near me,110000,0.75,LOW,0,commercial,suggestion
quilt shops close to me,110000,0.75,LOW,0,commercial,suggestion
quilt shop near me,110000,0.75,LOW,10,commercial,suggestion
quilt shops near me,110000,0.75,LOW,6,commercial,suggestion
quilts store near me,110000,0.75,LOW,20,commercial,suggestion
quilts stores near me,110000,0.75,LOW,20,commercial,suggestion
quilts shops near me,110000,0.75,LOW,7,commercial,suggestion
quilts shop near me,110000,0.75,LOW,15,commercial,suggestion
and comforter,110000,2.21,HIGH,17,transactional,suggestion
bedding size full,110000,1.26,HIGH,0,transactional,suggestion
full size bedding measurements,110000,1.26,HIGH,0,informational,suggestion
full size bedding dimensions,110000,1.26,HIGH,0,informational,suggestion
towels for towel warmer,110000,1.02,HIGH,0,transactional,suggestion
warming towels,110000,1.02,HIGH,9,transactional,suggestion
warmer for towels,110000,1.02,HIGH,1,transactional,suggestion
warm towels,110000,1.02,HIGH,0,transactional,suggestion
bedding setting,110000,2.8,HIGH,2,transactional,suggestion
bedding sheet,110000,2.8,HIGH,20,transactional,suggestion
squishmallow pillow,90500,0.43,HIGH,0,transactional,ideas
towel,90500,2.04,HIGH,0,transactional,ideas
purple pillow,90500,1.68,HIGH,0,transactional,ideas
shower chair,90500,0.66,HIGH,0,transactional,ideas
duvet cotton covers,90500,1.86,HIGH,3,transactional,suggestion
quilt and fabric,90500,0.77,HIGH,9,transactional,suggestion
quilt fabrics,90500,0.77,HIGH,0,transactional,suggestion
quilt cloth,90500,0.77,HIGH,3,transactional,suggestion
quilt fabric material,90500,0.77,HIGH,0,transactional,suggestion
quilt material,90500,0.77,HIGH,4,transactional,suggestion
fabric-quilt,90500,0.77,HIGH,0,transactional,suggestion
quilt materials,90500,0.77,HIGH,8,transactional,suggestion
fabric for quilt making,90500,0.77,HIGH,8,informational,suggestion
duvet cotton cover,90500,1.86,HIGH,3,transactional,suggestion
cloth for quilts,90500,0.77,HIGH,0,transactional,suggestion
fabrics for quilts,90500,0.77,HIGH,0,transactional,suggestion
fabric quilts,90500,0.77,HIGH,3,transactional,suggestion
cotton covered duvets,90500,1.86,HIGH,3,transactional,suggestion
cloud towels,90500,0.22,HIGH,0,transactional,suggestion
sand towels,90500,0.22,HIGH,0,transactional,suggestion
sand cloud towels,90500,0.22,HIGH,0,transactional,suggestion
queen beds bedding,90500,2.7,HIGH,0,transactional,suggestion
platform bedding,90500,2.53,HIGH,1,transactional,suggestion
bedding size queen,90500,2.33,HIGH,0,transactional,suggestion
queens bedding,90500,2.7,HIGH,0,transactional,suggestion
sleep number bedding,90500,6.85,HIGH,11,informational,suggestion
platform beds bedding,90500,2.53,HIGH,0,transactional,suggestion
queen bedding,90500,2.7,HIGH,0,transactional,suggestion
pillow pets,74000,0.46,HIGH,4,transactional,ideas
paper towels,74000,1.87,HIGH,23,transactional,ideas+suggestion
luxury bed comforter,74000,5.18,HIGH,0,transactional,suggestion
bath mat for bathroom,74000,1.31,HIGH,16,transactional,suggestion
mat for bath,74000,1.31,HIGH,0,transactional,suggestion
bath mats in bathroom,74000,1.31,HIGH,16,transactional,suggestion
mat for bathroom,74000,1.31,HIGH,1,transactional,suggestion
mats bathroom,74000,1.31,HIGH,1,transactional,suggestion
blankets and throw,74000,1.23,HIGH,23,transactional,suggestion
throw blankets blanket,74000,1.23,HIGH,0,transactional,suggestion
bedding luxury,74000,5.18,HIGH,0,commercial,suggestion
twin bedding dimensions,74000,1.16,HIGH,0,informational,suggestion
canopy bedding,74000,1.33,HIGH,0,transactional,suggestion
twin bedding measurements,74000,1.16,HIGH,0,informational,suggestion
bedding jet,74000,0.74,HIGH,7,transactional,suggestion
upscale bedding,74000,5.18,HIGH,18,transactional,suggestion
side sleeper pillow,60500,2.15,HIGH,0,transactional,ideas
wedge pillow,60500,1.07,HIGH,5,transactional,ideas
best pillow for side sleepers,60500,3.11,HIGH,4,commercial,ideas
nuzzle pillow,60500,1.76,HIGH,0,transactional,ideas
u shaped pregnancy pillow,60500,1.19,MEDIUM,4,transactional,ideas
baby shower dresses,60500,1.21,HIGH,0,transactional,ideas
miracle sheets,60500,4.53,HIGH,1,transactional,ideas
sets comforter,60500,1.12,HIGH,0,transactional,suggestion
comforter and set,60500,1.12,HIGH,0,transactional,suggestion
comforter sheets,60500,1.12,HIGH,17,transactional,suggestion
sheets linens,60500,4.25,HIGH,0,transactional,suggestion
bedding sizes chart,60500,0.85,MEDIUM,5,informational,suggestion
bedding size chart,60500,0.85,MEDIUM,5,informational,suggestion
bedding size charts,60500,0.85,MEDIUM,5,informational,suggestion
beddings bedding,60500,3.32,HIGH,9,transactional,suggestion
bedding sizing chart,60500,0.85,MEDIUM,5,informational,suggestion
king bedding dimensions,60500,2.16,HIGH,0,transactional,suggestion
king bedding measurements,60500,2.16,HIGH,13,informational,suggestion
bedclothes bedding,60500,3.32,HIGH,22,transactional,suggestion
bedding measurement chart,60500,0.85,MEDIUM,6,informational,suggestion
sheets linen,60500,4.25,HIGH,0,transactional,suggestion
rug for bath,60500,1.1,HIGH,5,transactional,suggestion
bathroom bath rugs,60500,1.1,HIGH,3,transactional,suggestion
pillow for neck pain,49500,2.48,HIGH,16,transactional,ideas
boppy pillow,49500,0.38,HIGH,0,transactional,ideas
coop pillow,49500,1.27,HIGH,0,transactional,ideas
derila ergo pillow,49500,2.88,HIGH,0,transactional,ideas
neck pillow,49500,1.32,HIGH,11,transactional,ideas
bridal shower dresses,49500,1.45,HIGH,0,transactional,ideas
quince bedding,49500,0.64,HIGH,0,transactional,ideas+suggestion
crochet blanket pattern,49500,0.51,HIGH,0,informational,ideas
cursive alphabet practice sheets,49500,0.27,LOW,4,transactional,ideas
picnic blanket,49500,0.55,HIGH,0,transactional,ideas
pendleton blanket,49500,0.75,HIGH,1,transactional,ideas
minky couture blanket,49500,0.76,HIGH,9,transactional,ideas
bamboo sheets,49500,6.09,HIGH,2,transactional,ideas
egyptian cotton sheets,49500,2.94,HIGH,2,informational,ideas
quilt patterns,49500,0.45,HIGH,21,informational,ideas+suggestion
ugg blanket,49500,0.83,HIGH,0,transactional,ideas
pattern quilt,49500,0.45,HIGH,21,transactional,suggestion
quilt patterns quilts,49500,0.45,HIGH,0,informational,suggestion
quilt patterned,49500,0.45,HIGH,21,transactional,suggestion
quilt quilting patterns,49500,0.45,HIGH,6,informational,suggestion
pattern for quilts,49500,0.45,HIGH,36,informational,suggestion
patterns for quilts,49500,0.45,HIGH,7,informational,suggestion
patterned quilts,49500,0.45,HIGH,21,transactional,suggestion
southern comforter,49500,0.48,MEDIUM,0,transactional,suggestion
comforter down,49500,4.98,HIGH,0,transactional,suggestion
down and feather comforter,49500,4.98,HIGH,0,transactional,suggestion
bamboo bedding set,49500,6.09,HIGH,0,transactional,suggestion
egyptian cotton bedding set,49500,2.94,HIGH,0,transactional,suggestion
bamboo bedding sets,49500,6.09,HIGH,0,transactional,suggestion
egyptian cotton bedding sets,49500,2.94,HIGH,0,transactional,suggestion
bed sheets bamboo,49500,6.09,HIGH,0,transactional,suggestion
bed sheets egyptian cotton,49500,2.94,HIGH,0,transactional,suggestion
bamboo sheet bed,49500,6.09,HIGH,0,transactional,suggestion
egyptian cotton bed sheet,49500,2.94,HIGH,0,transactional,suggestion
bath towels towel,49500,1.62,HIGH,6,transactional,suggestion
bathroom bath towels,49500,1.62,HIGH,12,transactional,suggestion
towels beach,49500,1.27,HIGH,0,transactional,suggestion
microfiber towels,49500,1.28,HIGH,0,transactional,suggestion
bathing towels,49500,1.62,HIGH,6,transactional,suggestion
towels for bath,49500,1.62,HIGH,6,transactional,suggestion
microfibers towels,49500,1.28,HIGH,0,transactional,suggestion
towels bathroom,49500,1.62,HIGH,3,transactional,suggestion
towels in bathtub,49500,1.62,HIGH,3,transactional,suggestion
bamboo linens,49500,6.09,HIGH,0,transactional,suggestion
bamboo sheets bedding,49500,6.09,HIGH,0,transactional,suggestion
hos bedding,49500,3.1,HIGH,,transactional,suggestion
bedding sheets egyptian cotton,49500,2.94,HIGH,0,transactional,suggestion
hospital bedding,49500,3.1,HIGH,1,transactional,suggestion
bamboo sheet bedding,49500,6.09,HIGH,0,transactional,suggestion
adjustable bedding,49500,13.37,HIGH,0,transactional,suggestion
down bedding,49500,4.98,HIGH,20,transactional,suggestion
queen comforter sets,40500,0.85,HIGH,2,transactional,ideas+suggestion
mellow pillow,40500,1.31,HIGH,0,transactional,ideas
king comforter sets,40500,1.16,HIGH,0,transactional,ideas+suggestion
derila pillow,40500,2.36,HIGH,0,transactional,ideas
linen dresses,40500,1.1,HIGH,0,transactional,ideas
linen dress,40500,1.1,HIGH,0,transactional,ideas
bernat blanket yarn,40500,0.56,HIGH,0,transactional,ideas
bounty paper towels,40500,0.98,HIGH,13,transactional,ideas+suggestion
pa docket sheets,40500,1.46,LOW,32,informational,ideas
weighted blanket for anxiety,40500,2.29,MEDIUM,21,transactional,ideas
soft faux fur blanket,40500,3.28,HIGH,4,informational,ideas
linen shirts,40500,2.29,HIGH,0,transactional,ideas
minky blanket,40500,1.11,HIGH,0,transactional,ideas
shower curtain waterproof,40500,0.66,MEDIUM,1,informational,suggestion
waterproofing shower curtain,40500,0.66,MEDIUM,0,informational,suggestion
shower curtains waterproof,40500,0.66,MEDIUM,1,transactional,suggestion
king bed comforter sets,40500,1.16,HIGH,0,transactional,suggestion
queen bed sets comforter,40500,0.85,HIGH,0,transactional,suggestion
king comforter bedding sets,40500,1.16,HIGH,0,transactional,suggestion
queen bedding sets with comforter,40500,0.85,HIGH,0,transactional,suggestion
set comforter queen,40500,0.85,HIGH,2,transactional,suggestion
comforter set king,40500,1.16,HIGH,0,transactional,suggestion
comforter sheet set king,40500,1.16,HIGH,0,transactional,suggestion
bedroom comforter set king,40500,1.16,HIGH,0,transactional,suggestion
bed set queen comforter,40500,0.85,HIGH,0,transactional,suggestion
comforter sets queen with sheets,40500,0.85,HIGH,0,transactional,suggestion
comforter bed set king,40500,1.16,HIGH,0,transactional,suggestion
comforter sheet set queen,40500,0.85,HIGH,2,transactional,suggestion
bedding comforter set king,40500,1.16,HIGH,0,transactional,suggestion
comforter bedding set queen,40500,0.85,HIGH,0,transactional,suggestion
queen bedroom comforter set,40500,0.85,HIGH,2,transactional,suggestion
queen bed sheets comforter,40500,0.85,HIGH,,transactional,suggestion
bed comforter queen,40500,0.85,HIGH,0,transactional,suggestion
comforter sheet sets queen,40500,0.85,HIGH,2,transactional,suggestion
bedroom comforter queen,40500,0.85,HIGH,0,transactional,suggestion
queen set bedding,40500,0.85,HIGH,0,transactional,suggestion
bedding king set,40500,1.16,HIGH,0,transactional,suggestion
king bedding set with sheets,40500,1.16,HIGH,2,transactional,suggestion
queen bed bedding set,40500,0.85,HIGH,2,transactional,suggestion
king bed bedding set,40500,1.16,HIGH,0,transactional,suggestion
bedding sets for queen,40500,0.85,HIGH,0,transactional,suggestion
queen bedding sets comforters,40500,0.85,HIGH,0,transactional,suggestion
king bedding comforters & sets,40500,1.16,HIGH,0,transactional,suggestion
king bedroom bedding sets,40500,1.16,HIGH,0,transactional,suggestion
queen bedroom bedding sets,40500,0.85,HIGH,0,transactional,suggestion
king bed bedding sets,40500,1.16,HIGH,0,transactional,suggestion
bedding sets for king,40500,1.16,HIGH,0,transactional,suggestion
queen bed set with sheets,40500,0.85,HIGH,0,transactional,suggestion
fitted sheets bed,40500,2.18,HIGH,0,transactional,suggestion
bed sheet fitted,40500,2.18,HIGH,0,transactional,suggestion
fitting bed sheet,40500,2.18,HIGH,0,informational,suggestion
paper towels hanger,40500,1.11,HIGH,0,transactional,suggestion
holder for paper towels,40500,1.11,HIGH,0,transactional,suggestion
bunty paper towels,40500,0.98,HIGH,45,transactional,suggestion
bounty paper towels brand,40500,0.98,HIGH,12,transactional,suggestion
table linens factory,40500,2.26,HIGH,0,commercial,suggestion
cloth table linens,40500,2.85,HIGH,0,transactional,suggestion
bedding for cat,40500,0.95,HIGH,5,transactional,suggestion
bedding ensembles queen,40500,0.85,HIGH,0,transactional,suggestion
brooklyn's bedding,40500,3.78,HIGH,0,transactional,suggestion
bedding for cats,40500,0.95,HIGH,5,transactional,suggestion
queen bedding sizes,40500,1.38,HIGH,1,informational,suggestion
queen bedroom bedding,40500,0.85,HIGH,0,transactional,suggestion
bedding brooklyn,40500,3.78,HIGH,0,commercial,suggestion
queen bed bedding,40500,0.85,HIGH,3,transactional,suggestion
tanning bedding,40500,2.84,HIGH,9,transactional,suggestion
kids bedding,40500,1.68,HIGH,0,transactional,suggestion
water bedding,40500,0.48,HIGH,5,transactional,suggestion
bedding comforters queen,40500,0.85,HIGH,0,transactional,suggestion
caterpillar bedding,40500,0.95,HIGH,0,transactional,suggestion
couch bedding,40500,0.98,HIGH,5,transactional,suggestion
fitted bedding sheets,40500,2.18,HIGH,0,transactional,suggestion
fitted sheet bedding,40500,2.18,HIGH,0,transactional,suggestion
cervical pillow,33100,1.71,HIGH,3,transactional,ideas
tempur pedic pillow,33100,2.2,HIGH,7,transactional,ideas
supportive pillow for neck pain,33100,1.69,HIGH,10,transactional,ideas
best pillow for neck pain,33100,2.89,HIGH,17,informational,ideas
maternity dresses for baby shower,33100,1.58,HIGH,0,transactional,ideas
quarter sheets,33100,1.65,LOW,7,transactional,ideas
linen clothing,33100,1.61,HIGH,0,transactional,ideas
newborn blanket crochet pattern,33100,0.32,HIGH,0,informational,ideas
cotton bed sheets,33100,1.52,HIGH,8,transactional,ideas+suggestion
quilt shop,33100,0.82,LOW,3,commercial,ideas+suggestion
crochet newborn blanket patterns,33100,0.32,HIGH,1,informational,ideas
barefoot dreams blanket,33100,1.24,HIGH,6,transactional,ideas
blanket hoodie,33100,1.34,HIGH,0,transactional,ideas
curtain rail shower,33100,0.76,HIGH,0,transactional,suggestion
shower curtain and rod,33100,0.76,HIGH,0,transactional,suggestion
shower curtain bars,33100,0.76,HIGH,0,transactional,suggestion
shower curtain brackets,33100,0.76,HIGH,0,transactional,suggestion
shower curtain railing,33100,0.76,HIGH,0,transactional,suggestion
curtain rods shower,33100,0.76,HIGH,0,transactional,suggestion
shower curtain poles,33100,0.76,HIGH,0,transactional,suggestion
shower curtain pole,33100,0.76,HIGH,0,transactional,suggestion
shower curtain rails,33100,0.76,HIGH,0,transactional,suggestion
shower curtain bar,33100,0.76,HIGH,0,transactional,suggestion
shower curtain rail rod,33100,0.76,HIGH,0,transactional,suggestion
jacket quilt,33100,0.76,HIGH,0,transactional,suggestion
quilt jackets,33100,0.76,HIGH,0,transactional,suggestion
quilt shops,33100,0.82,LOW,19,commercial,suggestion
quilt shopee,33100,0.82,LOW,3,commercial,suggestion
quilt coat,33100,0.76,HIGH,0,transactional,suggestion
quilts shops,33100,0.82,LOW,19,commercial,suggestion
quilts shop,33100,0.82,LOW,19,commercial,suggestion
shower curtains with rods,33100,0.76,HIGH,0,transactional,suggestion
shower curtains rails,33100,0.76,HIGH,0,transactional,suggestion
shower curtains and rod,33100,0.76,HIGH,0,transactional,suggestion
shower curtains bar,33100,0.76,HIGH,0,transactional,suggestion
shower curtains pole,33100,0.76,HIGH,0,transactional,suggestion
comforter set cotton,33100,1.52,HIGH,0,transactional,suggestion
duvets inserts,33100,3,HIGH,0,transactional,suggestion
cotton bedding set,33100,1.52,HIGH,3,transactional,suggestion
cooling bedding set,33100,4.16,HIGH,0,transactional,suggestion
how to fold a bedding set,33100,0.12,LOW,9,informational,suggestion
cooling bedding sets,33100,4.16,HIGH,0,transactional,suggestion
cotton bedding sets,33100,1.52,HIGH,0,transactional,suggestion
coolest bedding sets,33100,4.16,HIGH,5,commercial,suggestion
best bedding sets,33100,7.36,HIGH,31,commercial,suggestion
cool bedding sets,33100,4.16,HIGH,2,transactional,suggestion
coolest bed sheets,33100,4.16,HIGH,3,transactional,suggestion
how to fold fitted bed sheets,33100,0.12,LOW,13,informational,suggestion
bed sheets percale,33100,4.28,HIGH,0,transactional,suggestion
how to fold bed sheets,33100,0.12,LOW,24,informational,suggestion
cool bed sheets,33100,4.16,HIGH,0,transactional,suggestion
best sheets bed,33100,7.36,HIGH,0,transactional,suggestion
better bed sheets,33100,7.36,HIGH,39,commercial,suggestion
percale cotton bed sheets,33100,3.5,HIGH,2,transactional,suggestion
bed sheets queen,33100,1.9,HIGH,0,transactional,suggestion
how to folding bed sheets,33100,0.12,LOW,24,informational,suggestion
cooled bed sheets,33100,4.16,HIGH,0,transactional,suggestion
how to fold fitted bed sheet,33100,0.12,LOW,13,informational,suggestion
bed sheet best,33100,7.36,HIGH,0,transactional,suggestion
bed sheet cooler,33100,4.16,HIGH,2,transactional,suggestion
cooling bed sheet,33100,4.16,HIGH,0,transactional,suggestion
bed sheet cotton,33100,1.52,HIGH,20,transactional,suggestion
bed sheet queen,33100,1.9,HIGH,6,transactional,suggestion
how to fold a bed sheet,33100,0.12,LOW,24,informational,suggestion
percale bed sheet,33100,4.28,HIGH,0,transactional,suggestion
geometry towels,33100,0.51,HIGH,0,transactional,suggestion
geometric towels,33100,0.51,HIGH,0,transactional,suggestion
linens clothes,33100,1.61,HIGH,0,transactional,suggestion
c v linens,33100,3.94,HIGH,12,transactional,suggestion
linens clothing,33100,1.61,HIGH,0,transactional,suggestion
jelly bedding,33100,0.61,HIGH,0,transactional,suggestion
full bedding dimensions,33100,1.36,HIGH,0,transactional,suggestion
bedding rails,33100,0.55,HIGH,0,transactional,suggestion
bedding sheets queen,33100,1.9,HIGH,8,transactional,suggestion
railway bedding,33100,0.55,HIGH,0,transactional,suggestion
bedding bath,33100,0.8,HIGH,33,transactional,suggestion
thuma bedding,33100,4.48,HIGH,0,transactional,suggestion
decorating bedding ideas,33100,0.98,HIGH,11,informational,suggestion
cool bedding sheets,33100,4.16,HIGH,0,transactional,suggestion
decorative bedding ideas,33100,0.98,HIGH,11,informational,suggestion
best bedding sheet,33100,7.36,HIGH,0,commercial,suggestion
cotton bedding sheets,33100,1.52,HIGH,20,transactional,suggestion
cooling pillow,27100,1.73,HIGH,0,transactional,ideas
travel neck pillow,27100,0.97,HIGH,7,transactional,ideas
nursing pillow,27100,0.55,HIGH,1,transactional,ideas
travel pillow,27100,1.14,HIGH,20,transactional,ideas
body pillow for snoring,27100,1.06,LOW,2,transactional,ideas
back sleeper pillow,27100,1.76,HIGH,0,transactional,ideas
down duvet insert,27100,5.18,HIGH,0,transactional,ideas
duvet vs comforter,27100,2.34,HIGH,0,informational,ideas+suggestion
ergonomic pillow,27100,2.06,HIGH,9,transactional,ideas
shower bench,27100,0.93,HIGH,0,transactional,ideas
comfort blanket,27100,1.6,HIGH,0,transactional,ideas
cotton sheets,27100,2.17,HIGH,1,transactional,ideas
ultra plush blanket,27100,2.22,HIGH,0,transactional,ideas
crochet blanket,27100,0.56,HIGH,0,transactional,ideas
what's duvet covers,27100,1.07,HIGH,0,informational,suggestion
what is a duvet covers,27100,1.07,HIGH,0,informational,suggestion
duvet covers what is it,27100,1.07,HIGH,0,informational,suggestion
shower curtain and liner,27100,0.79,HIGH,4,transactional,suggestion
clear shower curtain liners,27100,0.79,HIGH,4,transactional,suggestion
shower curtain and liners,27100,0.79,HIGH,4,transactional,suggestion
what-is-a-duvet-cover,27100,1.07,HIGH,0,informational,suggestion
what duvet cover,27100,1.07,HIGH,1,informational,suggestion
what is a duvet cover sheet,27100,1.07,HIGH,13,informational,suggestion
liners for shower curtains,27100,0.79,HIGH,0,transactional,suggestion
shower curtains and liner,27100,0.79,HIGH,4,transactional,suggestion
comforter or duvet,27100,2.34,HIGH,0,transactional,suggestion
comforter bible verses,27100,1.28,MEDIUM,6,informational,suggestion
comforters or duvets,27100,2.34,HIGH,0,transactional,suggestion
down duvets,27100,5.29,HIGH,0,transactional,suggestion
what are duvets,27100,0.97,HIGH,0,informational,suggestion
bedding set silk,27100,3.26,HIGH,0,transactional,suggestion
silk bed sheets sets,27100,3.26,HIGH,0,transactional,suggestion
silk sheets bed,27100,3.26,HIGH,0,transactional,suggestion
silk bed sheet sets,27100,3.26,HIGH,11,transactional,suggestion
bed sheet silk,27100,3.26,HIGH,0,transactional,suggestion
cool towels,27100,1.74,HIGH,0,transactional,suggestion
cooling towels,27100,1.74,HIGH,0,transactional,suggestion
stone bath mat for bathroom,27100,1.1,HIGH,0,transactional,suggestion
stone bath mat,27100,1.1,HIGH,0,transactional,suggestion
stone bath mats for bathroom,27100,1.1,HIGH,0,commercial,suggestion
stone bath mats,27100,1.1,HIGH,0,transactional,suggestion
stone bathroom mat,27100,1.1,HIGH,0,transactional,suggestion
stone bathroom mats,27100,1.1,HIGH,0,transactional,suggestion
stone bathtub mat,27100,1.1,HIGH,0,transactional,suggestion
bedding for floor,27100,0.98,HIGH,0,transactional,suggestion
king size bed sheets,22200,1.98,HIGH,0,transactional,ideas+suggestion
king size comforter sets,22200,0.99,HIGH,0,transactional,ideas+suggestion
king size pillows,22200,1.89,HIGH,0,transactional,ideas
cozy earth sheets,22200,3.44,HIGH,0,transactional,ideas
purple harmony pillow,22200,2.34,HIGH,0,transactional,ideas
kitchen towels,22200,1.21,HIGH,7,transactional,ideas+suggestion
king size comforter,22200,1.76,HIGH,0,transactional,ideas+suggestion
lumbar pillow,22200,1.37,HIGH,0,transactional,ideas
pillow for side sleepers,22200,2.62,HIGH,0,transactional,ideas
twin bed sheets,22200,1.13,HIGH,0,transactional,ideas+suggestion
linen suit,22200,2.55,HIGH,2,transactional,ideas
pottery barn bedding,22200,2.04,HIGH,0,transactional,ideas
hermes blanket,22200,1.04,HIGH,1,transactional,ideas
fax cover sheet,22200,0.91,LOW,29,transactional,ideas
linen curtains,22200,2.24,HIGH,0,transactional,ideas
cursive practice sheets,22200,0.49,MEDIUM,6,transactional,ideas
earth breeze laundry sheets,22200,1.14,HIGH,0,transactional,ideas
laminating sheets,22200,0.95,HIGH,0,transactional,ideas
fleece throw blanket,22200,0.9,HIGH,3,transactional,ideas
custom blanket with picture,22200,5.28,HIGH,0,transactional,ideas
linen fabric,22200,1.08,HIGH,8,informational,ideas
100 cotton sheets,22200,1.71,HIGH,0,transactional,ideas
organic cotton sheets,22200,4.36,HIGH,0,transactional,ideas
mens linen shirts,22200,3.02,HIGH,3,transactional,ideas
material shower curtain,22200,0.67,HIGH,1,transactional,suggestion
shower curtain tension rods,22200,0.74,HIGH,0,transactional,suggestion
fabric for shower curtain,22200,0.67,HIGH,1,transactional,suggestion
shower curtain textile,22200,0.67,HIGH,1,transactional,suggestion
tension shower curtain rod,22200,0.74,HIGH,0,transactional,suggestion
cloth shower curtain,22200,0.67,HIGH,0,transactional,suggestion
shower curtain fabrics,22200,0.67,HIGH,1,transactional,suggestion
shower curtain materials,22200,0.67,HIGH,0,transactional,suggestion
pressure shower curtain rod,22200,0.74,HIGH,0,transactional,suggestion
quilt womens jacket,22200,0.82,HIGH,0,transactional,suggestion
quilt jacket women,22200,0.82,HIGH,0,transactional,suggestion
quilt jackets women,22200,0.82,HIGH,,commercial,suggestion
quilt jacket women's,22200,0.82,HIGH,0,informational,suggestion
shower curtains material,22200,0.67,HIGH,0,transactional,suggestion
fabric for shower curtains,22200,0.67,HIGH,1,transactional,suggestion
fabrics for shower curtains,22200,0.67,HIGH,1,transactional,suggestion
shower curtains cloth,22200,0.67,HIGH,0,transactional,suggestion
king size bed set comforter,22200,0.99,HIGH,0,transactional,suggestion
king comforter sizes,22200,1.76,HIGH,0,informational,suggestion
king size bedroom comforter set,22200,0.99,HIGH,0,transactional,suggestion
king size bedding comforter sets,22200,0.99,HIGH,0,transactional,suggestion
king comforter set size,22200,0.99,HIGH,8,transactional,suggestion
queen bedding comforter,22200,1.1,HIGH,0,transactional,suggestion
king size bed comforter sets,22200,0.99,HIGH,0,transactional,suggestion
100 cotton bedding set,22200,1.71,HIGH,0,transactional,suggestion
twin bedding set,22200,1.13,HIGH,0,transactional,suggestion
king size bed bedding set,22200,0.99,HIGH,0,transactional,suggestion
100 cotton bedding sets,22200,1.71,HIGH,0,transactional,suggestion
organic cotton bedding sets,22200,4.36,HIGH,0,transactional,suggestion
bed sheets xl twin,22200,1.97,HIGH,0,transactional,suggestion
bed sheets for twin beds,22200,1.13,HIGH,0,transactional,suggestion
cotton organic bed sheets,22200,4.36,HIGH,0,transactional,suggestion
bed sheets 100 cotton,22200,1.71,HIGH,0,transactional,suggestion
sheets for bed king,22200,2.14,HIGH,0,transactional,suggestion
boll and branch bed sheets,22200,3.56,HIGH,0,transactional,suggestion
bollandbranch bed sheets,22200,3.56,HIGH,0,transactional,suggestion
sheet twin bed,22200,1.13,HIGH,0,transactional,suggestion
king size bed sheet,22200,1.98,HIGH,0,transactional,suggestion
organic cotton bed sheet,22200,4.36,HIGH,0,transactional,suggestion
king bed sheet,22200,2.14,HIGH,0,transactional,suggestion
100 cotton bed sheet,22200,1.71,HIGH,5,transactional,suggestion
towels for golf,22200,1.63,HIGH,0,transactional,suggestion
kitchen dish towels,22200,1.21,HIGH,14,transactional,suggestion
fabric linens,22200,1.08,HIGH,8,transactional,suggestion
pottery barn bed linens,22200,2.04,HIGH,0,transactional,suggestion
linens curtains,22200,2.24,HIGH,0,transactional,suggestion
mens linens shirts,22200,3.02,HIGH,3,transactional,suggestion
fleece throws and blankets,22200,0.9,HIGH,0,transactional,suggestion
throw fleece blankets,22200,0.9,HIGH,4,transactional,suggestion
custom photo throw blankets,22200,5.28,HIGH,0,transactional,suggestion
silk pillowcase for hair,22200,4.58,HIGH,0,transactional,suggestion
pillow cases,18100,1.57,HIGH,0,transactional,ideas
tea towels,18100,1.06,HIGH,0,transactional,ideas+suggestion
ergonomic memory foam pillow,18100,1.2,LOW,0,transactional,ideas
mellow comforter,18100,1.15,HIGH,4,informational,ideas+suggestion
oversized king comforter,18100,1.18,HIGH,0,transactional,ideas+suggestion
adjustable pillow,18100,2.92,MEDIUM,0,transactional,ideas
pillow cover,18100,0.99,HIGH,0,transactional,ideas
buckwheat pillow,18100,1.99,HIGH,0,transactional,ideas
pillow covers,18100,0.99,HIGH,0,transactional,ideas
pillow cube,18100,1.43,HIGH,9,transactional,ideas
king comforter,18100,1.93,HIGH,0,transactional,ideas+suggestion
miss jessie's pillow soft curls,18100,0.56,HIGH,0,transactional,ideas
jacob's pillow,18100,0.43,LOW,30,informational,ideas
neck support pillow,18100,2.05,HIGH,11,transactional,ideas
cal king sheet set,18100,2.42,HIGH,0,transactional,ideas
cozy earth bamboo sheets,18100,3.9,MEDIUM,0,transactional,ideas
aluminum baking sheet,18100,0.8,HIGH,0,transactional,ideas
shower stool,18100,0.94,HIGH,0,transactional,ideas
white bridal shower dress,18100,1.32,HIGH,0,transactional,ideas
silk robe,18100,1.87,HIGH,0,transactional,ideas
wearable blanket,18100,1.18,HIGH,0,transactional,ideas
cotton blanket,18100,1.52,HIGH,0,transactional,ideas
newborn crochet blanket,18100,0.36,HIGH,0,transactional,ideas
faux fur blanket,18100,2.04,HIGH,0,transactional,ideas
blanket basket,18100,0.89,HIGH,0,transactional,ideas
cheat sheet,18100,2.69,LOW,35,informational,ideas
organic cotton bedding,18100,3.87,HIGH,0,transactional,ideas
brawny paper towels,18100,0.67,HIGH,7,transactional,ideas+suggestion
sherpa blanket,18100,1.04,HIGH,0,transactional,ideas
cotton flannel shirt,18100,1.27,HIGH,0,transactional,ideas
cotton flannel shirts,18100,1.27,HIGH,0,transactional,ideas
extra long fabric shower curtain,18100,1.17,HIGH,0,transactional,suggestion
extra length shower curtain,18100,1.17,HIGH,0,transactional,suggestion
extra long white fabric shower curtain,18100,1.17,HIGH,0,transactional,suggestion
extra long shower curtain,18100,1.17,HIGH,0,transactional,suggestion
extra long shower curtains,18100,1.17,HIGH,0,transactional,suggestion
extra-long shower curtains,18100,1.17,HIGH,0,transactional,suggestion
extra long fabric shower curtains,18100,1.17,HIGH,0,transactional,suggestion
bed and comforter,18100,1.85,HIGH,11,transactional,suggestion
juicy couture comforter,18100,0.38,HIGH,0,transactional,suggestion
extra large comforter king,18100,1.18,HIGH,0,transactional,suggestion
marshmallow comforter,18100,1.72,HIGH,0,transactional,suggestion
bedding comforter,18100,1.85,HIGH,0,transactional,suggestion
oversize comforter king,18100,1.18,HIGH,0,transactional,suggestion
oversized king bed comforter,18100,1.18,HIGH,0,transactional,suggestion
comforter for beds,18100,1.85,HIGH,0,transactional,suggestion
supersized king comforter,18100,1.18,HIGH,19,transactional,suggestion
organic cotton bed comforter,18100,3.87,HIGH,0,transactional,suggestion
comforter bedroom,18100,1.85,HIGH,2,transactional,suggestion
laura ashley comforter,18100,0.7,HIGH,0,transactional,suggestion
juicy couture bedding set,18100,0.38,HIGH,0,transactional,suggestion
juicy couture bedding sets,18100,0.38,HIGH,0,transactional,suggestion
sheets for cal king bed,18100,2.42,HIGH,0,transactional,suggestion
bed sheets laura ashley,18100,0.7,HIGH,0,transactional,suggestion
juicy couture bed sheets,18100,0.38,HIGH,0,transactional,suggestion
fitted sheets for california king bed,18100,2.42,HIGH,0,transactional,suggestion
california king bed sheets sets,18100,2.42,HIGH,0,transactional,suggestion
sheets for a california king bed,18100,2.42,HIGH,0,transactional,suggestion
cal king bed sheets set,18100,2.42,HIGH,0,transactional,suggestion
bed sheet set cal king,18100,2.42,HIGH,0,transactional,suggestion
california king bed sheet sets,18100,2.42,HIGH,0,transactional,suggestion
juicy couture bed sheet,18100,0.38,HIGH,0,transactional,suggestion
california king bed sheet set,18100,2.42,HIGH,0,transactional,suggestion
towelling tea towels,18100,1.06,HIGH,0,transactional,suggestion
bathroom racks for towels,18100,0.83,HIGH,0,transactional,suggestion
hair microfiber towels,18100,1.3,HIGH,0,transactional,suggestion
best towels bathroom,18100,3.72,HIGH,0,transactional,suggestion
towel rack with towels,18100,0.89,HIGH,0,transactional,suggestion
best towels for bath,18100,3.72,HIGH,0,informational,suggestion
hand towels towel,18100,1.23,HIGH,0,transactional,suggestion
towels for hands,18100,1.23,HIGH,0,transactional,suggestion
towels rack,18100,0.89,HIGH,0,transactional,suggestion
best rated bath towels,18100,3.72,HIGH,48,commercial,suggestion
towels racks,18100,0.89,HIGH,0,transactional,suggestion
better bath towels,18100,3.72,HIGH,0,commercial,suggestion
finest bath towels,18100,3.72,HIGH,0,transactional,suggestion
nice bath towels,18100,3.72,HIGH,4,transactional,suggestion
towels rack for bathroom,18100,0.83,HIGH,0,transactional,suggestion
good bath towels,18100,3.72,HIGH,0,transactional,suggestion
towels holders bathroom,18100,0.83,HIGH,0,transactional,suggestion
hand towels,18100,1.23,HIGH,0,transactional,suggestion
towels holder bathroom,18100,0.83,HIGH,0,transactional,suggestion
top rated bath towels,18100,3.72,HIGH,4,commercial,suggestion
weezie towels,18100,0.7,HIGH,11,transactional,suggestion
nice bathroom towels,18100,3.72,HIGH,46,transactional,suggestion
cotton table linens,18100,1.25,HIGH,0,transactional,suggestion
linens & hutch,18100,0.72,HIGH,14,transactional,suggestion
organic cotton bed linens,18100,3.87,HIGH,0,informational,suggestion
bath mat diatomite,18100,1.14,HIGH,0,transactional,suggestion
diatomaceous earth bath mat,18100,1.14,HIGH,0,transactional,suggestion
diatomite bath mats,18100,1.14,HIGH,0,transactional,suggestion
diatomaceous earth bath mats,18100,1.14,HIGH,0,transactional,suggestion
diatomaceous earth bathroom mat,18100,1.14,HIGH,0,transactional,suggestion
bathroom mat diatomite,18100,1.14,HIGH,0,transactional,suggestion
silk pillowcase covers,18100,6.13,HIGH,37,transactional,suggestion
bath set rug,18100,0.63,HIGH,0,transactional,suggestion
bathroom bath rug sets,18100,0.63,HIGH,0,transactional,suggestion
bath rug sets,18100,0.63,HIGH,0,transactional,suggestion
rugs bath set,18100,0.63,HIGH,0,transactional,suggestion
bath sets rugs,18100,0.63,HIGH,0,transactional,suggestion
bed wedge pillow,14800,1.17,HIGH,2,transactional,ideas
california king comforter,14800,1.89,HIGH,0,transactional,ideas+suggestion
memory foam body pillow,14800,1.16,MEDIUM,0,transactional,ideas
donut pillow,14800,0.51,HIGH,0,transactional,ideas
full size comforter sets,14800,0.81,HIGH,0,transactional,ideas
derila ergo pillow reviews,14800,1.83,HIGH,0,informational,ideas
ugg comforter,14800,0.78,HIGH,0,transactional,ideas
white comforter,14800,1.29,HIGH,0,transactional,ideas
bed pillows,14800,1.87,HIGH,4,transactional,ideas
infinity pillow,14800,0.77,MEDIUM,0,transactional,ideas
tempur-pedic tempur-neck pillow,14800,2.71,MEDIUM,4,transactional,ideas
disposable face towels,14800,0.87,HIGH,6,transactional,ideas+suggestion
queen comforter,14800,1.34,HIGH,0,transactional,ideas
california king comforter set,14800,1.28,HIGH,0,transactional,ideas
pillow soft curls,14800,0.45,HIGH,0,transactional,ideas
bath pillow,14800,2.92,HIGH,0,transactional,ideas
cotton throw pillows,14800,1.21,HIGH,0,transactional,ideas
bolster pillow,14800,1.01,HIGH,0,transactional,ideas
stainless steel baking sheet,14800,1.26,HIGH,0,transactional,ideas
queen size bed sheets,14800,1.75,HIGH,0,transactional,ideas+suggestion
wedge pillow for snoring,14800,1.51,MEDIUM,0,transactional,ideas
twin comforter,14800,1.06,HIGH,0,transactional,ideas
canopy bed curtains,14800,0.66,HIGH,0,transactional,ideas
trtl travel pillow,14800,1.96,HIGH,23,transactional,ideas
shoulder pain pillow,14800,1.79,HIGH,0,transactional,ideas
bed sheet full,14800,0.82,HIGH,0,transactional,ideas+suggestion
bamboo pillow,14800,1.07,HIGH,0,transactional,ideas
frontgate resort collection bath towel,14800,1.28,LOW,0,transactional,ideas
beddy bedding,14800,0.63,HIGH,0,transactional,ideas
kimono robe,14800,1.1,HIGH,0,transactional,ideas
shower seats,14800,0.91,HIGH,0,transactional,ideas
bridal shower guest dress,14800,1.23,HIGH,0,transactional,ideas
parachute bedding,14800,2.75,HIGH,10,transactional,ideas
shower seat,14800,0.91,HIGH,0,transactional,ideas
rugs for sale,14800,2.63,HIGH,0,transactional,ideas
linen clothing for women,14800,1.47,HIGH,0,transactional,ideas
white linen dress,14800,1.05,HIGH,0,transactional,ideas
sauna blanket,14800,2.72,HIGH,0,transactional,ideas
reusable paper towels,14800,1.07,HIGH,0,transactional,ideas+suggestion
parachute sheets,14800,2.45,HIGH,10,transactional,ideas
grounding sheet,14800,3.75,HIGH,7,transactional,ideas
sheet pan,14800,1.29,HIGH,0,transactional,ideas
viva paper towels,14800,1.22,HIGH,1,transactional,ideas+suggestion
hypoallergenic sheets,14800,3.34,HIGH,0,transactional,ideas
t shirt quilt,14800,2.35,HIGH,0,transactional,ideas+suggestion
quilt batting,14800,0.79,HIGH,0,informational,ideas+suggestion
deep pocket sheets,14800,3.71,HIGH,0,transactional,ideas
chunky knit blanket,14800,0.76,HIGH,4,transactional,ideas
beach blanket,14800,0.77,HIGH,0,transactional,ideas
egyptian cotton towels,14800,3.19,HIGH,0,transactional,ideas+suggestion
linen shirts men,14800,2.6,HIGH,0,transactional,ideas
terry cloth robe,14800,1.7,HIGH,0,transactional,ideas
linen shirts women,14800,1.45,HIGH,0,transactional,ideas
luxury blankets,14800,5.83,HIGH,0,transactional,ideas
king bedding duvet covers,14800,2.81,HIGH,0,transactional,suggestion
linen duvet covers,14800,4.48,HIGH,1,transactional,suggestion
linens and duvet covers,14800,4.48,HIGH,,informational,suggestion
covers king duvet,14800,2.81,HIGH,0,transactional,suggestion
king duvet and cover,14800,2.81,HIGH,0,transactional,suggestion
shower curtain hanger hooks,14800,0.67,HIGH,0,transactional,suggestion
waterproof shower curtain liner,14800,0.6,MEDIUM,3,transactional,suggestion
shower curtain curved rod,14800,0.57,HIGH,0,transactional,suggestion
hook shower curtain,14800,0.67,HIGH,0,transactional,suggestion
shower curtain rings with hooks,14800,0.67,HIGH,0,transactional,suggestion
shower curtain with hooks,14800,0.67,HIGH,0,transactional,suggestion
shower curtain hangers,14800,0.67,HIGH,0,transactional,suggestion
shower curtain ring hooks,14800,0.67,HIGH,4,transactional,suggestion
waterproofing shower curtain liner,14800,0.6,MEDIUM,,transactional,suggestion
shower curtain s hooks,14800,0.67,HIGH,0,transactional,suggestion
72 inch shower curtain,14800,0.59,LOW,0,transactional,suggestion
hooked shower curtain,14800,0.67,HIGH,0,transactional,suggestion
shirt quilt,14800,2.35,HIGH,37,transactional,suggestion
long arm quilt machine,14800,0.94,HIGH,12,transactional,suggestion
quilt with t shirts,14800,2.35,HIGH,0,transactional,suggestion
quilt from tee shirts,14800,2.35,HIGH,0,transactional,suggestion
gee's bend quilt,14800,0.61,MEDIUM,38,informational,suggestion
quilt sewing machine,14800,1.04,HIGH,0,transactional,suggestion
quilt batts,14800,0.79,HIGH,0,transactional,suggestion
how to put a quilt cover on,14800,0.16,LOW,3,informational,suggestion
long arm quilt machines,14800,0.94,HIGH,12,transactional,suggestion
sewing machines that quilt,14800,1.04,HIGH,12,transactional,suggestion
gee bend quilt,14800,0.61,MEDIUM,38,informational,suggestion
barn quilt,14800,0.21,HIGH,0,transactional,suggestion
quilt sets california king,14800,1.28,HIGH,0,transactional,suggestion
longarm quilt machine,14800,0.94,HIGH,22,transactional,suggestion
quilt making sewing machine,14800,1.04,HIGH,0,transactional,suggestion
t-shirt quilt,14800,2.35,HIGH,0,transactional,suggestion
quilt set california king,14800,1.28,HIGH,0,transactional,suggestion
quilt supplies,14800,1,HIGH,8,transactional,suggestion
quilt bat,14800,0.79,HIGH,0,transactional,suggestion
quilt supply,14800,1,HIGH,8,transactional,suggestion
quilt from t shirts,14800,2.35,HIGH,0,transactional,suggestion
quilt sewing machines,14800,1.04,HIGH,9,transactional,suggestion
longarm quilt machines,14800,0.94,HIGH,22,transactional,suggestion
quilt making supplies,14800,1,HIGH,2,transactional,suggestion
duvet cover in linen,14800,4.48,HIGH,0,transactional,suggestion
how to put a duvet cover,14800,0.16,LOW,0,informational,suggestion
how to.put on a duvet cover,14800,0.16,LOW,0,informational,suggestion
how do you put a duvet cover on,14800,0.16,LOW,10,informational,suggestion
linens duvet cover,14800,4.48,HIGH,1,transactional,suggestion
how to put duvet inside cover,14800,0.16,LOW,0,informational,suggestion
how to insert duvet cover,14800,0.16,LOW,0,informational,suggestion
duvet king cover set,14800,2.81,HIGH,4,transactional,suggestion
how to put.on a duvet cover,14800,0.16,LOW,0,informational,suggestion
sewing machines for quilts,14800,1.04,HIGH,7,transactional,suggestion
barn quilts on barns,14800,0.21,HIGH,0,transactional,suggestion
california king quilts sets,14800,1.28,HIGH,0,commercial,suggestion
quilts of gee's bend,14800,0.61,MEDIUM,38,informational,suggestion
quilts supply,14800,1,HIGH,8,transactional,suggestion
tee shirts to quilts,14800,2.35,HIGH,0,informational,suggestion
t-shirt quilts,14800,2.35,HIGH,0,transactional,suggestion
batting quilts,14800,0.79,HIGH,0,informational,suggestion
bend quilts,14800,0.61,MEDIUM,35,transactional,suggestion
g bend quilts,14800,0.61,MEDIUM,38,informational,suggestion
quilts with barns,14800,0.21,HIGH,0,commercial,suggestion
quilts from t shirts,14800,2.35,HIGH,0,transactional,suggestion
t shirts to quilts,14800,2.35,HIGH,0,transactional,suggestion
bat quilts,14800,0.79,HIGH,0,transactional,suggestion
t shirt quilts,14800,2.35,HIGH,0,transactional,suggestion
sewing machine for quilts,14800,1.04,HIGH,0,transactional,suggestion
sewing machine that quilts,14800,1.04,HIGH,0,transactional,suggestion
gee bend quilts,14800,0.61,MEDIUM,38,transactional,suggestion
quilts from t-shirts,14800,2.35,HIGH,0,informational,suggestion
barn quilts,14800,0.21,HIGH,0,transactional,suggestion
gee's quilts,14800,0.61,MEDIUM,28,commercial,suggestion
hooks for shower curtains,14800,0.67,HIGH,0,transactional,suggestion
72 inch shower curtains,14800,0.59,LOW,0,transactional,suggestion
size of queen comforter,14800,1.31,HIGH,0,informational,suggestion
comforter full bed,14800,0.81,HIGH,0,transactional,suggestion
comforter set for full bed,14800,0.81,HIGH,0,transactional,suggestion
queen-size comforter,14800,1.31,HIGH,0,transactional,suggestion
full comforter sheet set,14800,0.82,HIGH,0,transactional,suggestion
comforter sets full,14800,0.82,HIGH,0,transactional,suggestion
king comforter cover,14800,2.81,HIGH,8,transactional,suggestion
comforter with cooling,14800,3.44,HIGH,0,informational,suggestion
comforter full size set,14800,0.81,HIGH,0,commercial,suggestion
full size comforter bed set,14800,0.81,HIGH,0,transactional,suggestion
bedding set for full,14800,0.82,HIGH,7,transactional,suggestion
california king bedding set,14800,1.28,HIGH,0,transactional,suggestion
cal king bedding set,14800,1.28,HIGH,0,transactional,suggestion
bedding set for full size bed,14800,0.81,HIGH,0,transactional,suggestion
complete bedding set full,14800,0.82,HIGH,0,transactional,suggestion
full bed set bedding,14800,0.82,HIGH,2,transactional,suggestion
bedding set complete,14800,0.82,HIGH,0,transactional,suggestion
full bedding comforter set,14800,0.82,HIGH,0,transactional,suggestion
hypoallergenic bedding set,14800,3.34,HIGH,0,transactional,suggestion
bedding comforter sets full size,14800,0.81,HIGH,0,transactional,suggestion
bedding full size sets,14800,0.81,HIGH,0,transactional,suggestion
bedding for full size beds,14800,0.81,HIGH,2,informational,suggestion
bedding sheets full size,14800,0.81,HIGH,19,transactional,suggestion
full size bedding comforter,14800,0.81,HIGH,,transactional,suggestion
bedding for full size bed,14800,0.81,HIGH,2,transactional,suggestion
bedding sets for california king,14800,1.28,HIGH,0,transactional,suggestion
california king bed bedding sets,14800,1.28,HIGH,0,transactional,suggestion
hypoallergenic bedding sets,14800,3.34,HIGH,0,transactional,suggestion
bedding sets full,14800,0.82,HIGH,3,transactional,suggestion
silk bedding sets,14800,2.9,HIGH,0,transactional,suggestion
full comforter bedding sets,14800,0.81,HIGH,0,transactional,suggestion
california king bedding comforter sets,14800,1.28,HIGH,0,transactional,suggestion
bedding sets cal king,14800,1.28,HIGH,0,transactional,suggestion
linens bedding sets,14800,3.9,HIGH,0,transactional,suggestion
hypoallergenic bed sheets,14800,3.34,HIGH,0,transactional,suggestion
deep pocket bed sheets,14800,3.71,HIGH,0,transactional,suggestion
queen size bed sheets sets,14800,1.75,HIGH,7,transactional,suggestion
linens bed sheets,14800,3.9,HIGH,0,transactional,suggestion
grounded bed sheets,14800,3.75,HIGH,8,transactional,suggestion
grounding earthing bed sheets,14800,3.75,HIGH,1,transactional,suggestion
bed sheets parachute,14800,2.45,HIGH,10,transactional,suggestion
grounding bed sheets,14800,3.75,HIGH,8,transactional,suggestion
bed sheets deep pockets,14800,3.71,HIGH,0,transactional,suggestion
how to get blood out of bed sheets,14800,0.61,MEDIUM,0,informational,suggestion
bassinet bed sheets,14800,0.64,HIGH,0,transactional,suggestion
earthing bed sheets,14800,3.75,HIGH,5,transactional,suggestion
queen sized bed sheets,14800,1.75,HIGH,13,transactional,suggestion
bed linen sheets,14800,3.9,HIGH,0,transactional,suggestion
earth grounding bed sheets,14800,3.75,HIGH,6,transactional,suggestion
satin sheets bed,14800,1.81,HIGH,0,transactional,suggestion
full bed sheets comforter,14800,0.81,HIGH,0,transactional,suggestion
sheet sets for queen size bed,14800,1.75,HIGH,3,transactional,suggestion
bed sheet size queen,14800,1.75,HIGH,0,transactional,suggestion
bed sheet deep pocket,14800,3.71,HIGH,0,transactional,suggestion
how to get blood out of a bed sheet,14800,0.61,MEDIUM,0,informational,suggestion
satin bed sheet sets,14800,1.81,HIGH,0,transactional,suggestion
earthing grounding bed sheet,14800,3.75,HIGH,29,transactional,suggestion
queen size bed sheet set,14800,1.75,HIGH,8,transactional,suggestion
bed sheet parachute,14800,2.45,HIGH,18,transactional,suggestion
queen bed sheet sizes,14800,1.75,HIGH,0,informational,suggestion
earthing bed sheet,14800,3.75,HIGH,12,transactional,suggestion
linen bed sheet,14800,3.9,HIGH,0,transactional,suggestion
grounding bed sheet,14800,3.75,HIGH,8,transactional,suggestion
bed sheet california king,14800,1.28,HIGH,0,transactional,suggestion
grounded bed sheet,14800,3.75,HIGH,8,transactional,suggestion
towels en español,14800,5.58,LOW,0,informational,suggestion
towels spanish,14800,5.58,LOW,0,transactional,suggestion
facial towels disposable,14800,0.87,HIGH,5,transactional,suggestion
south park towels,14800,0.23,MEDIUM,2,transactional,suggestion
towels turkey,14800,2,HIGH,0,transactional,suggestion
wall mounted towels racks,14800,1.09,HIGH,0,transactional,suggestion
egyptian cotton bathroom towels,14800,3.19,HIGH,0,transactional,suggestion
turkish towels,14800,2,HIGH,0,transactional,suggestion
reuse paper towels,14800,1.07,HIGH,21,informational,suggestion
egyptian cotton bath towels,14800,3.19,HIGH,0,transactional,suggestion
egyptian cotton towel towels,14800,3.19,HIGH,0,transactional,suggestion
towels in spanish language,14800,5.58,LOW,0,informational,suggestion
table linens for christmas,14800,0.51,HIGH,0,transactional,suggestion
linens bedroom,14800,4.15,HIGH,0,transactional,suggestion
linens bed,14800,4.15,HIGH,0,transactional,suggestion
linens bedding,14800,4.15,HIGH,0,transactional,suggestion
heated blankets and throws,14800,0.63,HIGH,2,transactional,suggestion
throw blankets heated,14800,0.63,HIGH,4,transactional,suggestion
linen sheets bedding,14800,3.9,HIGH,0,transactional,suggestion
pillow for back pain,12100,1.21,HIGH,0,transactional,ideas
lumbar support pillow,12100,0.87,HIGH,2,transactional,ideas
stomach sleeper pillow,12100,1.35,HIGH,0,transactional,ideas
tooth pillow,12100,2.38,LOW,0,transactional,ideas
memory foam cervical pillow,12100,1.41,MEDIUM,8,transactional,ideas
frontgate towels,12100,1.68,HIGH,0,transactional,ideas+suggestion
king size blanket,12100,1.55,HIGH,0,transactional,ideas
sham bedding sets,12100,1.71,HIGH,,informational,ideas+suggestion
reading pillow,12100,0.81,HIGH,0,transactional,ideas
momcozy pregnancy pillow,12100,1.11,HIGH,7,transactional,ideas
nose pillow cpap,12100,1.06,HIGH,0,transactional,ideas
memory foam wedge pillow,12100,1.08,MEDIUM,0,transactional,ideas
california king sheets,12100,3.19,HIGH,0,transactional,ideas
casper pillow,12100,1.14,HIGH,0,transactional,ideas
pillow for lower back pain,12100,0.97,MEDIUM,8,transactional,ideas
best pregnancy pillow,12100,2.1,HIGH,12,commercial,ideas
husband pillow,12100,0.9,HIGH,0,transactional,ideas
memory foam pillow for side sleepers,12100,2.66,HIGH,0,transactional,ideas
twin sheets,12100,1.32,HIGH,0,transactional,ideas
goose down comforter,12100,3.18,HIGH,0,transactional,ideas
dish towels,12100,1.2,HIGH,7,transactional,ideas+suggestion
twin xl comforter,12100,1.17,HIGH,0,transactional,ideas
queen size comforter set,12100,0.84,HIGH,0,transactional,ideas
throw pillow covers,12100,0.85,HIGH,1,transactional,ideas
deep pocket queen sheets,12100,2.35,HIGH,0,transactional,ideas
grounding mat for bed,12100,3.48,HIGH,0,transactional,ideas
custom pillow,12100,3.99,HIGH,0,transactional,ideas
twin comforter sets,12100,0.65,HIGH,0,transactional,ideas
cpap pillow,12100,1.06,HIGH,0,transactional,ideas
shams bedding,12100,1.71,HIGH,0,transactional,ideas
bridal robe,12100,1.28,HIGH,0,transactional,ideas
macys bedding,12100,0.89,HIGH,0,transactional,ideas
linen summer dresses,12100,1.26,HIGH,0,commercial,ideas
bamboo bedding,12100,6.33,HIGH,0,transactional,ideas
linen dress women,12100,1.13,HIGH,0,transactional,ideas
loveshackfancy bedding,12100,1.14,HIGH,0,transactional,ideas
white bedding,12100,1.48,HIGH,0,transactional,ideas
chunky yarn blanket,12100,0.56,HIGH,0,transactional,ideas
patchwork quilt,12100,0.8,HIGH,0,transactional,ideas+suggestion
crochet blanket patterns free,12100,0.37,LOW,3,informational,ideas
cotton throw blanket,12100,1.4,HIGH,0,transactional,ideas
cozy blanket,12100,3.86,HIGH,12,transactional,ideas
laundry sheets,12100,3.07,HIGH,0,transactional,ideas
granny square blanket,12100,0.17,HIGH,2,transactional,ideas
linen tablecloth,12100,3.69,HIGH,0,transactional,ideas
magnet sheets,12100,0.88,HIGH,0,transactional,ideas
linen sets,12100,1.13,HIGH,0,transactional,ideas
faux fur throw blanket,12100,1.87,HIGH,0,transactional,ideas
waterproof blanket,12100,1.43,HIGH,0,transactional,ideas
frye blanket,12100,1.06,HIGH,0,transactional,ideas
free quilt patterns,12100,0.57,LOW,21,informational,ideas+suggestion
rag quilt,12100,0.1,HIGH,0,transactional,ideas+suggestion
quilt kits,12100,0.81,HIGH,0,transactional,ideas+suggestion
berkshire blanket,12100,1.79,HIGH,0,transactional,ideas
queen sheet sets,12100,1.73,HIGH,0,transactional,ideas
ugg robe,12100,0.96,HIGH,0,transactional,ideas
queenb duvet covers,12100,1.92,HIGH,2,transactional,suggestion
duvet covers for queen,12100,1.92,HIGH,0,transactional,suggestion
queen duvet and cover,12100,1.92,HIGH,5,transactional,suggestion
standard size for shower curtain,12100,1.05,MEDIUM,0,informational,suggestion
xmas shower curtain,12100,0.47,HIGH,0,transactional,suggestion
standard size shower curtain length,12100,1.05,MEDIUM,,informational,suggestion
shower curtain peva,12100,0.49,MEDIUM,0,transactional,suggestion
christmas shower curtain,12100,0.47,HIGH,0,transactional,suggestion
standard shower curtain lengths,12100,1.05,MEDIUM,0,informational,suggestion
standard shower curtain length,12100,1.05,MEDIUM,0,informational,suggestion
common shower curtain sizes,12100,1.05,MEDIUM,15,informational,suggestion
shower curtain standard sizes,12100,1.05,MEDIUM,0,informational,suggestion
festive shower curtain,12100,0.47,HIGH,0,transactional,suggestion
shower curtain standard dimensions,12100,1.05,MEDIUM,0,informational,suggestion
standard size shower curtain dimensions,12100,1.05,MEDIUM,0,commercial,suggestion
measurements of standard shower curtain,12100,1.05,MEDIUM,0,informational,suggestion
christmas holiday shower curtain,12100,0.47,HIGH,0,transactional,suggestion
quilt en patchwork,12100,0.8,HIGH,2,informational,suggestion
national quilt museum in paducah kentucky,12100,0.84,LOW,20,informational,suggestion
national quilt museum in paducah ky,12100,0.84,LOW,21,informational,suggestion
quilt tote bags,12100,0.6,HIGH,0,transactional,suggestion
national quilt museum kentucky,12100,0.84,LOW,21,informational,suggestion
pattern quilt free,12100,0.57,LOW,21,informational,suggestion
quilt museum in paducah,12100,0.84,LOW,19,informational,suggestion
quilt museum in paducah kentucky,12100,0.84,LOW,20,informational,suggestion
quilt museum kentucky,12100,0.84,LOW,16,informational,suggestion
quilt tote bag,12100,0.6,HIGH,0,transactional,suggestion
sashiko quilt,12100,0.28,HIGH,0,transactional,suggestion
kit quilt,12100,0.81,HIGH,0,transactional,suggestion
national quilt museum in paducah,12100,0.84,LOW,26,informational,suggestion
ragtime quilt,12100,0.1,HIGH,10,informational,suggestion
quilt museum,12100,0.84,LOW,59,informational,suggestion
raggy quilt,12100,0.1,HIGH,6,transactional,suggestion
ragged quilt,12100,0.1,HIGH,0,transactional,suggestion
raggedy quilt,12100,0.1,HIGH,8,transactional,suggestion
quilt museums,12100,0.84,LOW,55,informational,suggestion
quilt--patchwork,12100,0.8,HIGH,0,informational,suggestion
quilts patterns for free,12100,0.57,LOW,21,informational,suggestion
quilts rag,12100,0.1,HIGH,0,transactional,suggestion
quilts patchwork,12100,0.8,HIGH,0,informational,suggestion
quilts pattern free,12100,0.57,LOW,21,informational,suggestion
quilts kits,12100,0.81,HIGH,0,transactional,suggestion
sashiko quilts,12100,0.28,HIGH,0,transactional,suggestion
shower curtains xmas,12100,0.47,HIGH,0,transactional,suggestion
christmas shower curtains,12100,0.47,HIGH,0,transactional,suggestion
shower curtains standard size,12100,1.05,MEDIUM,0,transactional,suggestion
christmas holiday shower curtains,12100,0.47,HIGH,0,transactional,suggestion
peva shower curtains,12100,0.49,MEDIUM,0,transactional,suggestion
festive shower curtains,12100,0.47,HIGH,0,transactional,suggestion
twin bedding set with comforter,12100,0.65,HIGH,0,transactional,suggestion
queen size bedding set with sheets,12100,0.84,HIGH,0,transactional,suggestion
toddler bedding set,12100,0.9,HIGH,0,transactional,suggestion
twin bed bedding set,12100,0.65,HIGH,0,transactional,suggestion
full size bedding set,12100,1.24,HIGH,0,transactional,suggestion
bedding set twin xl,12100,1.17,HIGH,0,transactional,suggestion
full size bedding collections,12100,1.24,HIGH,0,transactional,suggestion
bedding sheet sets,12100,4.64,HIGH,0,transactional,suggestion
twin bedding comforter sets,12100,0.65,HIGH,0,transactional,suggestion
bedding sets twin xl,12100,1.17,HIGH,0,transactional,suggestion
bedding sheet sets queen,12100,1.73,HIGH,0,transactional,suggestion
bedding twin sets,12100,0.65,HIGH,0,transactional,suggestion
bedding sheets sets queen,12100,1.73,HIGH,0,transactional,suggestion
twin comforters bedding sets,12100,0.65,HIGH,0,transactional,suggestion
twin bed bedding sets,12100,0.65,HIGH,0,transactional,suggestion
sheets bedding sets,12100,4.64,HIGH,0,transactional,suggestion
how often should u wash ur bed sheets,12100,0.18,LOW,3,informational,suggestion
what is the best thread count in bed sheets,12100,1.52,HIGH,3,informational,suggestion
deep pocket queen bed sheets,12100,2.35,HIGH,0,transactional,suggestion
sheets on bed,12100,4.64,HIGH,23,transactional,suggestion
microfiber bed sheets,12100,1.07,HIGH,0,transactional,suggestion
best cool bed sheets,12100,4.97,HIGH,2,commercial,suggestion
queen bed sheets with deep pockets,12100,2.35,HIGH,0,transactional,suggestion
how often should we wash our bed sheets,12100,0.18,LOW,3,informational,suggestion
how often should you wash your bed sheets,12100,0.18,LOW,15,informational,suggestion
how.often should you wash your bed sheets,12100,0.18,LOW,15,informational,suggestion
how often should u wash your bed sheets,12100,0.18,LOW,3,informational,suggestion
best bed sheets for cooling,12100,4.97,HIGH,0,informational,suggestion
what is good thread count for bed sheets,12100,1.52,HIGH,3,informational,suggestion
bed sheets sets queen,12100,1.73,HIGH,0,transactional,suggestion
long staple cotton bed sheets,12100,3.6,HIGH,0,transactional,suggestion
sheet in bed,12100,4.64,HIGH,23,transactional,suggestion
bed sheet set for queen,12100,1.73,HIGH,0,transactional,suggestion
bed sheet twin xl,12100,1.17,HIGH,0,transactional,suggestion
king bed sheet sizes,12100,2.55,HIGH,0,informational,suggestion
sham bed sheet,12100,1.71,HIGH,0,transactional,suggestion
microfiber bed sheet,12100,1.07,HIGH,0,transactional,suggestion
bed sheet setting,12100,4.64,HIGH,0,transactional,suggestion
full size bed sheet,12100,1.24,HIGH,0,transactional,suggestion
what is the best bed sheet thread count,12100,1.52,HIGH,12,informational,suggestion
towels for infants,12100,0.61,HIGH,0,transactional,suggestion
paper dispenser towels,12100,5.52,HIGH,0,transactional,suggestion
paper towels for dispensers,12100,5.52,HIGH,0,transactional,suggestion
infant towels,12100,0.61,HIGH,0,transactional,suggestion
baby towels,12100,0.61,HIGH,0,transactional,suggestion
microfiber towels for drying hair,12100,0.82,MEDIUM,0,transactional,suggestion
towels for newborn,12100,0.61,HIGH,0,transactional,suggestion
paper towel dispenser and towels,12100,5.52,HIGH,0,transactional,suggestion
towels for newborns,12100,0.61,HIGH,0,transactional,suggestion
bamboo bed linens,12100,6.33,HIGH,0,transactional,suggestion
set of linens,12100,1.13,HIGH,0,transactional,suggestion
round table linens,12100,1.18,HIGH,0,transactional,suggestion
tablecloth linens,12100,3.69,HIGH,0,transactional,suggestion
table linens for thanksgiving,12100,0.95,HIGH,0,transactional,suggestion
table linens near me,12100,0.63,HIGH,0,transactional,suggestion
what are linens,12100,1.78,LOW,9,informational,suggestion
tablecloths and linens,12100,3.69,HIGH,0,informational,suggestion
linen table linens,12100,3.69,HIGH,0,transactional,suggestion
cotton bath mats,12100,1.15,HIGH,0,transactional,suggestion
bathroom mat cotton,12100,1.15,HIGH,0,transactional,suggestion
bathroom mats cotton,12100,1.15,HIGH,0,transactional,suggestion
cotton bathtub mat,12100,1.15,HIGH,0,transactional,suggestion
cotton throws and blankets,12100,1.4,HIGH,0,transactional,suggestion
faux fur blankets and throws,12100,1.87,HIGH,0,transactional,suggestion
fake fur blankets and throws,12100,1.87,HIGH,0,transactional,suggestion
throw blankets dimensions,12100,0.77,HIGH,0,informational,suggestion
throw blankets sizes,12100,0.77,HIGH,0,informational,suggestion
throw size blankets,12100,0.77,HIGH,0,transactional,suggestion
cotton throw blankets,12100,1.4,HIGH,0,transactional,suggestion
faux fur throw blankets,12100,1.87,HIGH,3,transactional,suggestion
blissy silk pillowcase,12100,3.73,HIGH,0,transactional,suggestion
ugg comforter set,9900,0.62,HIGH,0,transactional,ideas
ostrich pillow,9900,0.8,HIGH,1,transactional,ideas
decorative pillows for bed,9900,1.18,HIGH,0,transactional,ideas
water bath canning jars,9900,0.66,HIGH,8,transactional,ideas
orthopedic pillow,9900,2.22,HIGH,1,transactional,ideas
king size quilt,9900,1.55,HIGH,0,transactional,ideas+suggestion
cervical neck pillow,9900,1.98,HIGH,8,transactional,ideas
memory foam lumbar pillow,9900,0.97,LOW,3,transactional,ideas
linen tea towels,9900,1.27,HIGH,0,transactional,ideas+suggestion
rug size for queen bed,9900,1.52,HIGH,0,informational,ideas
queen size sheets,9900,1.68,HIGH,0,transactional,ideas
fitted sheet queen,9900,1.44,HIGH,0,transactional,ideas
queen sheets,9900,1.6,HIGH,0,transactional,ideas
latex pillow,9900,2.43,HIGH,0,transactional,ideas
quince duvet cover,9900,0.75,HIGH,0,transactional,ideas+suggestion
twin duvet cover,9900,1.91,HIGH,0,transactional,ideas+suggestion
best travel neck pillow,9900,1.3,HIGH,16,transactional,ideas
eli & elm side sleeper pillow,9900,2.03,HIGH,0,transactional,ideas
bounce dryer sheets,9900,0.67,HIGH,8,transactional,ideas
best pillow for side sleepers with neck pain,9900,3.54,HIGH,6,commercial,ideas
bed sheet holders,9900,0.48,HIGH,0,transactional,ideas+suggestion
leg elevation pillow,9900,0.5,HIGH,0,transactional,ideas
towel hook for bathroom,9900,1.07,HIGH,0,transactional,ideas
deep pocket king sheets,9900,3.5,HIGH,0,transactional,ideas
newborn pillow lounger,9900,0.64,HIGH,0,transactional,ideas
memory foam neck pillow,9900,1.26,HIGH,4,transactional,ideas
side sleeper firm pillow,9900,2.04,HIGH,0,transactional,ideas
eli & elm side-sleeper pillow,9900,2.03,HIGH,0,transactional,ideas
medcline pillow,9900,0.84,HIGH,0,transactional,ideas
shower chairs for elderly,9900,0.88,HIGH,0,transactional,ideas
twin blankets,9900,0.71,HIGH,0,transactional,ideas
skims robe,9900,0.59,HIGH,0,transactional,ideas
cotton robes for women,9900,1.6,HIGH,0,transactional,ideas
bridal shower dress for bride,9900,1.43,HIGH,0,transactional,ideas
pink bedding,9900,1.28,HIGH,0,transactional,ideas
midi dress for bridal shower,9900,0.99,MEDIUM,0,transactional,ideas
linen skirt,9900,1.06,HIGH,0,transactional,ideas
hypoallergenic bedding,9900,4.05,HIGH,0,transactional,ideas
cashmere blanket,9900,3.22,HIGH,0,transactional,ideas
flat sheet,9900,0.95,HIGH,0,transactional,ideas
white sheet,9900,1.42,HIGH,0,transactional,ideas
clear plastic sheets,9900,0.7,HIGH,0,transactional,ideas
log cabin quilt pattern,9900,0.23,HIGH,0,informational,ideas+suggestion
knit blanket,9900,0.8,HIGH,0,transactional,ideas
binding a quilt,9900,0.27,HIGH,0,informational,ideas+suggestion
3 sheets,9900,0.3,LOW,15,transactional,ideas
chair mat for carpet,9900,2.26,HIGH,0,transactional,ideas
mylar blanket,9900,0.79,HIGH,0,transactional,ideas
best weighted blanket,9900,3.97,HIGH,1,commercial,ideas
quilt in a day,9900,1.18,LOW,16,informational,ideas+suggestion
rumpl blanket,9900,0.76,HIGH,0,transactional,ideas
handwriting practice sheets,9900,0.65,HIGH,8,informational,ideas
emergency blanket,9900,0.73,HIGH,7,transactional,ideas
plush blanket,9900,1.53,HIGH,0,transactional,ideas
weighted blanket for adults,9900,2.66,HIGH,6,transactional,ideas
jelly roll quilt patterns,9900,0.29,HIGH,0,informational,ideas
infant quilt patterns,9900,0.38,HIGH,0,informational,ideas
lola blanket dupe,9900,2.46,HIGH,1,transactional,ideas
brookstone heated blanket,9900,0.49,HIGH,0,transactional,ideas
weighted blanket benefits,9900,1.1,HIGH,38,informational,ideas
pottery barn duvet covers,9900,3.1,HIGH,0,transactional,ideas+suggestion
snuggie blanket,9900,0.45,HIGH,16,transactional,ideas
red land cotton sheets,9900,1.72,HIGH,1,transactional,ideas
what is linen made of,9900,1.6,LOW,2,informational,ideas
white linen shirt,9900,1.87,HIGH,0,transactional,ideas
dude robe,9900,1.33,HIGH,0,transactional,ideas
duvet covers best,9900,5.35,HIGH,5,transactional,suggestion
quince duvet covers,9900,0.75,HIGH,0,transactional,suggestion
twin duvet covers,9900,1.91,HIGH,0,transactional,suggestion
plastic shower curtain,9900,0.52,HIGH,0,transactional,suggestion
linen curtain shower,9900,1.26,HIGH,0,transactional,suggestion
jelly roll quilt designs,9900,0.29,HIGH,0,informational,suggestion
eleanor burns quilt in a day,9900,1.18,LOW,1,informational,suggestion
newborn quilt pattern,9900,0.38,HIGH,,informational,suggestion
jelly roll pattern quilt,9900,0.29,HIGH,0,informational,suggestion
quilt patterns from jelly rolls,9900,0.29,HIGH,0,informational,suggestion
quilt patterns using jelly rolls,9900,0.29,HIGH,0,informational,suggestion
cabin quilt pattern,9900,0.23,HIGH,0,informational,suggestion
quilt pattern using jelly rolls,9900,0.29,HIGH,,informational,suggestion
quilt pattern using jelly roll,9900,0.29,HIGH,0,informational,suggestion
laundry basket quilt,9900,0.12,MEDIUM,8,transactional,suggestion
bind a quilt,9900,0.27,HIGH,0,informational,suggestion
sewing binding to quilt,9900,0.27,HIGH,0,informational,suggestion
log cabin quilt patterns,9900,0.23,HIGH,0,informational,suggestion
quilt pattern for jelly rolls,9900,0.29,HIGH,0,informational,suggestion
cabin quilt patterns,9900,0.23,HIGH,0,informational,suggestion
quilt patterns jelly rolls,9900,0.29,HIGH,0,informational,suggestion
quilt bindings,9900,0.27,HIGH,0,transactional,suggestion
duvet cover best,9900,5.35,HIGH,5,transactional,suggestion
pottery barn duvet cover,9900,3.1,HIGH,0,transactional,suggestion
jelly roll patterns for quilts,9900,0.29,HIGH,0,informational,suggestion
log cabin quilts patterns,9900,0.23,HIGH,0,informational,suggestion
quilts for king size,9900,1.55,HIGH,0,transactional,suggestion
laundry basket quilts,9900,0.12,MEDIUM,4,transactional,suggestion
quilts log cabin pattern,9900,0.23,HIGH,0,informational,suggestion
patterns for quilts using jelly rolls,9900,0.29,HIGH,0,informational,suggestion
binding on quilts,9900,0.27,HIGH,0,informational,suggestion
cabin quilts patterns,9900,0.23,HIGH,0,informational,suggestion
king-size quilts,9900,1.55,HIGH,0,transactional,suggestion
bindings for quilts,9900,0.27,HIGH,0,transactional,suggestion
plastic shower curtains,9900,0.52,HIGH,0,transactional,suggestion
shower curtains linen,9900,1.26,HIGH,0,transactional,suggestion
king duvets covers,9900,2.83,HIGH,0,transactional,suggestion
best duvets and covers,9900,5.35,HIGH,0,commercial,suggestion
frette bedding set,9900,3.08,HIGH,0,transactional,suggestion
bedding set white,9900,1.41,HIGH,0,transactional,suggestion
cotton bedding comforter set,9900,0.95,HIGH,0,transactional,suggestion
threshold bedding set,9900,0.62,HIGH,0,transactional,suggestion
cotton bedding comforter sets,9900,0.95,HIGH,0,transactional,suggestion
wamsutta bedding sets,9900,2.19,HIGH,0,transactional,suggestion
threshold bedding sets,9900,0.62,HIGH,0,transactional,suggestion
rooms to go bedding sets,9900,1.42,HIGH,1,transactional,suggestion
white bedding sets,9900,1.41,HIGH,0,transactional,suggestion
king bed sheets deep pockets,9900,3.5,HIGH,0,transactional,suggestion
bed sheets flat,9900,0.95,HIGH,0,transactional,suggestion
queen bed sheets fitted,9900,1.44,HIGH,0,transactional,suggestion
bed sheets holders,9900,0.48,HIGH,0,transactional,suggestion
bed sheets deep pocket king,9900,3.5,HIGH,0,transactional,suggestion
bed sheets and sets,9900,3.21,HIGH,18,transactional,suggestion
threshold bed sheets,9900,0.62,HIGH,0,transactional,suggestion
whiten bed sheets,9900,1.41,HIGH,0,informational,suggestion
full size bed sheets and comforter,9900,1.02,HIGH,0,transactional,suggestion
best bed sheets for hot sleepers,9900,6.03,HIGH,0,commercial,suggestion
white sheets bed,9900,1.41,HIGH,0,transactional,suggestion
sheets bed set,9900,3.21,HIGH,0,transactional,suggestion
flat sheet bed,9900,0.95,HIGH,0,transactional,suggestion
fitted bed sheet queen,9900,1.44,HIGH,0,transactional,suggestion
sheet bed set,9900,3.21,HIGH,0,transactional,suggestion
bed sheet holder,9900,0.48,HIGH,0,transactional,suggestion
bed sheet white,9900,1.41,HIGH,0,transactional,suggestion
quick drying towels,9900,1.5,HIGH,0,transactional,suggestion
bath hooks for towels,9900,1.07,HIGH,0,transactional,suggestion
quick-dry towels,9900,1.5,HIGH,0,transactional,suggestion
beach towels personalised,9900,4.47,HIGH,0,transactional,suggestion
yoga towels for mats,9900,0.87,HIGH,0,transactional,suggestion
cotton towels bathroom,9900,1.64,HIGH,0,transactional,suggestion
fastest drying towels,9900,1.5,HIGH,0,informational,suggestion
bathroom hooks towels,9900,1.07,HIGH,,transactional,suggestion
bathroom hook for towels,9900,1.07,HIGH,0,transactional,suggestion
environmentally friendly towels,9900,3.44,MEDIUM,11,commercial,suggestion
fast drying towels,9900,1.5,HIGH,0,transactional,suggestion
fast dry towels,9900,1.5,HIGH,0,transactional,suggestion
dry quick towels,9900,1.5,HIGH,0,transactional,suggestion
facial towels,9900,0.9,HIGH,0,transactional,suggestion
towels best,9900,5.35,HIGH,0,transactional,suggestion
ta-ta towels,9900,0.72,HIGH,1,transactional,suggestion
monogrammed beach towels,9900,4.47,HIGH,0,transactional,suggestion
towels bath set,9900,1.32,HIGH,0,transactional,suggestion
bar for towels,9900,1.8,HIGH,0,transactional,suggestion
towels turkish cotton,9900,2.71,HIGH,0,informational,suggestion
beach cotton towels,9900,1.01,HIGH,0,transactional,suggestion
eco friendly towels,9900,3.44,MEDIUM,0,transactional,suggestion
towels near.me,9900,0.69,HIGH,0,transactional,suggestion
sets bath towels,9900,1.32,HIGH,0,transactional,suggestion
towels bars for bathroom,9900,1.62,HIGH,0,transactional,suggestion
towels near me,9900,0.69,HIGH,0,transactional,suggestion
beach towels personalized,9900,4.47,HIGH,0,transactional,suggestion
bathroom bar for towels,9900,1.62,HIGH,0,transactional,suggestion
hypoallergenic bed linens,9900,4.05,HIGH,0,transactional,suggestion
full size bed linens,9900,1.02,HIGH,0,transactional,suggestion
table linens white,9900,1.24,HIGH,0,transactional,suggestion
table runner linens,9900,1.55,HIGH,0,transactional,suggestion
western linens,9900,1.78,LOW,2,commercial,suggestion
queen size linens,9900,1.68,HIGH,0,transactional,suggestion
table linens and runners,9900,1.55,HIGH,4,commercial,suggestion
non slip mat for bath,9900,1.24,HIGH,0,transactional,suggestion
non slippery bath mat,9900,1.24,HIGH,0,transactional,suggestion
non-slip bath mat,9900,1.24,HIGH,0,transactional,suggestion
non.slip bath mat,9900,1.24,HIGH,0,transactional,suggestion
non slip mats for bath,9900,1.24,HIGH,0,transactional,suggestion
non-slip bath mats,9900,1.24,HIGH,0,commercial,suggestion
non slip mat for bathroom,9900,1.24,HIGH,0,transactional,suggestion
non-slip mat for bathroom,9900,1.24,HIGH,3,transactional,suggestion
"non slip ""bathroom"" mat",9900,1.24,HIGH,3,transactional,suggestion
non slippery mat for bathroom,9900,1.24,HIGH,0,transactional,suggestion
non-slip bathroom mats,9900,1.24,HIGH,3,transactional,suggestion
non slip mats bathroom,9900,1.24,HIGH,3,transactional,suggestion
non slippery bathroom mats,9900,1.24,HIGH,0,transactional,suggestion
non-slippery bathroom mats,9900,1.24,HIGH,6,transactional,suggestion
non slip mat bathtub,9900,1.24,HIGH,0,transactional,suggestion
non slippery bathtub mat,9900,1.24,HIGH,0,transactional,suggestion
couch blankets and throws,9900,1.72,HIGH,18,transactional,suggestion
throw blankets for the couch,9900,1.72,HIGH,4,transactional,suggestion
throw blankets for couches,9900,1.72,HIGH,4,transactional,suggestion
mulberry pillowcase silk,9900,3.6,HIGH,0,transactional,suggestion
frette linen sheets,9900,3.08,HIGH,0,transactional,suggestion
bath rug runners,9900,1.18,HIGH,0,transactional,suggestion
bath rugs and runners,9900,1.18,HIGH,0,transactional,suggestion
bath rugs runner,9900,1.18,HIGH,0,transactional,suggestion
square throw pillow,8100,0.97,MEDIUM,0,transactional,ideas
pillow for sitting up in bed,8100,0.75,HIGH,0,transactional,ideas
best neck pillow,8100,2.17,HIGH,14,transactional,ideas
bbl pillow,8100,0.68,HIGH,0,transactional,ideas
best travel pillow,8100,1.28,HIGH,16,transactional,ideas
body pillow for side sleepers,8100,1.46,HIGH,0,transactional,ideas
pillow for neck and shoulder pain,8100,2.59,HIGH,4,transactional,ideas
best pillow for back sleepers,8100,3.11,HIGH,0,informational,ideas
arm pillow,8100,0.54,HIGH,0,transactional,ideas
shower faucet set,8100,1.17,HIGH,0,transactional,ideas
adjustable bed pillow,8100,1.97,MEDIUM,0,transactional,ideas
queen pillow size,8100,2.11,HIGH,0,transactional,ideas
knee pillow,8100,0.9,HIGH,0,transactional,ideas
knee pillow for side sleepers,8100,1.17,HIGH,0,transactional,ideas
20x20 pillow covers,8100,1.08,HIGH,0,transactional,ideas
kleenex hand towels,8100,1.39,HIGH,0,transactional,ideas
pillow for pregnant women,8100,0.89,HIGH,0,transactional,ideas
king size fitted sheet,8100,1.82,HIGH,0,transactional,ideas
pillow inserts,8100,1.5,HIGH,0,transactional,ideas
bed curtains,8100,0.42,HIGH,0,transactional,ideas
pregnancy body pillow,8100,1.38,HIGH,10,transactional,ideas
king pillows,8100,1.98,HIGH,0,transactional,ideas
best pillow for neck and shoulder pain,8100,2.79,HIGH,0,commercial,ideas
cloud pillow,8100,2.51,HIGH,1,transactional,ideas
bed sheet with borders,8100,0.56,HIGH,0,informational,ideas+suggestion
ergonomic cervical pillow,8100,2.41,HIGH,11,transactional,ideas
mellow sleep pillow,8100,1.55,HIGH,0,transactional,ideas
maternity pillow,8100,1.51,HIGH,11,transactional,ideas
twin comforter size,8100,0.74,HIGH,0,transactional,ideas
bath chair,8100,0.61,HIGH,0,transactional,ideas
back pillow,8100,0.62,HIGH,0,transactional,ideas
pillow stuffing,8100,0.4,HIGH,0,transactional,ideas
cotton tea towels,8100,0.73,HIGH,0,transactional,ideas
adjustable.bed pillow,8100,1.97,MEDIUM,0,transactional,ideas
sleep crown pillow,8100,0.84,HIGH,0,transactional,ideas
area rugs on sale,8100,1.79,HIGH,0,transactional,ideas
hamster bedding,8100,0.65,HIGH,0,transactional,ideas
cotton robe,8100,1.5,HIGH,0,transactional,ideas
mens linen suit,8100,2.46,HIGH,6,transactional,ideas
white linen skirt,8100,1,HIGH,0,transactional,ideas
nest bedding,8100,6.88,HIGH,7,transactional,ideas
linen maxi dress,8100,0.89,HIGH,0,transactional,ideas
linen tops for women,8100,1.19,HIGH,0,transactional,ideas
hommey robe,8100,0.68,HIGH,0,transactional,ideas
quilt patterns for beginners,8100,0.38,HIGH,0,informational,ideas
barn quilt patterns,8100,0.16,HIGH,0,informational,ideas
ugg throw blanket,8100,0.92,HIGH,0,transactional,ideas
ll bean sheets,8100,2.04,HIGH,0,transactional,ideas
cotton batting for quilts,8100,1.01,HIGH,0,informational,ideas+suggestion
burrito blanket,8100,0.27,HIGH,0,transactional,ideas
queen size quilt,8100,1.17,HIGH,0,transactional,ideas
cotton sheets queen,8100,1.39,HIGH,0,transactional,ideas
linen tops,8100,1.07,HIGH,0,transactional,ideas
sds sheets,8100,4.94,LOW,33,informational,ideas
cotton kitchen towels,8100,0.84,HIGH,0,transactional,ideas
sleeping mat,8100,0.79,HIGH,9,transactional,ideas
merino wool blanket,8100,1.63,HIGH,0,transactional,ideas
spiderman blanket,8100,0.55,HIGH,0,transactional,ideas
easy quilt patterns,8100,0.24,HIGH,0,informational,ideas
stranger things blanket,8100,0.55,HIGH,0,transactional,ideas
pottery barn robe,8100,2.11,HIGH,0,transactional,ideas
cotton pillowcases,8100,1.55,HIGH,0,transactional,ideas
the quilt,8100,1.03,LOW,27,informational,ideas
oversized throw blanket,8100,1.27,HIGH,0,transactional,ideas
quilt bedding,8100,1.3,HIGH,0,transactional,ideas
does linen shrink,8100,3.84,LOW,0,informational,ideas
stitch blanket,8100,0.53,HIGH,0,informational,ideas
needlepoint pillow,8100,0.77,HIGH,0,transactional,ideas
folding a fitted sheet,8100,0.13,LOW,8,informational,ideas
indian blanket,8100,0.55,HIGH,8,transactional,ideas
linen button down shirt,8100,1.9,HIGH,0,transactional,ideas
weezie robe,8100,0.69,HIGH,0,transactional,ideas
duvet covers in king size,8100,2.62,HIGH,0,transactional,suggestion
king-size duvet covers,8100,2.62,HIGH,0,transactional,suggestion
hookless shower curtain,8100,0.6,HIGH,0,transactional,suggestion
sets shower curtain,8100,0.48,HIGH,0,transactional,suggestion
white shower curtain,8100,0.97,HIGH,0,transactional,suggestion
black curtain shower,8100,0.5,HIGH,0,transactional,suggestion
shower set curtain,8100,0.48,HIGH,0,transactional,suggestion
white fabric shower curtain,8100,0.97,HIGH,0,transactional,suggestion
hookless shower curtain hooks,8100,0.6,HIGH,0,transactional,suggestion
peva shower curtain liner,8100,0.5,MEDIUM,0,transactional,suggestion
shower curtain near me,8100,0.45,HIGH,0,transactional,suggestion
dark shower curtain,8100,0.5,HIGH,0,transactional,suggestion
duvet cover size king,8100,2.62,HIGH,0,transactional,suggestion
king duvet cover sizes,8100,2.62,HIGH,0,informational,suggestion
duvet cover king dimensions,8100,2.62,HIGH,0,informational,suggestion
king size duvet cover sizes,8100,2.62,HIGH,0,informational,suggestion
green fairy quilts,8100,0.1,MEDIUM,10,transactional,suggestion
patterns for quilts beginners,8100,0.38,HIGH,0,informational,suggestion
bedspreads and quilts,8100,1.3,HIGH,0,transactional,suggestion
valor quilts,8100,0.47,LOW,2,transactional,suggestion
quilts for beginners quilt patterns,8100,0.38,HIGH,10,informational,suggestion
cotton fabric for quilts,8100,0.64,HIGH,0,transactional,suggestion
barn quilts designs,8100,0.16,HIGH,0,transactional,suggestion
quilts blankets,8100,0.99,HIGH,0,transactional,suggestion
cotton material for quilts,8100,0.64,HIGH,0,informational,suggestion
quilts near me,8100,0.8,HIGH,5,transactional,suggestion
quilts for bed,8100,1.97,HIGH,0,transactional,suggestion
quilts on beds,8100,1.97,HIGH,0,informational,suggestion
bedspread and quilts,8100,1.3,HIGH,0,transactional,suggestion
easy patterns quilts,8100,0.24,HIGH,0,informational,suggestion
cotton and quilts,8100,1.42,HIGH,10,informational,suggestion
simple quilts patterns,8100,0.24,HIGH,10,informational,suggestion
bedroom quilts,8100,1.97,HIGH,0,transactional,suggestion
keepsake quilts,8100,0.56,HIGH,8,transactional,suggestion
patterns for barn quilts,8100,0.16,HIGH,0,informational,suggestion
bedding quilts,8100,1.97,HIGH,0,transactional,suggestion
queen size quilts,8100,1.17,HIGH,0,transactional,suggestion
easy pattern quilts,8100,0.24,HIGH,0,informational,suggestion
quilts designs for beginners,8100,0.38,HIGH,2,informational,suggestion
the quilts,8100,1.03,LOW,44,informational,suggestion
quilts pottery barn,8100,2.05,HIGH,0,transactional,suggestion
shower curtains sets,8100,0.48,HIGH,0,transactional,suggestion
shower curtains black,8100,0.5,HIGH,0,transactional,suggestion
white shower curtains,8100,0.97,HIGH,0,transactional,suggestion
white fabric shower curtains,8100,0.97,HIGH,0,transactional,suggestion
hookless shower curtains,8100,0.6,HIGH,0,transactional,suggestion
shower curtains near me,8100,0.45,HIGH,0,transactional,suggestion
shower curtains set,8100,0.48,HIGH,0,transactional,suggestion
dark shower curtains,8100,0.5,HIGH,0,transactional,suggestion
duvets covers king size,8100,2.62,HIGH,0,transactional,suggestion
twin bedding sheet set,8100,1.19,HIGH,0,transactional,suggestion
comforters bedding set,8100,1.34,HIGH,0,transactional,suggestion
bedding and comforter set,8100,1.34,HIGH,0,transactional,suggestion
tencel bedding set,8100,3.67,HIGH,0,transactional,suggestion
black bedding set,8100,1.35,HIGH,0,transactional,suggestion
comfort bedding set,8100,1.34,HIGH,0,transactional,suggestion
comfortable bedding set,8100,1.34,HIGH,0,transactional,suggestion
breathable bedding set,8100,4.24,HIGH,2,transactional,suggestion
comfort bedding sets,8100,1.34,HIGH,0,transactional,suggestion
macy's bedding comforter sets,8100,0.3,HIGH,0,transactional,suggestion
macys bedding comforter sets,8100,0.3,HIGH,0,transactional,suggestion
bedding sets with comforter,8100,1.34,HIGH,0,transactional,suggestion
bedding comforters sets,8100,1.34,HIGH,0,transactional,suggestion
black bedding sets,8100,1.35,HIGH,0,transactional,suggestion
full xl bedding sets,8100,1.27,HIGH,0,transactional,suggestion
bedding sets at macys,8100,0.3,HIGH,0,transactional,suggestion
beds bedding sets,8100,1.34,HIGH,28,transactional,suggestion
tencel bedding sets,8100,3.67,HIGH,0,transactional,suggestion
bordered bed sheet,8100,0.56,HIGH,0,informational,suggestion
cotton fitted bed sheet,8100,1.27,HIGH,0,transactional,suggestion
bed sheet with comforter,8100,1.34,HIGH,10,transactional,suggestion
tencel bed sheet,8100,3.67,HIGH,0,transactional,suggestion
fitted bed sheet king size,8100,1.82,HIGH,0,transactional,suggestion
comfort bed sheet,8100,1.34,HIGH,10,transactional,suggestion
full xl bed sheet,8100,1.27,HIGH,0,transactional,suggestion
organic bed sheet,8100,5.56,HIGH,0,transactional,suggestion
black sheet bed,8100,1.35,HIGH,0,transactional,suggestion
comfortable bed sheet,8100,1.34,HIGH,10,transactional,suggestion
table linens,8100,3.64,HIGH,0,transactional,suggestion
tables and linens,8100,3.64,HIGH,0,transactional,suggestion
high-quality bed linens,8100,5.27,HIGH,0,transactional,suggestion
ralph lauren linens,8100,1.35,HIGH,0,transactional,suggestion
ralph lauren bed linens,8100,1.35,HIGH,0,transactional,suggestion
west elm bed linens,8100,2.53,HIGH,0,commercial,suggestion
twin size bed linens,8100,0.74,HIGH,3,transactional,suggestion
cabinet for linens,8100,1.2,HIGH,0,transactional,suggestion
organic bed linens,8100,5.56,HIGH,0,informational,suggestion
bath mat sets for bathroom,8100,0.74,HIGH,0,transactional,suggestion
bath mat set,8100,0.74,HIGH,0,transactional,suggestion
bathroom bath mat set,8100,0.74,HIGH,0,transactional,suggestion
bath mat sets,8100,0.74,HIGH,0,transactional,suggestion
set of bath mats,8100,0.74,HIGH,0,transactional,suggestion
bath mats sets,8100,0.74,HIGH,0,transactional,suggestion
bathroom floor mat sets,8100,0.74,HIGH,0,transactional,suggestion
bathroom floor mat set,8100,0.74,HIGH,2,transactional,suggestion
mat set for bathroom,8100,0.74,HIGH,0,transactional,suggestion
bathroom mat sets,8100,0.74,HIGH,0,transactional,suggestion
bathroom set mats,8100,0.74,HIGH,0,transactional,suggestion
bathroom floor mats set,8100,0.74,HIGH,0,transactional,suggestion
bathroom sets mats,8100,0.74,HIGH,0,transactional,suggestion
oversized blankets and throws,8100,1.27,HIGH,11,transactional,suggestion
throw blankets oversized,8100,1.27,HIGH,6,transactional,suggestion
ugg throw blankets,8100,0.92,HIGH,0,transactional,suggestion
oversize throw blankets,8100,1.27,HIGH,0,transactional,suggestion
silk pillowcase curly hair,8100,2.54,MEDIUM,0,transactional,suggestion
best silk for pillowcase,8100,5.91,HIGH,0,informational,suggestion
best rated silk pillowcase,8100,5.91,HIGH,4,commercial,suggestion
camping pillow,6600,0.71,HIGH,0,transactional,ideas
luxury bedding sets,6600,4.76,HIGH,0,transactional,ideas+suggestion
butt pillow,6600,0.77,HIGH,0,transactional,ideas
black comforter set,6600,0.68,HIGH,0,transactional,ideas
comforter in duvet cover,6600,2.72,HIGH,0,transactional,ideas+suggestion
pillow cotton cover,6600,0.97,HIGH,0,transactional,ideas
best bamboo sheets,6600,8.86,HIGH,3,commercial,ideas
dosaze pillow,6600,1.63,HIGH,0,transactional,ideas
standard pillow,6600,1.6,HIGH,0,transactional,ideas
king sheets,6600,2.95,HIGH,0,transactional,ideas
queen goose down comforter,6600,4.13,HIGH,0,transactional,ideas
flour sack towels,6600,0.75,HIGH,0,transactional,ideas
100 cotton towels,6600,1.71,HIGH,0,transactional,ideas
cushion lab pillow,6600,1.74,HIGH,0,transactional,ideas
peachskin bed sheets,6600,1.41,HIGH,2,transactional,ideas
towel holder,6600,0.71,HIGH,0,transactional,ideas
cooling blanket for bed,6600,2.38,HIGH,2,transactional,ideas
adjustable memory foam pillow,6600,1.7,MEDIUM,0,transactional,ideas
juicy couture comforter set,6600,0.39,HIGH,0,transactional,ideas
tempur cloud pillow,6600,2.16,HIGH,0,transactional,ideas
bed reading pillow,6600,0.9,HIGH,0,transactional,ideas
pink comforter set,6600,0.57,HIGH,0,transactional,ideas
duvet by boa,6600,,LOW,0,transactional,ideas
twin xl comforter set,6600,0.76,HIGH,0,transactional,ideas
breastfeeding pillow,6600,0.61,HIGH,10,transactional,ideas
cabeau neck pillow,6600,1.56,HIGH,0,transactional,ideas
long pillow,6600,0.75,HIGH,0,transactional,ideas
boyfriend pillow,6600,0.4,HIGH,0,transactional,ideas
queen size fitted sheet,6600,1.11,HIGH,0,transactional,ideas
tummy time pillow,6600,0.97,HIGH,0,transactional,ideas
pink comforter sets,6600,0.57,HIGH,0,transactional,ideas
linen napkins,6600,2.1,HIGH,0,transactional,ideas
neck pillow for plane,6600,1.39,HIGH,17,transactional,ideas
cooling memory foam pillow,6600,1.77,HIGH,5,transactional,ideas
18x18 pillow covers,6600,0.93,HIGH,0,transactional,ideas
king duvet insert,6600,3.12,HIGH,0,transactional,ideas
hand towel holder,6600,0.87,HIGH,0,transactional,ideas
twin fitted sheet,6600,0.99,HIGH,0,transactional,ideas
lip pillow,6600,1.21,LOW,0,transactional,ideas
cotton comforter queen,6600,1.08,HIGH,0,transactional,ideas
tempur-cloud pillow,6600,2.16,HIGH,0,transactional,ideas
king size pillowcases,6600,1.76,MEDIUM,0,transactional,ideas
peach skin bed sheets,6600,1.41,HIGH,3,transactional,ideas
childrens bedding full size,6600,2.14,HIGH,0,transactional,ideas+suggestion
best cooling pillow,6600,2.59,HIGH,2,commercial,ideas
queen size heated blanket,6600,0.82,HIGH,0,transactional,ideas
white duvet cover,6600,2.81,HIGH,0,transactional,ideas+suggestion
twin z pillow,6600,0.38,HIGH,0,transactional,ideas
tempur pedic neck pillow,6600,2.15,HIGH,0,transactional,ideas
shabby chic bedding,6600,0.67,HIGH,0,transactional,ideas
bedding brake pads,6600,0.2,LOW,14,transactional,ideas
shower bench seat,6600,0.95,HIGH,0,transactional,ideas
silk robes for women,6600,2.97,HIGH,0,transactional,ideas
serta simmons bedding,6600,3.6,LOW,41,transactional,ideas
shower transfer bench,6600,0.53,HIGH,0,transactional,ideas
slip silk pillowcase,6600,5.41,HIGH,9,transactional,ideas+suggestion
zipper bedding,6600,1.53,HIGH,0,transactional,ideas
silk kimono robe,6600,1.99,HIGH,0,transactional,ideas
shower chair adjustable height,6600,1.05,HIGH,0,transactional,ideas
rug sale,6600,2.4,HIGH,0,transactional,ideas
linen midi dress,6600,1,HIGH,0,transactional,ideas
linen blazer,6600,1.94,HIGH,0,transactional,ideas
pink robe,6600,1.11,HIGH,0,transactional,ideas
shower chair with arms,6600,0.69,HIGH,0,transactional,ideas
docket sheets,6600,1.9,LOW,40,transactional,ideas
gingham sheets,6600,1.42,HIGH,0,transactional,ideas
weighted blanket for sleep,6600,2.22,LOW,36,transactional,ideas
cotton infant blanket,6600,1.27,HIGH,0,informational,ideas
linen fabric by the yard,6600,1.29,HIGH,0,transactional,ideas
crochet blanket borders,6600,0.3,LOW,0,informational,ideas
quilts for sale,6600,1.07,HIGH,0,transactional,ideas+suggestion
crochet flower blanket,6600,2.28,HIGH,3,informational,ideas
cotton bedding,6600,2.06,HIGH,0,transactional,ideas
beach blanket bingo,6600,1.09,LOW,5,transactional,ideas
cotton terry towel,6600,1.14,HIGH,0,transactional,ideas
jersey sheets,6600,1.63,HIGH,0,transactional,ideas
best electric blanket,6600,1.04,HIGH,0,commercial,ideas
felt sheets,6600,0.64,HIGH,2,transactional,ideas
cardboard sheets,6600,4.85,HIGH,0,transactional,ideas
cotton curtains,6600,1.11,HIGH,0,transactional,ideas
twin quilt,6600,0.98,HIGH,0,transactional,ideas
bamboo cooling blanket,6600,2.55,HIGH,0,transactional,ideas
travel blanket,6600,1.4,HIGH,0,transactional,ideas
not perfect linen,6600,0.44,HIGH,10,informational,ideas
attendance sheet,6600,3.95,MEDIUM,0,informational,ideas
top sheet,6600,2.39,HIGH,0,transactional,ideas
chair mat,6600,3.27,HIGH,0,transactional,ideas
fur blanket,6600,2.03,HIGH,0,transactional,ideas
quince linen sheets,6600,0.67,HIGH,0,transactional,ideas+suggestion
bearaby weighted blanket,6600,1.86,HIGH,0,transactional,ideas
cotton terry towels,6600,1.14,HIGH,0,transactional,ideas
pottery barn sheets,6600,2.88,HIGH,0,transactional,ideas
big blanket,6600,1.44,HIGH,0,transactional,ideas
star blanket crochet pattern,6600,0.24,MEDIUM,4,informational,ideas
blanket yarn,6600,0.58,HIGH,0,transactional,ideas
minky blanket material,6600,0.56,HIGH,0,transactional,ideas
chunky blanket,6600,0.85,HIGH,5,transactional,ideas
stitch colouring sheets,6600,0.11,LOW,0,informational,ideas
quilt blocks,6600,0.35,HIGH,9,transactional,ideas
quilt backing fabric,6600,0.76,HIGH,0,transactional,ideas
chair mat for hardwood floor,6600,2.42,HIGH,0,transactional,ideas
aids quilt,6600,11.08,LOW,12,informational,ideas
king quilt sets,6600,1.03,HIGH,0,transactional,ideas
warm blanket,6600,1.28,HIGH,6,transactional,ideas
egyptian cotton bedding,6600,2.59,MEDIUM,0,transactional,ideas
quilt block patterns,6600,0.34,HIGH,0,informational,ideas
easy crochet blanket patterns,6600,0.49,HIGH,14,informational,ideas
cariloha sheets,6600,1.23,HIGH,0,transactional,ideas
bernat blanket big yarn,6600,0.76,HIGH,0,transactional,ideas
fleece tie blanket,6600,0.77,HIGH,10,transactional,ideas
bamboo viscose sheets,6600,4.08,HIGH,0,transactional,ideas
linen sets women,6600,1.15,HIGH,0,transactional,ideas
robe for men,6600,1.8,HIGH,0,transactional,ideas
macys sheets,6600,0.95,HIGH,0,transactional,ideas
curtain stores,6600,3.9,HIGH,0,commercial,ideas
100 cotton duvet covers,6600,1.93,HIGH,1,transactional,suggestion
comforters duvet covers,6600,2.72,HIGH,0,transactional,suggestion
white covers duvet,6600,2.81,HIGH,0,transactional,suggestion
duvet covers & sets,6600,2.53,HIGH,0,transactional,suggestion
duvet covers set,6600,2.53,HIGH,0,transactional,suggestion
duvet cover and sets,6600,2.53,HIGH,0,transactional,suggestion
duvet cover and set,6600,2.53,HIGH,0,transactional,suggestion
shower curtain long,6600,0.9,HIGH,0,transactional,suggestion
shower curtain fabric liner,6600,0.67,HIGH,0,transactional,suggestion
bath curtain shower,6600,0.62,HIGH,2,transactional,suggestion
bathroom curtain shower,6600,0.62,HIGH,6,transactional,suggestion
shower curtain liner material,6600,0.67,HIGH,2,transactional,suggestion
pottery barn shower curtain,6600,1.75,HIGH,0,transactional,suggestion
shower curtain liner cloth,6600,0.67,HIGH,1,transactional,suggestion
green shower curtain,6600,0.68,HIGH,0,transactional,suggestion
longer shower curtain,6600,0.9,HIGH,0,transactional,suggestion
blue shower curtain,6600,0.73,HIGH,0,transactional,suggestion
stripe duvet cover,6600,1.9,HIGH,0,transactional,suggestion
duvet sheet cover,6600,2.53,HIGH,15,transactional,suggestion
duvet cover cotton 100,6600,1.93,HIGH,1,transactional,suggestion
comforter into duvet cover,6600,2.72,HIGH,0,informational,suggestion
size for quilts,6600,0.26,MEDIUM,0,informational,suggestion
backing material for quilts,6600,0.76,HIGH,0,informational,suggestion
quilts for twins,6600,0.98,HIGH,0,informational,suggestion
block patterns for quilts,6600,0.34,HIGH,0,informational,suggestion
quilts stores,6600,0.75,MEDIUM,24,commercial,suggestion
backing fabric for quilts,6600,0.76,HIGH,0,informational,suggestion
sales on quilts,6600,1.07,HIGH,0,transactional,suggestion
king size quilts sets,6600,1.03,HIGH,0,transactional,suggestion
block pattern quilts,6600,0.34,HIGH,3,transactional,suggestion
king quilts sets,6600,1.03,HIGH,0,transactional,suggestion
dimensions for quilts,6600,0.26,MEDIUM,0,informational,suggestion
rack for quilts,6600,0.45,HIGH,0,transactional,suggestion
sizes of quilts,6600,0.26,MEDIUM,0,informational,suggestion
backing fabrics for quilts,6600,0.76,HIGH,0,informational,suggestion
block quilts,6600,0.35,HIGH,0,transactional,suggestion
quilts store,6600,0.75,MEDIUM,24,commercial,suggestion
twin quilts,6600,0.98,HIGH,0,transactional,suggestion
quilts to buy,6600,1.07,HIGH,0,transactional,suggestion
kantha quilts,6600,0.8,HIGH,0,transactional,suggestion
shower curtains pink,6600,0.54,HIGH,0,transactional,suggestion
bathroom curtains for shower,6600,0.62,HIGH,6,transactional,suggestion
shower curtains with green,6600,0.68,HIGH,0,transactional,suggestion
shower curtains west elm,6600,0.73,HIGH,0,transactional,suggestion
flower shower curtains,6600,0.56,HIGH,0,transactional,suggestion
bathtub shower curtains,6600,0.62,HIGH,0,transactional,suggestion
shower curtains in bathrooms,6600,0.62,HIGH,6,transactional,suggestion
floral shower curtains,6600,0.56,HIGH,0,transactional,suggestion
boho chic shower curtains,6600,0.54,HIGH,0,transactional,suggestion
shower curtains cute,6600,0.7,HIGH,0,transactional,suggestion
polyester shower curtains,6600,1,HIGH,0,transactional,suggestion
pottery barn shower curtains,6600,1.75,HIGH,0,transactional,suggestion
shower curtains for bath,6600,0.62,HIGH,2,transactional,suggestion
shower curtains cotton,6600,0.85,HIGH,0,transactional,suggestion
blue shower curtains,6600,0.73,HIGH,0,transactional,suggestion
adorable shower curtains,6600,0.7,HIGH,0,transactional,suggestion
longer shower curtains,6600,0.9,HIGH,0,transactional,suggestion
shower curtains with weights,6600,0.4,HIGH,0,transactional,suggestion
cutest shower curtains,6600,0.7,HIGH,0,transactional,suggestion
shower curtains boho,6600,0.54,HIGH,0,transactional,suggestion
flowered shower curtains,6600,0.56,HIGH,14,informational,suggestion
shower curtains flowers,6600,0.56,HIGH,0,transactional,suggestion
fabric shower curtains and liners,6600,0.67,HIGH,18,transactional,suggestion
shower curtains weighted,6600,0.44,HIGH,0,transactional,suggestion
long curtains for shower,6600,0.9,HIGH,0,transactional,suggestion
shower curtains blues,6600,0.73,HIGH,0,transactional,suggestion
duvets definition,6600,1.93,LOW,2,informational,suggestion
define duvets,6600,1.93,LOW,4,informational,suggestion
meaning of duvets,6600,1.93,LOW,0,informational,suggestion
bedding set queen cotton,6600,1.08,HIGH,0,transactional,suggestion
pink bedding comforter set,6600,0.57,HIGH,0,transactional,suggestion
bedding quilt set king,6600,1.03,HIGH,0,transactional,suggestion
jersey knit bedding set,6600,1.63,HIGH,0,transactional,suggestion
black bedding comforter set,6600,0.68,HIGH,0,transactional,suggestion
twin xl bedding comforter set,6600,0.76,HIGH,0,transactional,suggestion
king size quilt bedding set,6600,1.03,HIGH,0,transactional,suggestion
bedding set modern,6600,2.76,HIGH,0,transactional,suggestion
jersey bedding set,6600,1.63,HIGH,0,transactional,suggestion
contemporary bedding set,6600,2.76,HIGH,0,transactional,suggestion
bedding set luxury,6600,4.76,HIGH,0,transactional,suggestion
bedding set macys,6600,0.95,HIGH,0,transactional,suggestion
bedding set sizes,6600,0.23,HIGH,0,transactional,suggestion
gingham bedding set,6600,1.42,HIGH,0,transactional,suggestion
cotton queen bedding sets,6600,1.08,HIGH,0,transactional,suggestion
jersey knit bedding sets,6600,1.63,HIGH,0,transactional,suggestion
jersey bedding sets,6600,1.63,HIGH,0,transactional,suggestion
king bedding quilt sets,6600,1.03,HIGH,0,transactional,suggestion
pink comforter bedding sets,6600,0.57,HIGH,0,transactional,suggestion
bedding sets modern,6600,2.76,HIGH,0,transactional,suggestion
gingham bedding sets,6600,1.42,HIGH,0,transactional,suggestion
luxurious bedding sets,6600,4.76,HIGH,0,transactional,suggestion
black bedding comforter sets,6600,0.68,HIGH,0,transactional,suggestion
bedding sets macy's,6600,0.95,HIGH,0,transactional,suggestion
bedding sets sizes,6600,0.23,HIGH,0,transactional,suggestion
bedding sets pottery barn,6600,2.88,HIGH,0,transactional,suggestion
bed sheet length,6600,0.23,HIGH,0,informational,suggestion
jersey bed sheet,6600,1.63,HIGH,0,transactional,suggestion
bed sheet macys,6600,0.95,HIGH,0,transactional,suggestion
bed sheet thread count best,6600,1.54,HIGH,6,commercial,suggestion
cheap bed sheet,6600,1.47,HIGH,0,transactional,suggestion
queen size bed fitted sheet,6600,1.11,HIGH,2,transactional,suggestion
gingham bed sheet,6600,1.42,HIGH,0,transactional,suggestion
twin fitted bed sheet,6600,0.99,HIGH,0,transactional,suggestion
queen bed sheet cotton,6600,1.08,HIGH,0,transactional,suggestion
size bed sheet dimensions,6600,0.23,HIGH,0,informational,suggestion
bed sheet size,6600,0.23,HIGH,0,informational,suggestion
bed sheet sizes,6600,0.23,HIGH,0,informational,suggestion
bed sheet dimensions,6600,0.23,HIGH,0,informational,suggestion
good bed sheet thread count,6600,1.54,HIGH,0,informational,suggestion
luxury bed sheet,6600,4.76,HIGH,0,transactional,suggestion
luxurious bed sheet,6600,4.76,HIGH,0,transactional,suggestion
cheapest bed sheet,6600,1.47,HIGH,10,transactional,suggestion
bed sheet sizing,6600,0.23,HIGH,0,informational,suggestion
linens and napkins,6600,2.1,HIGH,0,transactional,suggestion
120 round table linens,6600,2.46,HIGH,0,transactional,suggestion
define linens,6600,4.76,LOW,6,informational,suggestion
napkin linens,6600,2.1,HIGH,0,transactional,suggestion
linens def,6600,4.76,LOW,15,informational,suggestion
boll and branch bed linens,6600,3.49,HIGH,0,transactional,suggestion
rectangle table linens,6600,1.15,HIGH,0,transactional,suggestion
shabby chic bed linens,6600,0.67,HIGH,0,transactional,suggestion
plastic table linens,6600,0.79,HIGH,0,transactional,suggestion
rectangular table linens,6600,1.15,HIGH,0,transactional,suggestion
egyptian cotton bed linens,6600,2.59,MEDIUM,3,transactional,suggestion
definition of linens,6600,4.76,LOW,14,informational,suggestion
linens meaning,6600,4.76,LOW,6,informational,suggestion
fitted table linens,6600,3.54,HIGH,0,transactional,suggestion
sinful linens,6600,0.67,HIGH,4,informational,suggestion
best bath mat,6600,1.84,HIGH,9,commercial,suggestion
bath mats best,6600,1.84,HIGH,9,commercial,suggestion
top rated bath mats,6600,1.84,HIGH,9,commercial,suggestion
good bath mats,6600,1.84,HIGH,9,transactional,suggestion
top rated bathtub mats,6600,1.84,HIGH,19,commercial,suggestion
best bathtub mats,6600,1.84,HIGH,8,commercial,suggestion
best bathroom floor mat,6600,1.84,HIGH,9,commercial,suggestion
christmas blankets and throws,6600,0.46,HIGH,0,transactional,suggestion
electric blankets and throws,6600,0.6,HIGH,0,transactional,suggestion
throw electric blankets,6600,0.6,HIGH,3,transactional,suggestion
xmas throw blankets,6600,0.46,HIGH,0,transactional,suggestion
battery operated heated throw blankets,6600,0.59,HIGH,0,transactional,suggestion
throw blankets christmas,6600,0.46,HIGH,5,transactional,suggestion
luxury bedding sheets,6600,4.76,HIGH,0,transactional,suggestion
luxury bedding collection,6600,4.76,HIGH,0,transactional,suggestion
luxury bedding sheet,6600,4.76,HIGH,0,transactional,suggestion
silk pillowcase slippery,6600,5.41,HIGH,9,transactional,suggestion
slipsilk silk pillowcase,6600,5.41,HIGH,1,transactional,suggestion
silk pillowcase by slip,6600,5.41,HIGH,9,transactional,suggestion
top rated linen sheets,6600,7.02,HIGH,39,commercial,suggestion
linen sheets best,6600,7.02,HIGH,0,informational,suggestion
good linen sheets,6600,7.02,HIGH,0,informational,suggestion
bath cotton rug,6600,1.08,HIGH,0,transactional,suggestion
cotton duvet cover queen,5400,1.31,HIGH,0,transactional,ideas+suggestion
cooling towels for neck,5400,1,HIGH,0,transactional,ideas
pregnancy pillow for back pain,5400,1.15,LOW,14,informational,ideas
shredded memory foam pillow,5400,1.81,HIGH,0,transactional,ideas
neck pain relief pillow,5400,2.27,HIGH,2,transactional,ideas
pottery barn towels,5400,4.38,HIGH,0,transactional,ideas
bed sheet clips,5400,0.39,HIGH,0,transactional,ideas+suggestion
neck pillow for sleeping,5400,1.78,HIGH,4,transactional,ideas
backrest pillow,5400,0.73,HIGH,0,transactional,ideas
pillow for neck pain side sleeper,5400,2.99,HIGH,2,transactional,ideas
brown comforter set,5400,1.05,HIGH,0,transactional,ideas
hip pain pillow,5400,0.76,HIGH,0,transactional,ideas
what is a comforter,5400,1.52,HIGH,4,informational,ideas
hello kitty bed sheet,5400,0.49,HIGH,0,transactional,ideas+suggestion
pink bed sheets,5400,0.73,HIGH,0,transactional,ideas
best cotton sheets,5400,4.96,HIGH,7,commercial,ideas
duvet insert queen,5400,2.56,HIGH,0,transactional,ideas
casper original pillow,5400,1.44,HIGH,0,transactional,ideas
breast feeding pillow,5400,0.61,HIGH,10,transactional,ideas
grey bed sheets,5400,1.4,HIGH,0,transactional,ideas
bamboo sheets king,5400,6.75,HIGH,0,transactional,ideas
airplane pillow,5400,1.05,HIGH,6,transactional,ideas
green comforter,5400,1.26,HIGH,0,transactional,ideas
hemorrhoid pillow,5400,0.62,HIGH,0,transactional,ideas
throw pillows for bed,5400,1.23,HIGH,2,transactional,ideas
c shape pregnancy pillow,5400,0.97,HIGH,0,transactional,ideas
beige comforter,5400,1.4,HIGH,0,transactional,ideas
macys bed sheets,5400,0.72,HIGH,0,transactional,ideas
twin xl fitted sheet,5400,2.45,HIGH,0,transactional,ideas
pink comforter,5400,0.81,HIGH,0,transactional,ideas
chair pillow,5400,0.88,HIGH,2,transactional,ideas
back support pillow,5400,0.84,HIGH,0,transactional,ideas
best duvet insert,5400,6.75,HIGH,0,transactional,ideas
west elm duvet covers,5400,3.93,HIGH,2,transactional,ideas+suggestion
tooth fairy pillow,5400,0.73,HIGH,0,transactional,ideas
bath seat,5400,0.5,HIGH,0,transactional,ideas
hello kitty comforter set,5400,0.59,HIGH,0,transactional,ideas
custom pet pillow,5400,4.2,HIGH,0,transactional,ideas
neck pillow for bed,5400,1.51,HIGH,11,transactional,ideas
trtl neck pillow,5400,1.55,HIGH,22,transactional,ideas
buffy comforter,5400,2.68,HIGH,0,transactional,ideas
bed rest pillow,5400,0.64,HIGH,0,transactional,ideas
bamboo sheets queen,5400,4.47,HIGH,2,transactional,ideas
king size bedding sets,5400,1.59,HIGH,0,transactional,ideas+suggestion
queen electric blanket,5400,0.56,HIGH,0,transactional,ideas
malouf pillow,5400,2.06,HIGH,0,transactional,ideas
contour pillow,5400,1.59,HIGH,2,transactional,ideas
king size bedspreads,5400,1.08,HIGH,0,transactional,ideas
pillow covers for couch,5400,0.75,HIGH,1,transactional,ideas
eva foam sheets,5400,0.71,HIGH,0,transactional,ideas
oversized queen comforter,5400,0.87,HIGH,0,transactional,ideas
stainless steel paper towel holder,5400,2.6,HIGH,0,transactional,ideas
king size electric blanket,5400,0.82,HIGH,0,transactional,ideas
quince comforter,5400,0.89,HIGH,0,transactional,ideas
tub o towels,5400,1.08,HIGH,0,transactional,ideas
onuia towels,5400,1.78,HIGH,0,transactional,ideas
bedspreads queen,5400,1.13,HIGH,0,transactional,ideas
paper towels on sale,5400,1.18,HIGH,0,transactional,ideas
satin robe,5400,1.06,HIGH,0,transactional,ideas
white robe,5400,1.21,HIGH,0,transactional,ideas
blankets on sale,5400,0.77,HIGH,0,transactional,ideas
the company store bedding,5400,1.6,HIGH,9,transactional,ideas
what are shams for bedding,5400,4.29,HIGH,0,informational,ideas
the most likely cause of bedding in this image is,5400,,LOW,0,informational,ideas
linen blazer women,5400,1.37,HIGH,0,transactional,ideas
pillows for sale,5400,1.45,HIGH,4,transactional,ideas
paper towel sale,5400,1.18,HIGH,0,transactional,ideas
ugg bedding,5400,0.94,HIGH,0,transactional,ideas
twin xl bedding,5400,1.47,HIGH,0,transactional,ideas
linen dresses for women,5400,1.33,HIGH,0,transactional,ideas
zara linen dress,5400,0.64,HIGH,3,transactional,ideas
satin vs silk pillowcase,5400,2.36,HIGH,0,informational,ideas+suggestion
crochet blanket yarn,5400,0.62,MEDIUM,0,transactional,ideas
crochet blanket patterns for beginners,5400,0.52,MEDIUM,1,informational,ideas
how to make american quilt,5400,0.16,LOW,20,informational,ideas
star quilt patterns,5400,0.29,HIGH,0,informational,ideas
egyptian cotton duvet cover,5400,3.38,HIGH,0,transactional,ideas+suggestion
llbean percale sheets,5400,2.12,HIGH,3,transactional,ideas
sheer linen curtains,5400,2.37,HIGH,0,transactional,ideas
cotton bedspreads,5400,1.4,HIGH,0,transactional,ideas
cricut infusible ink transfer sheets,5400,0.55,HIGH,0,transactional,ideas
comfy blanket,5400,4.04,HIGH,0,transactional,ideas
high thread count sheets,5400,4.38,HIGH,13,transactional,ideas
mylar sheets,5400,0.7,HIGH,0,transactional,ideas
plush throw blanket,5400,1.48,HIGH,5,transactional,ideas
white linen,5400,1.35,HIGH,0,transactional,ideas
love blanket,5400,3.59,HIGH,1,transactional,ideas
queen quilt,5400,1.03,HIGH,0,transactional,ideas
sferra sheets,5400,6.92,HIGH,0,transactional,ideas
knot sheet bend,5400,,LOW,3,informational,ideas
how to blanket stitch,5400,,LOW,8,informational,ideas
no-sew fleece blanket,5400,0.81,HIGH,5,transactional,ideas
three sheets,5400,0.85,LOW,14,informational,ideas
cotton flat sheets,5400,0.81,HIGH,0,transactional,ideas
modern quilt patterns,5400,0.31,HIGH,0,informational,ideas
fabric softener sheets,5400,1.72,HIGH,0,transactional,ideas
woven blanket,5400,1.16,HIGH,0,transactional,ideas
parchment paper sheets,5400,0.6,HIGH,0,transactional,ideas
color catcher sheets for laundry,5400,0.58,MEDIUM,0,transactional,ideas
ll bean percale sheets,5400,2.12,HIGH,1,transactional,ideas
30x40 blanket,5400,0.5,HIGH,0,transactional,ideas
rice paper sheets,5400,0.28,HIGH,0,transactional,ideas
bedsure blanket,5400,1.53,HIGH,3,transactional,ideas
bounty select-a-size paper towels,5400,0.93,HIGH,1,transactional,ideas
quilt wine,5400,0.98,HIGH,0,transactional,ideas
cotton sheets twin,5400,0.87,HIGH,0,transactional,ideas
jelly roll quilt,5400,0.46,HIGH,0,informational,ideas
how to make a quilt,5400,0.42,HIGH,17,informational,ideas
bedsure heated blanket,5400,1.37,HIGH,0,transactional,ideas
pink sheets,5400,1.43,HIGH,0,transactional,ideas
bubble blanket,5400,1.34,HIGH,0,transactional,ideas
linen vs cotton,5400,2.39,LOW,0,informational,ideas
welding blanket,5400,2.46,HIGH,0,transactional,ideas
crochet star blanket,5400,0.32,MEDIUM,0,transactional,ideas
cooling blanket for hot sleepers,5400,2.6,HIGH,9,transactional,ideas
king quilt,5400,1.45,HIGH,0,transactional,ideas
no sew fleece blanket,5400,0.81,HIGH,5,transactional,ideas
mens white linen shirt,5400,2.59,HIGH,0,transactional,ideas
uniqlo linen shirt,5400,0.8,HIGH,0,transactional,ideas
women in the shower,5400,2.96,LOW,0,informational,ideas
wearable blanket hoodie,5400,1.21,HIGH,0,transactional,ideas
oversized blanket hoodie,5400,1.37,HIGH,0,transactional,ideas
luxury pillows,5400,6.17,HIGH,0,transactional,ideas
duvet covers in queen size,5400,1.97,HIGH,1,transactional,suggestion
egyptian cotton duvet covers,5400,3.38,HIGH,0,transactional,suggestion
duvet covers cotton queen,5400,1.31,HIGH,0,transactional,suggestion
percale duvet covers,5400,4.88,HIGH,0,transactional,suggestion
queen size duvet and cover,5400,1.97,HIGH,1,transactional,suggestion
duvet cover dimensions queen,5400,1.97,HIGH,0,informational,suggestion
cotton duvet cover queen white,5400,1.31,HIGH,1,transactional,suggestion
west elm duvet cover,5400,3.93,HIGH,0,transactional,suggestion
quilts jelly rolls,5400,0.46,HIGH,0,informational,suggestion
quilts twin size,5400,0.57,HIGH,0,transactional,suggestion
how to make quilts,5400,0.42,HIGH,17,informational,suggestion
king size quilts measurements,5400,1.07,HIGH,0,informational,suggestion
quilts from jelly rolls,5400,0.46,HIGH,0,informational,suggestion
patterns for star quilts,5400,0.29,HIGH,0,informational,suggestion
modern quilts patterns,5400,0.31,HIGH,0,informational,suggestion
quilts wine,5400,0.98,HIGH,0,transactional,suggestion
quilts jelly roll,5400,0.46,HIGH,0,informational,suggestion
queen quilts,5400,1.03,HIGH,0,transactional,suggestion
star pattern quilts,5400,0.29,HIGH,0,informational,suggestion
how do you make quilts,5400,0.42,HIGH,0,informational,suggestion
shower curtains by size,5400,0.69,HIGH,0,transactional,suggestion
shower curtains measurements,5400,0.69,HIGH,0,informational,suggestion
clear curtains shower,5400,0.72,HIGH,0,transactional,suggestion
black and white shower curtains,5400,0.61,HIGH,0,transactional,suggestion
shower curtains and rings,5400,0.87,HIGH,0,transactional,suggestion
sizes of shower curtains,5400,0.69,HIGH,0,informational,suggestion
shower curtains size,5400,0.69,HIGH,0,informational,suggestion
shower curtains dimensions,5400,0.69,HIGH,6,informational,suggestion
best duvets inserts,5400,6.75,HIGH,0,commercial,suggestion
macy's bedding set,5400,0.72,HIGH,0,transactional,suggestion
bedding set in pink,5400,0.73,HIGH,0,transactional,suggestion
bedding sheet set king,5400,2.56,HIGH,3,transactional,suggestion
bedding set grey,5400,1.4,HIGH,0,transactional,suggestion
macy bedding set,5400,0.72,HIGH,0,transactional,suggestion
twin cotton bedding set,5400,0.87,HIGH,0,transactional,suggestion
farmhouse bedding set,5400,1.42,HIGH,0,transactional,suggestion
bedding set cute,5400,0.74,HIGH,4,transactional,suggestion
bedding set purple,5400,2.23,HIGH,0,transactional,suggestion
beige bedding set,5400,1.4,HIGH,0,transactional,suggestion
bedding set brown,5400,1.05,HIGH,0,transactional,suggestion
coastal bedding set,5400,1.67,HIGH,0,transactional,suggestion
gray bedding set,5400,1.4,HIGH,0,transactional,suggestion
hello kitty bedding set,5400,0.49,HIGH,0,transactional,suggestion
xl full size bedding,5400,1.9,HIGH,0,transactional,suggestion
beige bedding sets,5400,1.4,HIGH,0,transactional,suggestion
pink bedding sets,5400,0.73,HIGH,0,transactional,suggestion
grey bedding sets,5400,1.4,HIGH,0,transactional,suggestion
bedding sheet sets king,5400,2.56,HIGH,0,transactional,suggestion
boyes bedding sets,5400,1.18,HIGH,16,transactional,suggestion
bedding sets western,5400,1.46,HIGH,0,transactional,suggestion
bedding sets purple,5400,2.23,HIGH,0,transactional,suggestion
bedding sets gray,5400,1.4,HIGH,0,transactional,suggestion
bedding sets cute,5400,0.74,HIGH,11,transactional,suggestion
cotton bedding sets twin,5400,0.87,HIGH,0,transactional,suggestion
farmhouse bedding sets,5400,1.42,HIGH,0,transactional,suggestion
bedding sets madison park,5400,0.99,HIGH,0,transactional,suggestion
macy bedding sets,5400,0.72,HIGH,0,transactional,suggestion
coastal bedding sets,5400,1.67,HIGH,0,transactional,suggestion
hello kitty bedding sets,5400,0.49,HIGH,0,transactional,suggestion
bed sheet size twin,5400,0.76,HIGH,0,transactional,suggestion
macy's bed sheet,5400,0.72,HIGH,0,transactional,suggestion
bed sheet sets cotton,5400,1.48,HIGH,0,transactional,suggestion
bed sheet clip,5400,0.39,HIGH,0,transactional,suggestion
cotton bed sheet set,5400,1.48,HIGH,0,transactional,suggestion
bed sheet grey,5400,1.4,HIGH,0,transactional,suggestion
bed sheet straps,5400,0.46,HIGH,0,transactional,suggestion
beige bed sheet,5400,1.4,HIGH,0,transactional,suggestion
rental of table linens,5400,2.23,HIGH,34,commercial,suggestion
table linens for rent,5400,2.23,HIGH,71,transactional,suggestion
table linens rental near me,5400,2.19,HIGH,69,transactional,suggestion
table linens rentals,5400,2.23,HIGH,53,transactional,suggestion
hotel collection bed linens,5400,1.8,HIGH,0,transactional,suggestion
rentable table linens,5400,2.23,HIGH,43,transactional,suggestion
table linens rentals near me,5400,2.19,HIGH,71,transactional,suggestion
coastal bed linens,5400,1.67,HIGH,0,transactional,suggestion
table linens sizes,5400,0.69,HIGH,0,informational,suggestion
renting table linens,5400,2.23,HIGH,53,commercial,suggestion
renting table linens near me,5400,2.19,HIGH,71,transactional,suggestion
closet organizer for linens,5400,0.88,HIGH,0,transactional,suggestion
rent table linens near me,5400,2.19,HIGH,70,transactional,suggestion
square table linens,5400,0.99,HIGH,0,transactional,suggestion
bed linens twin xl,5400,1.47,HIGH,0,transactional,suggestion
woollen throws and blankets,5400,1.64,HIGH,0,transactional,suggestion
plush blankets and throws,5400,1.48,HIGH,5,transactional,suggestion
wool throws and blankets,5400,1.64,HIGH,0,transactional,suggestion
plush throw blankets,5400,1.48,HIGH,5,transactional,suggestion
bedding throw blankets,5400,1.73,HIGH,8,transactional,suggestion
throw blankets for beds,5400,1.73,HIGH,8,transactional,suggestion
wool throw blankets,5400,1.64,HIGH,0,transactional,suggestion
throw blankets vera bradley,5400,0.45,HIGH,2,informational,suggestion
throw blankets bed,5400,1.73,HIGH,8,transactional,suggestion
silk versus satin pillowcase,5400,2.36,HIGH,4,informational,suggestion
satin v silk pillowcase,5400,2.36,HIGH,0,transactional,suggestion
silk pillowcase or satin,5400,2.36,HIGH,0,transactional,suggestion
queen sheets linen,5400,3.32,HIGH,0,transactional,suggestion
queen bed sheets linen,5400,3.32,HIGH,0,transactional,suggestion
sferra linen sheets,5400,6.92,HIGH,0,transactional,suggestion
rugs bath bed beyond,5400,1.11,HIGH,3,transactional,suggestion
cotton sheets king,4400,1.8,HIGH,0,transactional,ideas
bamboo bath mat,4400,0.68,HIGH,0,transactional,ideas+suggestion
king size sheet sets,4400,2.13,HIGH,0,transactional,ideas
foam wedge pillow,4400,1.06,HIGH,0,informational,ideas
memory foam contour pillow,4400,1.33,HIGH,0,transactional,ideas
pet hair dryer sheets,4400,0.89,HIGH,0,transactional,ideas
cotton dish towels,4400,1.01,HIGH,0,transactional,ideas
threshold towels,4400,0.57,HIGH,0,transactional,ideas
rest comforter,4400,1.75,HIGH,7,transactional,ideas
macys bedding sale,4400,0.64,HIGH,0,transactional,ideas
nursing pillow ergo,4400,0.5,LOW,0,transactional,ideas
ergonomic breastfeeding pillow,4400,0.5,LOW,21,transactional,ideas
duvet cover vs comforter,4400,1.96,HIGH,0,informational,ideas+suggestion
soft sheets,4400,6.29,HIGH,0,transactional,ideas
bed chair pillow,4400,0.67,HIGH,0,transactional,ideas
dorm twin xl comforter,4400,1.53,HIGH,0,transactional,ideas
surrealistic pillow,4400,0.21,LOW,9,transactional,ideas
dorm twin xl sheets,4400,1.53,HIGH,0,transactional,ideas
bedgear pillow,4400,3.09,HIGH,0,transactional,ideas
cool gel memory foam pillow,4400,1.06,HIGH,0,transactional,ideas
water pillow,4400,1.06,HIGH,0,transactional,ideas
bird bath ceramic,4400,0.5,HIGH,0,transactional,ideas
square pillow,4400,1.1,HIGH,0,transactional,ideas
foam pillow,4400,1.78,HIGH,0,transactional,ideas
intimacy pillow,4400,2.07,HIGH,0,transactional,ideas
bamboo comforter,4400,4.04,HIGH,0,transactional,ideas
sheex bed sheets,4400,3.39,HIGH,0,transactional,ideas
the pillow bar,4400,3.64,HIGH,0,transactional,ideas
100 bamboo viscose sheets,4400,3.44,HIGH,0,transactional,ideas
comfort pillow,4400,3.08,HIGH,0,transactional,ideas
pregnancy wedge pillow,4400,1.21,HIGH,0,transactional,ideas
butterfly pillow,4400,0.96,HIGH,0,transactional,ideas
white comforter set,4400,0.95,HIGH,0,transactional,ideas
best memory foam pillow,4400,2.79,HIGH,13,transactional,ideas
extra deep pocket sheets,4400,3.13,HIGH,0,transactional,ideas
coop home goods pillow,4400,1.67,HIGH,0,transactional,ideas
gingham duvet cover,4400,1.82,HIGH,0,transactional,ideas+suggestion
cozy earth duvet cover,4400,3.64,LOW,0,transactional,ideas+suggestion
ergonomic nursing pillow,4400,0.5,LOW,5,transactional,ideas
meditation pillow,4400,1.87,HIGH,0,transactional,ideas
electric blankets on sale,4400,0.63,HIGH,0,transactional,ideas
coccyx pillow,4400,0.98,HIGH,0,transactional,ideas
pillow people,4400,0.45,HIGH,0,transactional,ideas
lumbar pillow for chair,4400,1.27,HIGH,0,transactional,ideas
fgsky pillow,4400,,LOW,0,transactional,ideas
neck haven pillow,4400,3.94,HIGH,0,transactional,ideas
cariloha bamboo sheets,4400,1.66,HIGH,0,transactional,ideas
cooling gel pillow,4400,1.09,HIGH,0,transactional,ideas
leg pillow,4400,0.67,HIGH,0,transactional,ideas
linen couch,4400,2.34,HIGH,0,transactional,ideas
back pillow for bed,4400,0.6,HIGH,0,transactional,ideas
20x20 pillow insert,4400,1.19,HIGH,0,transactional,ideas
hotel sheets,4400,3.85,HIGH,0,transactional,ideas
cervical pillow for side sleepers,4400,2.17,HIGH,0,transactional,ideas
hermes pillow,4400,1.31,HIGH,0,transactional,ideas
rest sheets,4400,1.68,HIGH,0,transactional,ideas
waifu pillow,4400,0.46,LOW,0,transactional,ideas
knot pillow,4400,1.08,HIGH,0,transactional,ideas
full body pregnancy pillow,4400,1.23,HIGH,12,transactional,ideas
crae towels,4400,0.65,HIGH,0,transactional,ideas
serenity by tempur-pedic pillow,4400,0.77,HIGH,0,transactional,ideas
cotton pillows,4400,1.48,HIGH,0,transactional,ideas
twin xl duvet covers,4400,2.09,HIGH,0,transactional,ideas+suggestion
ugg bed sheets,4400,0.66,HIGH,0,transactional,ideas
down pillow inserts,4400,3.43,HIGH,0,transactional,ideas
memory foam travel pillow,4400,0.92,HIGH,0,transactional,ideas
twin bedspreads,4400,0.86,HIGH,0,transactional,ideas
waterproof shower bench,4400,1,HIGH,0,transactional,ideas
black linen dress,4400,1.23,HIGH,0,transactional,ideas
dorm comforters twin xl,4400,1.53,HIGH,0,transactional,ideas
linen dress shirt,4400,1.65,HIGH,0,transactional,ideas
dorm bedding,4400,1.17,HIGH,0,transactional,ideas
linen maxi skirt,4400,0.97,HIGH,0,transactional,ideas
chicken coop bedding,4400,0.81,HIGH,0,transactional,ideas
lola blanket sale,4400,2.3,HIGH,2,transactional,ideas
blissy silk pillowcases,4400,3.59,HIGH,0,transactional,ideas
wrestling mats for sale,4400,2.82,HIGH,0,transactional,ideas
linen summer wear,4400,1.65,HIGH,1,transactional,ideas
affordable bedding,4400,1.52,MEDIUM,3,transactional,ideas
crochet granny square blanket,4400,0.22,HIGH,2,transactional,ideas
linen and hutch,4400,0.69,HIGH,6,transactional,ideas
serape blanket,4400,0.51,HIGH,0,transactional,ideas
weighted blanket autism,4400,1.36,MEDIUM,0,transactional,ideas
knitted newborn blanket,4400,0.79,HIGH,0,transactional,ideas
easy crochet blanket,4400,0.64,MEDIUM,0,informational,ideas
oversized king quilt,4400,1.03,HIGH,0,transactional,ideas
heavy blanket,4400,1.6,HIGH,18,transactional,ideas
ynm weighted blanket,4400,2.06,LOW,0,transactional,ideas
beautyrest plush electric blanket,4400,1.18,LOW,0,transactional,ideas
puzzle roll up mat,4400,0.48,HIGH,0,transactional,ideas
color catcher sheets,4400,0.41,HIGH,0,informational,ideas
supima cotton sheets,4400,2.89,HIGH,0,transactional,ideas
blanket rack,4400,0.62,HIGH,0,transactional,ideas
navajo blanket,4400,0.79,HIGH,7,transactional,ideas
modern quilt,4400,1.1,HIGH,0,transactional,ideas
foam play mat,4400,1.26,HIGH,0,transactional,ideas
pima cotton sheets,4400,2.53,HIGH,0,transactional,ideas
pink throw blanket,4400,1.03,HIGH,0,transactional,ideas
blanket chest,4400,0.96,HIGH,0,transactional,ideas
white blanket,4400,0.9,HIGH,0,transactional,ideas
crazy quilt,4400,0.19,HIGH,6,transactional,ideas
harry potter blanket,4400,0.86,HIGH,0,transactional,ideas
beautyrest electric blanket,4400,1.08,HIGH,0,transactional,ideas
100 egyptian cotton sheets,4400,2.57,HIGH,0,transactional,ideas
grounding mat for sleeping,4400,3.5,HIGH,4,transactional,ideas
lead sheet,4400,1.79,MEDIUM,0,transactional,ideas
quilt squares,4400,0.49,HIGH,0,transactional,ideas
quilt fabric stores,4400,0.72,HIGH,0,commercial,ideas
layer cake quilt patterns,4400,0.3,HIGH,0,informational,ideas
grey sheet,4400,2.97,MEDIUM,100,informational,ideas
peachskin sheets,4400,1.32,HIGH,3,transactional,ideas
down blanket,4400,2.87,HIGH,0,transactional,ideas
wirecutter sheets,4400,7.26,HIGH,11,transactional,ideas
victoria secret blanket,4400,1.08,HIGH,1,transactional,ideas
scott paper towels,4400,2.19,HIGH,8,transactional,ideas
oversized blanket,4400,2.89,HIGH,0,transactional,ideas
cotton coverlet,4400,1.63,HIGH,0,transactional,ideas
sheet ghost,4400,1.63,MEDIUM,0,informational,ideas
kirkland paper towels,4400,0.54,HIGH,0,transactional,ideas
fat quarter quilt patterns,4400,0.33,HIGH,0,informational,ideas
soft throw blanket,4400,2.76,HIGH,23,transactional,ideas
conversion sheet,4400,0.08,LOW,12,informational,ideas
fleece sheets,4400,0.85,HIGH,0,transactional,ideas
100 cotton blanket,4400,1.48,HIGH,0,transactional,ideas
quilt designs,4400,0.31,HIGH,19,informational,ideas
temperature blanket crochet,4400,0.27,MEDIUM,0,informational,ideas
calligraphy practice sheets,4400,0.38,HIGH,0,informational,ideas
cozy chic blanket,4400,1.88,HIGH,0,transactional,ideas
slip pure silk pillowcase,4400,5.97,LOW,5,transactional,ideas+suggestion
log cabin quilt,4400,0.33,HIGH,0,transactional,ideas
converting sheet,4400,0.08,LOW,,informational,ideas
100 linen clothing,4400,1.36,HIGH,0,transactional,ideas
crochet flower bouquet blanket,4400,1.89,HIGH,0,informational,ideas
finger knitting blanket,4400,0.35,HIGH,0,transactional,ideas
moss stitch crochet blanket,4400,0.2,LOW,9,transactional,ideas
star quilt,4400,0.52,HIGH,0,transactional,ideas
60 x 50 blanket,4400,0.83,HIGH,0,transactional,ideas
knit newborn blanket,4400,0.79,HIGH,0,informational,ideas
cover sheet,4400,2.93,LOW,16,informational,ideas
belle colouring sheet,4400,,LOW,0,informational,ideas
bili blanket,4400,0.61,LOW,0,transactional,ideas
hand knit chunky blanket,4400,0.41,HIGH,7,transactional,ideas
draw sheet,4400,0.79,LOW,0,transactional,ideas
organic cotton comforter,4400,3.53,HIGH,0,transactional,ideas
self laminating sheets,4400,0.53,HIGH,0,transactional,ideas
hand knit blanket,4400,0.37,HIGH,6,transactional,ideas
sheet bend,4400,,LOW,2,informational,ideas
large blanket basket,4400,1.02,HIGH,0,transactional,ideas
how to bind a quilt,4400,0.11,LOW,0,informational,ideas
blanket scarf,4400,0.96,HIGH,0,transactional,ideas
pack and play sheets,4400,0.44,HIGH,0,transactional,ideas
green sheets,4400,1.81,HIGH,0,transactional,ideas
green throw blanket,4400,1.27,HIGH,0,transactional,ideas
polo robe men,4400,0.65,HIGH,0,transactional,ideas
mens short sleeve linen shirt,4400,3.04,HIGH,0,transactional,ideas
guayabera linen shirt,4400,2.15,HIGH,0,transactional,ideas
linen guayabera shirts,4400,2.15,HIGH,0,informational,ideas
t shirt blanket,4400,1.69,HIGH,0,transactional,ideas
where to buy curtains,4400,2.54,HIGH,12,transactional,ideas
duvet covers in sale,4400,1.91,HIGH,0,transactional,suggestion
duvet covers vs comforter,4400,1.96,HIGH,0,informational,suggestion
cozy earth duvet covers,4400,3.64,LOW,0,transactional,suggestion
duvet covers vs comforters,4400,1.96,HIGH,0,informational,suggestion
sales on duvet covers,4400,1.91,HIGH,0,commercial,suggestion
gingham duvet covers,4400,1.82,HIGH,0,transactional,suggestion
duvet cover xl twin,4400,2.09,HIGH,0,transactional,suggestion
xl/twin duvet cover,4400,2.09,HIGH,0,transactional,suggestion
duvet cover versus comforter,4400,1.96,HIGH,0,informational,suggestion
duvet cover vs bedspread,4400,1.96,HIGH,0,informational,suggestion
duvet cover sales,4400,1.91,HIGH,0,transactional,suggestion
duvet cover on sale,4400,1.91,HIGH,0,transactional,suggestion
lodge cabin quilts,4400,0.33,HIGH,0,transactional,suggestion
modernist quilts,4400,1.1,HIGH,0,transactional,suggestion
patterns for fat quarter quilts,4400,0.33,HIGH,0,informational,suggestion
stars quilts,4400,0.52,HIGH,0,transactional,suggestion
quilts log cabin,4400,0.33,HIGH,0,transactional,suggestion
patterns for layer cake quilts,4400,0.3,HIGH,0,informational,suggestion
quilts design,4400,0.31,HIGH,19,informational,suggestion
quince quilts,4400,0.62,HIGH,0,transactional,suggestion
quilts comforters,4400,1.52,HIGH,0,transactional,suggestion
handmade quilts,4400,0.92,HIGH,0,transactional,suggestion
shower curtains for stall,4400,0.6,HIGH,0,transactional,suggestion
urban outfitters shower curtains,4400,0.54,HIGH,0,transactional,suggestion
walk-in showers with shower curtains,4400,0.64,HIGH,0,transactional,suggestion
shower curtains halloween,4400,0.42,HIGH,0,transactional,suggestion
walk-in shower curtains,4400,0.64,HIGH,0,transactional,suggestion
how do you clean shower curtains,4400,0.27,LOW,0,informational,suggestion
shower curtains best,4400,1.14,HIGH,0,transactional,suggestion
walk in shower with curtains,4400,0.64,HIGH,0,informational,suggestion
how to wash shower curtains,4400,0.27,LOW,8,informational,suggestion
autumn shower curtains,4400,0.42,HIGH,0,transactional,suggestion
fall shower curtains,4400,0.42,HIGH,0,transactional,suggestion
walk in showers with shower curtains,4400,0.64,HIGH,0,informational,suggestion
how to clean shower curtains,4400,0.27,LOW,1,informational,suggestion
shower curtains anthropologie,4400,0.77,HIGH,0,transactional,suggestion
curtains for shower stalls,4400,0.6,HIGH,0,transactional,suggestion
duvets covers for sale,4400,1.91,HIGH,0,transactional,suggestion
supima cotton bedding set,4400,2.89,HIGH,0,transactional,suggestion
bedding sheets set,4400,2.58,HIGH,0,transactional,suggestion
bedding set sale queen,4400,0.75,HIGH,0,transactional,suggestion
bedding set dorm,4400,1.17,HIGH,0,transactional,suggestion
madison park bedding set,4400,0.76,HIGH,0,transactional,suggestion
bedding set sheet,4400,2.58,HIGH,0,transactional,suggestion
bedding set kohls,4400,0.46,HIGH,0,transactional,suggestion
jcp bedding set,4400,0.7,HIGH,0,transactional,suggestion
king cotton bedding set,4400,1.8,HIGH,0,transactional,suggestion
full bedding sheet set,4400,1.39,HIGH,0,transactional,suggestion
ugg bedding set,4400,0.66,HIGH,0,transactional,suggestion
hotel bedding set,4400,3.85,HIGH,0,transactional,suggestion
white comforter bedding set,4400,0.95,HIGH,0,transactional,suggestion
lace table linens,4400,0.86,HIGH,0,transactional,suggestion
rent linens near me,4400,2.63,HIGH,53,transactional,suggestion
spray for linens,4400,1.51,HIGH,0,transactional,suggestion
cozy bed linens,4400,3.21,HIGH,13,transactional,suggestion
linens rental near me,4400,2.63,HIGH,36,transactional,suggestion
bed linens king size,4400,2.07,HIGH,0,transactional,suggestion
wedding tables linens,4400,3.26,HIGH,8,transactional,suggestion
rental linens,4400,2.7,HIGH,69,transactional,suggestion
gingham table linens,4400,1.03,HIGH,0,transactional,suggestion
table linens for wedding,4400,3.26,HIGH,4,transactional,suggestion
oval table linens,4400,0.9,HIGH,0,transactional,suggestion
linens rentals near me,4400,2.63,HIGH,83,transactional,suggestion
70 inch round table linens,4400,0.79,HIGH,0,transactional,suggestion
polyester table linens,4400,2.49,HIGH,0,transactional,suggestion
table linens for weddings,4400,3.26,HIGH,0,transactional,suggestion
halloween table linens,4400,0.47,HIGH,0,transactional,suggestion
renting linens near me,4400,2.63,HIGH,25,transactional,suggestion
renting linens,4400,2.7,HIGH,69,transactional,suggestion
linens rent,4400,2.7,HIGH,69,transactional,suggestion
schweitzer linens,4400,3.23,HIGH,0,transactional,suggestion
bbj linens,4400,4.86,MEDIUM,12,transactional,suggestion
linens rentals,4400,2.7,HIGH,69,commercial,suggestion
pink table linens,4400,1.08,HIGH,0,transactional,suggestion
autumn table linens,4400,0.65,HIGH,0,transactional,suggestion
linens and things,4400,2.09,HIGH,0,transactional,suggestion
linens blankets,4400,2.17,HIGH,0,transactional,suggestion
red table linens,4400,1.13,HIGH,0,transactional,suggestion
bath mat cute,4400,0.78,HIGH,0,transactional,suggestion
fastest drying bath mat,4400,1.1,HIGH,0,informational,suggestion
bath mat with memory foam,4400,1.03,HIGH,0,transactional,suggestion
quick.dry bath mat,4400,1.1,HIGH,0,transactional,suggestion
quickest drying bath mat,4400,1.1,HIGH,0,transactional,suggestion
bamboo bath floor mat,4400,0.68,HIGH,0,transactional,suggestion
bath mat dry quickly,4400,1.1,HIGH,0,transactional,suggestion
fast dry bath mat,4400,1.1,HIGH,0,transactional,suggestion
bath mat fast drying,4400,1.1,HIGH,0,transactional,suggestion
quick drying bath mat,4400,1.1,HIGH,2,transactional,suggestion
bath mat quick dry,4400,1.1,HIGH,0,transactional,suggestion
bath mat dries quickly,4400,1.1,HIGH,0,transactional,suggestion
fast drying bath mats,4400,1.1,HIGH,0,informational,suggestion
bamboo bath mats,4400,0.68,HIGH,0,transactional,suggestion
bath mats quick dry,4400,1.1,HIGH,0,transactional,suggestion
quick drying bath mats,4400,1.1,HIGH,0,transactional,suggestion
memory foam bath mats,4400,1.03,HIGH,0,transactional,suggestion
bathtub mats non slip,4400,1.18,HIGH,0,transactional,suggestion
memory foam bathroom mat,4400,1.03,HIGH,0,transactional,suggestion
cute bathroom mat,4400,0.78,HIGH,2,transactional,suggestion
bathroom mat bamboo,4400,0.68,HIGH,0,transactional,suggestion
quick dry bathroom mat,4400,1.1,HIGH,0,transactional,suggestion
fast drying bathroom mat,4400,1.1,HIGH,0,transactional,suggestion
quick drying bathroom mat,4400,1.1,HIGH,1,transactional,suggestion
memory foam mats for bathroom,4400,1.03,HIGH,0,transactional,suggestion
bathroom mats cute,4400,0.78,HIGH,0,transactional,suggestion
bamboo mats bathroom,4400,0.68,HIGH,0,transactional,suggestion
bathroom mats quick dry,4400,1.1,HIGH,0,transactional,suggestion
memory foam bathtub mat,4400,1.03,HIGH,0,transactional,suggestion
bamboo bathtub mat,4400,0.68,HIGH,0,transactional,suggestion
pink blankets and throws,4400,1.03,HIGH,0,transactional,suggestion
best blankets and throws,4400,3.29,HIGH,6,commercial,suggestion
green blankets and throws,4400,1.27,HIGH,0,transactional,suggestion
softest throw blankets,4400,2.76,HIGH,23,commercial,suggestion
throw blankets green,4400,1.27,HIGH,0,transactional,suggestion
huge throw blankets,4400,1.61,HIGH,0,transactional,suggestion
top-rated throw blankets,4400,3.29,HIGH,20,commercial,suggestion
good throw blankets,4400,3.29,HIGH,24,informational,suggestion
best throw blankets,4400,3.29,HIGH,8,commercial,suggestion
throw blankets pink,4400,1.03,HIGH,0,transactional,suggestion
top rated throw blankets,4400,3.29,HIGH,20,transactional,suggestion
great throw blankets,4400,3.29,HIGH,19,transactional,suggestion
bedding furniture stores,4400,3.08,MEDIUM,12,commercial,suggestion
bedding furniture near me,4400,3.56,HIGH,7,transactional,suggestion
home furniture plus bedding,4400,0.89,MEDIUM,2,transactional,suggestion
silk pillowcase 100,4400,3.34,HIGH,0,transactional,suggestion
bath rug washable,4400,1.37,HIGH,0,transactional,suggestion
anti slip bath rug,4400,1.2,HIGH,3,transactional,suggestion
non-slip bath rug,4400,1.2,HIGH,0,transactional,suggestion
bath rug non slip,4400,1.2,HIGH,0,transactional,suggestion
non skid bath rug,4400,1.2,HIGH,0,transactional,suggestion
non-slip bath rugs,4400,1.2,HIGH,2,transactional,suggestion
non skid bath rugs,4400,1.2,HIGH,0,transactional,suggestion
non slip bath rugs,4400,1.2,HIGH,0,transactional,suggestion
bath rugs washable,4400,1.37,HIGH,0,transactional,suggestion
cozy earth silk pillow,3600,4.79,HIGH,0,transactional,ideas
queen size bedspreads,3600,0.78,HIGH,0,transactional,ideas
anti wrinkle pillow,3600,1.42,HIGH,0,transactional,ideas
bedsore pillow,3600,0.41,HIGH,0,transactional,ideas
bed sheets for teenage guys,3600,2.14,HIGH,0,transactional,ideas
prim pillow,3600,1.92,HIGH,0,transactional,ideas
bow pillow,3600,0.63,HIGH,0,transactional,ideas
jc penney comforter,3600,0.46,HIGH,0,transactional,ideas
velvet pillow covers,3600,1.26,HIGH,0,transactional,ideas
bath pillow for tub,3600,2.67,HIGH,0,transactional,ideas
difference between comforter and duvet,3600,2.57,HIGH,0,informational,ideas
cushion lab deep sleep pillow,3600,1.55,HIGH,0,transactional,ideas
long pillow for bed,3600,0.84,HIGH,0,transactional,ideas
best material for bed sheets,3600,2.18,HIGH,0,informational,ideas
couples pillow,3600,1.68,HIGH,0,transactional,ideas
queen rose u-shaped pregnancy pillow,3600,1.67,LOW,0,transactional,ideas
eli & elm cotton side-sleeper pillow,3600,1.88,HIGH,0,transactional,ideas
memory foam pillow orthopedic,3600,1.16,HIGH,0,transactional,ideas
custom towels,3600,5.81,HIGH,0,transactional,ideas
softest sheets,3600,7.08,HIGH,0,commercial,ideas
bedspreads king,3600,1.4,HIGH,0,transactional,ideas
neck massage pillow,3600,2.3,HIGH,0,transactional,ideas
pillow bfdi,3600,,LOW,0,transactional,ideas
luxury comforter sets queen,3600,1.55,HIGH,0,transactional,ideas
queen blanket,3600,1.07,HIGH,0,transactional,ideas
pottery barn pillow covers,3600,0.99,HIGH,0,transactional,ideas
tempur neck pillow,3600,2.28,HIGH,0,transactional,ideas
white comforter queen,3600,1.19,HIGH,0,transactional,ideas
stone pillow,3600,0.5,LOW,7,transactional,ideas
supportive pillow,3600,1.98,HIGH,13,transactional,ideas
cute pillow,3600,0.55,HIGH,0,transactional,ideas
murakami pillow,3600,0.54,HIGH,0,transactional,ideas
camo comforter set,3600,0.49,HIGH,0,transactional,ideas
bamboo sheet set,3600,6.72,HIGH,0,transactional,ideas
sweat towels,3600,1.3,HIGH,0,transactional,ideas
sweet spot pillow,3600,1.65,HIGH,0,transactional,ideas
twin xl cotton sheets,3600,1.47,HIGH,0,transactional,ideas
twin xl sheet sets,3600,2.07,HIGH,0,transactional,ideas
best airplane pillow,3600,1.47,HIGH,14,transactional,ideas
dreamers pillow,3600,2.51,HIGH,12,transactional,ideas
body pillow covers,3600,0.66,HIGH,0,transactional,ideas
best pillow for neck support,3600,3.1,HIGH,4,informational,ideas
king duvet,3600,3.3,HIGH,0,transactional,ideas
best neck pillow for long flights,3600,1.66,HIGH,16,informational,ideas
bedsure comforter,3600,1.32,HIGH,0,transactional,ideas
hospital bed sheets,3600,0.69,HIGH,0,transactional,ideas
bed rug,3600,2.32,HIGH,0,transactional,ideas
shammy towel,3600,0.54,HIGH,0,informational,ideas
down pillows king size,3600,4.76,HIGH,0,transactional,ideas
boppy original nursing pillow,3600,0.53,HIGH,0,transactional,ideas
ghost pillow,3600,0.75,HIGH,0,transactional,ideas
bedding sets for teenage guys,3600,2.14,HIGH,0,transactional,ideas
posture pillow,3600,1.25,HIGH,0,transactional,ideas
gaming pillow,3600,1.3,HIGH,0,transactional,ideas
towel ring,3600,1.67,HIGH,0,transactional,ideas
outdoor pillow covers,3600,1.12,HIGH,0,transactional,ideas
leg wedge pillow,3600,0.59,HIGH,0,transactional,ideas
24x24 pillow cover,3600,1.02,HIGH,0,transactional,ideas
fluffco zen pillow,3600,1.56,HIGH,0,transactional,ideas
twin flat sheet,3600,0.76,HIGH,0,transactional,ideas
lumbar pillow for bed,3600,1.59,HIGH,0,transactional,ideas
oversized king duvet cover,3600,1.98,HIGH,0,transactional,ideas
best nursing pillow,3600,0.69,HIGH,2,transactional,ideas
u-shaped neck pillow,3600,0.82,HIGH,0,transactional,ideas
white towels,3600,1.68,HIGH,0,transactional,ideas
peekaboo pillow,3600,1.66,HIGH,0,transactional,ideas
coop pillow review,3600,1.48,HIGH,0,informational,ideas
very comfortable pillow arc raiders,3600,,LOW,0,commercial,ideas
buckwheat hull pillow,3600,1.81,HIGH,0,transactional,ideas
body pillow cover,3600,0.96,HIGH,3,transactional,ideas
king size duvet,3600,3.46,HIGH,0,transactional,ideas
king comforter on queen bed,3600,2,HIGH,0,transactional,ideas
massage pillow,3600,1.27,HIGH,0,transactional,ideas
pink comforter set queen,3600,0.59,HIGH,0,transactional,ideas
sage green comforter,3600,1.39,HIGH,0,transactional,ideas
green duvet cover,3600,2.69,HIGH,0,transactional,ideas
pink duvet cover,3600,1.83,HIGH,0,transactional,ideas
camo bedding set,3600,0.49,HIGH,0,transactional,ideas
rug under bed,3600,0.85,HIGH,0,transactional,ideas
quilt bed sets,3600,1.02,HIGH,0,transactional,ideas
organic cotton pillows,3600,3.05,HIGH,0,transactional,ideas
eli & elm cotton side sleeper pillow,3600,1.88,HIGH,0,transactional,ideas
queen pillows,3600,2.08,HIGH,0,transactional,ideas
car seat cover towels,3600,2.46,HIGH,0,transactional,ideas
bed pillow with arms,3600,0.71,HIGH,0,transactional,ideas
luxome layr pillow,3600,5.02,HIGH,0,transactional,ideas
backrest pillow with arms,3600,0.7,HIGH,0,transactional,ideas
sutera pillow,3600,2.26,HIGH,0,transactional,ideas
gamer pillow,3600,1.3,HIGH,0,transactional,ideas
rubber bath mat,3600,0.71,HIGH,0,transactional,ideas+suggestion
u shaped neck pillow,3600,0.82,HIGH,0,transactional,ideas
full body massage mat,3600,1.5,HIGH,0,transactional,ideas
folding shower chair,3600,0.53,HIGH,0,transactional,ideas
outdoor rugs on sale,3600,1.63,HIGH,0,transactional,ideas
bedding ideas,3600,1.65,HIGH,0,informational,ideas
matouk bedding,3600,3.65,HIGH,0,transactional,ideas
satin bridal robe,3600,1.12,HIGH,0,transactional,ideas
women's linen vest,3600,1.17,HIGH,0,transactional,ideas
extra long shower curtain liner,3600,0.77,HIGH,0,transactional,ideas
linen mini dress,3600,0.77,HIGH,0,transactional,ideas
hello kitty robe,3600,0.7,HIGH,0,transactional,ideas
vs robe,3600,0.51,HIGH,6,informational,ideas
cozy robe,3600,1.08,HIGH,0,transactional,ideas
anthropologie bridal shower dress,3600,1.13,HIGH,11,transactional,ideas
straw bedding,3600,0.51,HIGH,0,transactional,ideas
affordable luxury bedding,3600,4.55,LOW,0,transactional,ideas+suggestion
linen tunic,3600,1.37,HIGH,0,transactional,ideas
foldable shower chair,3600,0.53,HIGH,0,transactional,ideas
jcpenney bedding,3600,0.58,HIGH,0,transactional,ideas
flannel nightgowns for women,3600,1.17,HIGH,0,transactional,ideas
folding shower seat,3600,1.53,HIGH,0,transactional,ideas
bridal getting ready robe,3600,1.36,HIGH,0,transactional,ideas
mesh shower caddy,3600,0.36,HIGH,1,transactional,ideas
flannel nightgowns,3600,0.98,HIGH,0,transactional,ideas
medline shower chair,3600,0.56,LOW,0,transactional,ideas
juicy couture robe,3600,0.31,HIGH,0,transactional,ideas
eco friendly bedding,3600,3.65,MEDIUM,0,transactional,ideas
bella swan bedding,3600,0.25,HIGH,0,transactional,ideas
tommy bahama bedding,3600,0.98,HIGH,0,transactional,ideas
linen jumpsuit,3600,1.19,HIGH,0,transactional,ideas
brown throw blanket,3600,1.23,HIGH,0,transactional,ideas
soundproof blanket,3600,1,HIGH,0,transactional,ideas
cuddl duds blanket,3600,0.72,HIGH,0,transactional,ideas
beginner crochet blanket,3600,1.09,HIGH,0,informational,ideas
marimekko bed linens,3600,1.38,HIGH,0,informational,ideas+suggestion
patchwork quilt patterns,3600,0.36,HIGH,24,informational,ideas
organic cotton duvet cover,3600,4.24,HIGH,0,transactional,ideas+suggestion
500 sheets of paper,3600,0.76,MEDIUM,1,transactional,ideas
cotton flannel fabric,3600,0.57,HIGH,0,transactional,ideas
cotton rugs,3600,2.04,HIGH,0,transactional,ideas
linen vs cotton sheets,3600,3.49,HIGH,0,informational,ideas+suggestion
chunky knit blanket pattern,3600,0.38,HIGH,0,informational,ideas
blanket basket for living room,3600,0.96,HIGH,0,transactional,ideas
linen pajamas,3600,1.71,HIGH,0,transactional,ideas
organic cotton blanket,3600,3.13,HIGH,0,transactional,ideas
cheetah print blanket,3600,0.61,HIGH,0,transactional,ideas
saddle blanket,3600,0.77,HIGH,0,transactional,ideas
quilt meaning,3600,,LOW,13,informational,ideas
thick blanket,3600,0.99,HIGH,0,transactional,ideas
twin size quilt,3600,0.91,HIGH,0,transactional,ideas
knit blanket pattern,3600,0.42,HIGH,0,informational,ideas
blank sheet,3600,0.83,HIGH,27,transactional,ideas
half square triangle quilt patterns,3600,0.18,HIGH,2,informational,ideas
crochet granny square blanket pattern,3600,0.31,MEDIUM,0,informational,ideas
floral quilt,3600,1.06,HIGH,0,informational,ideas
printable cursive writing practice sheets,3600,0.44,LOW,5,transactional,ideas
sheet of paper,3600,0.68,LOW,2,transactional,ideas
wirecutter best sheets,3600,8.12,HIGH,22,commercial,ideas
patterned sheets,3600,1.54,HIGH,0,transactional,ideas
sparkle paper towels,3600,0.8,HIGH,6,transactional,ideas
sheet of paper size,3600,0.42,LOW,31,informational,ideas
hand crochet blanket,3600,0.41,HIGH,0,transactional,ideas
threshold blanket,3600,0.44,HIGH,0,transactional,ideas
the big one blanket,3600,0.48,HIGH,0,transactional,ideas
pack n play sheets,3600,0.49,HIGH,0,transactional,ideas
hermes throw blanket,3600,1.42,HIGH,2,transactional,ideas
tin sheet,3600,0.24,HIGH,0,transactional,ideas
9 patch quilt patterns,3600,0.28,HIGH,0,informational,ideas
quilt kits for beginners,3600,0.88,HIGH,0,commercial,ideas
hooded blanket,3600,0.95,HIGH,0,transactional,ideas
silk queen sheets,3600,2.92,HIGH,0,transactional,ideas
linen fabric for clothes,3600,0.85,HIGH,0,informational,ideas
mermaid tail blanket,3600,0.4,HIGH,0,transactional,ideas
quilt panels,3600,0.42,HIGH,0,transactional,ideas
blanket stitch embroidery,3600,3.88,LOW,8,transactional,ideas
quilt hangers,3600,0.82,HIGH,0,transactional,ideas
sheet labels,3600,13.45,HIGH,0,transactional,ideas
sams paper towels,3600,0.56,HIGH,0,transactional,ideas
queen quilt sets,3600,0.8,HIGH,0,transactional,ideas
microfiber blanket,3600,1.36,HIGH,0,transactional,ideas
dreamer blanket,3600,2.01,HIGH,0,transactional,ideas
tiger blanket,3600,1.01,HIGH,0,transactional,ideas
gain dryer sheets,3600,0.37,HIGH,0,transactional,ideas
quilt vs comforter,3600,1.62,HIGH,0,informational,ideas
dr pepper blanket,3600,0.86,HIGH,0,transactional,ideas
sheet piles,3600,3.65,LOW,26,transactional,ideas
bamboo paper towels,3600,3.94,HIGH,0,transactional,ideas
cotton sateen,3600,1.27,HIGH,0,transactional,ideas
is linen cotton,3600,5.37,LOW,0,informational,ideas
premium blanket,3600,6.14,HIGH,7,transactional,ideas
kydex sheets,3600,0.94,HIGH,0,transactional,ideas
fax cover sheet printable,3600,0.88,LOW,29,transactional,ideas
michaels bernat blanket yarn,3600,0.39,MEDIUM,0,transactional,ideas
blanket sweatshirt,3600,1.87,HIGH,0,transactional,ideas
cozy earth robe,3600,2,HIGH,0,transactional,ideas
linen jacket women,3600,1.22,HIGH,0,transactional,ideas
linen long sleeve shirt men,3600,3.01,HIGH,0,transactional,ideas
flannel blanket,3600,1.2,HIGH,0,transactional,ideas
plush fleece robe,3600,1.66,LOW,0,transactional,ideas
linen dress shirt mens,3600,3.06,HIGH,0,transactional,ideas
mens linen blazer,3600,2.57,HIGH,0,transactional,ideas
linen jacket,3600,1.47,HIGH,0,transactional,ideas
kitsch shower cap,3600,0.52,HIGH,0,transactional,ideas
ugg robe women,3600,1.05,HIGH,0,transactional,ideas
polka dot bedding,3600,0.48,HIGH,0,transactional,ideas
marimekko bedding,3600,1.38,HIGH,0,transactional,ideas
where to buy rugs,3600,3.23,HIGH,25,commercial,ideas
duvet covers for full size,3600,1.53,HIGH,0,transactional,suggestion
oversize king duvet covers,3600,1.98,HIGH,0,transactional,suggestion
oversized king duvet covers,3600,1.98,HIGH,0,transactional,suggestion
flower duvet covers,3600,1.27,HIGH,13,transactional,suggestion
duvet covers and comforters difference,3600,2.57,HIGH,0,informational,suggestion
duvet covers king cotton,3600,1.76,HIGH,0,transactional,suggestion
duvet covers with flowers,3600,1.27,HIGH,0,informational,suggestion
duvet covers with green,3600,2.69,HIGH,0,informational,suggestion
pink duvet covers,3600,1.83,HIGH,0,transactional,suggestion
flowery duvet covers,3600,1.27,HIGH,0,transactional,suggestion
duvet covers floral,3600,1.27,HIGH,0,transactional,suggestion
flowered duvet covers,3600,1.27,HIGH,13,transactional,suggestion
duvet covers organic cotton,3600,4.24,HIGH,0,transactional,suggestion
duvet cover and comforter difference,3600,2.57,HIGH,0,informational,suggestion
comforters duvets,3600,3.06,HIGH,0,transactional,suggestion
queen duvets,3600,2.5,HIGH,2,transactional,suggestion
duvets king,3600,3.3,HIGH,0,transactional,suggestion
comforter for duvets,3600,3.06,HIGH,0,informational,suggestion
luxury bedding set queen,3600,1.55,HIGH,0,transactional,suggestion
bedding set floral,3600,0.8,HIGH,0,transactional,suggestion
christmas bedding set,3600,0.9,HIGH,0,transactional,suggestion
bedding set quilt,3600,1.02,HIGH,0,transactional,suggestion
twin hello kitty bedding set,3600,0.5,HIGH,0,transactional,suggestion
flower bedding set,3600,0.8,HIGH,13,transactional,suggestion
bedding set for sale,3600,1.9,HIGH,0,transactional,suggestion
camouflage bedding set,3600,0.49,HIGH,0,transactional,suggestion
duvet cover cotton king,3600,1.76,HIGH,0,transactional,suggestion
halloween bed linens,3600,0.5,HIGH,0,transactional,suggestion
linens fine,3600,7.72,HIGH,0,transactional,suggestion
table linens cheap,3600,2.79,MEDIUM,0,transactional,suggestion
matouk bed linens,3600,3.65,HIGH,0,transactional,suggestion
finest linens,3600,7.72,HIGH,22,commercial,suggestion
valentine table linens,3600,0.52,HIGH,0,transactional,suggestion
table linens fabric,3600,1.24,HIGH,0,transactional,suggestion
bath mat for bathtub,3600,0.68,HIGH,0,transactional,suggestion
bath runner mat,3600,1.43,HIGH,4,transactional,suggestion
rubber mat for bath tub,3600,0.71,HIGH,0,transactional,suggestion
west elm bath mat,3600,1.08,HIGH,0,transactional,suggestion
tub bath mat,3600,0.68,HIGH,0,transactional,suggestion
microfiber bath mats,3600,0.67,HIGH,0,transactional,suggestion
bath mats runner,3600,1.43,HIGH,0,transactional,suggestion
bath mats rubber,3600,0.71,HIGH,0,transactional,suggestion
bath mats west elm,3600,1.08,HIGH,0,transactional,suggestion
bath mats for tub,3600,0.68,HIGH,0,transactional,suggestion
bath mats for bathtubs,3600,0.68,HIGH,0,transactional,suggestion
bath mats for tubs,3600,0.68,HIGH,0,transactional,suggestion
bath mats runners,3600,1.43,HIGH,0,transactional,suggestion
bath mats for bathtub,3600,0.68,HIGH,0,transactional,suggestion
bathtub rubber mats,3600,0.71,HIGH,0,transactional,suggestion
bathroom mat for bathtub,3600,0.68,HIGH,0,transactional,suggestion
bathroom mat rubber,3600,0.71,HIGH,0,transactional,suggestion
bathroom mat runner,3600,1.43,HIGH,0,transactional,suggestion
west elm bathroom mat,3600,1.08,HIGH,0,transactional,suggestion
bathroom mats runner,3600,1.43,HIGH,0,transactional,suggestion
rubber mats bathroom,3600,0.71,HIGH,2,transactional,suggestion
bathroom mats for tub,3600,0.68,HIGH,0,transactional,suggestion
rubber mat for bathtub,3600,0.71,HIGH,0,transactional,suggestion
blue throws and blankets,3600,1.41,HIGH,0,transactional,suggestion
halloween blankets and throws,3600,0.35,HIGH,0,transactional,suggestion
throw blankets blue,3600,1.41,HIGH,0,transactional,suggestion
halloween throw blankets,3600,0.35,HIGH,0,transactional,suggestion
throw blankets brown,3600,1.23,HIGH,0,transactional,suggestion
small throw blankets,3600,0.67,HIGH,10,transactional,suggestion
luxury bedding queen,3600,1.55,HIGH,10,transactional,suggestion
luxury cheap bedding,3600,4.55,LOW,0,transactional,suggestion
luxury bedding sets queen,3600,1.55,HIGH,0,transactional,suggestion
how do you wash a silk pillowcase,3600,0.84,LOW,0,informational,suggestion
how to wash a silk pillowcase,3600,0.84,LOW,0,informational,suggestion
bed sheets linen vs cotton,3600,3.49,HIGH,0,informational,suggestion
cotton versus linen sheets,3600,3.49,HIGH,5,informational,suggestion
linen or cotton sheets,3600,3.49,HIGH,0,informational,suggestion
cotton v linen sheets,3600,3.49,HIGH,3,informational,suggestion
bath rug 3 piece set,3600,0.48,HIGH,0,transactional,suggestion
3 pc bath rug set,3600,0.48,HIGH,0,transactional,suggestion
three piece bath rug set,3600,0.48,HIGH,0,transactional,suggestion
bath rug long,3600,0.85,HIGH,0,transactional,suggestion
long bath rugs,3600,0.85,HIGH,6,transactional,suggestion
3-piece bath rugs sets,3600,0.48,HIGH,0,transactional,suggestion
3 piece bath rugs sets,3600,0.48,HIGH,0,transactional,suggestion
copper bath tub,2900,1.54,HIGH,0,transactional,ideas
boppy pillow cover,2900,0.49,HIGH,0,transactional,ideas
shower set,2900,2.12,HIGH,0,transactional,ideas
pregnancy pillow for side sleeping,2900,1.24,LOW,41,transactional,ideas
pillow-fight,2900,0.37,LOW,30,informational,ideas
ben sheets,2900,,LOW,3,transactional,ideas
flannel duvet cover,2900,1.98,HIGH,0,transactional,ideas
pool pillow,2900,1.7,HIGH,0,transactional,ideas
twin cotton comforter,2900,0.89,HIGH,0,transactional,ideas
knee pillow for sleeping,2900,1.03,HIGH,0,transactional,ideas
black comforter set queen,2900,0.65,HIGH,0,transactional,ideas
dreamfit sheets,2900,2.68,HIGH,0,transactional,ideas
pillow top,2900,2.1,HIGH,0,transactional,ideas
comforter king bed,2900,2.24,HIGH,0,transactional,ideas
king size comforters clearance,2900,0.64,HIGH,0,transactional,ideas
leg pillow for side sleepers,2900,1.03,HIGH,0,transactional,ideas
grey comforter,2900,1.53,HIGH,0,transactional,ideas
best duvet,2900,9.37,HIGH,7,transactional,ideas
twin bed comforter,2900,0.96,HIGH,0,transactional,ideas
purple bed sheets,2900,1.56,HIGH,0,transactional,ideas
shoulder pillow,2900,2.94,HIGH,0,transactional,ideas
memory foam travel neck pillow,2900,0.83,HIGH,10,transactional,ideas
talalay latex pillow,2900,2.99,HIGH,0,transactional,ideas
standard vs queen pillow,2900,2.17,MEDIUM,0,informational,ideas
green comforter sets,2900,0.86,HIGH,0,transactional,ideas
cooling duvet cover,2900,4,HIGH,0,transactional,ideas
full body pillow,2900,1.06,HIGH,0,transactional,ideas
red comforter,2900,0.77,HIGH,0,transactional,ideas
cozy house sheets,2900,3.32,HIGH,0,transactional,ideas
throw pillow inserts,2900,1.01,HIGH,0,transactional,ideas
white pillow,2900,0.88,HIGH,0,transactional,ideas
pillow cases with zippers,2900,1.04,HIGH,0,transactional,ideas
pendleton towels,2900,0.91,HIGH,0,transactional,ideas
california king duvet cover,2900,3.43,HIGH,0,transactional,ideas
car seat pillow,2900,0.58,HIGH,0,transactional,ideas
20x20 pillow,2900,0.8,HIGH,0,transactional,ideas
blue comforter set,2900,0.94,HIGH,0,transactional,ideas
100 cotton sheets queen,2900,1.19,HIGH,0,transactional,ideas
boppy pillow covers,2900,0.49,HIGH,0,transactional,ideas
best cervical neck pillow,2900,2.4,HIGH,0,transactional,ideas
queen duvet size,2900,2.7,HIGH,0,transactional,ideas
comforter sets bed in a bag,2900,0.62,HIGH,0,transactional,ideas
best travel pillow for long flights,2900,1.39,HIGH,14,informational,ideas
disposable hand towels,2900,1.66,HIGH,0,transactional,ideas
gorilla grip bath mat,2900,0.59,HIGH,0,transactional,ideas+suggestion
contoured cervical pillow,2900,2.07,HIGH,3,transactional,ideas
duvet covers urban outfitters,2900,0.65,HIGH,0,transactional,ideas+suggestion
weighted pillow,2900,1.54,HIGH,0,transactional,ideas
best cervical pillow,2900,2.72,HIGH,5,transactional,ideas
blue comforter sets,2900,0.94,HIGH,0,transactional,ideas
twin comforter set,2900,0.49,HIGH,0,transactional,ideas
abduction pillow,2900,0.57,LOW,0,transactional,ideas
miracle bamboo pillow,2900,0.64,HIGH,0,transactional,ideas
kitchen hand towels,2900,1.08,HIGH,14,transactional,ideas
adjustable wedge pillow,2900,0.96,MEDIUM,0,transactional,ideas
round pillow,2900,1.18,HIGH,0,transactional,ideas
blue queen comforter sets,2900,0.79,HIGH,0,transactional,ideas
ergonomic pillow for side sleepers,2900,2.92,HIGH,8,transactional,ideas
queen sheets on sale,2900,1.16,HIGH,0,transactional,ideas
hello kitty bedding set queen,2900,0.54,HIGH,0,transactional,ideas
foot elevation pillow,2900,0.46,HIGH,0,transactional,ideas
cotton pillow shams,2900,1.2,LOW,0,transactional,ideas
microbead pillow,2900,0.58,HIGH,0,transactional,ideas
tempur pedic cooling pillow,2900,1.6,HIGH,11,transactional,ideas
small pillow,2900,0.63,HIGH,0,transactional,ideas
blue and white comforter,2900,1.1,HIGH,0,transactional,ideas
26x26 pillow covers,2900,1,HIGH,0,transactional,ideas
twin duvet,2900,2.12,HIGH,0,informational,ideas
sit up pillow,2900,0.63,HIGH,0,transactional,ideas
brown comforter,2900,1.18,HIGH,0,transactional,ideas
light weight down comforter,2900,5.97,HIGH,0,transactional,ideas
towel ring for bathroom,2900,1.4,HIGH,0,transactional,ideas
black and white comforter set,2900,0.61,HIGH,0,transactional,ideas
softest bed sheets,2900,4.97,HIGH,0,transactional,ideas
boppy pregnancy pillow,2900,0.44,MEDIUM,0,transactional,ideas
monogram pillow,2900,1.14,HIGH,0,transactional,ideas
hooded towels,2900,0.75,HIGH,0,transactional,ideas
fort pillow,2900,0.93,LOW,11,transactional,ideas
ear pillow,2900,0.61,HIGH,0,transactional,ideas
twin size bed sheets,2900,0.72,HIGH,0,transactional,ideas
macys duvet covers,2900,0.82,HIGH,0,transactional,ideas+suggestion
my pillow bed topper,2900,1.64,HIGH,0,transactional,ideas
inflatable travel pillow,2900,0.66,HIGH,7,transactional,ideas
frontgate resort towels,2900,2.05,HIGH,0,transactional,ideas
pink towels,2900,1.04,HIGH,0,transactional,ideas
purple comforter set,2900,0.66,HIGH,0,transactional,ideas
memory foam lumbar support pillow,2900,1.52,MEDIUM,0,transactional,ideas
fluffy pillow,2900,2.68,HIGH,0,transactional,ideas
king size bed sheets cotton,2900,1.19,HIGH,0,transactional,ideas
king size pillow cases,2900,1.81,HIGH,0,transactional,ideas
kohls bathroom towels,2900,0.39,HIGH,0,transactional,ideas
tempur memory foam pillow,2900,1.31,HIGH,8,transactional,ideas
charisma towels,2900,1.06,HIGH,0,transactional,ideas
comforter set grey,2900,0.78,HIGH,0,transactional,ideas
mvmi pillow,2900,1.64,HIGH,0,transactional,ideas
gingham comforter,2900,0.97,HIGH,0,transactional,ideas
saybrook pillow,2900,3.47,HIGH,0,transactional,ideas
geometry tea towels,2900,0.72,HIGH,0,transactional,ideas
cuddl duds sheets,2900,0.71,HIGH,0,transactional,ideas
cotton pillow sham,2900,1.2,LOW,0,transactional,ideas
stainless steel shower drain cover,2900,1.58,LOW,0,transactional,ideas
purple comforter set queen,2900,0.88,HIGH,0,transactional,ideas
twin xl bedding set for dorms,2900,0.96,HIGH,0,transactional,ideas
geometry dish towels,2900,0.79,HIGH,0,transactional,ideas
best bed pillows,2900,3.33,HIGH,4,transactional,ideas
allswell pillow,2900,0.39,HIGH,0,transactional,ideas
wool pillow,2900,3.27,HIGH,0,transactional,ideas
orthopedic pillow for neck,2900,2.47,HIGH,4,transactional,ideas
car pillow,2900,0.51,HIGH,0,transactional,ideas
bridal shower outfit,2900,1.19,HIGH,0,transactional,ideas
linen jumpsuits for women,2900,1.12,HIGH,0,transactional,ideas
victoria secret silk robe,2900,1.02,HIGH,10,transactional,ideas
lola blankets black friday sale,2900,3.13,HIGH,0,transactional,ideas
persian rugs for sale,2900,4.03,HIGH,0,transactional,ideas
sexy robe,2900,1.48,HIGH,0,transactional,ideas
shower seats for elderly,2900,0.95,HIGH,0,transactional,ideas
flannel dress,2900,0.86,HIGH,0,transactional,ideas
pelletized bedding,2900,0.4,HIGH,0,transactional,ideas
coverlet bedding,2900,2.03,HIGH,0,transactional,ideas
linen summer outfits,2900,0.93,HIGH,0,commercial,ideas
graduation robe,2900,3.11,HIGH,0,transactional,ideas
harry potter bedding,2900,1.05,HIGH,0,transactional,ideas
women's linen button down,2900,1.52,HIGH,,transactional,ideas
red robe,2900,0.83,HIGH,0,transactional,ideas
calvin klein bedding,2900,1.21,HIGH,0,transactional,ideas
linen shift dress,2900,1.23,HIGH,0,transactional,ideas
plus size linen clothing,2900,1.65,HIGH,0,transactional,ideas
leopard print bedding,2900,0.45,HIGH,0,transactional,ideas
fall bedding,2900,0.78,HIGH,0,transactional,ideas
curtains on sale,2900,0.97,HIGH,4,transactional,ideas
womens plus size robes,2900,1.33,HIGH,0,transactional,ideas
linen outfits,2900,1.34,HIGH,0,transactional,ideas
linen suit women,2900,1.54,HIGH,0,transactional,ideas
long robe,2900,0.93,HIGH,0,transactional,ideas
portable shower seat,2900,0.49,HIGH,0,transactional,ideas
dorm shower caddy,2900,0.67,HIGH,0,transactional,ideas
feather robe,2900,0.69,HIGH,0,transactional,ideas
linen button down shirt women,2900,1.52,HIGH,0,transactional,ideas
maternity robe,2900,2.22,HIGH,0,transactional,ideas
linen midi skirt,2900,1.01,HIGH,0,transactional,ideas
linen blouse,2900,1.15,HIGH,0,transactional,ideas
handicap shower chair,2900,1.18,HIGH,0,transactional,ideas
plus size robes,2900,1.21,HIGH,0,transactional,ideas
loveshackfancy robe,2900,1.26,HIGH,0,transactional,ideas
quince linen dress,2900,0.58,HIGH,0,transactional,ideas
piglet bedding,2900,1.22,HIGH,9,transactional,ideas
green bedding,2900,1.89,HIGH,0,transactional,ideas
zip up bedding,2900,1.25,HIGH,0,transactional,ideas
linen wedding guest dress,2900,1.05,HIGH,0,transactional,ideas
rv shower curtain,2900,0.44,HIGH,0,transactional,ideas
cotton quilt king,2900,1.32,HIGH,0,transactional,ideas
leopard print blanket,2900,0.69,HIGH,0,transactional,ideas
dtf sheets,2900,7.72,HIGH,0,informational,ideas
queen bed quilts,2900,1.54,HIGH,0,transactional,ideas
sign in sheet printable,2900,0.62,HIGH,0,transactional,ideas
event linen,2900,6.43,HIGH,28,transactional,ideas
floor sleeping mat,2900,0.93,HIGH,0,transactional,ideas
dryer sheets for lint,2900,0.62,MEDIUM,0,transactional,ideas
fall throw blanket,2900,0.95,HIGH,0,transactional,ideas
bunco score sheets,2900,0.13,HIGH,0,informational,ideas
tapestry blanket,2900,0.7,HIGH,0,transactional,ideas
linen stitch crochet,2900,0.21,LOW,0,informational,ideas
bedding 100 cotton,2900,1.88,HIGH,0,transactional,ideas
chunky crochet blanket pattern,2900,0.42,HIGH,0,informational,ideas
charm pack quilt patterns,2900,0.36,HIGH,0,informational,ideas
urquid linen,2900,4.06,HIGH,55,informational,ideas
quilt country,2900,1.45,LOW,0,informational,ideas
white quilt,2900,1.79,HIGH,0,transactional,ideas
50 x 70 blanket,2900,0.42,HIGH,0,transactional,ideas
cotton duvet,2900,2.19,HIGH,1,transactional,ideas
natural linen,2900,1.72,HIGH,0,transactional,ideas
snap blanket,2900,0.78,LOW,0,transactional,ideas
weighted blanket 20lbs,2900,1.43,HIGH,0,transactional,ideas
cotton pillowcase,2900,1.13,HIGH,0,transactional,ideas
christmas quilt patterns,2900,0.44,HIGH,0,informational,ideas
life comfort blanket,2900,0.53,HIGH,0,transactional,ideas
slip sheet,2900,19.12,HIGH,0,transactional,ideas
comphy sheets,2900,2.82,HIGH,0,informational,ideas
embroidered pillow,2900,1.04,HIGH,0,transactional,ideas
cotton quilt queen,2900,1.33,HIGH,0,transactional,ideas
embroidered towels,2900,2.11,HIGH,0,transactional,ideas
softest blanket,2900,4.71,HIGH,6,commercial,ideas
3 yard quilt patterns,2900,0.25,HIGH,0,informational,ideas
how to knit a blanket,2900,0.8,MEDIUM,0,informational,ideas
microfiber vs cotton sheets,2900,0.85,HIGH,0,informational,ideas
beginner quilt patterns,2900,0.34,HIGH,0,informational,ideas
scar sheets,2900,0.54,HIGH,0,transactional,ideas
striped towels,2900,1.29,HIGH,0,informational,ideas
plaid throw blanket,2900,1.11,HIGH,0,transactional,ideas
gang sheets,2900,9.93,HIGH,0,transactional,ideas
how to quilt,2900,0.38,MEDIUM,6,informational,ideas
flannel rag quilt,2900,0.35,MEDIUM,0,transactional,ideas
rag quilt patterns,2900,0.23,HIGH,0,informational,ideas
wool comforter,2900,4.76,HIGH,0,transactional,ideas
glass chair mat,2900,5.31,HIGH,0,transactional,ideas
pottery barn duvet,2900,3.04,HIGH,0,transactional,ideas
jelly roll race quilt pattern,2900,0.4,MEDIUM,0,informational,ideas
silk blanket,2900,2.01,HIGH,0,transactional,ideas
bamboo vs cotton sheets,2900,3.13,HIGH,0,informational,ideas
coverlet vs quilt,2900,2.15,HIGH,0,informational,ideas
spongebob blanket,2900,0.51,HIGH,0,transactional,ideas
car blanket,2900,0.66,HIGH,0,transactional,ideas
baking sheets paper,2900,0.41,HIGH,0,transactional,ideas
chunky crochet blanket,2900,1.04,HIGH,0,transactional,ideas
juicy couture blanket,2900,0.28,HIGH,0,transactional,ideas
60x80 blanket,2900,0.87,HIGH,0,transactional,ideas
flechs sheet,2900,,LOW,0,transactional,ideas
striped comforter,2900,0.87,HIGH,0,transactional,ideas
pendleton throw blanket,2900,0.87,HIGH,0,transactional,ideas
polar fleece blanket,2900,1.82,HIGH,0,transactional,ideas
rest blanket,2900,1.66,HIGH,8,transactional,ideas
contact sheet,2900,2.63,LOW,4,informational,ideas
flechs sheets,2900,,LOW,1,transactional,ideas
blanket stitch crochet pattern,2900,0.31,LOW,0,informational,ideas
cashmere throw blanket,2900,4.24,HIGH,0,transactional,ideas
dryer sheet lint,2900,0.62,MEDIUM,0,transactional,ideas
red blanket,2900,0.89,HIGH,0,transactional,ideas
green quilt,2900,1.43,HIGH,0,transactional,ideas
green blanket,2900,1.1,HIGH,0,transactional,ideas
waffle stitch crochet blanket,2900,0.34,LOW,0,informational,ideas
sheet suspenders,2900,0.49,HIGH,0,transactional,ideas
buc-ee's blanket,2900,0.31,HIGH,0,transactional,ideas
downy dryer sheets,2900,0.79,HIGH,0,transactional,ideas
chenille blanket,2900,1.02,HIGH,0,transactional,ideas
cotton rope blanket basket,2900,1.91,HIGH,0,informational,ideas
knit throw blanket,2900,0.77,HIGH,2,transactional,ideas
diy blanket ladder,2900,0.2,HIGH,0,transactional,ideas
crochet blanket sizes,2900,0.16,LOW,0,informational,ideas
linen short set,2900,1.07,HIGH,0,transactional,ideas
thread count for sheets,2900,1.07,HIGH,0,informational,ideas
oeko-tex certified bamboo sheets,2900,8.59,MEDIUM,0,transactional,ideas
100 percent cotton sheets,2900,1.44,HIGH,6,transactional,ideas
dodger blanket,2900,0.77,HIGH,0,transactional,ideas
cutting mat for sewing,2900,0.54,HIGH,0,transactional,ideas
quickzip sheets,2900,2.45,HIGH,6,transactional,ideas
cali quilt co,2900,0.38,LOW,16,commercial,ideas
plaid bed sheets,2900,1.12,HIGH,0,transactional,ideas
quilt square patterns,2900,0.15,HIGH,6,informational,ideas
memory quilt,2900,1.39,HIGH,0,transactional,ideas
velvet quilt,2900,1.88,HIGH,0,transactional,ideas
crochet pillow,2900,0.58,HIGH,0,transactional,ideas
beta sheets,2900,,LOW,0,informational,ideas
luxury faux fur throw blanket,2900,4.87,HIGH,0,transactional,ideas
plaid blanket,2900,1.07,HIGH,0,transactional,ideas
double wedding ring quilt,2900,0.29,HIGH,0,transactional,ideas
linen summer shirts,2900,1.84,HIGH,0,transactional,ideas
linen short sleeve shirt,2900,2.35,HIGH,0,informational,ideas
hugh hefner robe,2900,0.82,HIGH,0,transactional,ideas
flannel sheet twin,2900,0.9,HIGH,0,transactional,ideas
linen jacket men,2900,1.9,HIGH,0,transactional,ideas
men linen shirt,2900,1.84,HIGH,0,transactional,ideas
white linen shirt womens,2900,1.44,HIGH,0,transactional,ideas
blanket poncho,2900,0.83,HIGH,0,transactional,ideas
linen t shirt,2900,1.5,HIGH,0,transactional,ideas
sherpa fleece blanket,2900,1.23,HIGH,0,transactional,ideas
luxury robes for women,2900,4.18,HIGH,1,transactional,ideas
luxury throw blankets,2900,4.04,HIGH,4,transactional,ideas+suggestion
macys comforter sale,2900,0.33,HIGH,0,commercial,ideas
best place to buy rugs,2900,3.57,HIGH,14,commercial,ideas
where to buy pillows,2900,3.13,HIGH,2,transactional,ideas
king linen duvet covers,2900,4.44,HIGH,0,transactional,suggestion
brown duvet covers,2900,2.32,HIGH,0,transactional,suggestion
duvet covers cool,2900,4,HIGH,0,transactional,suggestion
macy duvet covers,2900,0.82,HIGH,0,transactional,suggestion
duvet covers blue,2900,2.32,HIGH,0,transactional,suggestion
duvet covers cal king,2900,3.43,HIGH,0,transactional,suggestion
duvet christmas covers,2900,1.37,HIGH,0,transactional,suggestion
macy's duvet covers,2900,0.82,HIGH,0,transactional,suggestion
duvet covers for california king,2900,3.43,HIGH,0,transactional,suggestion
down duvet covers,2900,2.9,HIGH,0,transactional,suggestion
duvet covers definition,2900,0.89,HIGH,0,informational,suggestion
festive duvet covers,2900,1.37,HIGH,0,transactional,suggestion
flannel duvet covers,2900,1.98,HIGH,0,transactional,suggestion
duvet covers cooling,2900,4,HIGH,0,transactional,suggestion
california king size duvet covers,2900,3.43,HIGH,0,transactional,suggestion
quince duvets,2900,1.06,HIGH,0,transactional,suggestion
bedding duvets,2900,2.42,HIGH,0,transactional,suggestion
twin duvets,2900,2.12,HIGH,0,transactional,suggestion
duvets pottery barn,2900,3.04,HIGH,0,transactional,suggestion
duvets for beds,2900,2.42,HIGH,0,transactional,suggestion
duvets bed,2900,2.42,HIGH,0,transactional,suggestion
queen size duvets,2900,2.7,HIGH,0,transactional,suggestion
full size canopy bedding,2900,1.12,HIGH,0,transactional,suggestion
bath mat long,2900,1.16,HIGH,7,transactional,suggestion
pink bath mat,2900,0.88,HIGH,0,transactional,suggestion
bathroom wooden bath mat,2900,1.02,HIGH,0,transactional,suggestion
wooden bath mat,2900,1.02,HIGH,0,transactional,suggestion
how to clean bath mat,2900,0.04,LOW,0,informational,suggestion
bath mat small,2900,1.06,HIGH,0,transactional,suggestion
bath mat small bathroom,2900,1.06,HIGH,2,transactional,suggestion
bath floor mat,2900,1.08,HIGH,9,transactional,suggestion
how to clean bath tub mat,2900,0.04,LOW,6,informational,suggestion
how to wash bath mat,2900,0.04,LOW,0,informational,suggestion
bath wood mat,2900,1.02,HIGH,0,transactional,suggestion
how do you clean a bath mat,2900,0.04,LOW,0,informational,suggestion
funky bath mat,2900,0.87,HIGH,0,transactional,suggestion
funky bath mats,2900,0.87,HIGH,0,transactional,suggestion
wooden bath mats,2900,1.02,HIGH,0,transactional,suggestion
funny bath mats,2900,0.87,HIGH,0,transactional,suggestion
small bath mats,2900,1.06,HIGH,0,transactional,suggestion
gorilla grip bath mats,2900,0.59,HIGH,0,transactional,suggestion
bath mats for bathroom floor,2900,1.08,HIGH,0,transactional,suggestion
bath mats long,2900,1.16,HIGH,7,transactional,suggestion
bath mats pink,2900,0.88,HIGH,0,transactional,suggestion
bath mats for floor,2900,1.08,HIGH,9,transactional,suggestion
wood bath mats,2900,1.02,HIGH,0,transactional,suggestion
how to wash bath mats,2900,0.04,LOW,0,informational,suggestion
mats for the bathtub,2900,0.5,HIGH,0,transactional,suggestion
wooden bathroom mat,2900,1.02,HIGH,0,transactional,suggestion
gorilla grip bathroom mat,2900,0.59,HIGH,0,transactional,suggestion
bathroom mat long,2900,1.16,HIGH,0,transactional,suggestion
funny bathroom mat,2900,0.87,HIGH,0,transactional,suggestion
how to clean a bathroom mat,2900,0.04,LOW,0,informational,suggestion
how to wash bathroom mat,2900,0.04,LOW,0,informational,suggestion
mat bathroom floor,2900,1.08,HIGH,4,transactional,suggestion
bathroom wood mat,2900,1.02,HIGH,0,transactional,suggestion
pink bathroom mat,2900,0.88,HIGH,0,transactional,suggestion
small bathroom floor mat,2900,1.06,HIGH,0,transactional,suggestion
bathroom tub mat,2900,0.5,HIGH,0,transactional,suggestion
mats for bathroom floor,2900,1.08,HIGH,4,transactional,suggestion
funny bathroom mats,2900,0.87,HIGH,0,transactional,suggestion
how to clean bathroom mats,2900,0.04,LOW,0,informational,suggestion
wooden bathroom mats,2900,1.02,HIGH,0,transactional,suggestion
pink bathroom mats,2900,0.88,HIGH,0,transactional,suggestion
how to wash bathroom mats,2900,0.04,LOW,0,informational,suggestion
long bathroom mats,2900,1.16,HIGH,1,transactional,suggestion
fun bathroom mats,2900,0.87,HIGH,0,transactional,suggestion
mats for bathroom floors,2900,1.08,HIGH,4,transactional,suggestion
small bathroom mats,2900,1.06,HIGH,3,transactional,suggestion
wood bathroom mats,2900,1.02,HIGH,0,transactional,suggestion
pink bathtub mat,2900,0.88,HIGH,0,transactional,suggestion
mat for bathtub,2900,0.5,HIGH,0,transactional,suggestion
bathtub mat long,2900,1.16,HIGH,5,transactional,suggestion
wooden bathtub mat,2900,1.02,HIGH,7,transactional,suggestion
how to clean bathtub mat,2900,0.04,LOW,0,informational,suggestion
wood bathtub mat,2900,1.02,HIGH,7,transactional,suggestion
how to wash a bathtub mat,2900,0.04,LOW,0,informational,suggestion
gorilla grip bathtub mat,2900,0.59,HIGH,0,transactional,suggestion
luxurious blankets and throws,2900,4.04,HIGH,1,transactional,suggestion
pendleton blankets and throws,2900,0.87,HIGH,1,transactional,suggestion
cashmere blankets and throws,2900,4.24,HIGH,0,transactional,suggestion
knitted blankets and throws,2900,0.77,HIGH,0,transactional,suggestion
fall blankets and throws,2900,0.95,HIGH,3,transactional,suggestion
luxury blankets and throws,2900,4.04,HIGH,2,transactional,suggestion
personalized throws and blankets,2900,3.93,HIGH,0,transactional,suggestion
plaid throws and blankets,2900,1.11,HIGH,0,transactional,suggestion
custom blankets and throws,2900,3.93,HIGH,0,transactional,suggestion
plaid throw blankets,2900,1.11,HIGH,0,transactional,suggestion
autumn throw blankets,2900,0.95,HIGH,0,transactional,suggestion
pendleton wool throw blankets,2900,0.87,HIGH,5,transactional,suggestion
throw blankets cashmere,2900,4.24,HIGH,0,informational,suggestion
throw knitted blankets,2900,0.77,HIGH,2,transactional,suggestion
customizable throw blankets,2900,3.93,HIGH,0,transactional,suggestion
fall throw blankets,2900,0.95,HIGH,0,transactional,suggestion
customized throw blankets,2900,3.93,HIGH,0,transactional,suggestion
knit throw blankets,2900,0.77,HIGH,2,transactional,suggestion
eddie bauer throw blankets,2900,0.83,HIGH,0,transactional,suggestion
pendleton throw blankets,2900,0.87,HIGH,0,transactional,suggestion
personalized throw blankets,2900,3.93,HIGH,0,transactional,suggestion
customize throw blankets,2900,3.93,HIGH,0,transactional,suggestion
electric heating throw blankets,2900,0.99,HIGH,5,transactional,suggestion
custom throw blankets,2900,3.93,HIGH,0,transactional,suggestion
personalization throw blankets,2900,3.93,HIGH,0,transactional,suggestion
linen sheets sets,2900,4.8,HIGH,0,transactional,suggestion
bath rug pink,2900,0.88,HIGH,0,transactional,suggestion
christmas bath rug,2900,0.16,MEDIUM,0,transactional,suggestion
bath rug small,2900,1.06,HIGH,0,transactional,suggestion
large bath rug,2900,1.34,HIGH,0,transactional,suggestion
best bath rug,2900,1.6,HIGH,10,commercial,suggestion
chenille bath rug,2900,0.58,HIGH,0,transactional,suggestion
bath rugs chenille,2900,0.58,HIGH,0,transactional,suggestion
good bath rugs,2900,1.6,HIGH,5,transactional,suggestion
black bath rugs,2900,0.71,HIGH,0,transactional,suggestion
bath rugs pink,2900,0.88,HIGH,0,transactional,suggestion
bath rugs large,2900,1.34,HIGH,0,transactional,suggestion
top rated bath rugs,2900,1.6,HIGH,4,commercial,suggestion
100 bamboo sheets,2400,4.65,HIGH,0,transactional,ideas
neck therapy pillow,2400,2.15,HIGH,17,informational,ideas
car seat towel,2400,2.79,HIGH,0,transactional,ideas
marshmallow pillow,2400,1.93,HIGH,0,transactional,ideas
most comfortable sheets,2400,5.53,HIGH,8,commercial,ideas
comfort revolution pillow,2400,0.72,HIGH,0,transactional,ideas
zen fluff pillow,2400,1.68,HIGH,0,transactional,ideas
foam wedge pillow for reflux,2400,0.57,HIGH,9,transactional,ideas
jcpenney comforter sets,2400,0.44,HIGH,0,transactional,ideas
custom pillow cases,2400,2.41,HIGH,0,transactional,ideas
memory foam pillow back sleeper,2400,2.56,LOW,6,transactional,ideas
support nursing pillow,2400,0.54,HIGH,0,transactional,ideas
best pillow for side sleepers with neck and shoulder pain,2400,3.06,HIGH,0,commercial,ideas
donut pillow for tailbone,2400,0.62,HIGH,0,transactional,ideas
cal king sheets,2400,2.57,HIGH,0,transactional,ideas
memory foam cervical neck pillow,2400,1.67,MEDIUM,7,transactional,ideas
linen couch covers,2400,1.23,HIGH,0,informational,ideas
queen rose pregnancy pillow,2400,0.37,LOW,0,transactional,ideas
sauna towels,2400,3.78,HIGH,0,transactional,ideas
boppy lounger pillow,2400,0.33,HIGH,0,transactional,ideas
leather sheets,2400,1.04,HIGH,0,transactional,ideas
waterproof blanket for bed,2400,1.73,HIGH,0,transactional,ideas
throw pillow sets,2400,1.18,HIGH,0,transactional,ideas
momcozy pillow,2400,1.04,HIGH,18,transactional,ideas
purple comforter,2400,1.01,HIGH,0,transactional,ideas
lumbar throw pillow,2400,1.32,HIGH,0,transactional,ideas
turtle neck pillow,2400,1.5,HIGH,13,transactional,ideas
lv bedding set,2400,0.53,HIGH,0,transactional,ideas
beach pillow,2400,1.32,HIGH,0,transactional,ideas
ceramic baking sheet,2400,1.28,HIGH,0,transactional,ideas
teenage bedroom linen,2400,2.1,HIGH,0,transactional,ideas
memory foam knee pillow,2400,1.15,HIGH,0,transactional,ideas
memory foam pillow for back sleepers,2400,2.56,LOW,0,transactional,ideas
pillow filling,2400,0.55,HIGH,0,transactional,ideas
donut pillow for hemorrhoids,2400,0.56,HIGH,0,transactional,ideas
cuddl duds comforter,2400,0.88,HIGH,0,transactional,ideas
rug under bed size,2400,1.61,HIGH,0,informational,ideas
bolster pillow for bed,2400,1.12,HIGH,0,transactional,ideas
love shack fancy comforter,2400,0.87,HIGH,0,transactional,ideas
cream comforter,2400,1.56,HIGH,0,transactional,ideas
sheets for adjustable beds,2400,3.04,HIGH,0,transactional,ideas
pillow block,2400,1.16,HIGH,3,transactional,ideas
queen duvet cover sets,2400,1.93,HIGH,0,transactional,ideas
parachute down pillow,2400,3.85,HIGH,0,transactional,ideas
conductive bed sheet,2400,2.17,LOW,0,transactional,ideas
stokke bath tub,2400,0.76,HIGH,1,transactional,ideas
extra long twin sheets,2400,2.09,HIGH,0,transactional,ideas
stainless steel towel holder,2400,1.66,MEDIUM,0,transactional,ideas
cooling comforter king,2400,4.11,HIGH,1,transactional,ideas
decorative lumbar pillow,2400,1.12,HIGH,0,transactional,ideas
j queen comforter sets,2400,1.78,HIGH,0,transactional,ideas
car seat towels,2400,2.79,HIGH,0,transactional,ideas
decorative pillow sizes,2400,0.33,HIGH,0,transactional,ideas
lap pillow,2400,0.46,HIGH,0,transactional,ideas
tempur pedic cloud pillow,2400,2.36,HIGH,2,transactional,ideas
xl twin sheets,2400,2.36,HIGH,0,transactional,ideas
coop sleep goods pillow,2400,1.83,MEDIUM,15,transactional,ideas
pharmedoc pregnancy pillow,2400,0.54,HIGH,2,transactional,ideas
back rest pillow,2400,0.67,HIGH,0,transactional,ideas
claritin pillow,2400,1.35,HIGH,0,transactional,ideas
disposable towels,2400,0.88,HIGH,0,transactional,ideas
ll bean comforter,2400,1.92,HIGH,0,transactional,ideas
blanket cover,2400,1.26,HIGH,0,transactional,ideas
best airplane neck pillow,2400,1.39,HIGH,11,transactional,ideas
paper towel coffee filter,2400,0.36,LOW,0,transactional,ideas
crown pillow,2400,0.69,HIGH,0,transactional,ideas
wedge pillow for side sleepers,2400,1.39,HIGH,0,transactional,ideas
neck roll pillow,2400,0.82,HIGH,0,transactional,ideas
22x22 pillow cover,2400,1.32,HIGH,0,transactional,ideas
triangle pillow,2400,0.84,HIGH,0,transactional,ideas
contour pillow for side sleepers,2400,1.71,HIGH,1,transactional,ideas
polka dot bedding set,2400,0.51,HIGH,0,transactional,ideas
yoga bolster pillow,2400,1.13,HIGH,0,transactional,ideas
memory foam pillow for back pain,2400,1.08,HIGH,0,transactional,ideas
brest friend nursing pillow,2400,0.73,HIGH,0,transactional,ideas
basswood sheets,2400,0.6,HIGH,0,transactional,ideas
caddy towel,2400,1.2,HIGH,0,transactional,ideas
lumbar support pillow for office chair,2400,1.34,HIGH,0,transactional,ideas
twin nursing pillow,2400,0.71,HIGH,0,transactional,ideas
ll bean duvet covers,2400,2.01,HIGH,0,transactional,ideas
shoulder sleeper pillow,2400,2.08,HIGH,0,transactional,ideas
oversized king comforter sets,2400,0.96,HIGH,0,transactional,ideas
inflatable neck pillow,2400,0.6,HIGH,3,transactional,ideas
inflatable pillow,2400,0.49,HIGH,0,transactional,ideas
memory foam donut pillow,2400,0.46,HIGH,0,transactional,ideas
king blanket,2400,1.52,HIGH,0,transactional,ideas
pillow sheets,2400,3.17,HIGH,0,transactional,ideas
oxo good grips paper towel holder,2400,0.48,HIGH,0,transactional,ideas
snuggle dryer sheets,2400,2.24,HIGH,0,transactional,ideas
thick comforter,2400,1.3,HIGH,0,transactional,ideas
comforter blanket,2400,2.14,HIGH,0,transactional,ideas
faux fur comforter,2400,0.83,HIGH,0,transactional,ideas
backrest pillow for bed,2400,0.8,HIGH,0,transactional,ideas
pillow slides,2400,1.97,HIGH,5,transactional,ideas
spicy pillow,2400,0.78,LOW,0,transactional,ideas
pillow princess definition,2400,0.01,LOW,4,informational,ideas
wooden bath tray,2400,1.24,HIGH,0,transactional,ideas
cast iron pillow block,2400,2.22,LOW,0,transactional,ideas
western comforter set,2400,1.22,HIGH,0,transactional,ideas
face pillow,2400,2.22,HIGH,0,transactional,ideas
gel pillow,2400,1.04,HIGH,0,transactional,ideas
oxo paper towel holder,2400,0.48,HIGH,0,transactional,ideas
cuddledown sheets,2400,4.56,HIGH,0,transactional,ideas
twin duvet cover cotton,2400,1.31,HIGH,0,transactional,ideas+suggestion
autumn pillow covers,2400,0.47,HIGH,0,transactional,ideas
simplehuman paper towel holder,2400,1.55,HIGH,0,transactional,ideas
16x16 pillow insert,2400,0.86,HIGH,0,transactional,ideas
swedish dish towels,2400,1.12,HIGH,0,transactional,ideas
avocado green pillow,2400,2.32,HIGH,0,transactional,ideas
deep sleep pillow,2400,1.18,HIGH,0,transactional,ideas
sand resistant beach towel,2400,1.08,HIGH,0,transactional,ideas
conductive bed sheets,2400,2.17,LOW,1,transactional,ideas
cylinder pillow,2400,0.56,HIGH,0,transactional,ideas
yellow pillow,2400,1.04,HIGH,0,transactional,ideas
pillow covers 16x16,2400,0.94,HIGH,0,transactional,ideas
22x22 pillow insert,2400,1.32,HIGH,0,transactional,ideas
silver infused bed sheets,2400,5.57,HIGH,0,transactional,ideas
best pillow for stomach and side sleepers,2400,3.19,HIGH,8,commercial,ideas
queen pillowcase,2400,2.17,HIGH,0,transactional,ideas
what are the best sheets,2400,3.74,HIGH,9,informational,ideas
white queen duvet cover,2400,2.88,HIGH,0,transactional,ideas
jcpenney queen comforter sets,2400,0.49,HIGH,0,transactional,ideas
king bed pillow arrangement,2400,2.54,HIGH,0,transactional,ideas
beach towel clips,2400,0.57,HIGH,0,transactional,ideas
laura ashley comforter sets,2400,0.62,HIGH,0,transactional,ideas
queen size sheet sets,2400,1.55,HIGH,0,transactional,ideas
sleep innovations pillow,2400,0.62,HIGH,0,transactional,ideas
teenager bed linen,2400,2.1,HIGH,0,informational,ideas
hugging pillow,2400,1.08,HIGH,0,informational,ideas
ruffle duvet cover,2400,1.08,HIGH,0,transactional,ideas
bamboo duvet cover,2400,5.19,HIGH,0,transactional,ideas
u shape pillow,2400,0.96,HIGH,0,transactional,ideas
cuddle pillow,2400,1.18,HIGH,0,transactional,ideas
chair towel,2400,1.48,LOW,0,transactional,ideas
ear piercing pillow,2400,0.46,HIGH,0,transactional,ideas
cashmere robe,2400,3.8,HIGH,0,transactional,ideas
ruffle bedding,2400,0.75,HIGH,0,transactional,ideas
twin xl blanket,2400,1.47,HIGH,0,transactional,ideas
tan linen suit,2400,2.68,HIGH,0,transactional,ideas
linen wedding dress,2400,0.91,HIGH,0,transactional,ideas
shower chair for tub,2400,0.56,HIGH,0,transactional,ideas
beddy's zipper bedding,2400,0.68,HIGH,0,transactional,ideas
oversized bedding,2400,1.97,HIGH,0,transactional,ideas
womens terry cloth robe,2400,1.92,HIGH,0,transactional,ideas
ll bean bedding,2400,1.54,HIGH,0,transactional,ideas
white linen suit for men,2400,1.72,HIGH,0,transactional,ideas
shower corner bench,2400,1.46,HIGH,0,transactional,ideas
sage green bedding,2400,1.6,HIGH,0,transactional,ideas
linen wedding suit,2400,2.79,HIGH,6,transactional,ideas
red linen dress,2400,0.98,HIGH,0,transactional,ideas
sliding shower chair,2400,0.66,HIGH,0,transactional,ideas
walgreens shower chair,2400,0.25,HIGH,0,transactional,ideas
floating shower bench,2400,1.56,HIGH,0,transactional,ideas
shower chair nearby,2400,0.28,HIGH,0,transactional,ideas
women flannel robe,2400,1.54,HIGH,0,transactional,ideas
linen blouses for women,2400,1.24,HIGH,0,transactional,ideas
linen summer suit,2400,2.31,HIGH,0,transactional,ideas
quince bedding reviews,2400,1.75,HIGH,0,informational,ideas
shower chair with wheels,2400,1,HIGH,0,transactional,ideas
fleece robe for women,2400,1.35,HIGH,0,transactional,ideas
ugg blankets for sale,2400,0.73,HIGH,0,transactional,ideas
sustainable bedding,2400,4.89,HIGH,0,commercial,ideas
linen mini skirt,2400,0.75,HIGH,0,transactional,ideas
ed hardy bedding,2400,0.26,HIGH,0,transactional,ideas
midi dress for bridal shower guest,2400,1.06,LOW,0,transactional,ideas
adjustable shower chair,2400,0.6,LOW,0,transactional,ideas
white linen suit,2400,1.96,HIGH,0,transactional,ideas
short sleeve robe,2400,1.85,HIGH,0,transactional,ideas
coyuchi bedding,2400,2.56,HIGH,0,transactional,ideas
shower chair with back,2400,0.65,HIGH,0,transactional,ideas
flannel pajama set women,2400,0.87,HIGH,0,transactional,ideas
white linen top,2400,1.02,HIGH,0,transactional,ideas
purple pillow sale,2400,2.44,HIGH,0,transactional,ideas
black and white bedding,2400,1.07,HIGH,0,transactional,ideas
small shower chair,2400,0.41,HIGH,0,transactional,ideas
eastern accents bedding,2400,3.37,HIGH,0,transactional,ideas
frette bedding,2400,3.76,HIGH,0,transactional,ideas
floral bridal shower dress,2400,1.23,HIGH,0,transactional,ideas
foam puzzle mat,2400,0.73,HIGH,0,transactional,ideas
lap blanket,2400,0.75,HIGH,0,transactional,ideas
oc reference sheets,2400,,LOW,0,informational,ideas
car seat blanket,2400,0.83,HIGH,0,transactional,ideas
blanket parties,2400,,LOW,4,informational,ideas
egyptian cotton comforter,2400,1.57,HIGH,0,transactional,ideas
silk rugs,2400,2.58,HIGH,0,transactional,ideas
cotton waffle weave blanket,2400,1.5,HIGH,0,transactional,ideas
plastic mat for office chair,2400,1.47,HIGH,0,transactional,ideas
plush fleece blanket,2400,1.56,HIGH,0,transactional,ideas
quilts california king,2400,1.5,HIGH,0,commercial,ideas
weighted blanket for rls,2400,2.25,LOW,0,commercial,ideas
crochet hook for blanket,2400,0.31,LOW,0,transactional,ideas
needlepoint pillow kits,2400,0.69,HIGH,0,transactional,ideas
the quilt show,2400,,LOW,20,informational,ideas
wedding ring quilt,2400,0.4,HIGH,0,transactional,ideas
rough linen,2400,3.34,HIGH,0,informational,ideas
linus blanket project,2400,7.73,LOW,0,transactional,ideas
best laundry sheets,2400,2.68,HIGH,8,commercial,ideas
quilt binding strips,2400,0.47,MEDIUM,0,transactional,ideas
cotton kitchen curtains,2400,0.45,HIGH,0,transactional,ideas
knitted weighted blanket,2400,2.94,HIGH,0,transactional,ideas
rail fence quilt pattern,2400,0.23,HIGH,0,informational,ideas
filo sheets,2400,0.29,HIGH,1,transactional,ideas
blanket clipart,2400,,LOW,0,transactional,ideas
oc ref sheet,2400,,LOW,0,informational,ideas
clip art blanket,2400,,LOW,0,transactional,ideas
quilt ideas,2400,0.31,HIGH,11,informational,ideas
blanket with sleeves,2400,0.84,HIGH,2,transactional,ideas
handwriting practice sheets for adults,2400,0.56,MEDIUM,5,transactional,ideas
grass seed blanket,2400,0.75,HIGH,0,transactional,ideas
backpacking quilt,2400,0.83,HIGH,0,transactional,ideas
linen matching set,2400,1.19,HIGH,0,transactional,ideas
silk sheets king,2400,4.56,HIGH,0,transactional,ideas
blanket tags,2400,0.39,HIGH,0,transactional,ideas
multifold paper towels,2400,4.44,HIGH,0,transactional,ideas
pet blanket,2400,2.9,HIGH,0,transactional,ideas
swedish paper towels,2400,1.17,HIGH,0,transactional,ideas
linen cloth,2400,1.13,HIGH,7,transactional,ideas
paper piecing quilt patterns,2400,0.35,HIGH,0,informational,ideas
oc ref sheets,2400,,LOW,0,informational,ideas
vellux blanket,2400,0.8,HIGH,0,transactional,ideas
pre cut quilt kits,2400,0.91,HIGH,0,transactional,ideas
what is a quilt,2400,0.8,LOW,1,informational,ideas
oeko tex blanket,2400,1.03,HIGH,11,transactional,ideas
sprite sheet maker,2400,2.1,LOW,7,transactional,ideas
extra large blanket,2400,2.26,HIGH,0,transactional,ideas
bow blanket,2400,0.58,HIGH,0,transactional,ideas
beach blanket babylon,2400,0.97,LOW,5,transactional,ideas
machine binding a quilt,2400,0.16,LOW,0,informational,ideas
best sheet sets,2400,6.34,HIGH,0,commercial,ideas
name practice sheets,2400,0.64,MEDIUM,0,informational,ideas
cotton waffle blanket,2400,1.71,HIGH,0,transactional,ideas
white linen set,2400,1.15,HIGH,0,transactional,ideas
cotton twin quilts,2400,0.8,HIGH,0,transactional,ideas
200 thread count sheets,2400,0.95,HIGH,0,transactional,ideas
pink quilt,2400,1.15,HIGH,0,transactional,ideas
matouk sheets,2400,3.63,HIGH,0,transactional,ideas
stitch pillow,2400,0.48,HIGH,0,transactional,ideas
flax linen,2400,1.72,HIGH,0,transactional,ideas
home wrestling mat,2400,2.6,HIGH,0,transactional,ideas
silk curtains,2400,1.71,HIGH,0,transactional,ideas
disney blanket,2400,0.49,HIGH,0,transactional,ideas
valentines blanket,2400,0.81,HIGH,0,transactional,ideas
brown blanket,2400,1.03,HIGH,0,transactional,ideas
quilt images,2400,0.29,MEDIUM,22,informational,ideas
member's mark paper towels,2400,0.32,HIGH,0,transactional,ideas
quilt borders,2400,0.41,HIGH,0,informational,ideas
egyptian cotton sheets queen,2400,2.21,HIGH,0,transactional,ideas
blanket loom,2400,0.58,HIGH,0,transactional,ideas
chunky knit throw blanket,2400,1.08,HIGH,4,transactional,ideas
cotton muslin blanket,2400,2.16,HIGH,0,transactional,ideas
blanket fabric,2400,0.46,HIGH,0,transactional,ideas
ll bean pima cotton percale sheets,2400,2.08,LOW,4,transactional,ideas
big one blanket kohls,2400,0.25,HIGH,0,transactional,ideas
berkshire heated blanket,2400,1.06,HIGH,0,transactional,ideas
cow print blanket,2400,0.62,HIGH,0,transactional,ideas
sheet meaning,2400,,LOW,17,informational,ideas
gravity blanket,2400,2.67,HIGH,18,transactional,ideas
quilt as you go,2400,0.33,HIGH,0,informational,ideas
what is cotton sateen,2400,1.7,HIGH,0,informational,ideas
tie blanket fabric,2400,0.49,HIGH,0,transactional,ideas
quilt templates,2400,0.46,HIGH,0,informational,ideas
granny square blanket pattern,2400,0.36,HIGH,0,informational,ideas
100 rayon bamboo sheets,2400,1.84,HIGH,0,transactional,ideas
face sheet,2400,0.8,LOW,0,transactional,ideas
super soft blanket throw,2400,2.67,HIGH,11,transactional,ideas
fitted sheet tag,2400,0.58,LOW,0,transactional,ideas
100 rayon from bamboo sheets,2400,1.84,HIGH,0,informational,ideas
linen paper,2400,1.24,HIGH,0,transactional,ideas
super chunky blanket yarn,2400,0.68,HIGH,0,transactional,ideas
cotton full size sheets,2400,0.82,HIGH,0,transactional,ideas
no sew fleece blanket kits,2400,0.93,HIGH,0,transactional,ideas
chevron crochet blanket pattern,2400,0.33,LOW,0,informational,ideas
irish chain quilt pattern,2400,0.23,HIGH,0,informational,ideas
luna weighted blanket,2400,3.47,HIGH,1,transactional,ideas
50x60 throw blanket,2400,0.5,HIGH,0,transactional,ideas
bargello quilt,2400,0.17,HIGH,0,transactional,ideas
best paper towels,2400,0.87,HIGH,0,commercial,ideas
egyptian cotton comforters,2400,1.57,HIGH,0,transactional,ideas
glue punnett square practice sheet here,2400,,LOW,0,transactional,ideas
crochet blanket border patterns,2400,0.14,LOW,0,informational,ideas
c-fold paper towels,2400,5.12,HIGH,0,transactional,ideas
oeko-tex blanket,2400,1.03,HIGH,11,transactional,ideas
camping quilt,2400,0.72,HIGH,0,transactional,ideas
shutterfly custom blanket,2400,1.05,HIGH,0,transactional,ideas
california king quilt,2400,1.5,HIGH,0,transactional,ideas
anti-fatigue foam mat,2400,1.85,MEDIUM,3,transactional,ideas
sheets meaning,2400,,LOW,6,informational,ideas
cotton blanket queen,2400,1.37,HIGH,0,transactional,ideas
robe hook,2400,2.38,HIGH,0,transactional,ideas
white throw blanket,2400,1,HIGH,0,transactional,ideas
polka dot sheets,2400,0.51,HIGH,0,transactional,ideas
military surplus wool blanket,2400,0.51,HIGH,0,transactional,ideas
quilt binding fabric,2400,0.48,HIGH,0,transactional,ideas
wicker blanket basket,2400,1.03,HIGH,0,transactional,ideas
red throw blanket,2400,0.92,HIGH,0,transactional,ideas
plaid comforter,2400,1.03,HIGH,0,transactional,ideas
clipart pillow,2400,,LOW,0,transactional,ideas
50 by 60 blanket,2400,0.52,HIGH,0,transactional,ideas
anti fatigue foam mat,2400,1.85,MEDIUM,2,transactional,ideas
6 day star blanket crochet pattern,2400,0.54,LOW,0,informational,ideas
how to make a chunky knit blanket,2400,0.32,HIGH,3,informational,ideas
cotton terry bathrobe,2400,1.55,HIGH,0,transactional,ideas
camo blanket,2400,0.83,HIGH,0,transactional,ideas
100 linen shirts men's,2400,2.35,HIGH,0,informational,ideas
banana republic linen shirt,2400,1.32,HIGH,0,transactional,ideas
outerknown blanket shirt,2400,0.6,HIGH,4,transactional,ideas
lightning mcqueen blanket,2400,0.5,HIGH,0,transactional,ideas
she gets dressed up like a pillow,2400,,LOW,0,transactional,ideas
tony soprano robe,2400,1,MEDIUM,0,transactional,ideas
linen tank top,2400,1.25,HIGH,0,transactional,ideas
blanket jacket,2400,0.72,HIGH,0,transactional,ideas
dry robe,2400,2.06,HIGH,1,transactional,ideas
oversized wearable blanket,2400,1.23,HIGH,1,transactional,ideas
j crew linen shirt,2400,1.65,HIGH,0,transactional,ideas
quilt stores,2400,1,MEDIUM,0,commercial,ideas
ruffled duvet covers,2400,1.08,HIGH,0,transactional,suggestion
duvet covers twin cotton,2400,1.31,HIGH,0,transactional,suggestion
duvet covers queen white,2400,2.88,HIGH,3,transactional,suggestion
duvet covers queen set,2400,1.93,HIGH,0,transactional,suggestion
linen and duvets,2400,4.43,HIGH,0,transactional,suggestion
linens duvets,2400,4.43,HIGH,0,transactional,suggestion
white bedding full size,2400,1.78,HIGH,0,transactional,suggestion
full size bedding sale,2400,2,HIGH,0,transactional,suggestion
bath mat green,2400,1.12,HIGH,0,transactional,suggestion
towelling bath mat,2400,1.42,HIGH,0,transactional,suggestion
bath towel floor mat,2400,1.42,HIGH,0,transactional,suggestion
bath mat black,2400,1.21,HIGH,0,transactional,suggestion
dark bath mat,2400,1.21,HIGH,0,transactional,suggestion
bath mat and towel,2400,1.42,HIGH,1,transactional,suggestion
bath mat towels,2400,1.42,HIGH,0,transactional,suggestion
black bath tub mat,2400,1.21,HIGH,0,transactional,suggestion
bath mat pottery barn,2400,2.72,HIGH,0,transactional,suggestion
teak shower bath mat,2400,1.35,HIGH,0,transactional,suggestion
genteele memory foam bath mat,2400,0.84,MEDIUM,0,transactional,suggestion
bath towels mats,2400,1.42,HIGH,0,transactional,suggestion
bath mats near me,2400,0.52,HIGH,0,transactional,suggestion
bath mats black,2400,1.21,HIGH,0,transactional,suggestion
bath mats green,2400,1.12,HIGH,0,transactional,suggestion
towel bath mats,2400,1.42,HIGH,0,transactional,suggestion
absorbent bath mats,2400,1.39,HIGH,13,transactional,suggestion
absorbent bath mats for bathroom,2400,1.39,HIGH,13,transactional,suggestion
bath mats pottery barn,2400,2.72,HIGH,0,transactional,suggestion
towelling bath mats,2400,1.42,HIGH,0,transactional,suggestion
bathtub mats near me,2400,0.52,HIGH,0,transactional,suggestion
bathroom towel floor mat,2400,1.42,HIGH,0,transactional,suggestion
towel bathroom mat,2400,1.42,HIGH,0,transactional,suggestion
green bathroom mat,2400,1.12,HIGH,0,transactional,suggestion
bathroom mat absorbent,2400,1.39,HIGH,3,transactional,suggestion
black bathroom mat,2400,1.21,HIGH,0,transactional,suggestion
bathroom mat near me,2400,0.52,HIGH,0,transactional,suggestion
black bathroom floor mat,2400,1.21,HIGH,0,transactional,suggestion
absorbent mats for bathroom,2400,1.39,HIGH,3,transactional,suggestion
pottery barn bathroom mats,2400,2.72,HIGH,0,transactional,suggestion
green bathroom mats,2400,1.12,HIGH,0,transactional,suggestion
bathroom mats black,2400,1.21,HIGH,0,transactional,suggestion
bathroom towel mats,2400,1.42,HIGH,0,transactional,suggestion
green bathtub mat,2400,1.12,HIGH,0,transactional,suggestion
bathtub towel mat,2400,1.42,HIGH,2,transactional,suggestion
bathtub mat near me,2400,0.52,HIGH,0,transactional,suggestion
blankets and throws black,2400,0.95,HIGH,0,transactional,suggestion
cozy blankets and throws,2400,2.85,HIGH,13,transactional,suggestion
chunky knit blankets and throws,2400,1.08,HIGH,0,transactional,suggestion
white throws and blankets,2400,1,HIGH,0,transactional,suggestion
red blankets and throws,2400,0.92,HIGH,0,transactional,suggestion
pottery barn throws and blankets,2400,1.81,HIGH,0,transactional,suggestion
black throw blankets,2400,0.95,HIGH,0,transactional,suggestion
red throw blankets,2400,0.92,HIGH,0,transactional,suggestion
decorate with throw blankets,2400,1.03,HIGH,0,informational,suggestion
what are throw blankets,2400,0.43,MEDIUM,0,informational,suggestion
decorative throw blankets,2400,1.03,HIGH,0,transactional,suggestion
throw blankets pottery barn,2400,1.81,HIGH,0,transactional,suggestion
cosy throw blankets,2400,2.85,HIGH,15,transactional,suggestion
super soft throw blankets,2400,2.67,HIGH,3,transactional,suggestion
50x60 throw blankets,2400,0.5,HIGH,0,transactional,suggestion
white throw blankets,2400,1,HIGH,0,transactional,suggestion
chunky knit throw blankets,2400,1.08,HIGH,4,transactional,suggestion
decorating with throw blankets,2400,1.03,HIGH,0,informational,suggestion
chunky knitted throw blankets,2400,1.08,HIGH,4,transactional,suggestion
luxury bedroom comforter sets,2400,2.3,HIGH,0,transactional,suggestion
luxury bedding comforters,2400,4.86,HIGH,0,transactional,suggestion
luxury bedding and comforter sets,2400,2.3,HIGH,0,transactional,suggestion
silk pillowcase for wavy hair,2400,2.28,MEDIUM,7,transactional,suggestion
silk pillowcase for hair extensions,2400,1.6,HIGH,0,transactional,suggestion
silk pillowcase hair breakage,2400,2.05,LOW,2,informational,suggestion
satin pillowcase silk,2400,3.14,HIGH,2,transactional,suggestion
linen sheets organic,2400,6.75,HIGH,0,transactional,suggestion
organic linen bed sheets,2400,6.75,HIGH,4,transactional,suggestion
kohl's bath rug,2400,0.29,HIGH,,transactional,suggestion
kohls bath rug,2400,0.29,HIGH,0,transactional,suggestion
bath rugs kohl's,2400,0.29,HIGH,0,transactional,suggestion
kohl bath rugs,2400,0.29,HIGH,0,transactional,suggestion
bath rugs kohls,2400,0.29,HIGH,0,transactional,suggestion
king size comforters on sale,1900,0.78,HIGH,0,transactional,ideas
king size comforter sets with sheets,1900,0.95,HIGH,0,transactional,ideas
twin size comforter sets,1900,0.55,HIGH,0,transactional,ideas
weighted blanket cover,1900,0.66,HIGH,0,transactional,ideas
sam's club sheets,1900,0.54,HIGH,0,transactional,ideas
pillow with arm hole,1900,0.81,HIGH,0,transactional,ideas
100 cotton sheets king,1900,1.62,HIGH,0,transactional,ideas
support pillow pregnancy,1900,1.41,HIGH,5,transactional,ideas
west elm pillow covers,1900,0.59,HIGH,0,transactional,ideas
duvet cover with zipper,1900,3.72,HIGH,0,transactional,ideas
king bed sheet set,1900,2.48,HIGH,3,transactional,ideas
memory foam gel pillow,1900,0.83,HIGH,0,transactional,ideas
nestwell sheets,1900,1.69,HIGH,0,transactional,ideas
aldi paper towels,1900,0.61,HIGH,0,transactional,ideas
lint bed sheets,1900,0.12,LOW,0,transactional,ideas
twin duvet insert,1900,1.87,HIGH,0,transactional,ideas
california king blanket,1900,1.86,HIGH,0,transactional,ideas
best travel pillow for airplane,1900,1.29,HIGH,14,informational,ideas
eva craft foam sheets,1900,0.58,MEDIUM,0,transactional,ideas
queen size throw blanket,1900,0.77,HIGH,0,transactional,ideas
boho comforter set,1900,0.82,HIGH,0,transactional,ideas
cozy earth towels,1900,2.69,HIGH,0,transactional,ideas
pillow form,1900,0.81,HIGH,0,transactional,ideas
medium firm pillow for side sleepers,1900,2.63,HIGH,8,transactional,ideas
plaid throw pillow,1900,1.22,HIGH,0,transactional,ideas
duvet blanket,1900,2.11,HIGH,0,transactional,ideas
best king size pillows,1900,5.49,HIGH,2,transactional,ideas
frontgate bath towels,1900,1.7,HIGH,0,transactional,ideas
duvet cover insert,1900,2.95,HIGH,0,transactional,ideas
tempurpedic body pillow,1900,2.38,HIGH,0,informational,ideas
disposable bathroom hand towels,1900,2.24,HIGH,0,transactional,ideas
angelcare bath seat,1900,0.38,HIGH,4,transactional,ideas
queen comforter sets clearance,1900,0.54,HIGH,0,transactional,ideas
long bolster pillow,1900,1.19,HIGH,0,transactional,ideas
alaskan king comforter,1900,1.26,HIGH,0,transactional,ideas
best king sheets,1900,7.23,HIGH,7,transactional,ideas
linen pillow covers,1900,1.67,HIGH,0,transactional,ideas
twin size electric blanket,1900,0.6,HIGH,0,transactional,ideas
best pillow for side sleepers with shoulder pain,1900,2.8,HIGH,0,commercial,ideas
best bath,1900,1.37,HIGH,5,informational,ideas
zipper bed sheets,1900,1.86,HIGH,0,transactional,ideas
king size duvet insert,1900,2.76,HIGH,0,transactional,ideas
cheetah print pillow,1900,0.65,HIGH,0,transactional,ideas
beckham hotel collection pillow,1900,1.88,HIGH,3,transactional,ideas
what is the best pillow,1900,2.57,HIGH,19,informational,ideas
white twin xl comforter,1900,0.74,HIGH,0,transactional,ideas
fluffy duvet insert,1900,2.47,HIGH,0,transactional,ideas
squishmallow pillow soft,1900,0.51,HIGH,0,transactional,ideas
memory foam reading pillow,1900,1.51,HIGH,0,transactional,ideas
best neck pillow for side sleepers,1900,2.77,HIGH,2,commercial,ideas
oversized king bedspreads,1900,1.22,HIGH,0,transactional,ideas
imaginarium pillow,1900,0.28,HIGH,0,transactional,ideas
bedding for queen size bed,1900,1.27,HIGH,0,transactional,ideas
cushion pillow,1900,1.15,HIGH,0,transactional,ideas
euro down pillow,1900,5.68,LOW,0,transactional,ideas
bamboo pillow cases,1900,3.62,HIGH,0,transactional,ideas
pillow for side and back sleepers,1900,2.71,HIGH,1,transactional,ideas
paper towel dispenser key,1900,1.74,HIGH,0,transactional,ideas
comfortable pillow for neck pain,1900,2.81,HIGH,8,transactional,ideas
leopard bed sheets,1900,0.46,HIGH,0,transactional,ideas
alaskan king bed sheets,1900,1.23,HIGH,0,transactional,ideas
best luxury sheets,1900,12.21,HIGH,5,commercial,ideas
firm memory foam pillow,1900,1.9,HIGH,0,transactional,ideas
betsey johnson comforter,1900,0.44,HIGH,0,transactional,ideas
cervical pillow for back sleepers,1900,2.62,HIGH,1,transactional,ideas
best camping pillow,1900,1.09,HIGH,0,transactional,ideas
queen size bedding sets,1900,1.24,HIGH,0,transactional,ideas
jcpenney king comforter sets,1900,0.58,HIGH,0,transactional,ideas
white bath towels,1900,1.47,HIGH,0,transactional,ideas
parachute duvet cover,1900,3.66,HIGH,2,transactional,ideas
wedge pillow nearby,1900,0.41,HIGH,0,transactional,ideas
queen size sheets deep pocket,1900,2.34,HIGH,0,transactional,ideas
marshmallow bath elf on the shelf,1900,,LOW,0,transactional,ideas
best travel neck pillow for long flights,1900,1.12,HIGH,21,commercial,ideas
bedsheets king size bed,1900,2.85,HIGH,0,transactional,ideas
cpap memory foam pillow,1900,0.85,HIGH,0,transactional,ideas
side sleeper pillow for shoulder pain,1900,2.15,HIGH,0,transactional,ideas
firm breastfeeding pillow,1900,0.75,LOW,2,transactional,ideas
california king bedspread,1900,1.46,HIGH,0,transactional,ideas
green bed sheets,1900,1.25,HIGH,0,transactional,ideas
feather pillow protector,1900,0.76,HIGH,0,transactional,ideas
king size comforter white,1900,1.54,HIGH,0,transactional,ideas
beige comforter set,1900,0.91,HIGH,0,transactional,ideas
king comforter sets on sale,1900,0.75,HIGH,0,transactional,ideas
chair back pillow,1900,1.02,HIGH,0,transactional,ideas
pillow sets for couch,1900,1.32,HIGH,0,transactional,ideas
firm nursing pillow,1900,0.75,LOW,4,transactional,ideas
crate and barrel duvet covers,1900,1.49,HIGH,0,transactional,ideas
pillow pets dream lites,1900,0.3,HIGH,0,transactional,ideas
sitting pillow,1900,0.64,HIGH,0,transactional,ideas
cooling comforter queen,1900,2.77,HIGH,1,transactional,ideas
bed mat,1900,2.23,HIGH,0,transactional,ideas
purple duvet cover,1900,1.7,HIGH,0,transactional,ideas
memory foam neck support pillow,1900,1.59,HIGH,0,transactional,ideas
fluffy white comforter,1900,1.51,HIGH,0,transactional,ideas
bedsure duvet cover,1900,1.8,HIGH,0,transactional,ideas
pillow covers with zippers,1900,1.07,HIGH,0,transactional,ideas
boho duvet cover,1900,1.22,HIGH,0,transactional,ideas
king size bed sheets set,1900,1.64,HIGH,5,transactional,ideas
kitchen towel sets,1900,0.7,HIGH,0,transactional,ideas
bed mats,1900,2.23,HIGH,0,transactional,ideas
contour pillow for neck,1900,1.69,HIGH,4,transactional,ideas
memory pillow,1900,1.69,HIGH,1,transactional,ideas
double towel bar,1900,1.61,HIGH,0,transactional,ideas
spiderman pillow,1900,0.41,HIGH,0,transactional,ideas
lightweight duvet insert,1900,4.24,HIGH,0,transactional,ideas
mainstays pillow,1900,0.21,HIGH,0,transactional,ideas
memory foam.reading pillow,1900,1.51,HIGH,0,transactional,ideas
velvet comforter,1900,1.22,HIGH,0,transactional,ideas
bedjet cloud sheet,1900,1.14,HIGH,0,transactional,ideas
affordable bed sheets,1900,1.47,HIGH,2,transactional,ideas
j queen new york comforter sets,1900,2.34,HIGH,0,transactional,ideas
adjustable bed sheets,1900,5.85,HIGH,0,transactional,ideas
brown king comforter,1900,0.91,HIGH,0,transactional,ideas
deep queen sheets,1900,2.5,HIGH,0,transactional,ideas
neck pillow for side sleepers,1900,2.24,HIGH,0,transactional,ideas
best pillow for shoulder pain,1900,2.24,HIGH,0,informational,ideas
cervical traction pillow,1900,1.62,HIGH,0,transactional,ideas
car neck pillow,1900,0.6,HIGH,0,transactional,ideas
pillow shams standard,1900,1.31,HIGH,0,transactional,ideas
princess bed sheets,1900,0.73,HIGH,0,transactional,ideas
cheetah pillow,1900,1.16,HIGH,0,transactional,ideas
pillows for pillow forts,1900,0.37,LOW,0,transactional,ideas
dark green comforter,1900,1.38,HIGH,0,transactional,ideas
24x24 pillow inserts,1900,1.3,HIGH,0,transactional,ideas
pillow case covers,1900,1.32,HIGH,0,transactional,ideas
full/queen comforter,1900,0.87,HIGH,0,transactional,ideas
queen size bed sheets cotton,1900,1.22,HIGH,12,transactional,ideas
king comforter set luxury,1900,2.07,HIGH,0,transactional,ideas
head pillow,1900,0.97,HIGH,0,transactional,ideas
boho queen comforter set,1900,0.76,HIGH,0,transactional,ideas
quilted bedspreads queen,1900,1.14,HIGH,0,transactional,ideas
yoga pillow,1900,1.1,HIGH,0,transactional,ideas
bed fan for under sheets,1900,1.49,HIGH,2,transactional,ideas
white twin comforter,1900,1.08,HIGH,0,transactional,ideas
12x20 pillow insert,1900,0.88,HIGH,0,transactional,ideas
pregnant pillow,1900,0.87,HIGH,9,transactional,ideas
pink twin comforter,1900,0.75,HIGH,0,transactional,ideas
latex foam pillow,1900,1.31,HIGH,0,transactional,ideas
long lumbar pillow,1900,1.94,HIGH,0,transactional,ideas
hotel towels,1900,2.81,HIGH,0,transactional,ideas
oversized king blanket,1900,1.67,HIGH,0,transactional,ideas
queen bed blanket,1900,2.02,HIGH,0,transactional,ideas
garnet hill sheets,1900,2.82,HIGH,0,transactional,ideas
ugg comforter set queen,1900,0.69,HIGH,0,transactional,ideas
side sleeper support pillow,1900,2.3,HIGH,0,transactional,ideas
bed accent pillows,1900,1.52,HIGH,6,transactional,ideas
cosy house sheets,1900,3.3,HIGH,1,transactional,ideas
shower bench for elderly,1900,0.75,HIGH,0,transactional,ideas
slytherin robe,1900,0.42,HIGH,0,transactional,ideas
bridal shower dresses plus size,1900,1.43,HIGH,0,transactional,ideas
threshold bedding,1900,0.79,HIGH,0,transactional,ideas
blue linen dress,1900,0.98,HIGH,0,transactional,ideas
embroidered robe,1900,2.69,HIGH,0,transactional,ideas
nautical bedding,1900,1.24,HIGH,0,transactional,ideas
old navy linen dress,1900,0.44,HIGH,0,transactional,ideas
plus size bridal shower dress,1900,1.43,HIGH,0,transactional,ideas
linen crop top,1900,0.96,HIGH,0,transactional,ideas
lulus bridal shower dress,1900,0.7,HIGH,0,transactional,ideas
lace robe,1900,1.1,HIGH,0,transactional,ideas
twin zipper bedding,1900,1.17,HIGH,0,transactional,ideas
rv bedding,1900,1.78,HIGH,0,transactional,ideas
farmhouse bedding,1900,0.9,HIGH,0,transactional,ideas
barefoot dreams blanket sale,1900,1.32,HIGH,8,transactional,ideas
southern living bedding,1900,1.18,HIGH,0,transactional,ideas
summer robe,1900,1.3,HIGH,6,transactional,ideas
pine cone hill bedding,1900,3.31,HIGH,0,transactional,ideas
beach shower curtain,1900,0.54,HIGH,0,transactional,ideas
linen romper,1900,1.13,HIGH,0,transactional,ideas
linen wrap dress,1900,1.03,HIGH,0,transactional,ideas
linen sundress,1900,1.13,HIGH,0,transactional,ideas
vera bradley robe,1900,0.5,HIGH,0,transactional,ideas
cozy robe for women,1900,2.2,HIGH,3,transactional,ideas
peacock alley bedding,1900,4.56,HIGH,0,transactional,ideas
shower transfer chair,1900,0.76,HIGH,0,transactional,ideas
brown bedding,1900,1.7,HIGH,0,transactional,ideas
linen cotton dress,1900,0.92,HIGH,0,transactional,ideas
ada compliant shower bench,1900,2.54,HIGH,0,transactional,ideas
gryffindor robe,1900,0.35,HIGH,0,transactional,ideas
built in shower seat,1900,1.17,HIGH,0,transactional,ideas
bariatric shower chair,1900,1.31,HIGH,0,transactional,ideas
swivel shower chair,1900,0.9,HIGH,0,transactional,ideas
flannel skirt,1900,0.75,HIGH,0,transactional,ideas
womens linen skirts,1900,1.14,HIGH,0,transactional,ideas
purple robe,1900,0.79,HIGH,0,transactional,ideas
benefits of silk pillowcases,1900,2.84,HIGH,5,informational,ideas
tj maxx bedding,1900,0.96,HIGH,0,transactional,ideas
pink flannel,1900,0.6,HIGH,0,transactional,ideas
long silk robe,1900,1.36,HIGH,0,transactional,ideas
safavieh rugs on sale,1900,1.04,HIGH,0,transactional,ideas
white linen dresses for women,1900,1.25,HIGH,0,transactional,ideas
best shower curtain liner,1900,0.79,HIGH,9,commercial,ideas
dorm room bedding,1900,1.15,HIGH,0,transactional,ideas
sheer robe,1900,0.71,HIGH,0,transactional,ideas
bedding ceremony,1900,,LOW,0,informational,ideas
wrangler bedding,1900,0.45,HIGH,0,transactional,ideas
nordstrom linen dress,1900,1,HIGH,0,transactional,ideas
duvet cover pattern,1900,1.89,HIGH,0,informational,ideas
free quilt patterns for beginners,1900,0.25,MEDIUM,5,informational,ideas
heated blanket with foot pocket,1900,0.53,HIGH,0,transactional,ideas
high quality wool blanket,1900,2.89,HIGH,0,transactional,ideas
throw blanket crochet pattern,1900,0.38,HIGH,0,informational,ideas
shrinky dink plastic sheets,1900,0.15,HIGH,0,transactional,ideas
free jelly roll quilt patterns,1900,0.14,MEDIUM,0,informational,ideas
beta pleated sheets,1900,,LOW,0,transactional,ideas
rachel roy blanket,1900,0.72,HIGH,0,transactional,ideas
chunky blanket patterns,1900,0.21,HIGH,0,informational,ideas
hawaiian quilt patterns,1900,0.22,HIGH,0,informational,ideas
sawtooth star quilt pattern,1900,0.19,HIGH,0,informational,ideas
bair hugger blanket,1900,1.24,HIGH,0,transactional,ideas
vis sheets,1900,4.93,LOW,26,transactional,ideas
treadmill mat for carpet,1900,0.97,HIGH,0,transactional,ideas
infusible ink transfer sheets,1900,1.1,HIGH,0,transactional,ideas
flamingo colouring sheets,1900,0.03,LOW,0,informational,ideas
fur throw blanket,1900,1.79,HIGH,0,transactional,ideas
how to make a blanket,1900,0.55,LOW,4,informational,ideas
linus blanket,1900,0.22,MEDIUM,10,transactional,ideas
silk pillowcase wrinkles,1900,1.93,HIGH,0,informational,ideas+suggestion
define quilt,1900,0.72,LOW,9,informational,ideas
pottery barn linen curtains,1900,2.27,HIGH,0,transactional,ideas
free quilt block patterns,1900,0.17,LOW,18,informational,ideas
linen yarn,1900,0.62,HIGH,0,transactional,ideas
vera wang sheets,1900,1.09,HIGH,1,transactional,ideas
company store sheets,1900,3.85,HIGH,0,transactional,ideas
western blanket,1900,0.87,HIGH,0,transactional,ideas
best sheet material,1900,2.22,HIGH,0,commercial,ideas
softest fleece blanket,1900,1.84,HIGH,10,commercial,ideas
kitchen memory foam mat,1900,1.05,HIGH,0,transactional,ideas
checkered blanket,1900,1.24,HIGH,0,transactional,ideas
linen stitch knitting,1900,0.28,LOW,0,informational,ideas
temperature blanket crochet pattern,1900,0.31,MEDIUM,0,informational,ideas
quilt crossing,1900,7.78,LOW,2,informational,ideas
snuggle warm blanket,1900,0.82,HIGH,0,transactional,ideas
fidget blanket,1900,0.26,HIGH,0,transactional,ideas
sheepskin blanket,1900,1.45,HIGH,0,transactional,ideas
crochet bouquet blanket pattern,1900,0.51,HIGH,0,informational,ideas
bathroom paper towels,1900,2.35,HIGH,0,transactional,ideas
letter b color sheets,1900,0.08,LOW,0,informational,ideas
quilt backing,1900,0.72,HIGH,0,transactional,ideas
quilt labels,1900,0.84,HIGH,0,transactional,ideas
printable math sheets for 3rd graders,1900,1.41,HIGH,13,informational,ideas
blank sheet music printable,1900,0.21,LOW,6,transactional,ideas
crochet flower blanket pattern,1900,0.53,HIGH,0,informational,ideas
adult swaddle blanket,1900,0.81,HIGH,0,transactional,ideas
cotton quilt set,1900,1.01,HIGH,0,transactional,ideas
easy quilt patterns for beginners,1900,0.28,HIGH,0,informational,ideas
linen summer tops,1900,0.98,HIGH,0,transactional,ideas
large cardboard sheets,1900,2.9,HIGH,0,transactional,ideas
bernat blanket big,1900,0.81,HIGH,1,transactional,ideas
standard sheet of paper size,1900,0.55,LOW,25,informational,ideas
striped bath towels,1900,1.35,HIGH,0,informational,ideas
woven cotton blanket,1900,1.44,HIGH,0,transactional,ideas
snuggle blanket,1900,1.23,HIGH,0,transactional,ideas
sheet protectors for binders,1900,1.32,HIGH,0,transactional,ideas
plaid duvet cover,1900,1.64,HIGH,0,transactional,ideas
cultiver linen sheets,1900,2.79,HIGH,0,transactional,ideas+suggestion
prairie point quilt,1900,1.1,LOW,7,transactional,ideas
cotton terry cloth robe,1900,1.51,HIGH,0,transactional,ideas
rose blanket crochet,1900,1.55,HIGH,0,informational,ideas
tie blanket kits,1900,0.84,HIGH,0,transactional,ideas
polyester blanket,1900,0.76,HIGH,0,transactional,ideas
lovesac blanket,1900,1.71,HIGH,0,transactional,ideas
fall activity sheets,1900,,LOW,0,informational,ideas
corrugated cardboard sheets,1900,4.75,HIGH,0,transactional,ideas
1000 thread count sheets,1900,2.71,HIGH,0,transactional,ideas
cotton receiving blankets,1900,0.99,HIGH,0,transactional,ideas
best anti fatigue kitchen mat,1900,2.12,HIGH,4,commercial,ideas
hand writing practice sheets,1900,0.54,HIGH,22,informational,ideas
linen bed skirt,1900,1.93,HIGH,0,transactional,ideas
twin xl quilt,1900,1.42,HIGH,0,transactional,ideas
high-quality wool blanket,1900,2.89,HIGH,0,transactional,ideas
linoto linen sheets,1900,2.67,HIGH,0,transactional,ideas+suggestion
lilo and stitch blanket,1900,0.5,HIGH,0,transactional,ideas
frette towels,1900,3.45,HIGH,0,transactional,ideas
weighted blanket covers,1900,0.66,HIGH,0,transactional,ideas
bathroom sign out sheet,1900,0.08,LOW,0,informational,ideas
quilt ladder,1900,0.45,HIGH,0,transactional,ideas
straw blanket,1900,0.52,HIGH,0,transactional,ideas
cotton sateen fabric,1900,0.65,HIGH,0,transactional,ideas
10 lb weighted blanket,1900,1.36,HIGH,0,transactional,ideas
plastic sheet roll,1900,1.86,HIGH,0,transactional,ideas
green note sheet,1900,0.26,LOW,0,transactional,ideas
brown sheets,1900,1.75,HIGH,0,transactional,ideas
bearaby blanket,1900,1.6,HIGH,0,transactional,ideas
blanket on chair,1900,1.52,HIGH,0,transactional,ideas
quilt quarters,1900,1.12,LOW,1,transactional,ideas
prewash linen,1900,2.62,MEDIUM,0,transactional,ideas
blank sheet of paper,1900,1.31,HIGH,14,informational,ideas
cotton sheets full,1900,1.12,HIGH,0,transactional,ideas
printable sheet music,1900,1.33,HIGH,10,transactional,ideas
baking sheet organization,1900,0.6,HIGH,0,informational,ideas
strong paper towels,1900,1.5,HIGH,0,transactional,ideas
folding tumble mat,1900,1.39,HIGH,0,transactional,ideas
organic cotton robe,1900,2.47,HIGH,0,transactional,ideas
blanket sweater,1900,0.81,HIGH,1,transactional,ideas
pima cotton percale sheets,1900,4.66,HIGH,0,transactional,ideas
sateen vs percale sheets,1900,3.84,HIGH,0,informational,ideas
cricut vinyl sheets,1900,0.53,HIGH,0,transactional,ideas
100 linen fabric,1900,1.04,HIGH,0,transactional,ideas
ripple crochet blanket pattern,1900,0.38,HIGH,0,informational,ideas
disposable paper towels,1900,1.58,HIGH,0,transactional,ideas
bubble sheet,1900,0.22,LOW,4,transactional,ideas
men's linen,1900,2.37,HIGH,0,informational,ideas
transparent sheet,1900,0.58,HIGH,0,transactional,ideas
organic cotton shower curtain,1900,1.29,HIGH,0,transactional,ideas
dresden plate quilt pattern,1900,0.26,HIGH,0,informational,ideas
patterned duvet cover,1900,1.89,HIGH,0,transactional,ideas
beta-pleated sheets,1900,,LOW,0,transactional,ideas
small blanket,1900,0.46,HIGH,9,transactional,ideas
rubber welcome mat,1900,0.8,HIGH,0,transactional,ideas
pillow fabric,1900,0.82,HIGH,0,transactional,ideas
foil sheets,1900,0.66,HIGH,0,transactional,ideas
prayer quilt,1900,0.55,HIGH,0,transactional,ideas
walgreens paper towels,1900,0.52,HIGH,0,transactional,ideas
chunky knit blanket yarn,1900,0.58,HIGH,0,transactional,ideas
cotton king size quilts,1900,1.57,HIGH,0,transactional,ideas
tie a quilt,1900,0.1,HIGH,0,informational,ideas
padded kitchen mat,1900,2.4,HIGH,0,transactional,ideas
linen drapes,1900,3.04,HIGH,0,informational,ideas
sisters quilt show,1900,0.06,LOW,3,informational,ideas
inventory sheet,1900,4.66,HIGH,6,informational,ideas
weighted gravity blanket,1900,2.82,LOW,14,transactional,ideas
cotton top sheet,1900,2.56,HIGH,0,transactional,ideas
felt sheets for crafts,1900,0.51,HIGH,0,informational,ideas
flying geese quilt pattern,1900,0.26,HIGH,0,informational,ideas
tempur pedic sheets,1900,2.59,HIGH,0,transactional,ideas
barefoot dreams cozychic blanket,1900,1.29,HIGH,0,transactional,ideas
standard paper sheet sizes,1900,0.55,LOW,25,informational,ideas
kuromi blanket,1900,0.49,HIGH,0,transactional,ideas
pre washing linen,1900,2.62,MEDIUM,0,informational,ideas
beta-pleated sheet,1900,,LOW,0,transactional,ideas
bathrobe 100 cotton,1900,1.7,HIGH,0,transactional,ideas
beta pleated sheet,1900,,LOW,0,transactional,ideas
silk pillowcase benefits,1900,2.84,HIGH,2,informational,ideas+suggestion
word cheat sheet,1900,,LOW,81,informational,ideas
quilt batting by the roll,1900,1.35,HIGH,0,informational,ideas
online quilt shops,1900,1.1,HIGH,6,commercial,ideas
black friday electric blanket,1900,,LOW,0,transactional,ideas
cotton jersey sheets,1900,2.06,HIGH,0,transactional,ideas
cathedral window quilt,1900,0.1,HIGH,0,transactional,ideas
kitchen fatigue mat,1900,1.72,HIGH,0,transactional,ideas
luxome weighted blanket,1900,3.34,HIGH,0,transactional,ideas
yoyo quilt,1900,0.12,HIGH,3,informational,ideas
quince linen shirt,1900,1.09,HIGH,0,transactional,ideas
100 cotton robe,1900,1.61,HIGH,0,transactional,ideas
ric flair robe,1900,0.37,MEDIUM,0,transactional,ideas
boxing robe,1900,0.78,HIGH,0,transactional,ideas
100 cotton flannel,1900,0.58,HIGH,0,transactional,ideas
linen button down shirt mens,1900,3.11,HIGH,0,transactional,ideas
100 cotton terry robe,1900,1.45,HIGH,0,transactional,ideas
eddie bauer flannel sheets,1900,1.17,HIGH,0,transactional,ideas
fleece robe,1900,1.29,HIGH,2,transactional,ideas
cotton flannel,1900,0.68,HIGH,0,transactional,ideas
linen sport coat,1900,2.29,HIGH,0,transactional,ideas
cowboys blanket,1900,0.6,HIGH,0,transactional,ideas
batman blanket,1900,0.32,HIGH,0,transactional,ideas
linen polo shirt,1900,1.54,HIGH,0,transactional,ideas
bonobos linen shirt,1900,5.03,HIGH,0,transactional,ideas
reformation linen dress,1900,0.53,HIGH,0,transactional,ideas
luxury minky blankets,1900,1.13,HIGH,0,transactional,ideas
luxury throw pillows,1900,2.77,HIGH,0,transactional,ideas
plaid bedding,1900,1.3,HIGH,0,transactional,ideas
lilo and stitch bedding,1900,0.43,HIGH,0,transactional,ideas
macys charter club sheets,1900,0.57,HIGH,0,transactional,ideas
best place to buy curtains,1900,2.57,HIGH,14,commercial,ideas
best towels to buy,1900,4.5,HIGH,0,commercial,ideas
bed cover and duvet,1900,3.19,HIGH,0,transactional,suggestion
duvet cover crate and barrel,1900,1.49,HIGH,0,transactional,suggestion
blankets duvets,1900,2.11,HIGH,0,transactional,suggestion
goose down duvets,1900,3.48,HIGH,0,informational,suggestion
how to wash duvets,1900,0.2,LOW,0,informational,suggestion
goose feather down duvets,1900,3.48,HIGH,0,informational,suggestion
bedding in a bag full size,1900,0.5,HIGH,0,transactional,suggestion
childs bath mat,1900,1.32,HIGH,0,transactional,suggestion
bath mat jacuzzi,1900,0.3,HIGH,0,transactional,suggestion
bath mat rug,1900,1.49,HIGH,8,transactional,suggestion
bath mat rugs,1900,1.49,HIGH,0,transactional,suggestion
teak bath mat,1900,1.7,HIGH,0,transactional,suggestion
luxury bath mat,1900,3.75,HIGH,0,transactional,suggestion
bath mat shower,1900,0.86,HIGH,0,transactional,suggestion
childrens bath mat,1900,1.32,HIGH,0,transactional,suggestion
bath mat large,1900,1.44,HIGH,0,transactional,suggestion
bath mat washable,1900,1.27,HIGH,0,transactional,suggestion
blue bath mat,1900,1.19,HIGH,0,transactional,suggestion
carpet bath mat,1900,1.49,HIGH,0,transactional,suggestion
bath mat big,1900,1.44,HIGH,0,transactional,suggestion
jacuzzi bath mats,1900,0.3,HIGH,0,transactional,suggestion
shower bath mats,1900,0.86,HIGH,0,transactional,suggestion
bathroom rugs and bath mats,1900,1.49,HIGH,0,transactional,suggestion
teak bath mats,1900,1.7,HIGH,0,transactional,suggestion
luxury bath mats,1900,3.75,HIGH,0,transactional,suggestion
bath mats jcpenney,1900,0.4,HIGH,0,transactional,suggestion
rugs and bath mats,1900,1.49,HIGH,0,transactional,suggestion
blue bath mats,1900,1.19,HIGH,0,transactional,suggestion
washable bath mats,1900,1.27,HIGH,0,transactional,suggestion
teak mat for bathroom,1900,1.7,HIGH,0,transactional,suggestion
bathroom mat luxury,1900,3.75,HIGH,0,transactional,suggestion
jacuzzi bathroom mat,1900,0.3,HIGH,0,transactional,suggestion
bathroom mat large,1900,1.44,HIGH,7,transactional,suggestion
shower bathroom mat,1900,0.86,HIGH,1,transactional,suggestion
blue bathroom mat,1900,1.19,HIGH,0,transactional,suggestion
bathroom mat washable,1900,1.27,HIGH,0,transactional,suggestion
large bathroom floor mat,1900,1.44,HIGH,0,transactional,suggestion
teak bathroom floor mat,1900,1.7,HIGH,0,transactional,suggestion
bathroom mat and rug,1900,1.49,HIGH,0,transactional,suggestion
blue bathroom mats,1900,1.19,HIGH,0,transactional,suggestion
bathroom mats luxury,1900,3.75,HIGH,0,transactional,suggestion
bathroom mats rugs,1900,1.49,HIGH,0,transactional,suggestion
bathroom mats for showers,1900,0.86,HIGH,1,transactional,suggestion
large bathroom floor mats,1900,1.44,HIGH,0,transactional,suggestion
big bathroom mats,1900,1.44,HIGH,2,transactional,suggestion
bathroom shower mats,1900,0.86,HIGH,14,transactional,suggestion
children's bathroom mats,1900,1.32,HIGH,0,transactional,suggestion
luxury bathroom floor mats,1900,3.75,HIGH,0,transactional,suggestion
bathroom carpet mats,1900,1.49,HIGH,15,transactional,suggestion
washable bathroom floor mats,1900,1.27,HIGH,0,transactional,suggestion
large bathroom mats,1900,1.44,HIGH,5,transactional,suggestion
blue bathroom floor mats,1900,1.19,HIGH,0,transactional,suggestion
teak bathtub mat,1900,1.7,HIGH,0,transactional,suggestion
bathtub jacuzzi mat,1900,0.3,HIGH,0,transactional,suggestion
blue bathtub mat,1900,1.19,HIGH,0,transactional,suggestion
cheap blankets and throws,1900,0.5,HIGH,0,transactional,suggestion
navy blue blankets and throws,1900,1.57,HIGH,0,transactional,suggestion
queen size blankets and throws,1900,0.77,HIGH,0,transactional,suggestion
fur blankets and throws,1900,1.79,HIGH,0,transactional,suggestion
crochet patterns for blankets and throws,1900,0.38,HIGH,0,informational,suggestion
discount blankets and throws,1900,0.5,HIGH,0,transactional,suggestion
sherpa blankets and throws,1900,0.93,HIGH,0,transactional,suggestion
inexpensive throw blankets,1900,0.5,HIGH,0,transactional,suggestion
throw blankets sherpa,1900,0.93,HIGH,0,transactional,suggestion
throw blankets crochet patterns,1900,0.38,HIGH,0,informational,suggestion
throw blankets queen size,1900,0.77,HIGH,0,transactional,suggestion
affordable throw blankets,1900,0.5,HIGH,1,transactional,suggestion
throw blankets cheap,1900,0.5,HIGH,0,transactional,suggestion
throw blankets navy blue,1900,1.57,HIGH,0,transactional,suggestion
discount throw blankets,1900,0.5,HIGH,0,transactional,suggestion
quilted throw blankets,1900,0.72,HIGH,0,transactional,suggestion
quilt throw blankets,1900,0.72,HIGH,0,transactional,suggestion
king bedding luxury,1900,2.07,HIGH,0,transactional,suggestion
bedding luxury brands,1900,5.17,HIGH,0,commercial,suggestion
king luxury bedding sets,1900,2.07,HIGH,0,transactional,suggestion
luxury brand bedding,1900,5.17,HIGH,0,transactional,suggestion
silk pillowcase for hair growth,1900,3.22,MEDIUM,0,transactional,suggestion
silk pillowcase for wet hair,1900,1.19,MEDIUM,0,transactional,suggestion
silk pillowcase benefit,1900,2.84,HIGH,2,informational,suggestion
jcpenney bath rug,1900,0.4,HIGH,0,transactional,suggestion
grey bath rug,1900,0.91,HIGH,0,transactional,suggestion
bath rug contour,1900,0.76,HIGH,0,transactional,suggestion
bath rug blue,1900,1.19,HIGH,0,transactional,suggestion
bath rug circle,1900,1.21,HIGH,0,transactional,suggestion
bath rug 2 piece set,1900,0.45,HIGH,0,transactional,suggestion
bath rug luxury,1900,2.59,HIGH,0,transactional,suggestion
circular bath rugs,1900,1.21,HIGH,0,transactional,suggestion
grey bath rugs,1900,0.91,HIGH,0,transactional,suggestion
bath rugs machine washable,1900,1.11,HIGH,0,transactional,suggestion
blue bath rugs,1900,1.07,HIGH,0,transactional,suggestion
contour bath rugs,1900,0.76,HIGH,0,transactional,suggestion
jc penneys bath rugs,1900,0.4,HIGH,0,transactional,suggestion
gray bath rugs,1900,0.91,HIGH,0,transactional,suggestion
jcpenney bath rugs & carpet,1900,0.4,HIGH,0,transactional,suggestion
bath rugs jcpenney,1900,0.4,HIGH,0,transactional,suggestion
bath rugs luxury,1900,2.59,HIGH,0,transactional,suggestion
round rugs for bath,1900,1.21,HIGH,0,transactional,suggestion
orange pillow,1600,1.17,HIGH,0,transactional,ideas
king size throw blanket,1600,1.4,HIGH,0,transactional,ideas
striped pillow,1600,1.27,HIGH,0,transactional,ideas
bed sitting pillow,1600,0.83,HIGH,0,transactional,ideas
earth breeze eco sheets,1600,1.14,HIGH,0,transactional,ideas
half sheet aluminum pan,1600,1.66,MEDIUM,6,transactional,ideas
inflatable camping pillow,1600,0.75,HIGH,1,transactional,ideas
breathable comforter,1600,3.1,HIGH,0,transactional,ideas
ostrich travel pillow,1600,1.02,HIGH,0,transactional,ideas
green bath towels,1600,1.89,HIGH,0,transactional,ideas
memory foam pillow for neck and shoulder pain,1600,3.3,HIGH,11,informational,ideas
teal comforter set,1600,0.64,HIGH,0,transactional,ideas
american made sheets,1600,6.7,HIGH,0,transactional,ideas
allerease pillow,1600,0.74,HIGH,0,transactional,ideas
bedjet sheet,1600,0.98,HIGH,0,transactional,ideas
7 piece bedding set,1600,0.6,HIGH,0,transactional,ideas
great bath,1600,3.31,LOW,5,informational,ideas
mack's pillow soft earplugs,1600,0.42,MEDIUM,0,transactional,ideas
cheap bed sheets queen,1600,0.73,HIGH,1,transactional,ideas
velvet duvet cover,1600,1.63,HIGH,0,transactional,ideas
bulk towels,1600,4.07,HIGH,0,transactional,ideas
pillow sets,1600,1.61,HIGH,0,transactional,ideas
lounge pillow,1600,0.82,HIGH,0,transactional,ideas
ruggable bath mat,1600,1.37,HIGH,8,transactional,ideas+suggestion
twin size duvet cover,1600,1.44,HIGH,0,transactional,ideas
king pillow cases,1600,2.04,HIGH,0,transactional,ideas
bed rug liner,1600,2.16,HIGH,0,transactional,ideas
king size electric blanket dual control,1600,1.13,HIGH,0,transactional,ideas
king pillow shams,1600,2.03,HIGH,0,transactional,ideas
electric blanket bed,1600,0.77,HIGH,14,transactional,ideas
26x26 pillow insert,1600,1.62,HIGH,0,transactional,ideas
seat pillow,1600,0.82,HIGH,0,transactional,ideas
ugg comforter king,1600,0.94,HIGH,0,transactional,ideas
blue comforter set king,1600,1.2,HIGH,0,transactional,ideas
get naked bath rug,1600,0.57,HIGH,0,transactional,ideas+suggestion
sage green comforter set,1600,0.88,HIGH,0,transactional,ideas
coccydynia pillow,1600,1.07,HIGH,0,transactional,ideas
wrangler comforter set,1600,0.41,HIGH,0,transactional,ideas
huck towels,1600,3.05,HIGH,0,transactional,ideas
organic latex pillow,1600,6.11,HIGH,0,transactional,ideas
face down pillow,1600,0.74,HIGH,0,transactional,ideas
cotton body pillow cover,1600,0.68,HIGH,0,transactional,ideas
king size memory foam pillow,1600,1.69,HIGH,0,transactional,ideas
white duvet,1600,3.33,HIGH,0,transactional,ideas
california king deep pocket sheets,1600,3.76,HIGH,0,transactional,ideas
cooling side sleeper pillow,1600,2.35,HIGH,0,transactional,ideas
rv bed sheets,1600,1.42,HIGH,0,transactional,ideas
custom face pillow,1600,2.61,HIGH,0,transactional,ideas
fitted queen sheet only,1600,0.99,HIGH,0,transactional,ideas
coconut pillow,1600,1.76,HIGH,0,transactional,ideas
best affordable sheets,1600,3.02,HIGH,5,commercial,ideas
purple softstretch sheets,1600,2.48,HIGH,0,transactional,ideas
red bed sheets,1600,0.78,HIGH,0,transactional,ideas
small pillow for travel,1600,0.54,HIGH,1,transactional,ideas
pillow pad,1600,0.35,HIGH,0,transactional,ideas
childrens sleeping bag with pillow,1600,0.64,HIGH,0,transactional,ideas
macy's down comforter,1600,1.33,HIGH,0,transactional,ideas
california king size sheets,1600,1.92,HIGH,0,transactional,ideas
olive green comforter,1600,1.36,HIGH,0,transactional,ideas
fitted sheet only king,1600,1.76,HIGH,0,transactional,ideas
machine washable duvet cover,1600,5.06,LOW,0,transactional,ideas
pendleton bedding sets,1600,1.15,HIGH,6,transactional,ideas
best wedge pillow,1600,2.05,HIGH,4,commercial,ideas
pink stains on bed sheets,1600,,LOW,0,informational,ideas
childrens sleeping bags with pillow,1600,0.64,HIGH,0,transactional,ideas
white pillow cases,1600,1.49,HIGH,0,transactional,ideas
quince linen duvet cover,1600,1.04,HIGH,0,transactional,ideas
bath tray for tub,1600,1.18,HIGH,0,transactional,ideas
coop eden pillow,1600,1.31,HIGH,0,transactional,ideas
black queen comforters,1600,0.83,HIGH,0,transactional,ideas
lumbar support pillow for car,1600,1.19,HIGH,0,transactional,ideas
fitted bassinet sheets,1600,0.54,HIGH,0,transactional,ideas
green lumbar pillow,1600,1.79,HIGH,0,transactional,ideas
ll bean towels,1600,1.62,HIGH,0,transactional,ideas
triangle wedge pillow,1600,1.17,HIGH,0,transactional,ideas
pillow brands,1600,8.91,HIGH,9,commercial,ideas
sam's club pillow,1600,0.39,HIGH,0,transactional,ideas
white comforter king,1600,1.93,HIGH,0,transactional,ideas
top sheet bed,1600,2.85,HIGH,0,transactional,ideas
childs sleeping bag with pillow,1600,0.64,HIGH,0,transactional,ideas
eye pillow,1600,1.05,HIGH,0,transactional,ideas
squishy pillow,1600,0.66,HIGH,0,transactional,ideas
grey comforter set queen,1600,1.08,HIGH,0,transactional,ideas
twin xl sheets deep pockets,1600,1.83,HIGH,0,transactional,ideas
gold paper towel holder,1600,1.53,HIGH,0,transactional,ideas
love pillow,1600,1.34,HIGH,0,transactional,ideas
linen spray for bedding,1600,1.39,HIGH,0,transactional,ideas
contour pillow for neck pain,1600,1.75,HIGH,0,transactional,ideas
nectar tri-comfort cooling pillow,1600,2.04,MEDIUM,0,transactional,ideas
black and white comforter,1600,0.84,HIGH,0,transactional,ideas
navy blue comforter set,1600,1.12,HIGH,0,transactional,ideas
shoulder support pillow,1600,1.81,HIGH,0,transactional,ideas
rug under queen bed,1600,1.49,HIGH,0,transactional,ideas
backpacking pillow,1600,0.71,HIGH,0,transactional,ideas
blue lumbar pillow,1600,1.97,HIGH,0,transactional,ideas
ralph lauren comforter sets,1600,0.93,HIGH,0,transactional,ideas
king pillow case,1600,1.63,HIGH,0,transactional,ideas
pillow for c section recovery,1600,1.03,LOW,0,transactional,ideas
nutcracker pillow,1600,1.79,HIGH,0,transactional,ideas
taupe comforter,1600,1.64,HIGH,0,transactional,ideas
body pillow for side sleeper,1600,2.27,MEDIUM,0,transactional,ideas
king size sheets on sale,1600,1.7,HIGH,0,transactional,ideas
ergonomic support pillow,1600,1.66,LOW,3,transactional,ideas
brushed nickel towel bar,1600,2.05,HIGH,0,transactional,ideas
wedge pillow for vertigo,1600,0.65,HIGH,0,transactional,ideas
waterproof bed sheet,1600,0.92,HIGH,0,transactional,ideas
what is the best material for bed sheets,1600,1.88,HIGH,8,informational,ideas
king bed pillows,1600,2.4,HIGH,0,transactional,ideas
mellow cloud align pillow reviews,1600,2.08,HIGH,0,commercial,ideas
non slip bath mat for elderly,1600,0.79,HIGH,0,transactional,ideas+suggestion
100 cotton kitchen towels,1600,0.77,HIGH,0,transactional,ideas
chiropractic pillow,1600,2.42,HIGH,0,transactional,ideas
rubber sheets for beds,1600,0.69,HIGH,0,transactional,ideas
compressed towels,1600,0.43,HIGH,0,transactional,ideas
leopard comforter,1600,0.39,HIGH,0,transactional,ideas
cheetah print comforter,1600,0.38,HIGH,0,transactional,ideas
6x9 rug under queen bed,1600,1.26,HIGH,0,transactional,ideas
bar mop towels,1600,1.23,HIGH,0,transactional,ideas
pillow for in between legs,1600,1.05,HIGH,0,transactional,ideas
marble paper towel holder,1600,1.01,HIGH,0,transactional,ideas
black comforter set full,1600,0.74,HIGH,0,transactional,ideas
kitchen paper towels,1600,1.46,HIGH,0,transactional,ideas
bed sheet grippers,1600,0.51,HIGH,0,transactional,ideas
bow comforter,1600,0.95,HIGH,0,transactional,ideas
throw pillow covers 20x20,1600,1.02,HIGH,0,transactional,ideas
deep pocket king size bed sheets,1600,2.95,HIGH,0,transactional,ideas
spring roll sheets,1600,0.21,HIGH,0,transactional,ideas
purple comforter set king,1600,1.4,HIGH,0,transactional,ideas
putting on a duvet cover,1600,0.18,LOW,0,informational,ideas
lumbar support pillow for sleeping,1600,0.99,HIGH,1,transactional,ideas
green towels,1600,1.66,HIGH,0,transactional,ideas
best dish towels,1600,1.59,HIGH,7,commercial,ideas
long body pillow,1600,0.87,HIGH,0,transactional,ideas
koolaburra by ugg comforter,1600,0.66,HIGH,0,transactional,ideas
king size weighted blanket,1600,2.46,HIGH,0,transactional,ideas
wamsutta dream zone pillow,1600,2.12,HIGH,0,transactional,ideas
vibrating pillow,1600,0.8,HIGH,0,transactional,ideas
wedge pillow for sitting up in bed,1600,1.32,HIGH,0,transactional,ideas
waverly comforter,1600,0.62,HIGH,0,transactional,ideas
u shaped travel pillow,1600,0.46,HIGH,10,transactional,ideas
pillow to align spine,1600,1.75,HIGH,0,transactional,ideas
fall kitchen towels,1600,0.35,HIGH,0,transactional,ideas
company store duvet covers,1600,4.07,HIGH,0,transactional,ideas
natural latex pillow,1600,2.98,HIGH,0,transactional,ideas
between the knees pillow,1600,1.06,HIGH,0,transactional,ideas
best body pillow for side sleepers,1600,2.21,HIGH,0,commercial,ideas
wife pillow,1600,0.87,HIGH,0,transactional,ideas
pregnancy pillow for stomach sleepers,1600,0.67,HIGH,14,transactional,ideas
extra deep pocket queen sheets,1600,2.02,HIGH,0,transactional,ideas
big pillow brewing,1600,,LOW,0,transactional,ideas
memory foam bed pillows,1600,1.42,MEDIUM,0,transactional,ideas
twin bed blanket,1600,1.68,HIGH,0,transactional,ideas
tempur pillow,1600,2.23,HIGH,9,transactional,ideas
non toxic pillow,1600,4.11,HIGH,0,transactional,ideas
adjustable loft pillow,1600,2.33,HIGH,0,transactional,ideas
pillow tag,1600,3.09,LOW,0,transactional,ideas
white duvet cover king,1600,3.45,HIGH,0,transactional,ideas
sage green duvet cover,1600,3.22,HIGH,0,transactional,ideas
bobrick paper towel dispenser,1600,7.83,HIGH,0,transactional,ideas
king bed blanket,1600,2.74,HIGH,0,transactional,ideas
innocor comfort pillow,1600,0.82,HIGH,0,transactional,ideas
gerd pillow,1600,2.19,HIGH,9,transactional,ideas
best pillow for back pain,1600,2.65,HIGH,0,commercial,ideas
18x18 throw pillow covers,1600,0.97,HIGH,0,transactional,ideas
pillow cases queen size,1600,1.74,HIGH,0,transactional,ideas
euro pillow covers,1600,1.18,HIGH,0,transactional,ideas
shell pillow,1600,1.05,HIGH,0,transactional,ideas
hoodie pillow,1600,0.8,LOW,0,transactional,ideas
oversized california king comforter,1600,1.33,HIGH,0,transactional,ideas
wedge pillow cover,1600,0.42,HIGH,0,transactional,ideas
pillow for spine alignment,1600,1.75,HIGH,4,transactional,ideas
frontgate resort cotton bath towels,1600,1.7,MEDIUM,0,transactional,ideas
cotton queen sheet set,1600,0.9,HIGH,1,transactional,ideas
hip abduction pillow,1600,0.54,HIGH,0,transactional,ideas
bedsure sheets,1600,3.28,HIGH,7,transactional,ideas
hemp sheets,1600,2.03,HIGH,0,transactional,ideas
egyptian cotton king sheets,1600,3.36,HIGH,0,transactional,ideas
eco friendly paper towels,1600,3.39,HIGH,1,transactional,ideas
pendleton quilt,1600,0.99,HIGH,0,transactional,ideas
bittersweet quilt shop pinconning,1600,,LOW,0,transactional,ideas
rolling chair mat,1600,1.96,HIGH,0,transactional,ideas
gauze blanket,1600,1.49,HIGH,0,transactional,ideas
quilt stitches,1600,1.55,HIGH,0,informational,ideas
quilted robe,1600,0.83,HIGH,0,transactional,ideas
chevron crochet blanket,1600,0.3,LOW,8,transactional,ideas
sheet toga,1600,6.07,LOW,0,transactional,ideas
cream throw blanket,1600,1.12,HIGH,0,transactional,ideas
best egyptian cotton sheets,1600,4.6,HIGH,0,commercial,ideas
printed sheets,1600,1.51,HIGH,0,informational,ideas
6 day star blanket pattern,1600,0.27,LOW,0,informational,ideas
wool duvet insert,1600,4.89,HIGH,0,transactional,ideas
tranquility weighted blanket,1600,0.48,HIGH,0,transactional,ideas
poppy quilt n sew,1600,1.47,LOW,18,informational,ideas
couple blanket,1600,3.18,HIGH,0,transactional,ideas
the keeping quilt,1600,0.73,LOW,0,informational,ideas
line sheet,1600,4.18,LOW,0,transactional,ideas
bathroom paper hand towels,1600,2.12,HIGH,0,transactional,ideas
disposable sheets,1600,0.31,HIGH,0,transactional,ideas
urinal mat,1600,6.67,HIGH,0,transactional,ideas
acrylic yarn for blanket,1600,1.2,HIGH,0,transactional,ideas
heart quilt pattern,1600,0.21,HIGH,0,informational,ideas
crown linen,1600,2.13,LOW,10,informational,ideas
sheet extrusion,1600,8.65,LOW,0,informational,ideas
airplane travel blanket,1600,1.68,HIGH,0,transactional,ideas
masonite sheets,1600,2.73,HIGH,0,informational,ideas
robe sewing pattern,1600,0.33,HIGH,0,informational,ideas
wool military blanket,1600,0.44,HIGH,0,transactional,ideas
quilt binding tutorial,1600,0.15,LOW,0,informational,ideas
cursive tracing sheets,1600,0.57,MEDIUM,0,transactional,ideas
finger crochet blanket,1600,0.3,MEDIUM,2,transactional,ideas
silk duvet cover,1600,4.7,HIGH,0,transactional,ideas
double wedding ring quilt pattern,1600,0.4,HIGH,0,informational,ideas
bulk paper towels,1600,3.53,HIGH,0,transactional,ideas
wool felt sheets,1600,0.79,HIGH,0,transactional,ideas
durable blanket,1600,2.39,HIGH,11,transactional,ideas
alpaca wool blanket,1600,1.61,HIGH,0,transactional,ideas
weighted throw blanket,1600,1.94,HIGH,15,transactional,ideas
double crochet blanket,1600,0.17,LOW,0,transactional,ideas
disney princess blanket,1600,0.69,HIGH,0,transactional,ideas
boho blanket,1600,1.17,HIGH,0,transactional,ideas
peacock alley sheets,1600,4.77,HIGH,0,transactional,ideas
floral quilt patterns,1600,0.24,HIGH,0,informational,ideas
black and white quilt,1600,0.74,HIGH,0,transactional,ideas
papers please cheat sheet,1600,,LOW,0,informational,ideas
easy crochet blanket patterns free,1600,0.61,LOW,12,informational,ideas
free 3 yard quilt patterns,1600,0.13,LOW,0,informational,ideas
manta blanket,1600,1.35,HIGH,0,transactional,ideas
note sheet,1600,0.13,LOW,6,transactional,ideas
old navy linen,1600,0.58,HIGH,0,informational,ideas
egyptian sheets,1600,3.54,HIGH,2,informational,ideas
comfort electric blanket,1600,1.36,HIGH,5,transactional,ideas
scotch laminating sheets,1600,0.47,LOW,0,transactional,ideas
blanket with foot pocket,1600,0.93,HIGH,0,transactional,ideas
cotton linen fabric,1600,0.64,HIGH,0,transactional,ideas
chenille throw blanket,1600,1.31,HIGH,0,transactional,ideas
chipboard sheets,1600,2.39,HIGH,0,transactional,ideas
big yarn blanket,1600,0.57,HIGH,0,transactional,ideas
plaid pillow covers,1600,1.05,HIGH,0,transactional,ideas
brady linen,1600,2.1,LOW,0,transactional,ideas
printable time sheets,1600,2.52,HIGH,3,transactional,ideas
shutterfly blanket,1600,1.17,HIGH,0,transactional,ideas
twin cotton sheet set,1600,1.08,HIGH,0,transactional,ideas
300 count sheets,1600,1.76,HIGH,0,transactional,ideas
cars blanket,1600,0.49,HIGH,0,transactional,ideas
cable knit blanket,1600,0.98,HIGH,0,transactional,ideas
custom quilt labels,1600,1.2,HIGH,0,transactional,ideas
oeko-tex sheets,1600,2.81,HIGH,2,transactional,ideas
mirror sheets,1600,0.66,HIGH,0,transactional,ideas
flying geese quilt,1600,0.23,HIGH,0,transactional,ideas
gingham quilt,1600,0.95,HIGH,0,transactional,ideas
common thread towels,1600,0.86,HIGH,0,transactional,ideas
quilt panel patterns,1600,0.34,HIGH,0,informational,ideas
walgreens photo blanket,1600,1.05,HIGH,32,transactional,ideas
linen placemats,1600,1.87,HIGH,0,transactional,ideas
sewing machine blanket,1600,0.65,MEDIUM,0,transactional,ideas
twin cotton blanket,1600,1.12,HIGH,0,transactional,ideas
kassatex towels,1600,4.05,HIGH,0,transactional,ideas
slub linen,1600,4.04,LOW,0,transactional,ideas
corrugated sheets,1600,4.37,HIGH,0,transactional,ideas
arcturus wool blanket,1600,0.47,HIGH,0,transactional,ideas
blanket with satin binding,1600,0.8,HIGH,0,transactional,ideas
sisters quilt shop,1600,0.43,LOW,0,commercial,ideas
dd214 blanket,1600,0.54,HIGH,0,transactional,ideas
handmade quilts for sale,1600,0.75,HIGH,0,transactional,ideas
polycarbonate chair mat for carpet,1600,1.12,HIGH,0,transactional,ideas
shutterfly photo blanket,1600,1.1,HIGH,0,transactional,ideas
one piece blanket,1600,0.64,HIGH,0,transactional,ideas
what is linen fabric,1600,0.52,LOW,14,informational,ideas
crochet shell stitch blanket,1600,0.2,LOW,3,transactional,ideas
cloth-like paper towels,1600,1.8,HIGH,0,transactional,ideas
c fold towels,1600,5.94,HIGH,0,transactional,ideas
beehive quilt shop,1600,1.21,LOW,11,commercial,ideas
heated blanket for couch,1600,0.45,LOW,4,transactional,ideas
bernat chunky blanket yarn,1600,0.55,HIGH,0,transactional,ideas
stitches quilt shop,1600,0.72,LOW,3,commercial,ideas
couples blanket,1600,3.18,HIGH,5,transactional,ideas
sunday citizen blanket,1600,2.04,HIGH,0,transactional,ideas
honey bee quilt store,1600,1.36,LOW,4,commercial,ideas
elizabeth hartman quilt patterns,1600,0.38,HIGH,0,informational,ideas
strip quilt patterns,1600,0.27,HIGH,0,informational,ideas
quilt border ideas,1600,0.22,HIGH,0,informational,ideas
letter practice sheets,1600,0.78,HIGH,4,transactional,ideas
parachute linen,1600,3.32,HIGH,15,transactional,ideas
car rug mat,1600,2.11,HIGH,0,transactional,ideas
ohio star quilt pattern,1600,0.3,HIGH,0,informational,ideas
lap blanket crochet pattern,1600,0.38,MEDIUM,0,informational,ideas
purple throw blanket,1600,1.03,HIGH,0,transactional,ideas
kitchen comfort mat,1600,1.67,HIGH,2,transactional,ideas
sheet clips,1600,0.45,HIGH,0,transactional,ideas
pinch pleat linen curtains,1600,2.77,HIGH,0,transactional,ideas
activity sheets,1600,0.73,LOW,24,informational,ideas
polyester vs cotton sheets,1600,1.44,MEDIUM,0,informational,ideas
blanket patterns,1600,0.88,HIGH,0,informational,ideas
cow blanket,1600,0.57,HIGH,0,transactional,ideas
the sheet,1600,,LOW,4,informational,ideas
american flag quilt,1600,0.42,HIGH,0,transactional,ideas
pink striped sheets,1600,0.8,HIGH,0,transactional,ideas
loom knitting blanket,1600,0.33,HIGH,0,transactional,ideas
huge knit blanket,1600,0.85,HIGH,0,transactional,ideas
laminated paper sheets,1600,0.49,HIGH,0,transactional,ideas
linen two piece set,1600,0.95,HIGH,0,transactional,ideas
pink heated blanket,1600,0.63,HIGH,0,transactional,ideas
sleep pod blanket,1600,0.78,HIGH,0,transactional,ideas
crochet star blanket pattern free,1600,0.83,LOW,1,informational,ideas
writing practice sheets,1600,0.66,HIGH,21,informational,ideas
uncut sheet of 2 dollar bills,1600,0.17,HIGH,0,transactional,ideas
oeko tex sheets,1600,2.81,HIGH,0,transactional,ideas
cloth like paper towels,1600,1.8,HIGH,8,informational,ideas
orange throw blanket,1600,1.32,HIGH,0,transactional,ideas
rose blanket,1600,2.93,HIGH,0,transactional,ideas
soft cotton sheets,1600,3.89,HIGH,0,transactional,ideas
sheet of stamps,1600,1.12,HIGH,0,transactional,ideas
easy quilt patterns free,1600,0.19,MEDIUM,7,informational,ideas
wool quilt batting,1600,1.03,HIGH,0,transactional,ideas
zebra colouring sheet,1600,0.04,LOW,0,informational,ideas
work sheet,1600,1.38,LOW,82,transactional,ideas
velvet blanket,1600,0.95,HIGH,0,transactional,ideas
shrink plastic sheets,1600,0.45,HIGH,0,transactional,ideas
scrappy quilt patterns,1600,0.29,HIGH,0,informational,ideas
great value paper towels,1600,0.16,HIGH,0,transactional,ideas
comfort weighted blanket,1600,2.13,HIGH,0,transactional,ideas
crochet throw blanket,1600,0.53,HIGH,0,transactional,ideas
large blanket,1600,2.09,HIGH,0,transactional,ideas
egyptian cotton percale sheets,1600,5,HIGH,4,informational,ideas
bedsure electric blanket,1600,1.09,HIGH,0,transactional,ideas
linen texture,1600,0.43,HIGH,0,informational,ideas
sheets organizer,1600,0.89,HIGH,0,transactional,ideas
300 thread count sheets,1600,1.76,HIGH,0,transactional,ideas
burgundy throw blanket,1600,1.02,HIGH,0,transactional,ideas
linen cardigan,1600,1.42,HIGH,0,transactional,ideas
microfiber polyester blanket,1600,0.8,HIGH,0,transactional,ideas
printable magnet sheets,1600,1.25,HIGH,0,transactional,ideas
cotton bedsheets,1600,1.46,HIGH,2,transactional,ideas
what is linen made from,1600,1.09,LOW,5,informational,ideas
floor mat rolling chair,1600,1.96,HIGH,0,transactional,ideas
moda quilt fabric,1600,0.65,HIGH,15,transactional,ideas
round crochet blanket,1600,0.59,MEDIUM,0,transactional,ideas
sheet mulching with cardboard,1600,2.34,MEDIUM,23,informational,ideas
houston quilt show,1600,1.94,LOW,14,informational,ideas
tempered glass chair mat,1600,2.78,HIGH,0,transactional,ideas
aqua lily pad floating mat,1600,2.51,HIGH,0,transactional,ideas
packing foam sheets,1600,3.31,HIGH,0,transactional,ideas
rest cooling blanket,1600,1.76,HIGH,7,transactional,ideas
maxi dresses for bridal shower,1600,1.11,HIGH,0,informational,ideas
blanket coat,1600,1.08,HIGH,0,transactional,ideas
house robe,1600,1.21,HIGH,1,transactional,ideas
lingerie robe,1600,1.33,HIGH,0,transactional,ideas
linen nightgown,1600,1.02,HIGH,0,transactional,ideas
long sleeve linen dress,1600,0.97,HIGH,0,transactional,ideas
bridal shower maxi dress,1600,1.11,HIGH,0,transactional,ideas
linen halter dress,1600,0.79,HIGH,0,informational,ideas
men's wearhouse linen suit,1600,0.86,HIGH,0,transactional,ideas
linen long sleeve shirt,1600,1.74,HIGH,0,transactional,ideas
mens terry cloth robe,1600,2.7,HIGH,0,transactional,ideas
cute robe womens,1600,1.02,HIGH,4,transactional,ideas
macys ugg blanket,1600,0.26,HIGH,0,transactional,ideas
beige linen suit,1600,3.08,HIGH,0,transactional,ideas
short linen dress,1600,1.01,HIGH,0,transactional,ideas
white maxi dress linen,1600,0.95,HIGH,0,transactional,ideas
macys linen dresses,1600,0.5,HIGH,0,transactional,ideas
linen summer dresses for women,1600,1.48,HIGH,0,transactional,ideas
casual linen dresses,1600,1.31,HIGH,0,transactional,ideas
organic cotton flannel shirt,1600,3.89,HIGH,0,transactional,ideas
black silk robe,1600,1.6,HIGH,0,transactional,ideas
blue linen suit,1600,2.82,HIGH,0,transactional,ideas
victoria secret satin robe,1600,0.84,HIGH,28,transactional,ideas
long sleeve linen shirts,1600,2.19,HIGH,0,transactional,ideas
green linen suit,1600,2.74,HIGH,0,transactional,ideas
lightweight cotton robe ladies,1600,1.22,HIGH,0,transactional,ideas
linen wrap skirt,1600,0.92,HIGH,0,transactional,ideas
linen overalls women,1600,1.03,HIGH,0,transactional,ideas
linen blazer men,1600,2.23,HIGH,0,transactional,ideas
woman taking a shower,1600,,LOW,0,transactional,ideas
long linen dress,1600,0.98,HIGH,0,transactional,ideas
macy's linen dresses,1600,0.5,HIGH,0,informational,ideas
2 piece linen set womens,1600,0.84,HIGH,0,transactional,ideas
mens flannel robe,1600,2.14,HIGH,0,transactional,ideas
yellow linen dress,1600,0.76,HIGH,0,transactional,ideas
italian linen dresses,1600,0.91,HIGH,0,transactional,ideas
women's robes on sale,1600,0.92,HIGH,0,commercial,ideas
kimono robe men,1600,0.9,HIGH,0,transactional,ideas
winter bridal shower dresses,1600,1.27,HIGH,0,transactional,ideas
best linen shirts for men,1600,4.71,HIGH,0,transactional,ideas
brown linen dress,1600,1.08,HIGH,0,transactional,ideas
ll bean mens robe,1600,1.42,HIGH,0,transactional,ideas
100 linen shirt,1600,2.11,HIGH,0,transactional,ideas
winter bridal shower dress,1600,1.27,HIGH,0,transactional,ideas
cashmere robe women,1600,3.58,HIGH,0,transactional,ideas
pink linen dress,1600,1.03,HIGH,0,transactional,ideas
neutral bedding,1600,2.01,HIGH,0,transactional,ideas
southwestern bedding,1600,1.5,HIGH,0,commercial,ideas
bloomingdale's bedding,1600,1.6,HIGH,0,transactional,ideas
womens silk robes,1600,2.73,HIGH,0,transactional,ideas
dorm room bedding twin xl,1600,0.95,LOW,0,transactional,ideas
microfiber bedding,1600,1.9,HIGH,0,transactional,ideas
roller rabbit bedding,1600,1.33,HIGH,0,transactional,ideas
emerald green bedding,1600,0.94,HIGH,0,transactional,ideas
green blue bedding,1600,1.54,HIGH,0,transactional,ideas
four seasons bedding,1600,7.21,HIGH,0,transactional,ideas
vera bradley bedding,1600,0.37,HIGH,0,transactional,ideas
bedding for guinea pigs,1600,0.64,HIGH,0,transactional,ideas
mid century modern bedding,1600,1.95,HIGH,0,transactional,ideas
mens bedding,1600,2.11,HIGH,0,transactional,ideas
croscill bedding,1600,0.6,HIGH,0,transactional,ideas
touch of class bedding,1600,1.97,HIGH,0,transactional,ideas
pellet bedding,1600,0.43,HIGH,2,transactional,ideas
white duvets,1600,3.33,HIGH,0,transactional,suggestion
cotton duvet cover king size,1600,1.56,HIGH,5,transactional,suggestion
white and black bath mat,1600,1.04,HIGH,0,transactional,suggestion
non slip bath tub mat,1600,0.67,HIGH,1,transactional,suggestion
non slip bath mat for seniors,1600,0.79,HIGH,0,transactional,suggestion
urban outfitter bath mat,1600,0.65,HIGH,0,transactional,suggestion
urban outfitters bath mat,1600,0.65,HIGH,0,transactional,suggestion
xmas bath mat,1600,0.21,MEDIUM,0,transactional,suggestion
anthropologie bath mat,1600,0.74,HIGH,0,transactional,suggestion
newborn bath mat,1600,0.41,HIGH,0,transactional,suggestion
bath mat world market,1600,0.71,HIGH,0,transactional,suggestion
festive bath mat,1600,0.21,MEDIUM,0,transactional,suggestion
bath mat white,1600,2,HIGH,0,transactional,suggestion
bath mats white,1600,2,HIGH,0,transactional,suggestion
non slip bath mats for elderly,1600,0.79,HIGH,0,transactional,suggestion
anthropologie bath mats,1600,0.74,HIGH,0,transactional,suggestion
infant bath mats,1600,0.41,HIGH,0,transactional,suggestion
xmas bath mats,1600,0.21,MEDIUM,0,transactional,suggestion
black white bath mats,1600,1.04,HIGH,0,transactional,suggestion
christmas bath mats,1600,0.21,MEDIUM,0,transactional,suggestion
world market bath mats,1600,0.71,HIGH,0,transactional,suggestion
ruggable bath mats,1600,1.37,HIGH,8,informational,suggestion
non slip bath tub mats,1600,0.67,HIGH,0,transactional,suggestion
urban outfitters bath mats,1600,0.65,HIGH,0,transactional,suggestion
non slip bath mats for seniors,1600,0.79,HIGH,0,transactional,suggestion
black white bathroom mat,1600,1.04,HIGH,0,transactional,suggestion
christmas bathroom mat,1600,0.21,MEDIUM,0,transactional,suggestion
xmas bathroom mat,1600,0.21,MEDIUM,0,transactional,suggestion
ruggable bathroom mat,1600,1.37,HIGH,0,transactional,suggestion
non slip bathroom mat for elderly,1600,0.79,HIGH,0,transactional,suggestion
anthropologie bathroom mat,1600,0.74,HIGH,,transactional,suggestion
white bathroom mat,1600,2,HIGH,0,transactional,suggestion
black/white bathroom mat,1600,1.04,HIGH,0,transactional,suggestion
bathroom mats white,1600,2,HIGH,0,transactional,suggestion
christmas bathroom mats,1600,0.21,MEDIUM,0,transactional,suggestion
ruggable bathroom mats,1600,1.37,HIGH,0,transactional,suggestion
white bathroom floor mats,1600,2,HIGH,0,transactional,suggestion
non slip bathroom mats for elderly,1600,0.79,HIGH,0,transactional,suggestion
bathroom mats black and white,1600,1.04,HIGH,0,transactional,suggestion
white bathtub mat,1600,2,HIGH,0,transactional,suggestion
king size blankets and throws,1600,1.4,HIGH,0,transactional,suggestion
purple throws and blankets,1600,1.03,HIGH,0,transactional,suggestion
crochet blankets and throws,1600,0.53,HIGH,0,informational,suggestion
orange throws and blankets,1600,1.32,HIGH,0,transactional,suggestion
down throws and blankets,1600,1.62,HIGH,0,transactional,suggestion
chenille throws and blankets,1600,1.31,HIGH,0,transactional,suggestion
burgundy blankets and throws,1600,1.02,HIGH,0,transactional,suggestion
cream blankets and throws,1600,1.12,HIGH,0,transactional,suggestion
cute blankets and throws,1600,0.76,HIGH,7,transactional,suggestion
throw blankets anthropologie,1600,0.81,HIGH,0,transactional,suggestion
orange throw blankets,1600,1.32,HIGH,0,transactional,suggestion
how big are throw blankets,1600,1.25,HIGH,0,informational,suggestion
burgundy throw blankets,1600,1.02,HIGH,0,transactional,suggestion
down throw blankets,1600,1.62,HIGH,0,transactional,suggestion
throw blankets king size,1600,1.4,HIGH,0,transactional,suggestion
chenille throw blankets,1600,1.31,HIGH,0,transactional,suggestion
throw blankets cute,1600,0.76,HIGH,3,transactional,suggestion
throw blankets purple,1600,1.03,HIGH,0,transactional,suggestion
throw blankets light blue,1600,1.17,HIGH,0,transactional,suggestion
throw blankets cream,1600,1.12,HIGH,0,transactional,suggestion
weighted throw blankets,1600,1.94,HIGH,15,transactional,suggestion
what size are throw blankets,1600,1.19,HIGH,0,informational,suggestion
crochet throw blankets,1600,0.53,HIGH,0,informational,suggestion
silk pillowcase for frizzy hair,1600,1.74,MEDIUM,10,transactional,suggestion
silk pillowcase for hair health,1600,,LOW,3,commercial,suggestion
silk pillowcase fishers finery,1600,2.5,MEDIUM,0,transactional,suggestion
silk pillowcase for straight hair,1600,0.78,MEDIUM,2,transactional,suggestion
silk pillowcase for long hair,1600,2.98,HIGH,7,transactional,suggestion
linen sheets belgium,1600,5.31,HIGH,5,transactional,suggestion
linen sheets fitted,1600,4.42,HIGH,0,transactional,suggestion
flax linen bed sheets,1600,3.47,HIGH,0,transactional,suggestion
belgian linen bed sheets,1600,5.31,HIGH,0,transactional,suggestion
piglet in bed linen sheets,1600,2.48,LOW,0,informational,suggestion
flax sheets linen,1600,3.47,HIGH,0,transactional,suggestion
linen sheets belgian,1600,5.31,HIGH,0,transactional,suggestion
bath rug plush,1600,1.47,HIGH,0,transactional,suggestion
rubber back bath rug,1600,1.46,HIGH,0,transactional,suggestion
bath rug macys,1600,0.51,HIGH,0,transactional,suggestion
white and black bath rug,1600,1.04,HIGH,0,transactional,suggestion
cute bath rug,1600,0.69,HIGH,2,transactional,suggestion
tahari bath rug,1600,0.83,HIGH,0,transactional,suggestion
white bath rug,1600,1.14,HIGH,0,transactional,suggestion
smallest bath rug,1600,0.88,HIGH,0,transactional,suggestion
rubber backed bath rug,1600,1.46,HIGH,0,transactional,suggestion
bath rug with rubber backing,1600,1.46,HIGH,0,transactional,suggestion
rubber back bath rugs,1600,1.46,HIGH,0,transactional,suggestion
black and white bath rugs,1600,0.85,HIGH,0,transactional,suggestion
bath rugs macy's,1600,0.51,HIGH,0,transactional,suggestion
plush bath rugs,1600,1.47,HIGH,0,transactional,suggestion
bath rugs macys,1600,0.51,HIGH,0,transactional,suggestion
macy bath rugs,1600,0.51,HIGH,0,transactional,suggestion
tahari bath rugs,1600,0.83,HIGH,0,transactional,suggestion
microfiber bath rugs,1600,0.65,HIGH,0,transactional,suggestion
bath rugs with rubber backing,1600,1.46,HIGH,0,transactional,suggestion
decorative pillow sham,1300,0.78,MEDIUM,0,transactional,ideas
tmj pillow,1300,1.87,HIGH,0,transactional,ideas
pro towels,1300,0.41,MEDIUM,0,transactional,ideas
olive green duvet cover,1300,3.06,HIGH,0,transactional,ideas
lumbar pillow sizes,1300,0.9,HIGH,0,informational,ideas
24x24 pillow,1300,1.04,HIGH,0,transactional,ideas
twin sheets on sale,1300,0.82,HIGH,0,transactional,ideas
half sheet baking pan,1300,1.15,HIGH,8,transactional,ideas
euro pillow inserts,1300,2.33,HIGH,0,transactional,ideas
room essentials sheets,1300,0.25,HIGH,0,transactional,ideas
olympic queen bed sheets,1300,1.83,HIGH,0,transactional,ideas
king size coverlet,1300,2.41,HIGH,0,transactional,ideas
king sheets on sale,1300,1.66,HIGH,0,transactional,ideas
pillow for stiff neck,1300,2.46,HIGH,0,transactional,ideas
best pillow for all sleeping positions,1300,2.56,HIGH,11,informational,ideas
high-quality goose down comforter,1300,8.08,HIGH,0,transactional,ideas
best pillow for sitting up in bed,1300,0.96,HIGH,0,informational,ideas
full xl comforter,1300,0.92,HIGH,0,transactional,ideas
jcpenney comforters sets,1300,0.45,HIGH,0,transactional,ideas
sleepgram pillow,1300,1.23,HIGH,0,transactional,ideas
threshold bath towels,1300,0.45,HIGH,0,transactional,ideas
tiger pillow,1300,1.39,HIGH,0,transactional,ideas
west elm duvet,1300,3.43,HIGH,0,transactional,ideas
bounce free and gentle dryer sheets,1300,0.4,MEDIUM,0,commercial,ideas
frye comforter,1300,0.91,HIGH,0,transactional,ideas
100 cotton comforter queen,1300,1.01,HIGH,0,transactional,ideas
kitchen microfiber towels,1300,1.3,HIGH,0,transactional,ideas
best ergonomic pillow,1300,3.03,HIGH,15,transactional,ideas
pillow protectors with zipper,1300,2,HIGH,0,transactional,ideas
french country bedding sets,1300,1.21,HIGH,0,transactional,ideas
cheetah comforter,1300,0.43,HIGH,0,transactional,ideas
cozy earth comforter,1300,3.55,HIGH,0,transactional,ideas
streamer towel,1300,0.49,HIGH,0,transactional,ideas
columbia cooling pillow,1300,0.7,HIGH,0,transactional,ideas
cast iron baking sheet,1300,0.61,HIGH,0,transactional,ideas
reading pillow with arms,1300,1.04,HIGH,0,informational,ideas
brass towel bar,1300,2.11,HIGH,0,transactional,ideas
cotton duvet insert,1300,2.27,HIGH,0,transactional,ideas
yellow comforter sets,1300,0.56,HIGH,0,transactional,ideas
cute bedding sets queen,1300,0.82,HIGH,0,transactional,ideas
pink comforter twin xl,1300,0.57,HIGH,0,transactional,ideas
standard bed pillows,1300,1.05,MEDIUM,0,transactional,ideas
king size bed pillows,1300,2.42,HIGH,0,transactional,ideas
oversized king bedspread,1300,1.11,HIGH,0,transactional,ideas
zebra pillow,1300,1.04,HIGH,0,transactional,ideas
cozy earth bed sheets,1300,3.7,HIGH,0,transactional,ideas
fluffy duvet,1300,2.6,HIGH,0,transactional,ideas
spiderman comforter,1300,0.47,HIGH,0,transactional,ideas
blue queen comforter,1300,1.28,HIGH,0,transactional,ideas
yellow duvet cover,1300,2,HIGH,0,transactional,ideas
light pink comforter,1300,1.04,HIGH,0,transactional,ideas
alaskan king sheets,1300,1.19,HIGH,0,transactional,ideas
twin bed pillows,1300,1.25,HIGH,0,transactional,ideas
bath toy holder,1300,0.35,HIGH,0,transactional,ideas
pottery barn bath towels,1300,3.66,HIGH,0,transactional,ideas
crate and barrel towels,1300,1.23,HIGH,0,transactional,ideas
lightweight duvet cover,1300,4.36,HIGH,11,transactional,ideas
king size christmas bedding,1300,0.88,MEDIUM,0,transactional,ideas
black and gold comforter set,1300,0.74,HIGH,0,transactional,ideas
california king duvet,1300,3.85,HIGH,0,transactional,ideas
100 cotton dish towels,1300,0.88,HIGH,0,transactional,ideas
macy's comforter sets king,1300,0.49,HIGH,0,transactional,ideas
california king duvet insert,1300,3.8,HIGH,0,transactional,ideas
doona car seat cover,1300,0.4,HIGH,0,transactional,ideas
7 piece comforter set queen,1300,0.56,HIGH,0,transactional,ideas
candy cane pillow,1300,0.66,HIGH,0,transactional,ideas
green gingham bed sheets,1300,1.75,HIGH,0,transactional,ideas
bow comforter set,1300,0.61,HIGH,0,transactional,ideas
swan pillow,1300,0.72,HIGH,0,transactional,ideas
room essentials pillow,1300,0.21,HIGH,2,transactional,ideas
purple sheets king,1300,2.6,HIGH,0,transactional,ideas
best duvet insert for hot sleepers,1300,6.64,HIGH,0,commercial,ideas
bed rest pillow with arms,1300,0.65,HIGH,0,transactional,ideas
tempur-pedic tempur-cloud breeze dual cooling pillow,1300,3.34,HIGH,1,transactional,ideas
white comforter full,1300,0.9,HIGH,0,transactional,ideas
heavy comforter,1300,1.56,HIGH,0,transactional,ideas
cannon towels,1300,0.87,HIGH,0,transactional,ideas
best latex pillow,1300,2.61,HIGH,0,transactional,ideas
cotton king bed sheets,1300,1.01,HIGH,0,transactional,ideas
queen brown comforter set,1300,0.96,HIGH,0,transactional,ideas
yellow comforter,1300,0.96,HIGH,0,transactional,ideas
side pillow,1300,1.7,HIGH,0,transactional,ideas
bath bucket,1300,0.29,HIGH,0,transactional,ideas
beauty pillow,1300,2.76,HIGH,0,transactional,ideas
king size fleece blanket,1300,1.35,HIGH,0,transactional,ideas
hello kitty bedding set full,1300,0.55,HIGH,0,transactional,ideas
organic duvet cover,1300,6.23,HIGH,0,transactional,ideas
little pillow,1300,0.71,MEDIUM,0,transactional,ideas
newton bassinet sheets,1300,0.75,HIGH,0,transactional,ideas
lap desk pillow,1300,0.42,HIGH,0,transactional,ideas
monster jam bedding set,1300,0.45,HIGH,0,transactional,ideas
soft tex pillow,1300,1.03,HIGH,0,transactional,ideas
king flat sheets,1300,1.3,HIGH,0,transactional,ideas
pillow rollers,1300,0.29,HIGH,0,transactional,ideas
down pillow filling,1300,1.26,HIGH,0,transactional,ideas
best cooling pillow for side sleepers,1300,2.75,HIGH,6,commercial,ideas
dry clean comforter,1300,5.69,LOW,0,transactional,ideas
what are the softest sheets,1300,3.53,HIGH,0,informational,ideas
cotton blanket king,1300,1.78,HIGH,0,transactional,ideas
spa towel,1300,3.46,HIGH,0,transactional,ideas
comforter for men,1300,1.52,HIGH,0,transactional,ideas
positioning pillow,1300,1.62,HIGH,0,transactional,ideas
pottery barn hydrocotton towels,1300,3.59,HIGH,0,transactional,ideas
contoured memory foam pillow for neck pain,1300,1.07,LOW,2,transactional,ideas
best blankets for bed,1300,4.64,HIGH,5,informational,ideas
rug under king bed,1300,1.9,HIGH,0,transactional,ideas
fluffco zen pillow reviews,1300,2.35,HIGH,0,informational,ideas
sequin pillow,1300,0.58,HIGH,0,transactional,ideas
bubble bath mat,1300,0.43,HIGH,0,transactional,ideas
massage table sheets,1300,1.71,HIGH,0,transactional,ideas
coop home goods original pillow,1300,1.52,LOW,0,transactional,ideas
ergonomic pillow for couples,1300,1.1,HIGH,0,informational,ideas
best pillow brands,1300,3.23,HIGH,12,commercial,ideas
snoopy bed sheets,1300,0.47,HIGH,0,transactional,ideas
recliner pillow,1300,0.53,HIGH,0,transactional,ideas
slip pillow case,1300,2.84,HIGH,0,transactional,ideas
pink bow pillow,1300,0.54,HIGH,0,transactional,ideas
faux fur comforter set,1300,0.73,HIGH,0,transactional,ideas
waffle comforter,1300,1.64,HIGH,0,transactional,ideas
best paper towel holder,1300,1.19,HIGH,1,transactional,ideas
bird bath bowl replacement,1300,0.37,HIGH,0,transactional,ideas
twin xl duvet,1300,4.83,HIGH,0,transactional,ideas
bed quilts king size,1300,1.7,HIGH,0,transactional,ideas
thera pillow reviews,1300,1.97,HIGH,0,informational,ideas
feng shui bed sheets,1300,2.92,LOW,0,transactional,ideas
doona cover,1300,0.76,HIGH,0,transactional,ideas
breathable pillow,1300,1.41,HIGH,0,transactional,ideas
luxury linen bedding,1300,6.02,HIGH,0,transactional,ideas+suggestion
moon pillow,1300,2.26,HIGH,0,transactional,ideas
bed back support pillow,1300,0.86,HIGH,0,transactional,ideas
hypoallergenic memory foam pillow,1300,3.94,HIGH,0,transactional,ideas
circle pillow,1300,1.09,HIGH,0,transactional,ideas
pure bamboo sheets,1300,3.7,HIGH,0,transactional,ideas
trtl travel pillow review,1300,1.28,HIGH,3,commercial,ideas
egyptian cotton comforter set,1300,1.66,HIGH,0,transactional,ideas
thick comforter set,1300,0.99,HIGH,0,transactional,ideas
body pillow for shoulder pain,1300,0.98,MEDIUM,1,transactional,ideas
disney princess bedding set,1300,0.68,HIGH,0,transactional,ideas
tweaker towel,1300,,LOW,0,transactional,ideas
room essentials comforter,1300,0.3,HIGH,0,transactional,ideas
shredded latex pillow,1300,2.52,HIGH,0,transactional,ideas
cotton fitted sheet queen,1300,0.97,HIGH,0,transactional,ideas
red bath towels,1300,1.25,HIGH,0,transactional,ideas
queen size comforter sets on sale,1300,0.62,HIGH,0,transactional,ideas
christmas lumbar pillow,1300,0.74,HIGH,0,transactional,ideas
decorative hand towel,1300,1.33,HIGH,0,transactional,ideas
spongebob pillow,1300,0.39,HIGH,0,transactional,ideas
caro towels,1300,0.66,HIGH,0,transactional,ideas
bow bed sheets,1300,0.51,HIGH,0,transactional,ideas
towel seat covers,1300,2.35,HIGH,0,transactional,ideas
king size cotton blanket,1300,1.99,HIGH,0,transactional,ideas
memory foam bath rug,1300,0.98,HIGH,0,transactional,ideas+suggestion
100 silk bed sheets,1300,2.97,HIGH,0,transactional,ideas
shiatsu massage pillow,1300,0.84,HIGH,0,transactional,ideas
queen bed pillow arrangement,1300,1.73,HIGH,0,transactional,ideas
eiderdown comforter,1300,2.88,HIGH,0,transactional,ideas
cotton king size sheets,1300,1.44,HIGH,0,transactional,ideas
nautica comforter,1300,0.85,HIGH,0,transactional,ideas
single towel bars,1300,1.87,HIGH,0,transactional,ideas
boiling water bath canning jars,1300,,LOW,9,informational,ideas
muddy mat bed,1300,3.89,HIGH,0,transactional,ideas
reading wedge pillow,1300,1.43,HIGH,0,transactional,ideas
comforter vs blanket,1300,3.6,HIGH,0,informational,ideas
california king cotton sheets,1300,2.46,HIGH,0,transactional,ideas
kohler towel bars,1300,2.3,HIGH,0,transactional,ideas
neck support pillow for side sleepers,1300,2.67,HIGH,3,transactional,ideas
pilling on sheets,1300,1.17,LOW,0,informational,ideas
seat cover towels,1300,2.35,HIGH,0,transactional,ideas
oversized queen duvet cover,1300,1.56,HIGH,0,transactional,ideas
side sleeper neck support pillow,1300,2.67,HIGH,10,transactional,ideas
absorbent kitchen towels,1300,1.44,HIGH,7,transactional,ideas
big pillows for bed,1300,0.76,HIGH,0,transactional,ideas
cheap sheets,1300,0.71,HIGH,0,transactional,ideas
jcpenney bedding sale,1300,0.51,HIGH,0,transactional,ideas
pillow inserts 20x20,1300,1.27,HIGH,0,transactional,ideas
silvery bed sheets,1300,2.77,HIGH,0,transactional,ideas
best pillow for all sleep positions,1300,2.56,HIGH,12,informational,ideas
linen cocktail napkins,1300,2.04,HIGH,0,transactional,ideas
ostrich neck pillow,1300,1.12,HIGH,0,transactional,ideas
breathable duvet cover,1300,5.89,HIGH,2,transactional,ideas
burgundy duvet cover,1300,2.02,HIGH,0,transactional,ideas
ruffle comforter,1300,0.61,HIGH,0,transactional,ideas
sheer curtains for canopy bed,1300,0.54,MEDIUM,0,transactional,ideas
waffle bath mat,1300,0.93,HIGH,0,transactional,ideas
flour sack dish towels,1300,0.9,HIGH,0,transactional,ideas
snuggle pillow,1300,2.95,HIGH,0,transactional,ideas
contour memory foam pillow for neck pain,1300,1.07,LOW,5,transactional,ideas
leopard throw pillow,1300,0.88,HIGH,0,transactional,ideas
navy comforter,1300,1.88,HIGH,0,transactional,ideas
brown towels,1300,1.63,HIGH,0,transactional,ideas
muji pillow,1300,0.6,HIGH,0,transactional,ideas
boll and branch towels,1300,3.79,HIGH,0,transactional,ideas
pillow bed,1300,1.67,HIGH,0,transactional,ideas
brown bath mat,1300,1.09,HIGH,0,transactional,ideas
coop home goods eden pillow,1300,1.61,MEDIUM,0,transactional,ideas
lumbar pillow for car,1300,0.77,HIGH,0,transactional,ideas
down alternative blanket,1300,2.17,HIGH,0,transactional,ideas
plum comforter,1300,1.53,HIGH,0,transactional,ideas
pink comforter full,1300,0.6,HIGH,0,transactional,ideas
cooling pillow for hot flashes,1300,1.69,HIGH,0,informational,ideas
organic comforter,1300,5.21,HIGH,0,transactional,ideas
twin fitted sheet only,1300,0.79,HIGH,0,transactional,ideas
burgundy comforter set,1300,0.66,HIGH,0,transactional,ideas
mainstay towels,1300,0.33,HIGH,0,transactional,ideas
cloud align pillow reviews,1300,1.21,HIGH,0,commercial,ideas
arm rest pillow,1300,0.46,HIGH,0,transactional,ideas
full size childrens bedding sets,1300,1.43,HIGH,0,transactional,ideas+suggestion
car headrest pillow,1300,0.46,HIGH,0,transactional,ideas
towel rod,1300,0.88,HIGH,0,transactional,ideas
linen dining chairs,1300,2.2,HIGH,0,transactional,ideas
best backpacking pillow,1300,1.04,HIGH,14,transactional,ideas
cotton throw pillow covers,1300,0.82,HIGH,0,transactional,ideas
velvet bed sheets,1300,1.07,HIGH,0,transactional,ideas
minnie mouse bed sheets,1300,0.45,HIGH,0,transactional,ideas
bath items,1300,1.05,HIGH,0,transactional,ideas
ceramic paper towel holder,1300,0.44,HIGH,0,transactional,ideas
stainless steel towel bar,1300,1.56,MEDIUM,0,transactional,ideas
gusseted pillow,1300,1.72,HIGH,0,transactional,ideas
medium firm pillow,1300,2.69,HIGH,0,transactional,ideas
silk bathrobe,1300,2.41,HIGH,0,transactional,ideas
absorbent paper towels,1300,1.72,HIGH,0,transactional,ideas
how to make binding for a quilt,1300,0.1,LOW,2,informational,ideas
tunisian crochet blanket,1300,0.29,HIGH,0,transactional,ideas
calculate quilt borders,1300,,LOW,0,informational,ideas
four patch quilt patterns,1300,0.28,HIGH,0,informational,ideas
linen aprons,1300,1.71,HIGH,0,transactional,ideas
dry erase sheets,1300,0.96,HIGH,0,transactional,ideas
bouquet blanket crochet,1300,1.93,HIGH,0,transactional,ideas
children's cotton bed linen,1300,1.19,HIGH,0,informational,ideas
extra large throw blanket,1300,1.42,HIGH,0,transactional,ideas
grey throw blanket,1300,1.05,HIGH,0,transactional,ideas
threshold throw blanket,1300,0.3,HIGH,0,transactional,ideas
machine washable weighted blanket,1300,2.2,HIGH,21,transactional,ideas
cricut joy mat,1300,0.41,HIGH,0,transactional,ideas
percale vs cotton,1300,3.78,HIGH,0,informational,ideas
reel paper towels,1300,0.73,HIGH,3,transactional,ideas
linen sweater,1300,1.5,HIGH,0,transactional,ideas
red rooster quilt,1300,0.09,LOW,1,transactional,ideas
how to hand quilt,1300,0.21,MEDIUM,0,informational,ideas
marietta's quilt and sew,1300,0.6,LOW,7,commercial,ideas
moss stitch blanket,1300,0.21,HIGH,0,transactional,ideas
cotton linen blend fabric,1300,0.65,HIGH,0,transactional,ideas
oc sheet,1300,,LOW,0,informational,ideas
cuddle blanket,1300,3.65,HIGH,0,transactional,ideas
chunky yarn blanket patterns,1300,0.29,HIGH,0,informational,ideas
tork paper towels,1300,8.18,HIGH,0,transactional,ideas
portable massage mat,1300,0.85,MEDIUM,0,transactional,ideas
recycled paper towels,1300,2.86,HIGH,0,transactional,ideas
office chair mat for thick carpet,1300,1.57,HIGH,0,transactional,ideas
quilt coat pattern,1300,0.25,HIGH,0,informational,ideas
adhd weighted blanket,1300,2.24,MEDIUM,0,transactional,ideas
cashmere baby blanket,1300,3.97,HIGH,0,transactional,ideas
striped quilt,1300,1.18,HIGH,0,transactional,ideas
zip sheets,1300,3.57,HIGH,0,transactional,ideas
quilt as you go pattern,1300,0.34,HIGH,0,informational,ideas
fabric calculator quilt,1300,0.24,LOW,10,transactional,ideas
pillow cover fabrics,1300,0.73,HIGH,0,informational,ideas
throw blanket 100 cotton,1300,1.22,HIGH,0,transactional,ideas
buffalo hide blanket,1300,1.05,HIGH,0,transactional,ideas
airplane blanket,1300,1.34,HIGH,0,transactional,ideas
micro fleece blanket,1300,1.3,HIGH,0,transactional,ideas
jelly roll race quilt,1300,0.32,HIGH,0,informational,ideas
single crochet blanket,1300,0.5,LOW,1,transactional,ideas
blanket stitch tutorial,1300,,LOW,12,informational,ideas
flax linen clothing,1300,1.58,HIGH,0,transactional,ideas
katabatic quilt,1300,0.39,HIGH,0,transactional,ideas
linen blinds,1300,3.22,HIGH,0,transactional,ideas
white silk robe,1300,2.03,HIGH,0,transactional,ideas
linen tank top womens,1300,1.33,HIGH,0,transactional,ideas
white lace bridal shower dress,1300,1.01,HIGH,0,transactional,ideas
black robe womens,1300,1.5,HIGH,0,transactional,ideas
women's long sleeve linen shirt,1300,1.41,HIGH,0,informational,ideas
mens linen summer shirts,1300,2.86,HIGH,0,transactional,ideas
black linen skirt,1300,1.09,HIGH,0,transactional,ideas
popes robe,1300,0.53,MEDIUM,1,transactional,ideas
silk robe bride,1300,2.04,HIGH,0,transactional,ideas
100 cotton robe women,1300,1.7,HIGH,0,transactional,ideas
100 linen dress,1300,1.19,HIGH,0,transactional,ideas
blanket scarf women,1300,0.82,HIGH,0,transactional,ideas
pajama and robe set,1300,1.01,HIGH,0,transactional,ideas
linen beach shirt,1300,2.05,HIGH,0,transactional,ideas
green robe,1300,1.14,HIGH,0,transactional,ideas
mens white linen outfit,1300,1.52,HIGH,0,transactional,ideas
linen sleeveless top,1300,1.32,HIGH,0,transactional,ideas
flannel robe,1300,1.37,HIGH,0,informational,ideas
linen halter top,1300,0.64,HIGH,0,transactional,ideas
natori silk robe,1300,1.19,HIGH,0,transactional,ideas
green linen dress,1300,0.95,HIGH,0,transactional,ideas
pink dress for bridal shower,1300,1.05,HIGH,0,transactional,ideas
pink silk robe,1300,1.26,HIGH,0,transactional,ideas
night robe,1300,0.91,HIGH,0,transactional,ideas
acid bath shirt,1300,0.84,HIGH,0,transactional,ideas
get ready robe,1300,1.74,HIGH,0,transactional,ideas
scream robe,1300,0.21,HIGH,0,transactional,ideas
satin silk robe,1300,1.84,HIGH,0,transactional,ideas
white bridal robe,1300,1.3,HIGH,0,transactional,ideas
blue robe,1300,1.54,HIGH,0,transactional,ideas
pink bridal shower dresses,1300,1.05,HIGH,0,transactional,ideas
monogram bath robes,1300,3.76,HIGH,0,transactional,ideas
black linen suit,1300,2.11,HIGH,0,transactional,ideas
men linen suit,1300,1.82,HIGH,0,transactional,ideas
yankees blanket,1300,0.98,HIGH,0,transactional,ideas
lingerie for bridal shower,1300,2.45,HIGH,0,transactional,ideas
linen shirt women long sleeve,1300,1.41,HIGH,0,transactional,ideas
leopard robe,1300,0.94,HIGH,0,transactional,ideas
flannel heated blanket,1300,0.5,HIGH,0,transactional,ideas
white linen mini skirt,1300,0.86,HIGH,0,transactional,ideas
pj set with robe,1300,1.01,HIGH,0,transactional,ideas
charles tyrwhitt linen shirt,1300,1.52,HIGH,0,transactional,ideas
linen women's clothing,1300,1.79,HIGH,4,informational,ideas
white linen skirt long,1300,1.07,HIGH,0,transactional,ideas
white linen maxi skirt,1300,0.94,HIGH,0,transactional,ideas
women white linen outfit,1300,1.17,HIGH,0,transactional,ideas
comfortable robe,1300,1.45,HIGH,7,transactional,ideas
blanket south park,1300,0.29,HIGH,0,transactional,ideas
four seasons robe,1300,2.91,HIGH,1,transactional,ideas
linen sport coats for men,1300,2.27,HIGH,0,informational,ideas
strapless linen dress,1300,0.82,HIGH,0,transactional,ideas
old navy linen shirt,1300,0.6,HIGH,0,transactional,ideas
gap linen shirt,1300,0.95,HIGH,0,transactional,ideas
comfy blanket hoodie,1300,1.13,HIGH,0,transactional,ideas
robe a la francaise,1300,0.26,MEDIUM,0,informational,ideas
long linen skirt,1300,1.1,HIGH,0,transactional,ideas
pink linen shirt,1300,1.42,HIGH,0,transactional,ideas
personalized robe,1300,2.78,HIGH,0,transactional,ideas
coquette bedding,1300,0.53,HIGH,0,transactional,ideas
brooklyn bedding reviews,1300,7.04,HIGH,0,informational,ideas
american made bedding,1300,3.77,HIGH,0,transactional,ideas
pleasure bedding,1300,3.37,LOW,0,transactional,ideas
graded bedding,1300,,LOW,0,transactional,ideas
olive green bedding,1300,1.94,HIGH,0,informational,ideas
ivory bedding,1300,2.27,HIGH,0,transactional,ideas
pillow cover crochet,1300,0.37,HIGH,0,informational,ideas
velvet bedding,1300,1.83,HIGH,0,transactional,ideas
velcro sheets,1300,1.3,HIGH,0,transactional,ideas
linen canvas,1300,1.34,HIGH,0,transactional,ideas
jersey knit sheets king,1300,1.28,HIGH,0,transactional,ideas
stitch comforter set,1300,0.33,HIGH,0,transactional,ideas
cotton and linen clothing,1300,1.3,HIGH,0,informational,ideas
whimsigoth bedding,1300,0.5,HIGH,0,transactional,ideas
fleece bedding for guinea pigs,1300,1.09,HIGH,0,transactional,ideas
bow bedding,1300,0.91,HIGH,0,transactional,ideas
victoria secret bedding,1300,0.32,HIGH,1,transactional,ideas
pine pelletized bedding,1300,0.59,HIGH,6,transactional,ideas
oeko tex certified sheets,1300,5.36,HIGH,0,transactional,ideas
striped duvet,1300,2.01,HIGH,0,transactional,ideas
collegiate bedding,1300,1.09,HIGH,0,transactional,ideas
twin pillows,1300,0.54,HIGH,0,transactional,ideas
light pink bedding,1300,1.13,HIGH,0,transactional,ideas
irish linen,1300,1.76,HIGH,5,transactional,ideas
terracotta bedding,1300,2.75,HIGH,0,transactional,ideas
fresh linen,1300,1.81,MEDIUM,0,transactional,ideas
swaddle blanket cotton,1300,0.99,HIGH,0,transactional,ideas
overstock bedding,1300,1.02,HIGH,0,transactional,ideas
twin quilt sets,1300,0.68,HIGH,0,transactional,ideas
linen chest,1300,0.92,HIGH,8,transactional,ideas
jeep bedding,1300,0.43,HIGH,0,transactional,ideas
brake bedding,1300,0.38,LOW,5,transactional,ideas
vera wang bedding,1300,1.05,HIGH,0,transactional,ideas
extra long staple cotton sheets,1300,5.5,HIGH,3,transactional,ideas
cotton childrens bedding,1300,1.19,HIGH,0,transactional,ideas
downlite bedding,1300,2.09,HIGH,0,transactional,ideas
lands end flannel sheets,1300,2.46,HIGH,1,transactional,ideas
silk sheets full,1300,2.3,HIGH,0,transactional,ideas
terry cloth bath towels,1300,1.41,HIGH,0,transactional,ideas
linen effects,1300,0.2,LOW,15,transactional,ideas
leopard print sheets,1300,0.54,HIGH,0,transactional,ideas
how is linen made,1300,0.2,LOW,6,informational,ideas
400 thread count sheets,1300,1.99,HIGH,0,transactional,ideas
organic cotton quilt,1300,3.28,HIGH,0,transactional,ideas
colorful bedding,1300,1.15,HIGH,0,transactional,ideas
quilt kits for sale,1300,0.79,HIGH,0,transactional,ideas
swaddle blankets cotton,1300,0.99,HIGH,0,transactional,ideas
stitch bedding,1300,0.47,HIGH,0,transactional,ideas
green gingham sheets,1300,1.75,HIGH,0,transactional,ideas
queen size quilt sets,1300,0.76,HIGH,0,transactional,ideas
nordstrom bedding,1300,1.48,HIGH,0,transactional,ideas
100 cotton jersey sheets,1300,1.53,HIGH,0,transactional,ideas
zip bedding,1300,2.05,HIGH,0,transactional,ideas
cotton throw,1300,1.32,HIGH,0,transactional,ideas
floral cotton sheets,1300,1.09,HIGH,0,transactional,ideas
linen wrap id,1300,,LOW,0,transactional,ideas
duvets twin size,1300,1.72,HIGH,0,transactional,suggestion
mulberry silk duvets,1300,4.32,HIGH,0,transactional,suggestion
twin xl duvets,1300,4.83,HIGH,0,transactional,suggestion
fluffy duvets,1300,2.6,HIGH,0,transactional,suggestion
west elm duvets,1300,3.43,HIGH,2,transactional,suggestion
cool duvets,1300,4.28,HIGH,0,transactional,suggestion
duvets pronunciation,1300,,LOW,0,informational,suggestion
striped duvets,1300,2.01,HIGH,0,transactional,suggestion
how to put on duvets,1300,0.23,LOW,0,informational,suggestion
cheap full size bedding,1300,1.24,HIGH,0,transactional,suggestion
what size is full bedding,1300,0.63,HIGH,0,informational,suggestion
cotton duvet cover sets,1300,1.46,HIGH,0,transactional,suggestion
anti slip bath mat,1300,0.96,HIGH,1,transactional,suggestion
waterproof bath mat,1300,0.92,HIGH,1,transactional,suggestion
dorai bath stone mat,1300,3.4,HIGH,0,transactional,suggestion
bath mat round,1300,1.12,HIGH,0,transactional,suggestion
bubble bath mats,1300,0.43,HIGH,0,transactional,suggestion
water-resistant bath mats,1300,0.92,HIGH,7,transactional,suggestion
bath mats brown,1300,1.09,HIGH,0,transactional,suggestion
scalloped bath mats,1300,1.3,HIGH,0,transactional,suggestion
bath mats chenille,1300,0.68,HIGH,0,transactional,suggestion
waterproof bath mats,1300,0.92,HIGH,1,transactional,suggestion
water resistant bath mats,1300,0.92,HIGH,7,transactional,suggestion
threshold bath mats,1300,0.64,HIGH,0,transactional,suggestion
plush bath mats,1300,2.09,HIGH,0,transactional,suggestion
bath mats kohls,1300,0.41,HIGH,0,transactional,suggestion
bath mats round,1300,1.12,HIGH,0,transactional,suggestion
kohl's bath mats,1300,0.41,HIGH,0,transactional,suggestion
anti-slip bath mats,1300,0.96,HIGH,2,transactional,suggestion
how to clean stone bath mats,1300,,LOW,0,informational,suggestion
anti slip bath mats,1300,0.96,HIGH,0,transactional,suggestion
waffle bath mats,1300,0.93,HIGH,0,transactional,suggestion
kohl's bathtub mats,1300,0.41,HIGH,0,transactional,suggestion
anti slip mat for bathroom,1300,0.96,HIGH,0,transactional,suggestion
bathroom mat round,1300,1.12,HIGH,0,transactional,suggestion
anti slippery mat for bathroom,1300,0.96,HIGH,1,transactional,suggestion
brown bathroom mat,1300,1.09,HIGH,0,transactional,suggestion
how to clean stone bathroom mat,1300,,LOW,0,informational,suggestion
plush bathroom mat,1300,2.09,HIGH,0,transactional,suggestion
waterproof bathroom mat,1300,0.92,HIGH,3,transactional,suggestion
scalloped bathroom mat,1300,1.3,HIGH,0,transactional,suggestion
bathroom mats brown,1300,1.09,HIGH,0,transactional,suggestion
anti slip bathroom mats,1300,0.96,HIGH,2,transactional,suggestion
bathroom mats kohls,1300,0.41,HIGH,0,transactional,suggestion
bathroom mats round,1300,1.12,HIGH,0,transactional,suggestion
bathroom waterproof mats,1300,0.92,HIGH,0,transactional,suggestion
threshold bathroom mats,1300,0.64,HIGH,0,transactional,suggestion
water resistant bathroom mats,1300,0.92,HIGH,3,transactional,suggestion
kohl's bathroom mats,1300,0.41,HIGH,0,transactional,suggestion
bubble mat for bathtub,1300,0.43,HIGH,0,transactional,suggestion
round bathtub mat,1300,1.12,HIGH,0,transactional,suggestion
anti-slip bathtub mat,1300,0.96,HIGH,1,transactional,suggestion
anti slip bathtub mat,1300,0.96,HIGH,0,transactional,suggestion
extra large throws and blankets,1300,1.42,HIGH,0,transactional,suggestion
gray blankets and throws,1300,1.05,HIGH,0,transactional,suggestion
grey blankets and throws,1300,1.05,HIGH,0,transactional,suggestion
colorful blankets and throws,1300,0.98,HIGH,0,transactional,suggestion
sale throws and blankets,1300,0.55,HIGH,4,transactional,suggestion
children's blankets and throws,1300,0.89,HIGH,0,commercial,suggestion
childrens blankets and throws,1300,0.89,HIGH,0,transactional,suggestion
yellow blankets and throws,1300,1.08,HIGH,0,transactional,suggestion
grinch blankets and throws,1300,0.44,HIGH,0,transactional,suggestion
threshold blankets and throws,1300,0.3,HIGH,0,transactional,suggestion
throw blankets on sale,1300,0.55,HIGH,0,transactional,suggestion
colorful throw blankets,1300,0.98,HIGH,6,transactional,suggestion
throw blankets woven,1300,1.1,HIGH,0,transactional,suggestion
cooling throw blankets,1300,0.98,HIGH,3,transactional,suggestion
plush fleece throw blankets,1300,0.71,HIGH,14,transactional,suggestion
throw blankets near me,1300,0.45,HIGH,0,transactional,suggestion
gray throw blankets,1300,1.05,HIGH,0,transactional,suggestion
luxury king bedding ensembles,1300,2.87,HIGH,3,transactional,suggestion
bedding storage furniture,1300,1.13,HIGH,0,transactional,suggestion
seaboard bedding and furniture,1300,2.78,LOW,0,transactional,suggestion
silk pillowcase for hair loss,1300,2.41,MEDIUM,0,transactional,suggestion
kitsch silk pillowcase,1300,1.01,HIGH,0,transactional,suggestion
parachute home linen sheets,1300,3.1,LOW,17,transactional,suggestion
linen sheets parachute,1300,3.92,HIGH,10,transactional,suggestion
shower curtain bath rug sets,1300,0.53,HIGH,0,transactional,suggestion
bath rug pottery barn,1300,2.95,HIGH,0,transactional,suggestion
shower curtains and bath rug set,1300,0.53,HIGH,0,transactional,suggestion
boho bath rug,1300,0.7,HIGH,0,transactional,suggestion
bath rug and shower curtain set,1300,0.53,HIGH,0,transactional,suggestion
boho bath rugs,1300,0.7,HIGH,0,transactional,suggestion
bath rugs pottery barn,1300,2.95,HIGH,0,transactional,suggestion
childrens bath rugs,1300,1.11,HIGH,0,transactional,suggestion
green bath rugs,1300,0.84,HIGH,0,transactional,suggestion
bath rugs brown,1300,1.09,HIGH,0,transactional,suggestion
memory foam bath rugs,1300,0.98,HIGH,0,transactional,suggestion
queen size flannel sheets,1000,0.89,HIGH,0,transactional,ideas
pregnancy pillow cooling,1000,1.68,HIGH,21,transactional,ideas
memory foam backrest pillow,1000,0.65,HIGH,0,transactional,ideas
allerease pillow protector,1000,0.51,HIGH,0,transactional,ideas
100 organic bamboo sheets,1000,5.7,HIGH,0,transactional,ideas
rug for bedroom under bed,1000,1.16,HIGH,0,transactional,ideas
minnie mouse bed sheets twin,1000,0.37,HIGH,0,transactional,ideas
cotton queen size blanket,1000,1.43,HIGH,0,transactional,ideas
garnet hill duvet covers,1000,2.94,HIGH,0,transactional,ideas
small lumbar pillow,1000,1.5,HIGH,0,transactional,ideas
breast pillow,1000,0.78,HIGH,0,transactional,ideas
medium firm pillow for back sleepers,1000,6.36,HIGH,0,transactional,ideas
rv queen sheets,1000,0.96,HIGH,0,transactional,ideas
disposable bed sheets,1000,0.76,HIGH,0,transactional,ideas
foot pillow,1000,0.56,HIGH,0,transactional,ideas
purple brand sheets,1000,1.71,HIGH,0,transactional,ideas
clay bar towel,1000,0.85,HIGH,0,transactional,ideas
ugg comforter set king,1000,0.64,HIGH,0,transactional,ideas
green comforter king,1000,1.15,HIGH,0,transactional,ideas
pillow boxes,1000,5.67,HIGH,0,transactional,ideas
down body pillow,1000,2.64,HIGH,0,transactional,ideas
ll bean beach towels,1000,1.58,HIGH,0,transactional,ideas
blue twin comforter,1000,1.09,HIGH,0,transactional,ideas
king size quilts and bedspreads,1000,1.12,HIGH,0,transactional,ideas
feather pillow inserts,1000,2.34,HIGH,0,transactional,ideas
teal comforter,1000,1.36,HIGH,0,transactional,ideas
weighted body pillow,1000,0.86,HIGH,0,transactional,ideas
bed pillows on sale,1000,1.54,HIGH,0,transactional,ideas
boll and branch duvet cover,1000,3.22,HIGH,0,transactional,ideas+suggestion
vintage paper towel holder,1000,0.66,HIGH,0,transactional,ideas
wool blanket king size,1000,2.6,HIGH,0,transactional,ideas
truck bed rug,1000,2.07,HIGH,0,transactional,ideas
lightning mcqueen bed sheets,1000,0.56,HIGH,0,transactional,ideas
medium-firm pillow for back sleepers,1000,6.36,HIGH,0,informational,ideas
pacific coast down comforter,1000,2.89,HIGH,0,informational,ideas
valari pillow,1000,0.58,HIGH,0,transactional,ideas
100 cotton comforter king,1000,1.43,HIGH,0,transactional,ideas
oversized queen bedspreads,1000,0.84,HIGH,0,transactional,ideas
orthopedic pillow for side sleepers,1000,2.83,HIGH,0,transactional,ideas
pillow mist,1000,1.19,HIGH,0,transactional,ideas
sonic bed sheets,1000,0.33,HIGH,0,transactional,ideas
pillow for stomach and side sleepers,1000,2.99,HIGH,0,transactional,ideas
gold comforter set,1000,0.74,HIGH,0,transactional,ideas
split king sheet sets for adjustable beds,1000,4.4,HIGH,0,transactional,ideas
rachel zoe comforter set,1000,0.7,HIGH,0,transactional,ideas
dreamwear nasal pillow,1000,1.98,HIGH,0,transactional,ideas
cozyrest memory foam neck pillow,1000,2.39,HIGH,0,transactional,ideas
back posture pillow,1000,0.8,LOW,1,transactional,ideas
cream bedding set,1000,1.51,HIGH,0,transactional,ideas
couch pillow sizes,1000,0.43,HIGH,0,informational,ideas
best knee pillow for side sleepers,1000,1.4,HIGH,0,transactional,ideas
memory foam contour neck pillow,1000,1.23,LOW,0,transactional,ideas
cozy rest pillow,1000,3.06,HIGH,0,transactional,ideas
duvet cover for weighted blanket,1000,1.01,HIGH,0,transactional,ideas
memory pillow from shirt,1000,0.13,HIGH,0,transactional,ideas
pillow tablet stand,1000,0.42,HIGH,0,transactional,ideas
hospital bed sheets twin xl,1000,0.86,HIGH,0,transactional,ideas
split king bed sheets,1000,5.1,HIGH,0,transactional,ideas
elegant comforter sets,1000,1.2,HIGH,0,transactional,ideas
king size pillows on sale,1000,1.36,HIGH,0,transactional,ideas
crescent roll sheets,1000,0.24,HIGH,8,transactional,ideas
ornatera pillow,1000,2.24,HIGH,0,transactional,ideas
memory foam bolster pillow,1000,1.15,MEDIUM,0,informational,ideas
pillow for upper back pain,1000,2.1,HIGH,0,transactional,ideas
18 inch pillow covers,1000,1.17,HIGH,0,transactional,ideas
pillow talk pajamas,1000,0.66,HIGH,0,transactional,ideas
summer duvet,1000,4.18,HIGH,6,transactional,ideas
tempur-pedic tempur-cloud pillow,1000,2.79,HIGH,1,transactional,ideas
tempur travel pillow,1000,1.91,HIGH,0,transactional,ideas
low loft pillow,1000,1.63,HIGH,0,transactional,ideas
floral king comforter,1000,0.84,HIGH,0,transactional,ideas
millet pillow,1000,1.73,HIGH,0,transactional,ideas
knee wedge pillow,1000,0.61,HIGH,0,transactional,ideas
pregnancy massage pillow,1000,0.72,HIGH,0,transactional,ideas
korean pillow,1000,0.61,HIGH,0,transactional,ideas
cervical neck support pillow,1000,2.08,HIGH,3,transactional,ideas
bath tub with handles,1000,0.72,HIGH,,transactional,ideas
mainstays bedding set,1000,0.31,HIGH,0,transactional,ideas
striped throw pillow,1000,0.86,HIGH,0,transactional,ideas
plane pillow,1000,0.98,HIGH,19,transactional,ideas
travel pillow blanket,1000,1.04,HIGH,0,transactional,ideas
grounding well bed sheets,1000,3.98,HIGH,3,transactional,ideas
wicked bed sheets,1000,1.71,HIGH,0,transactional,ideas
memory foam bed wedge pillow,1000,1.91,LOW,0,transactional,ideas
memory foam pillow for chair,1000,0.8,HIGH,0,transactional,ideas
norwex towels,1000,0.46,HIGH,0,transactional,ideas
terracotta duvet cover,1000,4.18,HIGH,0,transactional,ideas
california king comforter sets clearance,1000,0.69,HIGH,0,transactional,ideas
avocado pillow review,1000,1.7,HIGH,0,informational,ideas
neck pillow nearby,1000,0.37,HIGH,1,transactional,ideas
striped lumbar pillow,1000,1.35,HIGH,0,transactional,ideas
linen pillows,1000,2.08,HIGH,0,transactional,ideas
twin bedding sets for adults,1000,1.05,HIGH,0,informational,ideas
cotton matelasse coverlet,1000,1.63,HIGH,0,transactional,ideas
medical pillow,1000,1.72,HIGH,0,transactional,ideas
flour sack kitchen towels,1000,1.01,HIGH,0,transactional,ideas
pit pillow,1000,1.94,HIGH,0,transactional,ideas
cuddl duds flannel sheets,1000,0.57,HIGH,0,transactional,ideas
felo pillow,1000,2.9,HIGH,0,transactional,ideas
kohl's comforters queen,1000,0.38,HIGH,0,transactional,ideas
cuddledown comforter,1000,4.63,HIGH,0,transactional,ideas
bare home sheets,1000,0.92,HIGH,0,transactional,ideas
big towel,1000,0.65,HIGH,1,transactional,ideas
black and white comforter set queen,1000,0.62,HIGH,0,transactional,ideas
queen comforter on full bed,1000,0.4,HIGH,0,transactional,ideas
dark green duvet cover,1000,2.5,HIGH,0,transactional,ideas
pottery barn duvet insert,1000,5.96,HIGH,0,transactional,ideas
towel rods for bathroom,1000,1,HIGH,0,transactional,ideas
chinese porcelain foot bath,1000,0.31,LOW,0,transactional,ideas
white ruffle comforter,1000,1.27,HIGH,0,transactional,ideas
3 ply paper towels,1000,1.68,HIGH,0,transactional,ideas
sand free beach towel,1000,1.4,HIGH,0,transactional,ideas
beddys sheets,1000,0.82,HIGH,0,transactional,ideas
inflatable travel neck pillow,1000,0.67,HIGH,4,transactional,ideas
down duvet insert queen,1000,4.31,HIGH,0,transactional,ideas
polyester pillow,1000,1.08,HIGH,0,transactional,ideas
towel clips for beach chairs,1000,0.51,HIGH,0,transactional,ideas
kohls beach towel,1000,0.34,HIGH,0,transactional,ideas
oversized king comforter size,1000,1.47,HIGH,0,transactional,ideas
king cotton bedspread,1000,1.39,HIGH,0,transactional,ideas
100 cotton hand towels,1000,0.84,HIGH,0,transactional,ideas
brass paper towel holder,1000,2.57,HIGH,0,transactional,ideas
solid memory foam pillow,1000,1.49,HIGH,2,transactional,ideas
layla pillow,1000,1.6,HIGH,0,transactional,ideas
gorilla pillow,1000,2.75,HIGH,0,transactional,ideas
bean bag pillow,1000,0.58,HIGH,0,transactional,ideas
yellow bath towels,1000,1.07,HIGH,0,transactional,ideas
tempur breeze pillow,1000,2.53,HIGH,0,transactional,ideas
bedspreads on sale,1000,1,HIGH,0,transactional,ideas
eddie bauer comforter,1000,0.97,HIGH,0,transactional,ideas
black friday towel warmer,1000,0.27,LOW,0,transactional,ideas
fuzzy comforter set,1000,0.77,HIGH,0,transactional,ideas
cozy sheets,1000,7.83,HIGH,9,transactional,ideas
duvet insert twin xl,1000,4.6,HIGH,0,transactional,ideas
cervical neck pillow for sleeping,1000,2.13,HIGH,2,transactional,ideas
wedge pillow for adults,1000,1.49,HIGH,2,transactional,ideas
queen weighted blanket,1000,1.99,HIGH,8,transactional,ideas
shoulder surgery pillow,1000,2.98,HIGH,0,transactional,ideas
wedge pillow for shoulder pain,1000,1.18,HIGH,0,transactional,ideas
3-ply paper towels,1000,1.68,HIGH,0,transactional,ideas
pillow for scoliosis,1000,0.64,HIGH,0,transactional,ideas
white king sheets,1000,2.4,HIGH,0,transactional,ideas
pottery barn beach towels,1000,3.25,HIGH,0,transactional,ideas
sherpa comforter,1000,0.82,HIGH,0,transactional,ideas
my brest friend deluxe nursing pillow,1000,1.27,MEDIUM,0,transactional,ideas
best comforter brands,1000,4.65,HIGH,0,commercial,ideas
over the head pillow,1000,1,LOW,0,transactional,ideas
thermarest pillow,1000,0.55,HIGH,0,transactional,ideas
black comforter set king,1000,0.89,HIGH,0,transactional,ideas
lightweight duvet,1000,4.39,HIGH,0,transactional,ideas
polyester fiber pillow,1000,1.08,HIGH,0,transactional,ideas
pillow for under knees,1000,0.93,HIGH,8,transactional,ideas
hip pillow,1000,0.65,HIGH,0,transactional,ideas
down alternative pillow inserts,1000,3.47,HIGH,0,transactional,ideas
childrens bedding set,1000,1.28,HIGH,0,transactional,ideas
rainbow pillow,1000,0.97,HIGH,0,transactional,ideas
cute kitchen towels,1000,0.79,HIGH,0,transactional,ideas
purple harmony pillow review,1000,2.23,HIGH,0,informational,ideas
anthropologie comforter set,1000,0.97,HIGH,0,transactional,ideas
beachy bed sheets,1000,1.65,HIGH,0,transactional,ideas
sea to summit pillow,1000,0.79,HIGH,0,transactional,ideas
side sleeper pillow with arm hole,1000,1.28,HIGH,0,transactional,ideas
bed sheets waterproof,1000,1.13,HIGH,0,transactional,ideas
macy comforter sets clearance,1000,0.3,HIGH,0,transactional,ideas
cotton sheets deep pocket queen,1000,1.54,HIGH,0,transactional,ideas
pottery barn comforter sets,1000,1.69,HIGH,0,transactional,ideas
cars full size bedding,1000,0.75,HIGH,0,transactional,ideas+suggestion
queen comforter sets nearby,1000,0.35,HIGH,0,transactional,ideas
reversible duvet cover,1000,1.37,HIGH,0,transactional,ideas
giant pillow,1000,0.8,HIGH,0,transactional,ideas
bath tea bags,1000,0.61,HIGH,0,transactional,ideas
elevated pillow,1000,0.96,HIGH,2,transactional,ideas
contour pillow for back sleepers,1000,1.54,HIGH,0,transactional,ideas
textured white duvet cover,1000,2.74,HIGH,0,transactional,ideas
yellow bed sheets,1000,0.89,HIGH,0,informational,ideas
linen sheets benefits,1000,3.21,HIGH,0,informational,ideas+suggestion
best stone bath mat,1000,1.54,HIGH,17,commercial,ideas
occipital neuralgia pillow,1000,1.63,HIGH,1,transactional,ideas
animal print pillow,1000,1.13,HIGH,0,transactional,ideas
tacoma bed mat,1000,1.46,HIGH,0,transactional,ideas
stainless steel towel hooks,1000,6.12,MEDIUM,0,transactional,ideas
wedge pillow for couples,1000,1.34,HIGH,0,transactional,ideas
roll pillow,1000,0.6,HIGH,0,transactional,ideas
best firm pillow for side sleepers,1000,3.21,HIGH,2,commercial,ideas
100 cotton comforter set,1000,0.89,HIGH,0,transactional,ideas
children's queen bedding,1000,1.86,HIGH,0,transactional,ideas
best bath pillow,1000,4.27,HIGH,0,transactional,ideas
ring pillow,1000,0.53,HIGH,0,transactional,ideas
bath ball,1000,0.7,HIGH,7,transactional,ideas
starfish pillow,1000,0.82,HIGH,0,transactional,ideas
beckham hotel collection bed pillows,1000,2.59,HIGH,2,transactional,ideas
pillow people 80s,1000,0.13,HIGH,0,informational,ideas
coyuchi towels,1000,2.84,HIGH,0,transactional,ideas
teal bath towels,1000,1.51,HIGH,0,transactional,ideas
sleeper hold pillow,1000,0.69,HIGH,1,transactional,ideas
hypoallergenic duvet,1000,6.26,HIGH,0,transactional,ideas
comforter set sale,1000,0.69,HIGH,0,transactional,ideas
quilt vs sleeping bag,1000,0.73,HIGH,0,informational,ideas
mushroom pillow,1000,0.56,HIGH,1,transactional,ideas
pillow for headaches,1000,1.9,HIGH,0,transactional,ideas
burgundy comforter,1000,1.03,HIGH,0,transactional,ideas
ball pillow,1000,1.77,HIGH,0,transactional,ideas
queen size fleece blanket,1000,0.92,HIGH,0,transactional,ideas
cool bamboo pillow,1000,0.93,HIGH,0,transactional,ideas
ruffle pillow,1000,0.77,HIGH,0,transactional,ideas
shoulder relief pillow,1000,1.42,HIGH,1,transactional,ideas
cotton matelasse bedspread,1000,1.63,HIGH,0,transactional,ideas
king pink comforter set,1000,0.61,HIGH,0,transactional,ideas
stainless steel towel hook,1000,6.12,MEDIUM,0,transactional,ideas
best pillow for side sleepers reddit,1000,4.72,HIGH,0,informational,ideas
pink and black comforter,1000,0.46,HIGH,0,transactional,ideas
zipper bedding set,1000,1.38,HIGH,0,transactional,ideas
best luxury comforter bedding sets,1000,1.88,HIGH,0,commercial,ideas+suggestion
oversized queen comforter sets,1000,0.77,HIGH,0,transactional,ideas
queen comforter set nearby,1000,0.35,HIGH,0,transactional,ideas
sheets chrysler,1000,2.98,MEDIUM,0,transactional,ideas
light weight comforter,1000,2.45,HIGH,0,transactional,ideas
navy blue bedding set,1000,2.17,HIGH,0,transactional,ideas
dillards comforter sets,1000,0.84,HIGH,0,transactional,ideas
shai comforter,1000,,LOW,2,transactional,ideas
linen upholstered bed,1000,3.11,HIGH,0,transactional,ideas
deep fitted sheets,1000,3.19,HIGH,0,transactional,ideas
shoulder pillow for side sleepers,1000,1.84,HIGH,0,informational,ideas
croscill comforter sets,1000,0.7,HIGH,0,transactional,ideas
gingerbread man pillow,1000,0.65,HIGH,0,transactional,ideas
pillow case pattern,1000,0.68,HIGH,0,transactional,ideas
casaluna duvet cover,1000,1.13,HIGH,0,transactional,ideas
bedding sets west elm,1000,1.32,HIGH,1,transactional,ideas
twin pillow size,1000,0.98,HIGH,0,transactional,ideas
u shaped pregnancy body pillow,1000,0.76,MEDIUM,5,transactional,ideas
duvet insert full,1000,1.88,HIGH,0,transactional,ideas
yellow towels,1000,1.01,HIGH,0,transactional,ideas
eco friendly kitchen towels,1000,2.57,MEDIUM,0,transactional,ideas
linen napkins bulk,1000,2.3,HIGH,0,transactional,ideas
mens bedding sets queen,1000,1.41,HIGH,0,transactional,ideas
hello kitty full size bedding,1000,0.63,HIGH,0,transactional,ideas+suggestion
memory foam pillow king,1000,1.95,HIGH,0,transactional,ideas
rectangle pillow,1000,0.79,HIGH,0,transactional,ideas
block print pillow,1000,0.78,HIGH,0,transactional,ideas
cool bed pillows,1000,1.61,HIGH,0,transactional,ideas
types of bed sheets,1000,2.45,HIGH,0,informational,ideas
japanese buckwheat pillow,1000,2.19,HIGH,0,transactional,ideas
down pillows on sale,1000,3.39,HIGH,0,transactional,ideas
bible pillow,1000,0.21,HIGH,0,transactional,ideas
hullo buckwheat pillow,1000,1.68,MEDIUM,0,transactional,ideas
knee pillow for back sleepers,1000,1.01,HIGH,0,transactional,ideas
best pillow for neck pain side sleeper,1000,3.51,HIGH,1,commercial,ideas
navy blue queen comforter set,1000,1.37,HIGH,0,transactional,ideas
contemporary bedding sets,1000,1.55,HIGH,0,transactional,ideas
airplane sleeping pillow,1000,1.05,HIGH,16,transactional,ideas
silk bed sheets queen,1000,2.76,HIGH,0,transactional,ideas
guest towels,1000,2.12,HIGH,0,transactional,ideas
pressure relief pillow,1000,0.91,HIGH,0,transactional,ideas
brown lumbar pillow,1000,1.63,HIGH,0,transactional,ideas
neck pillow for long flights,1000,1.66,HIGH,10,transactional,ideas
shai #comforter,1000,,LOW,4,informational,ideas
best size rug for queen bed,1000,2.35,HIGH,0,informational,ideas
leg elevation wedge pillow,1000,0.67,HIGH,0,transactional,ideas
turtle travel pillow,1000,1.93,HIGH,11,transactional,ideas
queen sheet sets clearance,1000,0.59,HIGH,0,transactional,ideas
best deep pocket sheets,1000,6.87,HIGH,2,commercial,ideas
cotton queen bedspread,1000,1.13,HIGH,0,transactional,ideas
sleep better carpenter pillow,1000,1.94,HIGH,0,transactional,ideas
mlily pillow,1000,1.06,HIGH,0,transactional,ideas
quilt for king bed,1000,1.95,HIGH,0,transactional,ideas
u shaped maternity body pillow,1000,0.76,MEDIUM,9,informational,ideas
chiroflow pillow,1000,0.86,HIGH,0,transactional,ideas
celebrity pillow face,1000,,LOW,0,informational,ideas
miss jessie's pillow soft,1000,0.48,HIGH,0,transactional,ideas
pregnancy stomach pillow,1000,0.78,HIGH,7,transactional,ideas
wedge pillow case,1000,0.52,HIGH,0,transactional,ideas
round floor pillow,1000,1.41,HIGH,0,transactional,ideas
bedgear sheets,1000,3.59,HIGH,0,transactional,ideas
stainless steel under counter paper towel holder,1000,2.05,HIGH,0,transactional,ideas
canopy bed curtains queen,1000,0.44,HIGH,0,transactional,ideas
beige comforter queen,1000,0.86,HIGH,0,transactional,ideas
queen quilt bedding sets,1000,0.88,HIGH,0,transactional,ideas
original boppy pillow,1000,0.43,HIGH,0,transactional,ideas
oversized king duvet insert,1000,2.21,HIGH,0,transactional,ideas
light pink throw pillow,1000,0.92,HIGH,0,transactional,ideas
bridal shower attire,1000,1.09,HIGH,0,transactional,ideas
postpartum robe,1000,2.33,HIGH,0,transactional,ideas
swim robe,1000,1.33,HIGH,0,transactional,ideas
leopard print shower curtain,1000,0.46,HIGH,0,transactional,ideas
mulberry silk robe,1000,3.15,HIGH,0,transactional,ideas
linen beach shirts for men,1000,2.58,HIGH,6,transactional,ideas
100 cotton flannel shirts,1000,0.95,HIGH,0,transactional,ideas
doctoral robe,1000,2.61,HIGH,0,transactional,ideas
linen shirt dresses for women,1000,1.31,HIGH,0,transactional,ideas
linen hoodie,1000,1.21,HIGH,0,transactional,ideas
warm womens robe,1000,2.03,HIGH,6,transactional,ideas
button down linen dress,1000,1.03,HIGH,0,transactional,ideas
linen camp shirt,1000,1.37,HIGH,0,transactional,ideas
linen skirt set,1000,0.86,HIGH,0,transactional,ideas
robe and slipper set,1000,1.49,HIGH,0,transactional,ideas
floral linen dress,1000,1.05,HIGH,0,transactional,ideas
linen shirt mens,1000,2.75,HIGH,3,transactional,ideas
carhartt blanket,1000,0.62,HIGH,0,transactional,ideas
denim comforter,1000,1.17,HIGH,0,transactional,ideas
warm women's robe,1000,2.03,HIGH,10,transactional,ideas
linen t shirt women,1000,1.42,HIGH,0,transactional,ideas
green linen shirt,1000,1.67,HIGH,0,transactional,ideas
summer linen jacket,1000,1.23,HIGH,0,transactional,ideas
ravenclaw robe,1000,0.52,HIGH,0,transactional,ideas
brown linen shirt,1000,1.26,HIGH,0,transactional,ideas
lounge robe,1000,1.25,HIGH,7,transactional,ideas
brown robe,1000,0.98,HIGH,0,transactional,ideas
pink robe victoria secret,1000,1.12,HIGH,7,transactional,ideas
mens robe summer,1000,1.71,HIGH,0,transactional,ideas
velvet robe,1000,0.8,HIGH,0,transactional,ideas
zara linen shirt,1000,1.42,HIGH,0,transactional,ideas
zip up robe,1000,0.85,HIGH,0,transactional,ideas
mens kimono robe,1000,1.15,HIGH,0,transactional,ideas
lace bridal shower dress,1000,1.05,HIGH,0,transactional,ideas
nightgown and robe set,1000,0.95,HIGH,0,transactional,ideas
yellow linen shirt,1000,1.13,HIGH,0,transactional,ideas
oversized linen shirt,1000,1.34,HIGH,0,transactional,ideas
seahawks blanket,1000,0.96,HIGH,0,transactional,ideas
mandarin collar linen shirt,1000,1.76,HIGH,0,informational,ideas
men's linen t shirt,1000,2.15,HIGH,0,informational,ideas
womens fleece robe,1000,1.78,HIGH,0,transactional,ideas
buffalo robe,1000,0.67,MEDIUM,0,transactional,ideas
linen beach dress,1000,1.37,HIGH,0,transactional,ideas
lace bridal robe,1000,1.2,HIGH,0,transactional,ideas
cheetah robe,1000,0.76,HIGH,0,transactional,ideas
t shirt sheets,1000,1.64,HIGH,0,transactional,ideas
flannel throw blanket,1000,1.17,HIGH,0,transactional,ideas
woman bath,1000,3.6,MEDIUM,0,informational,ideas
blanket hoodie for women,1000,1.89,HIGH,0,transactional,ideas
petite linen dresses,1000,1.4,HIGH,0,transactional,ideas
linen waistcoat women,1000,0.89,HIGH,0,transactional,ideas
cotton kimono robe,1000,1.01,HIGH,0,transactional,ideas
floral robe,1000,0.91,HIGH,0,transactional,ideas
shower caps for women,1000,1.19,HIGH,0,transactional,ideas
michael jackson's son blanket,1000,,LOW,5,informational,ideas
minky couture robe,1000,0.48,HIGH,0,transactional,ideas
gap linen dress,1000,0.62,MEDIUM,0,transactional,ideas
warm robe,1000,1.61,HIGH,3,transactional,ideas
brown linen suit,1000,2.24,HIGH,0,transactional,ideas
linen chemise,1000,0.78,HIGH,0,transactional,ideas
c&c california linen shirt,1000,0.4,HIGH,0,transactional,ideas
striped linen shirt,1000,1.31,HIGH,0,transactional,ideas
linen tunics for women,1000,1.2,HIGH,0,transactional,ideas
two piece linen set women,1000,1.02,HIGH,0,transactional,ideas
h and m linen shirt,1000,0.62,HIGH,0,transactional,ideas
light blue linen suit,1000,2.77,HIGH,0,transactional,ideas
summer duvets,1000,4.18,HIGH,6,transactional,suggestion
hypoallergenic duvets,1000,6.26,HIGH,0,transactional,suggestion
woollen duvets,1000,4.22,HIGH,0,transactional,suggestion
how do duvets covers work,1000,1.27,HIGH,0,informational,suggestion
oversized duvets king,1000,2.48,HIGH,,transactional,suggestion
eiderdown duvets,1000,3.08,HIGH,0,transactional,suggestion
wool duvets,1000,4.22,HIGH,0,transactional,suggestion
duvets near me,1000,1.24,HIGH,0,transactional,suggestion
hello kitty full size bedding sets,1000,0.63,HIGH,0,transactional,suggestion
hello kitty bedding set full size,1000,0.63,HIGH,0,transactional,suggestion
full size bedding in cm,1000,1.06,MEDIUM,1,informational,suggestion
skinny bath mats,1000,1.41,HIGH,0,transactional,suggestion
bath mats red,1000,0.8,HIGH,0,transactional,suggestion
colorful bath mats,1000,0.91,HIGH,0,transactional,suggestion
bath mats for heated floors,1000,1.7,HIGH,0,transactional,suggestion
gray bath mats,1000,1.75,HIGH,0,transactional,suggestion
bath mats grey,1000,1.75,HIGH,0,transactional,suggestion
sage green bath mats,1000,1.02,HIGH,0,transactional,suggestion
colored bath mats,1000,0.91,HIGH,0,transactional,suggestion
non skid bath mats,1000,1.65,HIGH,0,transactional,suggestion
floral bath mats,1000,0.68,HIGH,0,transactional,suggestion
best stone bath mats,1000,1.54,HIGH,8,commercial,suggestion
bath mats modern,1000,2.4,HIGH,0,transactional,suggestion
non skid bathtub mats,1000,1.65,HIGH,0,transactional,suggestion
get naked bathroom mat,1000,0.65,HIGH,0,transactional,suggestion
modern bathroom mat,1000,2.4,HIGH,0,transactional,suggestion
red bathroom mat,1000,0.8,HIGH,0,transactional,suggestion
heated mat for bathroom floor,1000,1.7,HIGH,1,transactional,suggestion
grey bathroom floor mat,1000,1.75,HIGH,0,transactional,suggestion
skinny bathroom mat,1000,1.41,HIGH,0,transactional,suggestion
best stone bathroom mat,1000,1.54,HIGH,9,commercial,suggestion
sage green bathroom mat,1000,1.02,HIGH,0,transactional,suggestion
non skid bathroom mat,1000,1.65,HIGH,0,transactional,suggestion
heated mat for bathroom,1000,0.79,HIGH,0,transactional,suggestion
grey bathroom mat,1000,1.75,HIGH,0,transactional,suggestion
eco friendly bathroom mat,1000,1.45,HIGH,0,transactional,suggestion
heating mat bathroom,1000,0.79,HIGH,0,transactional,suggestion
floral bathroom mat,1000,0.68,HIGH,0,transactional,suggestion
heat mat bathroom floor,1000,1.7,HIGH,0,transactional,suggestion
heating mat for bathroom floor,1000,1.7,HIGH,0,transactional,suggestion
bathroom mat gray,1000,1.75,HIGH,0,transactional,suggestion
heated floor mats bathroom,1000,1.7,HIGH,0,transactional,suggestion
contemporary bathroom mats,1000,2.4,HIGH,0,transactional,suggestion
sage green bathroom mats,1000,1.02,HIGH,0,transactional,suggestion
heated bathroom mats,1000,0.79,HIGH,0,transactional,suggestion
floral bathroom mats,1000,0.68,HIGH,0,transactional,suggestion
non skid bathroom mats,1000,1.65,HIGH,0,transactional,suggestion
heat mats for bathroom floors,1000,1.7,HIGH,0,transactional,suggestion
bathroom mats red,1000,0.8,HIGH,0,transactional,suggestion
grey bathroom floor mats,1000,1.75,HIGH,0,transactional,suggestion
gray bathroom mats,1000,1.75,HIGH,0,transactional,suggestion
thin bathroom mats,1000,1.41,HIGH,0,transactional,suggestion
heated bathtub mat,1000,0.79,HIGH,0,transactional,suggestion
grey bathtub mat,1000,1.75,HIGH,0,transactional,suggestion
bathtub heating mat,1000,0.79,HIGH,0,transactional,suggestion
gray bathtub mat,1000,1.75,HIGH,0,transactional,suggestion
non skid bathtub mat,1000,1.65,HIGH,0,transactional,suggestion
teal blankets and throws,1000,1.07,HIGH,0,transactional,suggestion
navy blankets and throws,1000,1.92,HIGH,0,transactional,suggestion
chunky blankets and throws,1000,1.48,HIGH,0,transactional,suggestion
kohl's blankets and throws,1000,0.23,HIGH,0,informational,suggestion
outdoor blankets and throws,1000,2.27,HIGH,1,transactional,suggestion
beige blankets and throws,1000,0.99,HIGH,1,transactional,suggestion
queen blankets and throws,1000,1.61,HIGH,3,transactional,suggestion
advantage of silk pillowcase,1000,1.86,HIGH,0,informational,suggestion
silk pillowcase advantages,1000,1.86,HIGH,0,informational,suggestion
best silk pillowcase for hair,1000,4.2,HIGH,0,commercial,suggestion
benefit of linen sheets,1000,2.06,HIGH,0,informational,suggestion
pottery barn linen sheets,1000,4.49,HIGH,0,transactional,suggestion
advantages of linen sheets,1000,2.06,HIGH,0,informational,suggestion
west elm linen sheets,1000,3.6,HIGH,0,transactional,suggestion
bath rug threshold,1000,0.46,HIGH,0,transactional,suggestion
bath rug on sale,1000,0.6,HIGH,0,transactional,suggestion
wamsutta bath rug,1000,1.02,HIGH,0,transactional,suggestion
funny bath rug,1000,0.82,HIGH,0,transactional,suggestion
fun bath rug,1000,0.82,HIGH,0,transactional,suggestion
bath rug teal,1000,0.76,HIGH,0,transactional,suggestion
bath rug red,1000,0.8,HIGH,0,transactional,suggestion
flower bath rug,1000,0.66,HIGH,0,transactional,suggestion
floral bath rug,1000,0.66,HIGH,0,transactional,suggestion
funky bath rug,1000,0.82,HIGH,0,transactional,suggestion
bath rugs teal,1000,0.76,HIGH,0,transactional,suggestion
sale bath rugs,1000,0.6,HIGH,0,transactional,suggestion
wamsutta bath rugs,1000,1.02,HIGH,0,transactional,suggestion
flower bath rugs,1000,0.66,HIGH,0,transactional,suggestion
funny bath rugs,1000,0.82,HIGH,0,transactional,suggestion
teal colored bath rugs,1000,0.76,HIGH,0,transactional,suggestion
threshold bath rugs,1000,0.46,HIGH,0,transactional,suggestion
olanly bath rugs,1000,0.59,HIGH,0,transactional,suggestion
blanket hoodie for adults,880,1.99,HIGH,0,transactional,ideas
angels robe,880,0.59,LOW,,informational,ideas
linen blend dresses,880,0.97,HIGH,0,transactional,ideas
linen a line dress,880,1.08,HIGH,0,transactional,ideas
linen maternity dress,880,1.67,HIGH,0,transactional,ideas
boudoir poses cheat sheet,880,1.88,LOW,0,informational,ideas
widow robe,880,0.36,HIGH,0,transactional,ideas
sleeveless linen dress,880,1.17,HIGH,0,transactional,ideas
white linen midi dress,880,1.09,HIGH,0,transactional,ideas
lightweight linen shirt,880,2.26,HIGH,0,transactional,ideas
lightweight cotton robe,880,1.29,HIGH,0,transactional,ideas
linen polo shirts men,880,2.25,HIGH,0,transactional,ideas
white lace robe,880,1.09,HIGH,0,transactional,ideas
long white linen dress,880,1.12,HIGH,0,transactional,ideas
fight club robe,880,0.28,HIGH,0,transactional,ideas
lazy one blanket hoodie,880,0.78,HIGH,0,transactional,ideas
white linen blazer,880,1.94,HIGH,0,transactional,ideas
robe with a zipper,880,0.9,HIGH,0,transactional,ideas
linen dress pattern,880,0.35,HIGH,0,informational,ideas
vikings blanket,880,1.12,HIGH,0,transactional,ideas
embroidered linen dress,880,0.69,HIGH,0,transactional,ideas
macys flannel sheets,880,0.53,HIGH,0,transactional,ideas
white linen blouse,880,1.1,HIGH,0,transactional,ideas
black linen shirt women,880,1.49,HIGH,0,transactional,ideas
leopard print towels,880,0.52,HIGH,0,transactional,ideas
double breasted linen suit,880,2.27,HIGH,0,transactional,ideas
sexy robe for women,880,1.72,HIGH,0,transactional,ideas
lake pajamas robe,880,1.34,HIGH,0,transactional,ideas
ugg queen blanket,880,0.64,HIGH,0,transactional,ideas
harry potter gryffindor robe,880,0.47,HIGH,0,transactional,ideas
weezie towels robe,880,0.81,HIGH,0,transactional,ideas
softies robe,880,2.23,HIGH,0,transactional,ideas
carhartt blanket lined jacket,880,0.4,HIGH,0,transactional,ideas
bath sets for women,880,1.46,HIGH,0,transactional,ideas
linen tuxedo,880,2.9,HIGH,0,transactional,ideas
white bath robe,880,1.38,HIGH,0,transactional,ideas
linen t shirt men,880,1.99,HIGH,0,transactional,ideas
beach robe,880,1.34,HIGH,0,transactional,ideas
short silk robe,880,1.57,HIGH,0,transactional,ideas
banana republic linen suit,880,2.18,HIGH,0,transactional,ideas
white linen outfit,880,1.49,HIGH,0,transactional,ideas
linen short sleeve shirt women's,880,1.4,HIGH,0,informational,ideas
linen romper women,880,1.25,HIGH,0,transactional,ideas
banana republic linen dress,880,0.83,HIGH,0,transactional,ideas
linen bra,880,1.01,HIGH,0,transactional,ideas
cropped linen shirt,880,1.07,HIGH,0,transactional,ideas
bride robe set,880,1.16,HIGH,0,transactional,ideas
short sleeve linen dress,880,1.3,HIGH,0,transactional,ideas
minky robe,880,0.91,HIGH,0,transactional,ideas
long bridal robe,880,1.14,HIGH,0,transactional,ideas
male robe,880,1.46,HIGH,0,transactional,ideas
linen dresses with sleeves,880,1.05,HIGH,0,transactional,ideas
women versace robe,880,1.5,HIGH,0,transactional,ideas
long sleeve bridal shower dress,880,1.28,HIGH,0,transactional,ideas
pottery barn robe women,880,2.67,HIGH,0,transactional,ideas
red silk robe,880,1.2,HIGH,0,transactional,ideas
women zipper robe,880,0.84,HIGH,0,transactional,ideas
crane and canopy duvet cover,880,2.28,HIGH,0,transactional,suggestion
white and blue duvet cover,880,2.04,HIGH,0,transactional,suggestion
black and white duvet cover,880,2.23,HIGH,0,transactional,suggestion
can you wash duvets,880,0.24,LOW,0,informational,suggestion
green duvets,880,2.12,HIGH,0,transactional,suggestion
duvets king size,880,2.44,HIGH,0,transactional,suggestion
silk duvets,880,4.83,HIGH,0,transactional,suggestion
toilet duvets,880,1.09,HIGH,0,transactional,suggestion
full size pink bedding,880,1.13,HIGH,0,transactional,suggestion
pink bedding sets full size,880,0.72,HIGH,0,transactional,suggestion
cotton duvet set,880,1.58,HIGH,1,transactional,suggestion
duvet cover washed cotton,880,1.78,HIGH,0,transactional,suggestion
cool bathtub mats,880,1.35,HIGH,0,transactional,suggestion
boho bathroom mats,880,0.94,HIGH,0,transactional,suggestion
purple bathroom mats,880,0.81,HIGH,0,transactional,suggestion
halloween bathroom mats,880,0.59,HIGH,0,transactional,suggestion
cool bathroom mats,880,1.35,HIGH,1,transactional,suggestion
semi circle bathroom mats,880,0.69,HIGH,0,transactional,suggestion
bathroom mats that soak up water,880,0.99,HIGH,0,transactional,suggestion
super absorbent bathroom mats,880,1.19,HIGH,0,transactional,suggestion
bathroom mats yellow,880,0.88,HIGH,0,transactional,suggestion
home goods bathroom mats,880,0.48,HIGH,4,transactional,suggestion
water absorbing bathroom mats,880,0.99,HIGH,0,transactional,suggestion
best bathroom floor mats,880,1.62,HIGH,9,commercial,suggestion
purple bathtub mat,880,0.81,HIGH,0,transactional,suggestion
merino wool blankets and throws,880,1.92,HIGH,0,transactional,suggestion
harry potter blankets and throws,880,0.64,HIGH,0,transactional,suggestion
fluffy blankets and throws,880,1.16,HIGH,3,transactional,suggestion
terracotta throws and blankets,880,1.46,HIGH,0,transactional,suggestion
ll bean blankets and throws,880,1,HIGH,0,informational,suggestion
striped blankets and throws,880,1.03,HIGH,0,transactional,suggestion
gold blankets and throws,880,0.89,HIGH,0,transactional,suggestion
disney throws and blankets,880,0.49,HIGH,0,transactional,suggestion
llbean blankets and throws,880,1,HIGH,0,transactional,suggestion
black and white throw blankets,880,1.18,HIGH,0,transactional,suggestion
king size bedding sets luxury,880,2.52,HIGH,0,transactional,suggestion
luxury bedding set king size,880,2.52,HIGH,0,transactional,suggestion
king size luxury bedding,880,2.52,HIGH,0,transactional,suggestion
luxury hotel bedding sets,880,4.03,HIGH,18,transactional,suggestion
luxury hotel bedding set,880,4.03,HIGH,21,transactional,suggestion
king bed bedding luxury,880,3.3,HIGH,0,transactional,suggestion
cheap bedding furniture,880,1.99,HIGH,11,transactional,suggestion
king pillowcase silk,880,6.91,HIGH,0,transactional,suggestion
silk pure pillowcase,880,4.09,HIGH,6,transactional,suggestion
silk white pillowcase,880,4.79,HIGH,0,transactional,suggestion
are linen bed sheets comfortable,880,2.8,HIGH,0,informational,suggestion
linen sheets striped,880,3.85,HIGH,0,transactional,suggestion
linen bed sheets king size,880,4.72,HIGH,0,transactional,suggestion
linen sheets queen set,880,3.67,HIGH,10,transactional,suggestion
linen sheets france,880,4.36,HIGH,13,transactional,suggestion
are linen sheets soft,880,2.8,HIGH,0,informational,suggestion
linen stripe sheets,880,3.85,HIGH,0,transactional,suggestion
striped linen bed sheets,880,3.85,HIGH,0,transactional,suggestion
french linen bed sheets,880,4.36,HIGH,0,transactional,suggestion
bamboo vs linen sheets,880,5.98,HIGH,0,informational,suggestion
are linen sheets comfortable,880,2.8,HIGH,0,informational,suggestion
sale linen sheets,880,3.28,HIGH,0,transactional,suggestion
4 piece bath rug sets,880,0.52,HIGH,0,transactional,suggestion
cotton bath rug sets,880,0.81,HIGH,0,transactional,suggestion
how to wash bath rug,880,0.09,LOW,26,informational,suggestion
bath rug yellow,880,0.88,HIGH,0,transactional,suggestion
bath rug modern,880,1.3,HIGH,0,transactional,suggestion
bath rug purple,880,0.81,HIGH,0,transactional,suggestion
bath rug 3 x 5,880,1.56,HIGH,0,transactional,suggestion
3x5 bath rug,880,1.56,HIGH,0,transactional,suggestion
bath rug burgundy,880,0.62,HIGH,0,transactional,suggestion
4-piece bath rug set,880,0.52,HIGH,0,transactional,suggestion
bath rug set 4 piece,880,0.52,HIGH,0,transactional,suggestion
navy blue bath rug,880,0.79,HIGH,0,transactional,suggestion
bath rugs purple,880,0.81,HIGH,0,transactional,suggestion
burgundy bath rugs,880,0.62,HIGH,0,transactional,suggestion
3x5 bath rugs,880,1.56,HIGH,0,transactional,suggestion
navy blue bath rugs,880,0.79,HIGH,0,transactional,suggestion
modern bath rugs,880,1.3,HIGH,0,transactional,suggestion
burgundy color bath rugs,880,0.62,HIGH,0,transactional,suggestion
home goods bath rugs,880,0.48,HIGH,0,transactional,suggestion
bath rugs yellow,880,0.88,HIGH,0,transactional,suggestion
bath rugs sage green,880,0.66,HIGH,0,transactional,suggestion
cotton bath rugs non slip,880,1.79,HIGH,0,transactional,suggestion
womens quilted robe,720,1.82,HIGH,0,transactional,ideas
off the shoulder linen dress,720,0.78,HIGH,0,transactional,ideas
lebowski robe,720,1.23,HIGH,0,transactional,ideas
bamboo robe,720,2.65,HIGH,0,transactional,ideas
mens satin robe,720,1.08,HIGH,0,transactional,ideas
linen shirt hot weather,720,1.76,HIGH,0,transactional,ideas
womens white linen top,720,1.22,HIGH,0,transactional,ideas
winter robe,720,0.93,HIGH,8,transactional,ideas
womens white linen blazer,720,1.91,HIGH,0,transactional,ideas
blue linen shirt women,720,1.3,HIGH,0,transactional,ideas
snuggie blanket hoodie,720,0.87,HIGH,0,transactional,ideas
cassock robe,720,0.91,HIGH,0,transactional,ideas
striped terry cloth robe,720,1.35,HIGH,0,transactional,ideas
sigrid olsen linen shirt,720,0.54,HIGH,0,transactional,ideas
white satin robe,720,1.08,HIGH,1,transactional,ideas
asket linen shirts,720,2.86,HIGH,0,transactional,ideas
shower dress,720,1.3,HIGH,0,transactional,ideas
linen vest men,720,1.68,HIGH,0,transactional,ideas
thin robe,720,0.95,HIGH,0,transactional,ideas
bts blanket,720,1.06,HIGH,0,transactional,ideas
orange linen dress,720,0.85,HIGH,0,transactional,ideas
white linen jacket,720,1.6,HIGH,0,transactional,ideas
hospital robe,720,1.71,HIGH,0,transactional,ideas
womens bamboo robe,720,3.47,HIGH,0,transactional,ideas
navy linen dresses,720,1.38,HIGH,0,transactional,ideas
white linen shirt dress,720,2.33,HIGH,0,transactional,ideas
linen cocktail dress,720,1.11,HIGH,0,transactional,ideas
madewell linen dress,720,0.84,HIGH,0,transactional,ideas
red linen shirt,720,1.26,HIGH,0,transactional,ideas
four seasons spa robe,720,3.71,HIGH,0,transactional,ideas
waterproof stadium blanket,720,1.24,HIGH,0,transactional,ideas
comforter jersey,720,1.42,HIGH,0,transactional,ideas
linen shirts for hot weather,720,1.76,HIGH,0,transactional,ideas
long robe satin,720,0.82,HIGH,0,transactional,ideas
linen short sets for women,720,1.03,HIGH,0,transactional,ideas
j crew linen suit,720,2.12,HIGH,0,transactional,ideas
red versace robe,720,1.02,HIGH,0,transactional,ideas
pink striped robe,720,0.71,HIGH,0,transactional,ideas
white linen suit women,720,1.32,HIGH,0,transactional,ideas
vintage robe,720,0.49,HIGH,0,transactional,ideas
sherpa vs fleece blanket,720,2.29,HIGH,0,commercial,ideas
white linen jacket women,720,1.69,HIGH,0,transactional,ideas
off hours robe,720,0.91,HIGH,0,transactional,ideas
muslim robe,720,0.3,HIGH,0,transactional,ideas
womens linen cardigan,720,1.47,HIGH,0,transactional,ideas
magaschoni linen dress,720,0.44,HIGH,0,transactional,ideas
blanket cape,720,1.31,HIGH,0,transactional,ideas
linen slip dress,720,1.17,HIGH,0,transactional,ideas
white linen dress shirt mens,720,2.84,HIGH,0,transactional,ideas
ugg sherpa blanket,720,0.61,HIGH,0,transactional,ideas
mens linen tunic,720,1.36,HIGH,0,transactional,ideas
rachel zoe linen shirt,720,0.42,HIGH,1,transactional,ideas
pajama robe,720,1.35,HIGH,0,transactional,ideas
womens short sleeve robe,720,1.6,HIGH,0,transactional,ideas
pink satin robe,720,0.92,HIGH,5,transactional,ideas
sherpa robe,720,1.03,HIGH,0,transactional,ideas
robe nearby,720,0.28,HIGH,0,transactional,ideas
grey linen suit,720,2.13,HIGH,0,transactional,ideas
see through robe,720,0.69,HIGH,0,transactional,ideas
women's linen cardigan,720,1.47,HIGH,0,informational,ideas
sweatshirt robe,720,1.42,HIGH,0,transactional,ideas
silk kimono robe for women,720,2.82,HIGH,0,transactional,ideas
linen apron dress,720,0.87,HIGH,0,transactional,ideas
linen suits for women,720,1.43,HIGH,0,transactional,ideas
tan linen suit for men,720,2.61,HIGH,0,transactional,ideas
white terry cloth robe,720,1.77,HIGH,0,transactional,ideas
white linen long sleeve,720,1.77,HIGH,0,transactional,ideas
catholic priest robe,720,1.23,HIGH,1,transactional,ideas
pure linen dress,720,0.89,HIGH,0,transactional,ideas
linen tunic tops,720,1.39,HIGH,0,transactional,ideas
pink fluffy robe,720,1.19,HIGH,0,transactional,ideas
striped terry robe,720,1.35,HIGH,0,transactional,ideas
snoopy robe,720,1.05,HIGH,0,transactional,ideas
tommy bahama linen shirt,720,1.71,HIGH,0,transactional,ideas
cotton bath robes for women,720,1.57,HIGH,0,transactional,ideas
taking a bath while pregnant,720,2.03,LOW,0,informational,ideas
fall bridal shower dress,720,0.88,HIGH,0,transactional,ideas
navy linen suit,720,3.41,HIGH,0,transactional,ideas
linen cropped jacket,720,1.49,HIGH,0,transactional,ideas
floor length robe,720,0.75,HIGH,0,transactional,ideas
girly shower curtain,720,0.65,HIGH,0,transactional,ideas
parachute waffle robe,720,2.48,HIGH,0,transactional,ideas
women linen sweater,720,1.5,HIGH,0,informational,ideas
women linen,720,1.57,HIGH,0,transactional,ideas
linen formal dresses,720,0.98,HIGH,0,informational,ideas
pendleton sherpa blanket,720,0.4,HIGH,0,transactional,ideas
cowboy robe,720,1.04,HIGH,0,transactional,ideas
duvet cover h and m,720,0.69,HIGH,0,transactional,suggestion
curtains as shower curtain,720,1.39,HIGH,0,transactional,suggestion
pink duvets,720,1.43,HIGH,0,transactional,suggestion
christmas duvets,720,1.3,HIGH,0,transactional,suggestion
duvets on sale,720,2.55,HIGH,0,transactional,suggestion
bed sets duvets,720,2.55,HIGH,11,transactional,suggestion
floral duvets,720,1.39,HIGH,0,transactional,suggestion
quilts duvets,720,1.84,HIGH,0,transactional,suggestion
duvets at macy's,720,0.96,HIGH,0,transactional,suggestion
duvets vs quilts,720,4.01,HIGH,0,informational,suggestion
gingham duvets,720,1.62,HIGH,0,transactional,suggestion
xmas duvets,720,1.3,HIGH,0,transactional,suggestion
sales on duvets,720,2.55,HIGH,0,transactional,suggestion
quilted duvets,720,1.84,HIGH,0,transactional,suggestion
minecraft bedding full size,720,0.48,HIGH,0,transactional,suggestion
quilt bedding sets full size,720,0.74,HIGH,0,transactional,suggestion
minecraft bedding set full size,720,0.48,HIGH,0,transactional,suggestion
black bedding full size,720,0.96,HIGH,0,transactional,suggestion
pottery barn full size bedding,720,2.43,HIGH,0,transactional,suggestion
stripe cotton duvet cover,720,2.23,HIGH,0,transactional,suggestion
striped duvet cover cotton,720,2.23,HIGH,0,transactional,suggestion
bathtub mats with suction cups,720,0.87,HIGH,0,transactional,suggestion
extra long bathtub mats,720,1.48,HIGH,0,transactional,suggestion
bathtub spa mats,720,0.93,HIGH,0,transactional,suggestion
bathtub mats without suction cups,720,0.49,HIGH,0,transactional,suggestion
personalized bathroom mats,720,2.34,HIGH,0,transactional,suggestion
extra long bathroom mats,720,1.48,HIGH,0,transactional,suggestion
foam bathroom mats,720,0.98,HIGH,0,transactional,suggestion
dark green bathroom mats,720,1.13,HIGH,0,transactional,suggestion
bathroom mats beige,720,1.16,HIGH,0,transactional,suggestion
wirecutter bathtub mat,720,1.69,HIGH,21,transactional,suggestion
suction cup bathtub mat,720,0.87,HIGH,3,transactional,suggestion
bathtub mat with suction cups,720,0.87,HIGH,0,transactional,suggestion
no suction cup bathtub mat,720,0.49,HIGH,0,transactional,suggestion
bathtub spa mat,720,0.93,HIGH,0,transactional,suggestion
foam bathtub mat,720,0.98,HIGH,1,transactional,suggestion
square bathtub mat,720,1.73,HIGH,0,transactional,suggestion
extra long bathtub mat,720,1.48,HIGH,0,transactional,suggestion
bathtub mat nearby,720,0.35,HIGH,0,transactional,suggestion
bathtub mat no suction cups,720,0.49,HIGH,0,transactional,suggestion
bathtub mat without suction cups,720,0.49,HIGH,0,transactional,suggestion
antimicrobial bathtub mat,720,0.8,HIGH,0,transactional,suggestion
soft throws and blankets,720,2.78,HIGH,0,transactional,suggestion
designer throws and blankets,720,1.86,HIGH,0,transactional,suggestion
mustard throws and blankets,720,1.03,HIGH,0,transactional,suggestion
animal print blankets and throws,720,0.56,HIGH,0,transactional,suggestion
macy's throws and blankets,720,0.43,HIGH,0,transactional,suggestion
holiday blankets and throws,720,0.42,HIGH,3,transactional,suggestion
macys blankets and throws,720,0.43,HIGH,0,transactional,suggestion
fuzzy blankets and throws,720,0.98,HIGH,6,transactional,suggestion
luxury bamboo bedding set,720,10.91,HIGH,0,transactional,suggestion
luxury cotton bedding set,720,9.35,HIGH,0,transactional,suggestion
luxury contemporary bedding,720,3.34,HIGH,0,transactional,suggestion
city furniture bedding,720,1.53,HIGH,0,transactional,suggestion
ashley furniture discontinued bedding sets,720,1.55,HIGH,0,transactional,suggestion
best silk pillowcase for skin and hair,720,5.59,HIGH,11,commercial,suggestion
silk pillowcase for 4c hair,720,0.49,MEDIUM,0,transactional,suggestion
silk black pillowcase,720,2.04,HIGH,0,transactional,suggestion
linen twin bed sheets,720,3.75,HIGH,1,transactional,suggestion
twin linen sheets,720,3.75,HIGH,0,transactional,suggestion
flat linen sheets,720,2.79,HIGH,0,transactional,suggestion
unique bath rug,720,0.96,HIGH,0,transactional,suggestion
beige bath rug,720,0.86,HIGH,0,transactional,suggestion
bath rug toilet,720,0.88,HIGH,2,transactional,suggestion
bath rug ivory,720,1.3,HIGH,0,transactional,suggestion
bath rug taupe,720,0.95,HIGH,0,transactional,suggestion
thin bath rug,720,1.04,HIGH,5,transactional,suggestion
gorilla grip bath rug,720,0.41,HIGH,0,transactional,suggestion
vera wang bath rug,720,0.57,HIGH,0,transactional,suggestion
black bath rug set,720,0.4,HIGH,0,transactional,suggestion
colorful bath rug,720,0.92,HIGH,0,transactional,suggestion
black bath rug sets,720,0.4,HIGH,0,transactional,suggestion
bath rug brown,720,0.76,HIGH,0,transactional,suggestion
bath rug light blue,720,0.86,HIGH,0,transactional,suggestion
halloween bath rug,720,0.37,HIGH,0,transactional,suggestion
bath rug foam,720,0.98,HIGH,0,transactional,suggestion
waterproof bath rug,720,0.69,HIGH,0,transactional,suggestion
bath rug measurements,720,0.56,HIGH,0,informational,suggestion
bath rug sizes,720,0.56,HIGH,0,transactional,suggestion
bath rug dimensions,720,0.56,HIGH,0,informational,suggestion
gorilla grip bath rugs,720,0.41,HIGH,0,transactional,suggestion
halloween bath rugs,720,0.37,HIGH,0,transactional,suggestion
taupe bath rugs,720,0.95,HIGH,0,transactional,suggestion
bath area rugs,720,1.61,HIGH,0,transactional,suggestion
colorful bath rugs,720,0.92,HIGH,0,transactional,suggestion
black bath rugs set,720,0.4,HIGH,0,transactional,suggestion
ivory bath rugs,720,1.3,HIGH,0,transactional,suggestion
bath rugs beige,720,1.16,HIGH,0,transactional,suggestion
light blue bath rugs,720,0.86,HIGH,0,transactional,suggestion
taupe colored bath rugs,720,0.95,HIGH,0,transactional,suggestion
toilet bath rugs,720,0.88,HIGH,2,transactional,suggestion
vera wang bath rugs,720,0.57,HIGH,0,transactional,suggestion
shaggy bath rugs,720,0.95,HIGH,0,transactional,suggestion
mens white linen short sleeve shirt,590,2.83,HIGH,0,transactional,ideas
victoria's secret robe black,590,0.61,HIGH,38,transactional,ideas
sheet dress,590,0.73,HIGH,0,transactional,ideas
long bath robe,590,1.31,HIGH,0,transactional,ideas
100 linen clothing for women,590,1.28,HIGH,0,transactional,ideas
robe for tall women,590,1.02,HIGH,0,transactional,ideas
black satin robe,590,1.12,HIGH,0,transactional,ideas
lands end terry cloth robe,590,1.79,HIGH,0,transactional,ideas
big and tall robe,590,1.58,HIGH,0,transactional,ideas
men's white linen set,590,1.61,HIGH,0,transactional,ideas
men's cotton flannel shirts,590,1.52,HIGH,0,informational,ideas
white linen halter dress,590,0.88,HIGH,0,transactional,ideas
linen pinafore dress,590,0.74,HIGH,0,transactional,ideas
long cotton robe womens,590,1.3,HIGH,0,transactional,ideas
old hollywood robe,590,0.62,HIGH,0,transactional,ideas
linen vacation dresses,590,1.33,HIGH,0,transactional,ideas
striped robe women's,590,1.24,HIGH,0,transactional,ideas
striped linen dress,590,1.08,HIGH,0,transactional,ideas
lounge robe women,590,1.73,HIGH,16,transactional,ideas
linen sets women summer,590,1.38,HIGH,0,commercial,ideas
bridal shower dress for mother of the bride,590,1.32,HIGH,0,transactional,ideas
black robe victoria secret,590,0.61,HIGH,38,transactional,ideas
acid bath t shirt,590,1.27,HIGH,0,transactional,ideas
linen suit jacket,590,2.25,HIGH,0,transactional,ideas
hooded robe womens,590,2.04,HIGH,0,transactional,ideas
zara linen skirt,590,0.63,HIGH,0,transactional,ideas
long kimono robe,590,0.75,HIGH,0,transactional,ideas
victoria secret robe pink stripe,590,0.85,HIGH,1,transactional,ideas
mango linen dress,590,0.79,HIGH,0,transactional,ideas
robe femme,590,0.63,MEDIUM,0,transactional,ideas
long sleeve mens white linen shirt,590,2.83,HIGH,0,transactional,ideas
brown linen skirt,590,0.95,HIGH,0,transactional,ideas
short sleeve linen shirt women,590,1.53,HIGH,0,transactional,ideas
cream linen suit,590,3.04,HIGH,0,transactional,ideas
ugg faux fur blanket,590,1.01,HIGH,0,transactional,ideas
versace robe pink,590,0.9,HIGH,0,transactional,ideas
short kimono robe,590,1.27,HIGH,0,transactional,ideas
robe belt,590,0.74,HIGH,0,transactional,ideas
linen dress beige,590,0.97,HIGH,0,transactional,ideas
juicy couture robe pink,590,0.2,HIGH,0,transactional,ideas
african robe,590,0.26,HIGH,0,transactional,ideas
purple linen dress,590,0.98,HIGH,0,transactional,ideas
bath model,590,3.62,HIGH,4,transactional,ideas
womens robe victoria secret,590,1.51,HIGH,10,transactional,ideas
white linen short sleeve shirt men,590,2.83,HIGH,0,transactional,ideas
navy linen shirt,590,1.71,HIGH,0,transactional,ideas
linen 2 piece set women,590,0.93,HIGH,0,transactional,ideas
uniqlo linen shirt women,590,0.77,HIGH,0,transactional,ideas
reformation monette linen dress,590,0.66,HIGH,0,transactional,ideas
heated blanket hoodie,590,1.39,HIGH,0,transactional,ideas
womens night robe,590,1.15,HIGH,0,transactional,ideas
white linen shirt uniqlo,590,0.55,HIGH,0,transactional,ideas
cheetah print shower curtain,590,0.36,HIGH,0,transactional,ideas
womens velvet robe,590,1.01,HIGH,0,transactional,ideas
baptism robe,590,1.79,HIGH,0,transactional,ideas
white linen dresses,590,1.26,HIGH,0,transactional,ideas
white robe womens,590,1.35,HIGH,0,transactional,ideas
grey robe,590,0.99,HIGH,0,transactional,ideas
baird mcnutt linen shirt,590,2.05,HIGH,0,transactional,ideas
youth fleece robe,590,1.48,HIGH,0,transactional,ideas
martha stewart flannel sheets,590,0.64,HIGH,0,transactional,ideas
abercrombie linen shirt,590,0.94,HIGH,0,transactional,ideas
zipper front robes full length,590,0.89,HIGH,0,transactional,ideas
green linen suit mens,590,2.11,HIGH,0,transactional,ideas
white linen vest,590,1.38,HIGH,0,transactional,ideas
maternity shower dresses,590,1.84,HIGH,0,transactional,ideas
striped linen shirt men,590,1.63,HIGH,0,transactional,ideas
men's white linen short sleeve shirt,590,2.83,HIGH,0,transactional,ideas
black linen blazer women,590,1.35,HIGH,0,transactional,ideas
pure linen clothing for women,590,1.09,HIGH,0,transactional,ideas
birthing robe,590,1.04,HIGH,0,transactional,ideas
mens flannel shirts on sale,590,0.88,HIGH,0,transactional,ideas
parachute home robe,590,1.45,HIGH,0,transactional,ideas
full length robes for women,590,1.53,HIGH,0,informational,ideas
cozy blanket hoodie,590,2.87,HIGH,3,transactional,ideas
men's pink linen shirt,590,2.28,HIGH,0,transactional,ideas
linen henley shirt,590,1.47,HIGH,0,transactional,ideas
jcpenney flannel sheets,590,0.55,HIGH,0,transactional,ideas
zip front robe,590,1.24,HIGH,0,transactional,ideas
hello kitty robe women,590,0.67,HIGH,0,transactional,ideas
women's pink linen shirt,590,1.32,HIGH,0,transactional,ideas
goth robe,590,0.7,HIGH,0,transactional,ideas
white linen set for men,590,1.61,HIGH,0,transactional,ideas
linen vacation dress,590,1.33,HIGH,0,transactional,ideas
women orange linen shirt,590,0.76,HIGH,0,transactional,ideas
preacher robe,590,0.95,HIGH,0,transactional,ideas
white robe women,590,1.35,HIGH,0,transactional,ideas
victoria secret red robe,590,0.6,HIGH,0,transactional,ideas
tulle robe,590,0.65,HIGH,0,transactional,ideas
robe sets,590,0.98,HIGH,0,transactional,ideas
anime blanket hoodie,590,1.01,HIGH,0,transactional,ideas
gap linen skirt,590,0.56,HIGH,0,transactional,ideas
women's robe victoria's secret,590,1.51,HIGH,11,transactional,ideas
fur robe for men,590,2.12,HIGH,0,transactional,ideas
macy's men's linen suit,590,1.2,HIGH,0,transactional,ideas
womens tall robe,590,1.02,HIGH,0,transactional,ideas
hooded blanket poncho,590,0.86,HIGH,0,transactional,ideas
women's bath robes,590,2.61,HIGH,9,informational,ideas
yellow linen shirt women,590,1.02,HIGH,0,transactional,ideas
long cotton robe,590,1.22,HIGH,0,transactional,ideas
winter bridal shower guest outfit,590,0.84,HIGH,0,transactional,ideas
cowboys shower curtain,590,0.46,HIGH,0,transactional,ideas
big blanket hoodie,590,2.75,HIGH,0,transactional,ideas
linen sarees,590,0.41,HIGH,0,transactional,ideas
white linen set womens,590,1.03,HIGH,0,transactional,ideas
priests robe,590,1.26,LOW,0,transactional,ideas
robe de style,590,0.19,LOW,0,transactional,ideas
lands end robe womens,590,1.56,HIGH,0,transactional,ideas
body pillow with arms,590,0.42,HIGH,0,transactional,ideas
tahari linen shirts,590,0.74,HIGH,0,transactional,ideas
bath wrap women,590,1.33,HIGH,0,transactional,ideas
long white robe,590,0.96,HIGH,0,transactional,ideas
red robe women,590,0.78,HIGH,0,transactional,ideas
women's plus size flannel shirts,590,1.75,HIGH,0,commercial,ideas
j crew men linen shirt,590,2.78,HIGH,0,transactional,ideas
light blue linen dress,590,1.2,HIGH,0,transactional,ideas
terry cloth spa robe,590,2.8,HIGH,0,transactional,ideas
womens orange linen shirt,590,0.76,HIGH,0,transactional,ideas
robe de mariage,590,0.35,HIGH,0,transactional,ideas
women's orange linen shirt,590,0.76,HIGH,0,transactional,ideas
bed sheets and duvet cover,590,4.71,HIGH,19,transactional,suggestion
serena and lily duvet cover,590,2.28,HIGH,0,transactional,suggestion
blue and green duvet cover,590,2.06,HIGH,0,transactional,suggestion
bed sheet and duvet cover,590,4.71,HIGH,16,transactional,suggestion
sheets and duvet cover set,590,4.52,HIGH,21,transactional,suggestion
bedsheet and duvet cover set,590,4.52,HIGH,0,transactional,suggestion
duvet cover and sheet sets,590,4.52,HIGH,0,transactional,suggestion
duvet cover and sheets,590,4.71,HIGH,0,transactional,suggestion
parachute duvets,590,3.08,HIGH,2,transactional,suggestion
duvets black,590,1.61,HIGH,0,transactional,suggestion
duvets sizes,590,0.78,HIGH,0,transactional,suggestion
separate duvets for couples,590,1.07,HIGH,0,transactional,suggestion
bamboo duvets,590,6.34,HIGH,0,transactional,suggestion
ll bean duvets,590,3.25,HIGH,0,transactional,suggestion
duvets vs blankets,590,1.16,MEDIUM,0,informational,suggestion
blue duvets,590,2.08,HIGH,0,transactional,suggestion
spiderman full size bedding,590,0.44,HIGH,0,transactional,suggestion
full size floral bedding set,590,0.61,HIGH,0,transactional,suggestion
full size princess bedding,590,0.95,HIGH,0,transactional,suggestion
purple bedding full size,590,1.17,HIGH,0,transactional,suggestion
spiderman full size bedding set,590,0.44,HIGH,0,transactional,suggestion
floral bedding full size,590,0.61,HIGH,0,transactional,suggestion
duvet cover satin cotton,590,3.41,HIGH,0,transactional,suggestion
100 organic cotton duvet cover,590,3.58,HIGH,0,transactional,suggestion
soft cotton duvet cover,590,4.45,HIGH,0,transactional,suggestion
sateen cotton duvet cover,590,3.41,HIGH,0,transactional,suggestion
softest cotton duvet cover,590,4.45,HIGH,0,transactional,suggestion
duvet cover 100 cotton king,590,2.59,HIGH,0,transactional,suggestion
long staple cotton duvet cover,590,3.81,MEDIUM,0,transactional,suggestion
bathtub mats home depot,590,0.24,HIGH,0,transactional,suggestion
bathtub mats for textured tubs,590,0.49,HIGH,0,transactional,suggestion
fish bathtub mat,590,0.73,HIGH,0,transactional,suggestion
bathtub mat with jets,590,0.45,HIGH,0,transactional,suggestion
best bathtub mat non slip,590,1.43,HIGH,5,commercial,suggestion
bathtub mat home depot,590,0.24,HIGH,0,transactional,suggestion
bathtub mat for textured tub,590,0.49,HIGH,0,transactional,suggestion
bathtub jet mat,590,0.45,HIGH,0,transactional,suggestion
loofah bathtub mat,590,0.42,HIGH,0,transactional,suggestion
bathtub mat for textured tubs,590,0.49,HIGH,0,transactional,suggestion
jetted bathtub mat,590,0.45,HIGH,0,transactional,suggestion
bath mat for textured bathtub,590,0.49,HIGH,0,transactional,suggestion
oversized bathtub mat,590,1.54,HIGH,0,transactional,suggestion
tan blankets and throws,590,0.99,HIGH,0,transactional,suggestion
winnie the pooh blankets and throws,590,0.4,HIGH,0,transactional,suggestion
horse blankets and throws,590,1.01,HIGH,0,transactional,suggestion
summer blankets and throws,590,0.99,HIGH,3,transactional,suggestion
vintage blankets and throws,590,0.71,HIGH,0,transactional,suggestion
laura ashley throws and blankets,590,0.43,HIGH,0,transactional,suggestion
coral blankets and throws,590,1.46,HIGH,0,transactional,suggestion
photo blankets and throws,590,3.19,HIGH,0,transactional,suggestion
western blankets and throws,590,0.78,HIGH,0,transactional,suggestion
star wars blankets and throws,590,0.47,HIGH,0,transactional,suggestion
coastal throws and blankets,590,0.86,HIGH,0,transactional,suggestion
flax seed linen,590,1.61,MEDIUM,4,transactional,suggestion
crate and barrel throw blankets,590,1.18,HIGH,0,transactional,suggestion
luxury bedding for hotels,590,3.56,HIGH,2,commercial,suggestion
luxury hotel bedding,590,3.56,HIGH,0,commercial,suggestion
luxury linens bedding sets,590,9.85,HIGH,0,transactional,suggestion
luxury organic cotton bedding,590,21.02,HIGH,0,transactional,suggestion
luxury down bedding,590,9.11,HIGH,0,transactional,suggestion
love's bedding and furniture,590,4.1,MEDIUM,0,informational,suggestion
furniture row bedding,590,1.84,HIGH,0,transactional,suggestion
big lots bedding furniture,590,0.87,HIGH,1,transactional,suggestion
genuine silk pillowcase,590,3.8,HIGH,11,transactional,suggestion
pink silk pillowcase,590,3.08,HIGH,0,transactional,suggestion
zimasilk silk pillowcase,590,1.51,LOW,0,transactional,suggestion
silk pillowcase for dry hair,590,2.69,MEDIUM,0,transactional,suggestion
blissy mulberry silk pillowcase,590,2.74,HIGH,0,transactional,suggestion
linen sheets cal king,590,5.49,HIGH,0,transactional,suggestion
casaluna linen sheets,590,1.35,HIGH,0,transactional,suggestion
luxury linen bed sheets,590,9.85,HIGH,0,transactional,suggestion
linen/cotton sheets,590,2.66,HIGH,4,transactional,suggestion
linen bed sheets full,590,3.49,HIGH,4,transactional,suggestion
best linen sheets reddit,590,10,HIGH,3,informational,suggestion
xl twin linen sheets,590,5.68,HIGH,0,transactional,suggestion
linen cotton sheets,590,2.66,HIGH,9,transactional,suggestion
linen fitted sheets queen,590,3.27,HIGH,0,transactional,suggestion
linen california king sheets,590,5.49,HIGH,0,transactional,suggestion
oeko-tex certified linen sheets,590,4.76,MEDIUM,0,transactional,suggestion
quince european linen sheets,590,1.26,MEDIUM,0,transactional,suggestion
linen full sheets,590,3.49,HIGH,0,informational,suggestion
where can i buy linen sheets,590,2.19,HIGH,10,transactional,suggestion
linen cotton bed sheets,590,2.66,HIGH,0,transactional,suggestion
coral bath rug,590,0.67,HIGH,0,transactional,suggestion
bath rug cream,590,0.92,HIGH,0,transactional,suggestion
bath rug lavender,590,0.53,HIGH,0,transactional,suggestion
bath rug mohawk,590,0.64,HIGH,0,transactional,suggestion
bath rug ideas,590,0.84,HIGH,0,informational,suggestion
coastal bath rug,590,1.05,HIGH,0,transactional,suggestion
turquoise bath rug,590,0.95,HIGH,0,transactional,suggestion
scalloped bath rug,590,0.86,HIGH,0,transactional,suggestion
oval bath rug,590,0.81,HIGH,0,transactional,suggestion
shabby chic bath rug,590,0.57,HIGH,0,transactional,suggestion
frontgate bath rug,590,1.27,HIGH,0,transactional,suggestion
jute bath rug,590,1.7,HIGH,16,transactional,suggestion
western bath rug,590,1.01,HIGH,0,commercial,suggestion
world market bath rug,590,0.73,HIGH,0,transactional,suggestion
gorilla grip chenille bath rug,590,0.65,HIGH,0,transactional,suggestion
bath rugs cheap,590,0.54,HIGH,2,transactional,suggestion
square bath rugs,590,1,HIGH,0,transactional,suggestion
world market bath rugs,590,0.73,HIGH,0,transactional,suggestion
cream colored bath rugs,590,0.92,HIGH,0,transactional,suggestion
coastal bath rugs,590,1.05,HIGH,0,transactional,suggestion
cream bath rugs,590,0.92,HIGH,0,transactional,suggestion
kohler robe hook,480,2.59,HIGH,0,transactional,ideas
changing robe,480,1.42,HIGH,0,informational,ideas
wirecutter robe,480,3.03,HIGH,9,transactional,ideas
j jill linen dress,480,0.72,HIGH,0,transactional,ideas
sauna robe,480,2.3,HIGH,0,transactional,ideas
spiderman fleece blanket,480,0.36,HIGH,0,transactional,ideas
flannel fleece blanket,480,0.46,HIGH,0,transactional,ideas
black lace robe,480,1.03,HIGH,0,transactional,ideas
linen beach wedding attire,480,2.18,HIGH,0,transactional,ideas
robe coat,480,2.2,HIGH,0,transactional,ideas
linen baseball cap,480,1.79,HIGH,0,transactional,ideas
smoking jacket robe,480,1.03,HIGH,0,transactional,ideas
flowy linen dresses,480,1.16,HIGH,0,transactional,ideas
summer bridal shower dresses,480,1.03,HIGH,0,transactional,ideas
oversized blanket sweatshirt,480,1.58,LOW,1,transactional,ideas
knicks blanket,480,0.76,HIGH,0,transactional,ideas
linen a line skirt,480,1.09,HIGH,0,transactional,ideas
prince jackson blanket,480,0.03,LOW,12,transactional,ideas
victoria secret bride robe,480,0.54,HIGH,10,transactional,ideas
harry potter slytherin robe,480,0.55,HIGH,0,transactional,ideas
linen groom suit,480,2.22,HIGH,0,transactional,ideas
white linen tank,480,1.12,HIGH,0,transactional,ideas
etsy linen dress,480,0.38,HIGH,0,transactional,ideas
denim blanket,480,0.58,HIGH,6,transactional,ideas
green linen shirt mens,480,2.22,HIGH,0,transactional,ideas
black linen maxi dress,480,0.97,HIGH,0,transactional,ideas
beautiful woman shower,480,,LOW,0,transactional,ideas
summer linen blazer,480,1.78,HIGH,0,transactional,ideas
women's blanket hoodie,480,1.4,HIGH,0,informational,ideas
robe clothes,480,3.5,HIGH,0,transactional,ideas
oversized linen shirt women,480,1.16,HIGH,0,transactional,ideas
purple womens robe,480,1.35,HIGH,0,transactional,ideas
satin shower cap,480,1.18,HIGH,0,transactional,ideas
red linen top,480,0.86,HIGH,0,transactional,ideas
texas longhorn blanket,480,1.17,HIGH,0,transactional,ideas
silk lace robe,480,1.19,HIGH,0,transactional,ideas
bridal shower dresses with sleeves,480,1.32,HIGH,0,transactional,ideas
spring dresses for bridal shower,480,1.2,HIGH,0,transactional,ideas
black linen button down shirt,480,1.6,HIGH,0,transactional,ideas
linen skirts for summer,480,1.54,HIGH,0,informational,ideas
women's bridal shower dress,480,1.39,HIGH,0,transactional,ideas
linen maxi dresses with sleeves,480,1.2,HIGH,0,transactional,ideas
antique roadshow navajo blanket,480,,LOW,5,transactional,ideas
robe with fur trim,480,0.46,HIGH,0,transactional,ideas
women's bridal shower dresses,480,1.39,HIGH,0,informational,ideas
eileen fisher linen dress,480,1.57,HIGH,0,transactional,ideas
best terry cloth robe,480,3.91,HIGH,0,commercial,ideas
bridal shower dress short,480,1.01,HIGH,0,transactional,ideas
fleece hooded robe,480,1.29,HIGH,0,transactional,ideas
pool robe,480,1.61,HIGH,0,transactional,ideas
mexican blanket poncho,480,0.43,HIGH,0,transactional,ideas
kohler robe hooks,480,2.59,HIGH,0,transactional,ideas
white fluffy robe,480,2.06,HIGH,0,transactional,ideas
white short sleeve linen shirt,480,2.02,HIGH,0,transactional,ideas
plus size women's linen clothing,480,1.69,HIGH,0,commercial,ideas
ivory bridal shower dress,480,1.19,HIGH,0,transactional,ideas
mens linen sweaters,480,2,HIGH,0,transactional,ideas
coach robe,480,1.02,HIGH,0,transactional,ideas
plus size terry cloth robe,480,2.3,HIGH,0,transactional,ideas
best linen shirts,480,4.64,HIGH,0,commercial,ideas
nightgown with robe,480,0.75,HIGH,0,transactional,ideas
sleeveless robe,480,0.66,HIGH,0,transactional,ideas
victoria's secret striped robe,480,0.7,HIGH,11,transactional,ideas
cuddl duds robe,480,0.89,HIGH,0,transactional,ideas
matching linen set women,480,1.43,HIGH,0,transactional,ideas
oversized linen blazer,480,1.21,HIGH,0,transactional,ideas
long fluffy robe,480,0.96,HIGH,0,transactional,ideas
linen tee shirt women,480,1.67,HIGH,0,transactional,ideas
linen vest top,480,0.83,HIGH,0,transactional,ideas
organic cotton robe womens,480,2.98,HIGH,0,transactional,ideas
woman touches jesus robe,480,0.04,LOW,3,informational,ideas
white linen short set,480,1.16,HIGH,0,transactional,ideas
cos linen dress,480,0.62,HIGH,0,transactional,ideas
square neck linen dress,480,0.92,HIGH,0,transactional,ideas
white linen jumpsuit,480,1.03,HIGH,0,transactional,ideas
chiffon robe,480,0.51,HIGH,0,transactional,ideas
blanket coats for men,480,0.61,HIGH,0,transactional,ideas
linen blend shirt men,480,2.26,HIGH,0,transactional,ideas
women bridal shower dress,480,1.39,HIGH,0,informational,ideas
linen work shirt,480,1.61,HIGH,0,transactional,ideas
luxury silk robe,480,3.63,HIGH,0,transactional,ideas
women's sweatshirt robe,480,0.95,HIGH,0,transactional,ideas
womens blanket hoodie,480,1.4,HIGH,1,transactional,ideas
big and tall linen suits,480,2.47,HIGH,0,transactional,ideas
bridal shower dress for bridesmaid,480,1.46,HIGH,0,transactional,ideas
mens linen hoodie,480,1.72,HIGH,0,transactional,ideas
linen halter neck dress,480,0.72,HIGH,0,informational,ideas
bubble bath for women,480,1.91,HIGH,0,transactional,ideas
plus size silk robe,480,1.65,HIGH,0,transactional,ideas
linen sheath dress,480,1.14,HIGH,0,transactional,ideas
blue and white striped duvet cover,480,2.25,HIGH,0,transactional,suggestion
difference between a duvet cover and comforter,480,2.24,HIGH,0,informational,suggestion
blue and white/striped duvet cover,480,2.25,HIGH,0,transactional,suggestion
coverless duvets,480,2.6,HIGH,0,transactional,suggestion
duvets feather,480,3.03,HIGH,0,transactional,suggestion
company store duvets,480,6.81,HIGH,0,transactional,suggestion
where do you buy duvets,480,3.92,HIGH,4,transactional,suggestion
where to buy duvets,480,3.92,HIGH,5,transactional,suggestion
wirecutter best duvets,480,12.28,HIGH,5,transactional,suggestion
luxury duvets,480,7.81,HIGH,0,transactional,suggestion
how duvets work,480,1.61,HIGH,0,informational,suggestion
oversized duvets,480,4.17,HIGH,0,informational,suggestion
purple duvets,480,1.59,HIGH,0,transactional,suggestion
how do duvets work,480,1.61,HIGH,0,informational,suggestion
luxurious duvets,480,7.81,HIGH,0,transactional,suggestion
crate and barrel duvets,480,1.06,HIGH,0,transactional,suggestion
down alternative duvets,480,4.9,HIGH,0,transactional,suggestion
paw patrol full size bedding,480,0.49,HIGH,0,transactional,suggestion
blue bedding full size,480,1.02,HIGH,0,transactional,suggestion
minnie mouse full size bedding set,480,0.39,HIGH,0,transactional,suggestion
paw patrol full size bedding set,480,0.49,HIGH,0,transactional,suggestion
minnie mouse bedding full size,480,0.39,HIGH,0,transactional,suggestion
green bedding full size,480,1.17,HIGH,0,transactional,suggestion
full size bedding sets on sale,480,0.49,HIGH,0,transactional,suggestion
full size bedding grey,480,1.57,HIGH,0,transactional,suggestion
modern full size bedding,480,2.15,HIGH,0,transactional,suggestion
queen duvet cover 100 cotton,480,1.73,HIGH,0,transactional,suggestion
white duvet cover cotton,480,2.15,HIGH,3,transactional,suggestion
100 washed cotton duvet cover,480,1.44,HIGH,1,transactional,suggestion
soft bathtub mats,480,1.17,HIGH,0,transactional,suggestion
cushioned bathtub mats,480,0.99,HIGH,0,transactional,suggestion
bathtub anti slip mats,480,0.7,HIGH,0,transactional,suggestion
hotel bathtub mat,480,1.89,HIGH,0,transactional,suggestion
standard bathtub mat size,480,1.45,HIGH,0,informational,suggestion
gorilla grip bathtub shower mat,480,0.7,HIGH,0,transactional,suggestion
natural bathtub mat,480,1.46,HIGH,0,transactional,suggestion
thick bathtub mat,480,1.49,HIGH,0,transactional,suggestion
cushioned bathtub mat,480,0.99,HIGH,0,transactional,suggestion
silicone bathtub mat,480,0.53,HIGH,0,transactional,suggestion
bathtub cushion mat,480,0.99,HIGH,0,transactional,suggestion
soft bathtub mat,480,1.17,HIGH,0,transactional,suggestion
mohair blankets and throws,480,1.89,HIGH,0,transactional,suggestion
tapestry throws and blankets,480,0.53,HIGH,0,transactional,suggestion
high-quality blankets and throws,480,3.57,HIGH,10,commercial,suggestion
big blankets and throws,480,1.16,HIGH,0,transactional,suggestion
organic blankets and throws,480,3.18,HIGH,0,transactional,suggestion
tartan throws and blankets,480,1.23,HIGH,0,transactional,suggestion
monogrammed blankets and throws,480,2.9,HIGH,0,transactional,suggestion
eagle blankets and throws,480,0.72,HIGH,0,transactional,suggestion
berkshire blankets and throws,480,1.1,HIGH,0,transactional,suggestion
mens blankets and throws,480,1.12,HIGH,0,transactional,suggestion
minecraft blankets and throws,480,0.49,HIGH,0,transactional,suggestion
blue and white throw blankets,480,0.79,HIGH,0,transactional,suggestion
best luxury bedding,480,6.41,HIGH,5,commercial,suggestion
luxury california king bedding sets,480,2.21,HIGH,0,transactional,suggestion
luxury cal king bedding sets,480,2.21,HIGH,0,transactional,suggestion
american furniture warehouse bedding,480,1.12,HIGH,0,commercial,suggestion
quality bedding and furniture,480,3.99,MEDIUM,1,commercial,suggestion
bedding sets furniture,480,1.97,HIGH,0,transactional,suggestion
silk pillowcase cheap,480,1.79,HIGH,0,transactional,suggestion
skin silk pillowcase,480,4.93,HIGH,3,transactional,suggestion
gentle detergent for silk pillowcase,480,1.11,LOW,0,transactional,suggestion
silk pillowcase and sheets,480,2.31,HIGH,0,transactional,suggestion
inexpensive silk pillowcase,480,1.79,HIGH,8,transactional,suggestion
satin or silk pillowcase for hair,480,2.22,HIGH,4,informational,suggestion
silk pillowcase reddit,480,5.25,HIGH,0,informational,suggestion
can you wash silk pillowcase,480,0.61,LOW,0,informational,suggestion
blissy silk pillowcase 2 pack,480,4.82,HIGH,0,transactional,suggestion
silk pillowcase organic,480,7.6,HIGH,0,transactional,suggestion
silk pillowcase hair care,480,0.18,LOW,0,transactional,suggestion
silk pillowcase for permed hair,480,0.28,MEDIUM,0,transactional,suggestion
linen sheets white,480,4.46,HIGH,0,transactional,suggestion
lane linen sheets,480,1.28,HIGH,0,transactional,suggestion
whiten linen sheets,480,4.46,HIGH,0,informational,suggestion
quilt and duvet cover,390,1.95,HIGH,0,transactional,suggestion
duvets vs comforters,390,1.98,HIGH,0,informational,suggestion
duvets down filled,390,3.03,HIGH,0,transactional,suggestion
best down for duvets,390,10.34,HIGH,8,transactional,suggestion
hotel duvets,390,3.08,HIGH,0,transactional,suggestion
best goose down duvets,390,10.34,HIGH,0,informational,suggestion
duvets vs comforter,390,1.98,HIGH,0,informational,suggestion
duvets feather and down,390,2.09,HIGH,0,transactional,suggestion
duvets for hotels,390,3.08,HIGH,0,transactional,suggestion
double duvets,390,1.84,HIGH,0,transactional,suggestion
velvet duvets,390,1.38,HIGH,0,transactional,suggestion
organic duvets,390,7.1,HIGH,0,transactional,suggestion
frozen bedding full size,390,0.61,HIGH,0,transactional,suggestion
cheap bedding sets full size,390,0.52,HIGH,0,transactional,suggestion
pokemon bedding sets full size,390,0.49,HIGH,0,transactional,suggestion
pokemon bedding set full size,390,0.49,HIGH,0,transactional,suggestion
full size pokemon bedding,390,0.49,HIGH,0,transactional,suggestion
frozen bedding set full size,390,0.61,HIGH,0,transactional,suggestion
full size christmas bedding,390,0.14,HIGH,0,transactional,suggestion
extra long full size bedding,390,2.36,HIGH,0,informational,suggestion
disney frozen bedding full size,390,0.61,HIGH,0,transactional,suggestion
duvet cover full cotton,390,1.29,HIGH,0,transactional,suggestion
queen size cotton duvet cover,390,1.58,HIGH,1,transactional,suggestion
best cotton duvet cover,390,3.74,HIGH,7,commercial,suggestion
cotton duvet cover twin xl,390,1.64,HIGH,0,transactional,suggestion
twin duvet cover 100 cotton,390,1.05,HIGH,0,transactional,suggestion
best bathtub mat,390,0.85,HIGH,5,commercial,suggestion
mainstays bathtub mat,390,0.28,MEDIUM,0,transactional,suggestion
dollar tree bathtub mat,390,0.15,HIGH,6,transactional,suggestion
non toxic bathtub mat,390,1.24,HIGH,0,transactional,suggestion
bathtub massage mat,390,0.41,HIGH,0,transactional,suggestion
bathtub mat mildew resistant,390,0.81,HIGH,0,transactional,suggestion
mold resistant bathtub mat,390,0.81,HIGH,2,transactional,suggestion
free crochet patterns for blankets and throws,390,0.19,LOW,5,informational,suggestion
home goods blankets and throws,390,0.61,HIGH,2,transactional,suggestion
southwest blankets and throws,390,1.03,HIGH,0,commercial,suggestion
multi coloured throws and blankets,390,0.82,HIGH,0,transactional,suggestion
clearance blankets and throws,390,0.36,HIGH,0,transactional,suggestion
modern blankets and throws,390,1.59,HIGH,0,transactional,suggestion
bamboo blankets and throws,390,2.86,HIGH,0,transactional,suggestion
southwestern blankets and throws,390,1.03,HIGH,0,commercial,suggestion
furniture row bedding sets,390,1.61,HIGH,0,transactional,suggestion
bedding furniture online,390,3.21,HIGH,0,transactional,suggestion
ashley furniture bedding,390,1.27,HIGH,0,transactional,suggestion
linen spray for bed sheets,390,1.53,HIGH,0,transactional,suggestion
sale silk pillowcase,390,3.65,HIGH,0,transactional,suggestion
wash a silk pillowcase,390,0.48,MEDIUM,0,informational,suggestion
silk pillowcase for skin and hair,390,4.53,HIGH,4,transactional,suggestion
silk pillowcase for locs,390,0.65,HIGH,0,transactional,suggestion
washing silk pillowcase,390,0.48,MEDIUM,0,informational,suggestion
silk pillowcase momme,390,4.7,HIGH,0,transactional,suggestion
fishers finery mulberry silk pillowcase,390,3.14,MEDIUM,0,transactional,suggestion
silk pillowcase for fine hair,390,3.23,HIGH,11,transactional,suggestion
pink and green duvet cover,320,1.16,HIGH,0,transactional,suggestion
grey and blue duvet cover,320,2.59,HIGH,0,transactional,suggestion
gray and blue duvet cover,320,2.59,HIGH,0,informational,suggestion
double duvet and cover,320,1.82,HIGH,0,transactional,suggestion
curtains used as shower curtain,320,3.71,HIGH,0,transactional,suggestion
using curtains for shower curtain,320,0.63,HIGH,0,informational,suggestion
duvets covers double,320,1.82,HIGH,3,transactional,suggestion
duvets with zips,320,3.93,HIGH,0,transactional,suggestion
sage green duvets,320,2.45,HIGH,0,transactional,suggestion
how to wash feather duvets,320,0.1,LOW,0,informational,suggestion
gray bedding full size,320,1,HIGH,0,transactional,suggestion
full size zipit bedding,320,1.39,HIGH,0,transactional,suggestion
disney princess bedding set full size,320,0.81,HIGH,0,transactional,suggestion
full size disney princess bedding,320,0.81,HIGH,0,transactional,suggestion
full size zipper bedding,320,1.39,HIGH,0,transactional,suggestion
full size zip bedding,320,1.39,HIGH,0,transactional,suggestion
dinosaur bedding for full size bed,320,0.76,HIGH,0,transactional,suggestion
toy story full size bedding,320,0.4,HIGH,0,transactional,suggestion
white full size bedding set,320,1.17,HIGH,0,transactional,suggestion
disney princess full size bedding sets,320,0.81,HIGH,0,transactional,suggestion
dinosaur bedding set full size,320,0.76,HIGH,0,transactional,suggestion
dinosaur full size bedding,320,0.76,HIGH,0,transactional,suggestion
toy story full size bedding set,320,0.4,HIGH,0,transactional,suggestion
full size zip it bedding,320,1.39,HIGH,0,transactional,suggestion
queen cotton duvet cover set,320,1.48,HIGH,0,transactional,suggestion
cotton queen duvet cover sets,320,1.48,HIGH,0,transactional,suggestion
cotton duvet cover floral,320,1.23,HIGH,0,transactional,suggestion
100-percent cotton duvet cover queen,320,0.89,HIGH,1,transactional,suggestion
decorative bathtub mats,320,1.28,HIGH,0,transactional,suggestion
how to wash bathtub mat in washing machine,320,0.32,LOW,0,informational,suggestion
bathtub grip mat,320,0.76,HIGH,2,transactional,suggestion
bathtub slippery mat,320,0.54,HIGH,0,transactional,suggestion
munchkin bathtub mat,320,0.19,HIGH,0,transactional,suggestion
pebble bathtub mat,320,0.68,HIGH,0,transactional,suggestion
seashell bathtub mat,320,0.76,HIGH,0,transactional,suggestion
bathtub slip mat,320,0.54,HIGH,0,transactional,suggestion
anti mold bathtub mat,320,0.68,HIGH,0,transactional,suggestion
antibacterial bathtub mat,320,0.83,HIGH,0,transactional,suggestion
clorox bathtub mat,320,0.2,HIGH,0,transactional,suggestion
wave mat for bathtub,320,0.19,HIGH,0,transactional,suggestion
bathtub plastic mat,320,1.16,HIGH,0,transactional,suggestion
jcpenney blankets and throws,320,0.37,HIGH,0,transactional,suggestion
aztec blankets and throws,320,1.03,HIGH,0,transactional,suggestion
blankets throws and quilts,320,0.76,HIGH,0,transactional,suggestion
nautical blankets and throws,320,1.12,HIGH,0,transactional,suggestion
royal blue blankets and throws,320,0.69,HIGH,0,transactional,suggestion
blush throws and blankets,320,1.64,HIGH,0,transactional,suggestion
luxury modern bedding,320,2.22,HIGH,0,transactional,suggestion
furniture deals and bedding,320,2.58,MEDIUM,0,commercial,suggestion
town of bargains furniture & bedding,320,,LOW,0,commercial,suggestion
utopia bedding adjustable bed furniture risers,320,0.65,LOW,0,transactional,suggestion
furniture deals and bedding columbus,320,2.58,MEDIUM,0,commercial,suggestion
furniture deals and bedding morse rd,320,2.58,MEDIUM,1,commercial,suggestion
ashley furniture bedding sale,320,1.91,HIGH,0,transactional,suggestion
how to clean silk pillowcase,320,0.97,LOW,0,informational,suggestion
silk pillowcase ulta,320,0.87,HIGH,0,transactional,suggestion
22 momme silk pillowcase,320,3.4,HIGH,0,transactional,suggestion
where to buy a silk pillowcase,320,1.85,HIGH,7,transactional,suggestion
silk pillowcase with zip,320,4.21,HIGH,0,transactional,suggestion
zimasilk mulberry silk pillowcase,320,1.06,MEDIUM,0,transactional,suggestion
where can i buy a silk pillowcase,320,1.85,HIGH,11,transactional,suggestion
zippered silk pillowcase,320,4.21,HIGH,0,transactional,suggestion
silk zipper pillowcase,320,4.21,HIGH,0,transactional,suggestion
best silk pillowcase reddit,320,6.61,HIGH,1,informational,suggestion
duvet cover grey and white,260,1.88,HIGH,0,transactional,suggestion
duvet cover gray and white,260,1.88,HIGH,0,transactional,suggestion
duvet cover and sham,260,3.62,HIGH,0,transactional,suggestion
pink and white duvet cover,260,2.02,HIGH,0,transactional,suggestion
duvet cover navy and white,260,2.79,HIGH,0,transactional,suggestion
what is the difference between duvet cover and comforter,260,2.5,HIGH,0,informational,suggestion
green and white duvet cover,260,2.72,HIGH,0,transactional,suggestion
star wars full size bedding sets,260,0.77,HIGH,0,transactional,suggestion
full size star wars bedding,260,0.77,HIGH,0,transactional,suggestion
mickey mouse bedding set full size,260,0.43,HIGH,0,transactional,suggestion
princess bedding for full size bed,260,0.82,HIGH,0,transactional,suggestion
disney cars full size bedding set,260,0.55,HIGH,0,transactional,suggestion
disney cars full size bedding,260,0.55,HIGH,0,transactional,suggestion
star wars bedding set full size,260,0.77,HIGH,0,transactional,suggestion
princess bedding set full size,260,0.82,HIGH,0,transactional,suggestion
mickey mouse bedding full size,260,0.43,HIGH,0,transactional,suggestion
full size mickey bedding,260,0.43,HIGH,0,transactional,suggestion
full size princess bedding sets,260,0.82,HIGH,0,transactional,suggestion
jersey cotton duvet cover,260,2.46,HIGH,0,transactional,suggestion
cotton pink duvet cover,260,1.1,HIGH,0,transactional,suggestion
full size duvet cover cotton,260,1.22,HIGH,0,transactional,suggestion
organic cotton duvet cover king,260,3.49,HIGH,0,transactional,suggestion
organic cotton percale duvet cover,260,3.42,HIGH,0,transactional,suggestion
cotton gauze duvet cover,260,2.2,HIGH,0,transactional,suggestion
non suction cup bathtub mats,260,0.52,HIGH,0,transactional,suggestion
adhesive bathtub mats,260,0.35,HIGH,0,transactional,suggestion
slip resistant bathtub mats,260,0.8,HIGH,0,transactional,suggestion
disposable bathtub mats,260,0.65,HIGH,0,transactional,suggestion
dollar general bathtub mats,260,0.25,HIGH,0,transactional,suggestion
thick cushioned bathtub mat,260,0.61,HIGH,0,transactional,suggestion
floor mat for bathtub,260,0.78,HIGH,0,transactional,suggestion
slip resistant bathtub mat,260,0.8,HIGH,0,transactional,suggestion
cleaning bathtub mat,260,1.53,HIGH,0,informational,suggestion
yimobra bathtub mat,260,0.4,HIGH,0,transactional,suggestion
shower mat for bathtub,260,0.64,HIGH,0,transactional,suggestion
textured bathtub mat,260,1.38,HIGH,0,transactional,suggestion
clean bathtub mat,260,1.53,HIGH,0,transactional,suggestion
duck bathtub mat,260,0.83,HIGH,0,transactional,suggestion
bathtub mat that doesn't mold,260,0.77,HIGH,0,informational,suggestion
adhesive bathtub mat,260,0.35,HIGH,0,transactional,suggestion
natural rubber bathtub mat,260,0.93,HIGH,0,transactional,suggestion
slip-resistant bathtub mat,260,0.8,HIGH,0,transactional,suggestion
throw blankets and pillows,260,1.07,HIGH,0,transactional,suggestion
hotel suite luxury bedding,260,1.24,HIGH,10,transactional,suggestion
luxury infant bedding,260,1.51,HIGH,0,transactional,suggestion
luxury nursery bedding,260,1.51,HIGH,0,transactional,suggestion
luxury coastal bedding,260,2.84,HIGH,0,commercial,suggestion
ashley furniture bedding sets,260,1.01,HIGH,3,transactional,suggestion
utopia bedding furniture risers,260,0.14,HIGH,0,transactional,suggestion
three sheets linens homewood al,260,,LOW,0,transactional,suggestion
satin vs silk pillowcase hair,260,2.33,HIGH,0,informational,suggestion
blissy silk pillowcase review,260,2.07,HIGH,9,informational,suggestion
difference between silk and satin pillowcase,260,4.3,HIGH,0,informational,suggestion
silk standard pillowcase,260,4.12,HIGH,0,transactional,suggestion
macy silk pillowcase,260,0.98,HIGH,0,transactional,suggestion
what is the best silk pillowcase,260,4.66,HIGH,1,informational,suggestion
blue and white stripe duvet cover,210,2.63,HIGH,0,transactional,suggestion
camo bedding set full size,210,0.44,HIGH,0,transactional,suggestion
full size sonic bedding,210,0.36,HIGH,0,transactional,suggestion
full size monster truck bedding,210,0.73,HIGH,0,transactional,suggestion
full size camo bedding,210,0.44,HIGH,0,transactional,suggestion
sonic the hedgehog bedding full size,210,0.36,HIGH,0,transactional,suggestion
linen vs cotton duvet cover,210,4.48,HIGH,0,informational,suggestion
flannel cotton duvet cover,210,1.83,HIGH,0,transactional,suggestion
cotton blue duvet cover,210,1.79,HIGH,0,transactional,suggestion
egyptian cotton duvet cover queen,210,1.76,HIGH,0,transactional,suggestion
green duvet cover cotton,210,2.26,HIGH,0,transactional,suggestion
organic cotton queen duvet cover,210,4.04,HIGH,0,transactional,suggestion
supima cotton duvet cover,210,2.87,HIGH,0,transactional,suggestion
organic cotton twin duvet cover,210,3.07,HIGH,0,transactional,suggestion
pima cotton duvet cover,210,3.52,HIGH,0,transactional,suggestion
bathtub mat without suction,210,0.43,HIGH,0,transactional,suggestion
gorilla bathtub mat,210,0.49,HIGH,0,transactional,suggestion
cork bathtub mat,210,1,HIGH,0,transactional,suggestion
how to clean rubber bathtub mat,210,,LOW,0,informational,suggestion
padded bathtub mat,210,1.31,HIGH,0,transactional,suggestion
star wars bathtub mat,210,0.7,HIGH,0,transactional,suggestion
no suction bathtub mat,210,0.43,HIGH,0,transactional,suggestion
best mildew resistant bathtub mat,210,0.66,HIGH,0,commercial,suggestion
non suction bathtub mat,210,0.43,HIGH,0,transactional,suggestion
aqua mat for bathtub,210,0.71,HIGH,0,transactional,suggestion
xl bathtub mat,210,1.13,HIGH,0,transactional,suggestion
bubble spa mat for bathtub,210,0.41,HIGH,0,transactional,suggestion
shark bathtub mat,210,0.45,HIGH,0,transactional,suggestion
luxury masculine bedding,210,1.91,HIGH,0,transactional,suggestion
luxury velvet bedding,210,1.99,HIGH,0,transactional,suggestion
luxury western style bedding,210,1.9,HIGH,0,commercial,suggestion
luxury bedding on sale,210,3.43,HIGH,0,transactional,suggestion
sweet dream bedding and furniture,210,6.63,MEDIUM,1,informational,suggestion
bedding and furniture discounters,210,1.82,MEDIUM,2,commercial,suggestion
bedding ideas for black furniture,210,1.1,HIGH,0,informational,suggestion
king bedding furniture,210,2.9,HIGH,0,transactional,suggestion
yellow and blue duvet cover,170,1.15,HIGH,0,transactional,suggestion
duvet cover queen black and white,170,0.81,HIGH,0,transactional,suggestion
white and black duvet cover king,170,1.63,HIGH,0,transactional,suggestion
what is full size bedding dimensions,170,1.51,HIGH,0,informational,suggestion
western full size bedding sets,170,0.69,HIGH,0,transactional,suggestion
full size baseball bedding,170,0.76,HIGH,0,transactional,suggestion
navy blue bedding full size,170,1.38,HIGH,0,transactional,suggestion
purple full size bedding set,170,0.76,HIGH,0,transactional,suggestion
western full size bedding,170,0.69,HIGH,0,transactional,suggestion
bluey full size bedding,170,0.56,HIGH,0,transactional,suggestion
duvet cover brushed cotton,170,4.26,HIGH,0,transactional,suggestion
california king cotton duvet cover,170,1.97,HIGH,0,transactional,suggestion
cal king duvet cover cotton,170,1.97,HIGH,0,transactional,suggestion
bedsure cotton duvet cover,170,1.32,MEDIUM,0,transactional,suggestion
bathtub mats that don t mold,170,0.77,HIGH,,commercial,suggestion
best non slip bathtub mats,170,0.66,HIGH,8,commercial,suggestion
bathtub mats that don't mold,170,0.77,HIGH,0,commercial,suggestion
bath mats inside bathtub,170,0.63,HIGH,0,transactional,suggestion
non slip bath mats for bathroom floor,170,1.08,HIGH,5,transactional,suggestion
best non-slip bathtub mat,170,0.66,HIGH,0,transactional,suggestion
anti slippery mat for bathtub,170,0.65,HIGH,0,transactional,suggestion
dinosaur bathtub mat,170,0.61,HIGH,0,transactional,suggestion
best bathtub anti slip mat,170,0.66,HIGH,6,commercial,suggestion
boon bathtub mat,170,0.53,HIGH,0,transactional,suggestion
clear bathtub mat,170,0.38,HIGH,0,transactional,suggestion
disney bathtub mat,170,0.49,HIGH,0,transactional,suggestion
mermaid bathtub mat,170,0.65,HIGH,0,transactional,suggestion
seed linen shorts,170,0.38,HIGH,0,transactional,suggestion
throw blankets and matching pillows,170,0.73,HIGH,0,transactional,suggestion
luxury italian bedding sets,170,4.81,HIGH,10,transactional,suggestion
luxury bedding italian,170,4.81,HIGH,22,commercial,suggestion
brooklyn bedding luxury cooling memory foam pillow,170,2.63,LOW,0,transactional,suggestion
luxury childrens bedding,170,2.62,HIGH,0,transactional,suggestion
luxury silk bedding set,170,3.25,HIGH,0,transactional,suggestion
luxury silk bedding sets,170,3.25,HIGH,0,transactional,suggestion
sferra luxury bedding,170,1.78,LOW,0,transactional,suggestion
luxury silk bedding collections,170,3.25,HIGH,0,commercial,suggestion
duvet and pillow cover set,140,3.35,HIGH,0,transactional,suggestion
brown and blue duvet cover,140,1.26,HIGH,0,transactional,suggestion
red and white stripe duvet cover,140,1.42,HIGH,0,transactional,suggestion
pink and white striped duvet cover,140,0.99,HIGH,0,transactional,suggestion
pink and blue duvet cover,140,1.38,HIGH,0,transactional,suggestion
duvet and pillow cover sets,140,3.35,HIGH,0,transactional,suggestion
bathroom window curtains and shower curtain sets,140,0.44,HIGH,0,commercial,suggestion
cotton duvet sets queen,140,1.37,HIGH,0,transactional,suggestion
purple cotton duvet cover,140,1.57,HIGH,0,transactional,suggestion
cotton gingham duvet cover,140,1.97,HIGH,0,transactional,suggestion
king duvet cover egyptian cotton,140,3.14,HIGH,0,transactional,suggestion
cotton ruffle duvet cover,140,1.13,HIGH,0,transactional,suggestion
cotton christmas duvet cover,140,,LOW,0,transactional,suggestion
white cotton king duvet cover,140,4.14,HIGH,0,transactional,suggestion
comfortable bathtub mats,140,1.3,HIGH,0,transactional,suggestion
bathtub safety mats,140,0.67,HIGH,0,transactional,suggestion
best bathtub mats for seniors,140,0.78,HIGH,0,commercial,suggestion
rubbermaid bathtub mats,140,0.74,HIGH,0,transactional,suggestion
bathtub suction mat,140,0.57,HIGH,2,transactional,suggestion
bathtub whirlpool mat,140,0.26,HIGH,0,transactional,suggestion
bathtub comfort mat,140,1.3,HIGH,0,transactional,suggestion
whale bathtub mat,140,0.87,HIGH,0,transactional,suggestion
safety mat for bathtub,140,0.67,HIGH,0,transactional,suggestion
comfortable bathtub mat,140,1.3,HIGH,0,transactional,suggestion
best bathtub mat for seniors,140,0.78,HIGH,5,commercial,suggestion
extra long non slip bathtub mat,140,0.67,HIGH,0,transactional,suggestion
rubbermaid bathtub mat,140,0.47,HIGH,0,transactional,suggestion
easy to clean bathtub mat,140,1.09,HIGH,2,transactional,suggestion
super soft and fluffy throw blankets,140,0.85,HIGH,5,transactional,suggestion
boll and branch throw blankets,140,3.24,HIGH,0,informational,suggestion
luxury bedding quilts,140,2.75,HIGH,0,transactional,suggestion
black luxury bedding,140,2.95,HIGH,0,transactional,suggestion
white luxury bedding collections,140,1.07,HIGH,0,commercial,suggestion
luxury french bedding,140,1.29,HIGH,3,transactional,suggestion
luxury bedding silk,140,4.09,HIGH,0,transactional,suggestion
white luxury bedding sets,140,1.07,HIGH,0,transactional,suggestion
luxury quilt bedding,140,2.75,HIGH,0,transactional,suggestion
luxury bedding near me,140,2.34,HIGH,0,transactional,suggestion
white luxury bedding set,140,1.07,HIGH,0,transactional,suggestion
beige luxury bedding,140,0.83,HIGH,0,transactional,suggestion
value city furniture bedding,140,1.71,HIGH,0,commercial,suggestion
furniture and bedding,140,2.07,HIGH,0,commercial,suggestion
mor furniture bedding,140,1.56,HIGH,0,transactional,suggestion
best price furniture & bedding,140,2.94,LOW,2,commercial,suggestion
home furniture bedding,140,1.65,HIGH,16,transactional,suggestion
flag city furniture & bedding,140,4.66,LOW,0,commercial,suggestion
linens and hutch sheets,140,2.17,HIGH,0,transactional,suggestion
duvet cover and pillowcases,110,2.66,HIGH,1,transactional,suggestion
pink and brown duvet cover,110,1.24,HIGH,0,transactional,suggestion
green and purple duvet cover,110,0.95,HIGH,0,transactional,suggestion
red and pink duvet cover,110,0.71,HIGH,0,transactional,suggestion
grey and white striped duvet cover,110,4.19,HIGH,0,transactional,suggestion
black and white damask duvet cover,110,0.56,HIGH,0,transactional,suggestion
duvet cover and shams set,110,3.35,HIGH,0,transactional,suggestion
grey and yellow duvet cover,110,1.03,HIGH,0,transactional,suggestion
hearth and hand duvet cover,110,0.47,HIGH,0,transactional,suggestion
blue and white floral duvet cover,110,1.64,HIGH,0,transactional,suggestion
duvet cover and insert king,110,4.09,HIGH,0,transactional,suggestion
white and red duvet cover,110,1.46,HIGH,0,transactional,suggestion
duvet cover and sham sets,110,3.35,HIGH,0,transactional,suggestion
yellow and gray duvet cover,110,1.03,HIGH,0,transactional,suggestion
gray and white striped duvet cover,110,4.19,HIGH,0,transactional,suggestion
how to use curtains as a shower curtain,110,1.75,HIGH,0,informational,suggestion
100 cotton duvet cover set,110,1.71,HIGH,0,transactional,suggestion
duvet set 100 cotton,110,1.3,HIGH,3,transactional,suggestion
duvet sets 100 cotton,110,1.3,HIGH,1,transactional,suggestion
100 cotton duvet cover sets,110,1.71,HIGH,0,transactional,suggestion
cotton duvet cover sets king,110,1.25,HIGH,0,transactional,suggestion
bathtub mats for seniors,110,0.78,HIGH,0,transactional,suggestion
safe bathtub mats,110,1.14,HIGH,0,transactional,suggestion
heavy duty bathtub mats,110,1.47,HIGH,1,transactional,suggestion
bathtub mat no mold,110,0.77,HIGH,0,transactional,suggestion
bath mat for reglazed bathtub,110,0.56,HIGH,0,transactional,suggestion
weighted bathtub mat,110,0.49,HIGH,0,transactional,suggestion
non slip bath mat for bathtub,110,0.64,HIGH,0,transactional,suggestion
bathtub mat for refinished tubs,110,0.56,HIGH,0,transactional,suggestion
heavy duty bathtub mat,110,1.47,HIGH,0,transactional,suggestion
grass bathtub mat,110,0.49,HIGH,0,transactional,suggestion
large bathtub mat,110,0.44,HIGH,0,transactional,suggestion
vinyl bathtub mat,110,1.6,HIGH,0,transactional,suggestion
grey bedding luxury,110,1.58,HIGH,0,informational,suggestion
luxury hotel quality bedding,110,2.14,HIGH,0,commercial,suggestion
luxury bedding white,110,2.26,HIGH,0,transactional,suggestion
luxury california king bedding,110,5.49,HIGH,0,transactional,suggestion
cal king luxury bedding,110,5.49,HIGH,0,transactional,suggestion
animal print luxury bedding,110,1.42,HIGH,0,transactional,suggestion
luxury bedding in a bag,110,2.71,HIGH,0,transactional,suggestion
luxury bedding ideas,110,2.77,HIGH,0,informational,suggestion
luxury gray bedding,110,1.58,HIGH,0,transactional,suggestion
luxury leopard print bedding,110,1.42,HIGH,0,transactional,suggestion
glamorous luxury bedding sets,110,0.93,HIGH,0,transactional,suggestion
luxury bedding cotton,110,4.92,HIGH,0,transactional,suggestion
home furniture plus bedding photos,110,0.94,HIGH,5,informational,suggestion
