keyword,last_position,last_rank_absolute,search_volume,etv_when_ranking,keyword_difficulty,cpc,search_intent,lost_url,url_type,is_brand,last_seen
steamer trunk coffee table,2,4,2400,469.8,0,1.1800000667572021,transactional,https://wassersfurniture.com/steamer-trunk-coffee-table-on-display-quickship.html,legacy .html,False,2026-03-29 17:01:40 +00:00
steamer trunk as coffee table,3,6,2400,282.2,0,1.1800000667572021,transactional,https://wassersfurniture.com/steamer-trunk-coffee-table-on-display-quickship.html,legacy .html,False,2026-03-14 00:02:29 +00:00
luna chair,2,3,880,142.6,0,0.7200000286102295,transactional,https://wassersfurniture.com/luna-low-back-chair.html,legacy .html,False,2026-03-16 11:10:19 +00:00
carrol boyes,2,2,590,95.6,0,0.5199999809265137,informational,https://wassersfurniture.com/shop-by-brand/a-c/carrol-boyes.html,legacy .html,False,2026-03-17 12:11:30 +00:00
caracole tv,15,18,18100,92.3,87,1.690000057220459,navigational,https://wassersfurniture.com/caracole-a-cut-above-tv-console-tv-stand.html,legacy .html,False,2025-10-20 18:23:40 +00:00
airguide barometer,2,7,480,77.8,0,0.10000000149011612,transactional,https://wassersfurniture.com/vintage-airguide-thermometer-barometer-hygrometer-made-in-usa.html,legacy .html,False,2026-03-17 19:58:55 +00:00
play 1 play,4,6,880,58.0,0,0.1899999976158142,informational,https://wassersfurniture.com/sonos-play-1.html,legacy .html,False,2026-03-16 09:22:05 +00:00
maitland smith obelisk,2,5,320,51.8,0,0.07999999821186066,informational,https://wassersfurniture.com/pair-maitland-smith-neoclassical-tessellate-obelisks.html,legacy .html,False,2026-04-22 18:01:24 +00:00
play play 1,5,8,880,41.3,0,0.1899999976158142,informational,https://wassersfurniture.com/sonos-play-1.html,legacy .html,False,2026-03-16 09:23:52 +00:00
antique steamer trunk coffee table,5,8,720,41.3,0,1.0199999809265137,transactional,https://wassersfurniture.com/steamer-trunk-coffee-table-on-display-quickship.html,legacy .html,False,2026-03-16 17:30:10 +00:00
antique airguide barometer,2,5,210,34.0,0,0.09000000357627869,transactional,https://wassersfurniture.com/vintage-airguide-thermometer-barometer-hygrometer-made-in-usa.html,legacy .html,False,2025-10-31 14:23:06 +00:00
cloud luxe breeze tempur-pedic,2,4,210,34.0,0,4.529999732971191,transactional,https://wassersfurniture.com/tempur-cloud-luxe-breeze.html,legacy .html,False,2026-04-25 21:55:42 +00:00
leather chair,42,62,14800,31.1,0,2.509999990463257,transactional,https://wassersfurniture.com/shop-by-brand/a-c/american-leather/chairs.html,legacy .html,False,2026-03-12 06:08:44 +00:00
leather chairs,28,39,14800,31.1,0,2.509999990463257,transactional,https://wassersfurniture.com/shop-by-brand/a-c/american-leather/chairs.html,legacy .html,False,2026-04-18 09:37:37 +00:00
leather furniture ottoman,47,68,14800,31.1,0,2.299999952316284,transactional,https://wassersfurniture.com/genuine-leather-ottomans-in-stock.html,legacy .html,False,2026-03-12 08:03:41 +00:00
leather ottoman,48,69,14800,31.1,0,2.299999952316284,transactional,https://wassersfurniture.com/genuine-leather-ottomans-in-stock.html,legacy .html,False,2026-03-12 08:03:52 +00:00
romina furniture,6,8,880,29.7,0,3.259999990463257,navigational,https://wassersfurniture.com/shop-by-brand/r-z/romina-furniture.html,legacy .html,False,2026-03-16 08:29:43 +00:00
dia table,2,3,170,27.5,0,2.759999990463257,informational,https://wassersfurniture.com/shop-by-brand/d-g/dia.html,legacy .html,False,2026-03-06 15:43:09 +00:00
american leather,51,71,14800,25.4,0,1.3600000143051147,navigational,https://wassersfurniture.com/shop-by-brand/a-c/american-leather.html,legacy .html,False,2026-03-12 12:10:13 +00:00
american leather sleeper sofa,45,63,12100,25.4,6,2.8600001335144043,transactional,https://wassersfurniture.com/shop-by-brand/a-c/american-leather/comfort-sleeper-by-american-leather.html,legacy .html,False,2026-03-12 15:22:52 +00:00
play 1,7,9,880,22.5,7,0.1899999976158142,informational,https://wassersfurniture.com/sonos-play-1.html,legacy .html,False,2026-03-16 09:21:02 +00:00
glass for dining room table top,13,20,3600,21.2,0,1.7100000381469727,transactional,https://wassersfurniture.com/furniture/diningroom/glass-tops.html,legacy .html,False,2026-03-13 09:23:41 +00:00
table steamer,97,124,9900,20.8,0,2.700000047683716,transactional,https://wassersfurniture.com/steamer-trunk-coffee-table-on-display-quickship.html,legacy .html,False,2026-03-02 17:13:39 +00:00
stone international,10,14,1600,18.1,0,6.190000057220459,navigational,https://wassersfurniture.com/shop-by-brand/r-z/stone-international.html,legacy .html,False,2026-03-14 13:16:58 +00:00
sonos playbar,53,67,8100,17.0,0,0.5299999713897705,transactional,https://wassersfurniture.com/sonos-playbar.html,legacy .html,False,2026-03-12 16:53:24 +00:00
newport cottage,6,6,480,16.2,13,2.2300000190734863,navigational,https://wassersfurniture.com/shop-by-brand/l-p/newport-cottages.html,legacy .html,False,2026-01-22 22:30:32 +00:00
dias furniture,1,3,50,15.2,0,0.20000000298023224,navigational,https://wassersfurniture.com/shop-by-brand/d-g/dia.html,legacy .html,False,2026-04-12 02:41:19 +00:00
sonos connect amp specs,1,2,40,15.2,0,6.210000038146973,informational,https://wassersfurniture.com/sonos-connect-amp.html,legacy .html,False,2026-04-10 12:10:45 +00:00
sonos connect:amp specs,1,2,40,15.2,0,6.210000038146973,informational,https://wassersfurniture.com/sonos-connect-amp.html,legacy .html,False,2026-03-26 19:03:08 +00:00
crocodile chair,2,4,90,14.6,0,1.0099999904632568,transactional,https://wassersfurniture.com/dining-chair-made-in-italy-in-stock-croc-embossed-leather.html,legacy .html,False,2026-05-05 14:07:00 +00:00
dreamweavers pebble rug,2,4,20,14.6,0,0.44999998807907104,transactional,https://wassersfurniture.com/dreamweavers-shimmer-pebble-platinum-white-in-stock-ready-to-ship.html,legacy .html,False,2026-03-22 08:13:26 +00:00
dreamweavers rugs pebble,2,2,20,14.6,0,0.44999998807907104,transactional,https://wassersfurniture.com/dreamweavers-shimmer-pebble-platinum-white-in-stock-ready-to-ship.html,legacy .html,False,2026-03-22 08:14:51 +00:00
american leather comfort sleeper,26,37,6600,13.9,5,3.119999885559082,transactional,https://wassersfurniture.com/shop-by-brand/a-c/american-leather/comfort-sleeper-by-american-leather.html,legacy .html,False,2026-04-18 18:34:36 +00:00
r/z,63,72,6600,13.9,1,3.130000114440918,informational,https://wassersfurniture.com/shop-by-brand/r-z.html,legacy .html,False,2026-03-12 20:21:00 +00:00
regina andrews,52,61,6600,13.9,12,1.4300000667572021,informational,https://wassersfurniture.com/shop-by-brand/r-z/regina-andrew-designs.html,legacy .html,False,2026-03-12 16:56:40 +00:00
regina andrews design,29,41,6600,13.9,0,1.4300000667572021,commercial,https://wassersfurniture.com/shop-by-brand/r-z/regina-andrew-designs.html,legacy .html,False,2026-03-29 05:11:59 +00:00
play 3 dimensions,4,7,210,13.8,0,0.12999999523162842,informational,https://wassersfurniture.com/sonos-play-3.html,legacy .html,False,2026-03-19 21:44:40 +00:00
newport cottages,7,9,480,12.3,14,2.2300000190734863,navigational,https://wassersfurniture.com/shop-by-brand/l-p/newport-cottages.html,legacy .html,False,2026-04-21 08:27:58 +00:00
airguide barometer thermometer hygrometer,1,2,50,12.2,0,0.5299999713897705,transactional,https://wassersfurniture.com/vintage-airguide-thermometer-barometer-hygrometer-made-in-usa.html,legacy .html,False,2026-03-27 13:09:46 +00:00
airguide thermometer,2,6,70,11.3,0,0.07000000029802322,transactional,https://wassersfurniture.com/vintage-airguide-thermometer-barometer-hygrometer-made-in-usa.html,legacy .html,False,2026-04-09 21:54:39 +00:00
american signature leather sofa,2,5,70,11.3,0,0.7300000190734863,transactional,https://wassersfurniture.com/american-leather-parker-leather-sofa-showroom-sample-sale.html,legacy .html,False,2026-03-08 05:21:21 +00:00
vintage italian dining chairs,2,4,70,11.3,0,0.6899999976158142,transactional,https://wassersfurniture.com/vintage-italian-dining-chairs-set-of-6.html,legacy .html,False,2026-03-22 16:43:36 +00:00
what is sonos connect,4,7,140,11.2,0,,informational,https://wassersfurniture.com/sonos-connect-amp.html,legacy .html,False,2026-03-06 02:51:29 +00:00
sonos connect gen1,6,10,320,10.8,0,0.3400000035762787,transactional,https://wassersfurniture.com/sonos-connect-amp.html,legacy .html,False,2026-01-31 01:57:30 +00:00
american leather recliners,12,20,1900,9.8,1,1.440000057220459,transactional,https://wassersfurniture.com/shop-by-brand/a-c/american-leather/comfort-recliner-by-american-leather.html,legacy .html,False,2026-03-15 17:31:08 +00:00
sonos connect amp dimensions,1,2,30,9.1,0,,informational,https://wassersfurniture.com/sonos-connect-amp.html,legacy .html,False,2026-03-28 04:19:57 +00:00
sonos connect:amp dimensions,1,2,30,9.1,0,,commercial,https://wassersfurniture.com/sonos-connect-amp.html,legacy .html,False,2026-03-28 04:19:46 +00:00
glass top for dining room table,9,12,590,8.9,0,2.319999933242798,transactional,https://wassersfurniture.com/furniture/diningroom/glass-tops.html,legacy .html,False,2026-03-04 12:11:05 +00:00
alligator skin chairs,2,6,50,8.1,0,0.7099999785423279,transactional,https://wassersfurniture.com/dining-chair-made-in-italy-in-stock-croc-embossed-leather.html,legacy .html,False,2026-04-12 17:46:39 +00:00
dia furniture,2,2,50,8.1,0,0.20000000298023224,transactional,https://wassersfurniture.com/shop-by-brand/d-g/dia.html,legacy .html,False,2026-04-12 02:47:56 +00:00
joya rocker by monte,2,2,50,8.1,0,1.1299999952316284,informational,https://wassersfurniture.com/chair-monte-design-joya-nursery-rocking-chair.html,legacy .html,False,2026-03-25 21:33:43 +00:00
joya rocker monte,2,2,50,8.1,0,1.1299999952316284,informational,https://wassersfurniture.com/chair-monte-design-joya-nursery-rocking-chair.html,legacy .html,False,2026-04-11 09:12:32 +00:00
luna low back chair,2,2,50,8.1,0,0.5799999833106995,transactional,https://wassersfurniture.com/luna-low-back-chair.html,legacy .html,False,2026-03-08 12:09:29 +00:00
monte joya rocker,2,3,50,8.1,0,1.1299999952316284,informational,https://wassersfurniture.com/chair-monte-design-joya-nursery-rocking-chair.html,legacy .html,False,2026-04-11 02:15:38 +00:00
tub sofa,2,6,50,8.1,0,3.4000000953674316,transactional,https://wassersfurniture.com/eilersen-tub-sofa-tunnel-36-fabric-free-same-day-pickup-next-day-quickship.html,legacy .html,False,2026-03-08 06:31:54 +00:00
sonos connect amp specifications,2,4,40,8.1,0,6.210000038146973,navigational,https://wassersfurniture.com/sonos-connect-amp.html,legacy .html,False,2026-03-26 19:02:46 +00:00
dining room glass top table,97,121,3600,7.6,0,1.7100000381469727,transactional,https://wassersfurniture.com/furniture/diningroom/glass-tops.html,legacy .html,False,2026-01-27 21:45:03 +00:00
play:3 sonos,45,58,2900,7.6,0,0.3499999940395355,informational,https://wassersfurniture.com/sonos-play-3.html,legacy .html,False,2026-03-13 13:11:31 +00:00
sonos play 3 speaker,41,56,2900,7.6,0,0.3499999940395355,transactional,https://wassersfurniture.com/sonos-play-3.html,legacy .html,False,2026-03-13 12:31:48 +00:00
leather low back chair,3,3,70,6.8,0,2.2699999809265137,transactional,https://wassersfurniture.com/luna-low-back-chair.html,legacy .html,False,2026-04-08 12:05:11 +00:00
lucite nesting tables,3,6,70,6.8,0,3.3299999237060547,transactional,https://wassersfurniture.com/kac-lucite-nesting-tables-set-of-3-same-day-pickup-next-day-quickship.html,legacy .html,False,2026-05-07 07:44:34 +00:00
colonial buffet,7,9,210,6.7,0,,informational,https://wassersfurniture.com/vintage-spanish-colonial-buffet.html,legacy .html,False,2026-04-29 15:45:30 +00:00
luna chair odd knutsen,5,6,140,6.6,0,0.38999998569488525,transactional,https://wassersfurniture.com/luna-low-back-chair.html,legacy .html,False,2025-09-09 12:38:50 +00:00
crocodile leather chair,2,6,40,6.5,0,0.5699999928474426,transactional,https://wassersfurniture.com/dining-chair-made-in-italy-in-stock-croc-embossed-leather.html,legacy .html,False,2026-02-26 01:43:10 +00:00
monte trundle bed,2,3,40,6.5,0,1.4500000476837158,transactional,https://wassersfurniture.com/monte-design-dorma-trundle-bed.html,legacy .html,False,2026-04-14 04:43:02 +00:00
sonos play 3 dimensions,2,4,40,6.5,0,,transactional,https://wassersfurniture.com/sonos-play-3.html,legacy .html,False,2026-04-13 14:38:52 +00:00
sonos play:3 dimensions,2,4,40,6.5,0,,informational,https://wassersfurniture.com/sonos-play-3.html,legacy .html,False,2026-04-13 14:38:49 +00:00
pablo lana lamp,2,2,30,6.5,0,0.029999999329447746,transactional,https://wassersfurniture.com/pablo-lana.html,legacy .html,False,2026-03-28 13:01:38 +00:00
vintage sonneman floor lamp,2,3,30,6.5,0,0.009999999776482582,transactional,https://wassersfurniture.com/vintage-sonneman-3033-floor-lamp.html,legacy .html,False,2026-04-13 11:41:51 +00:00
sonos connect amp,27,37,2900,6.1,0,0.7900000214576721,commercial,https://wassersfurniture.com/sonos-connect-amp.html,legacy .html,False,2026-04-19 04:08:00 +00:00
trunk as a coffee table,39,55,2400,6.1,0,1.1800000667572021,informational,https://wassersfurniture.com/steamer-trunk-coffee-table-on-display-quickship.html,legacy .html,False,2026-03-29 16:51:12 +00:00
trunk coffee table,45,64,2400,6.1,0,1.1800000667572021,transactional,https://wassersfurniture.com/steamer-trunk-coffee-table-on-display-quickship.html,legacy .html,False,2026-03-13 18:32:07 +00:00
riverstone coffee table,4,7,110,5.9,0,1.75,transactional,https://wassersfurniture.com/phillips-collection-river-stone-coffee-table-gold-leaf.html,legacy .html,False,2026-04-06 06:07:41 +00:00
mattress for babyletto mini crib,9,12,390,5.8,0,1.0199999809265137,transactional,https://wassersfurniture.com/crib-mini-mattress-babyletto-coco-core-non-toxic-mini-mattress-with-water-repellent-smart-cover-m5348c.html,legacy .html,False,2026-04-21 23:41:05 +00:00
monte rocker,6,8,170,5.7,0,1.149999976158142,informational,https://wassersfurniture.com/chair-monte-design-joya-nursery-rocking-chair.html,legacy .html,False,2026-04-03 23:02:49 +00:00
american signature recliners,10,17,480,5.4,0,2.069999933242798,transactional,https://wassersfurniture.com/shop-by-brand/a-c/american-leather/comfort-recliner-by-american-leather.html,legacy .html,False,2026-03-31 17:45:57 +00:00
wood bead chandelier,15,21,1000,5.1,0,2.069999933242798,transactional,https://wassersfurniture.com/little-wasser-s-boho-wood-bead-chandelier.html,legacy .html,False,2026-03-15 18:03:25 +00:00
kudu horn lights,8,12,260,5.1,0,0.7099999785423279,transactional,https://wassersfurniture.com/kudu-horn-double-twist-standing-lamp-in-stock.html,legacy .html,False,2026-04-02 21:06:35 +00:00
american leather couch,25,34,2400,5.0,3,1.9300000667572021,transactional,https://wassersfurniture.com/shop-by-brand/a-c/american-leather.html,legacy .html,False,2026-03-29 23:26:05 +00:00
american leather sofa,28,42,2400,5.0,10,1.9300000667572021,transactional,https://wassersfurniture.com/shop-by-brand/a-c/american-leather.html,legacy .html,False,2026-03-14 11:19:46 +00:00
american leather sofas,39,54,2400,5.0,1,1.9300000667572021,transactional,https://wassersfurniture.com/shop-by-brand/a-c/american-leather/sectionals.html?p=4,legacy category,False,2026-04-19 10:47:00 +00:00
american leather simon recliner,3,3,50,4.9,0,1.0399999618530273,transactional,https://wassersfurniture.com/american-leather-simon-re-invented-recliner-blue-high-performance-fabric-in-stock.html,legacy .html,False,2026-04-12 17:29:23 +00:00
creative elegance,3,6,50,4.9,0,,informational,https://wassersfurniture.com/shop-by-brand/a-c/creative-elegance.html,legacy .html,False,2026-04-12 04:45:26 +00:00
design institute of america furniture,3,4,50,4.9,0,1.8899999856948853,navigational,https://wassersfurniture.com/shop-by-brand/d-g/dia.html,legacy .html,False,2026-03-26 00:05:31 +00:00
leather bedding,3,8,50,4.9,0,1.0499999523162842,transactional,https://wassersfurniture.com/american-leather-comfort-sleeper-gotcha-covered-white-sheet-set-sea-salt.html,legacy .html,False,2026-04-11 07:14:30 +00:00
tempur cloud breeze mattress,3,3,50,4.9,1,5.119999885559082,transactional,https://wassersfurniture.com/tempur-cloud-luxe-breeze.html,legacy .html,False,2026-04-07 16:46:25 +00:00
tempur cloud luxe breeze mattress,3,5,50,4.9,0,2.8600001335144043,transactional,https://wassersfurniture.com/tempur-cloud-luxe-breeze.html,legacy .html,False,2026-04-10 09:38:40 +00:00
tempur-cloud breeze mattress,3,3,50,4.9,1,5.119999885559082,transactional,https://wassersfurniture.com/tempur-cloud-luxe-breeze.html,legacy .html,False,2026-03-23 21:05:08 +00:00
tempur-cloud luxe breeze mattress,3,4,50,4.9,0,2.8600001335144043,transactional,https://wassersfurniture.com/tempur-cloud-luxe-breeze.html,legacy .html,False,2026-04-10 09:38:51 +00:00
cloud luxe breeze,2,3,30,4.9,0,2.4100000858306885,transactional,https://wassersfurniture.com/tempur-cloud-luxe-breeze.html,legacy .html,False,2026-04-15 07:25:15 +00:00
luna chair by odd knutsen,2,4,30,4.9,0,0.3799999952316284,transactional,https://wassersfurniture.com/luna-low-back-chair.html,legacy .html,False,2026-02-06 23:40:54 +00:00
rossetto furniture,2,2,30,4.9,0,,navigational,https://wassersfurniture.com/shop-by-brand/r-z/rossetto-usa.html,legacy .html,False,2026-04-17 10:03:11 +00:00
rossetto furniture italy,2,2,30,4.9,0,,navigational,https://wassersfurniture.com/shop-by-brand/r-z/rossetto-usa.html,legacy .html,False,2026-04-17 10:03:25 +00:00
steamer trunk table,2,3,30,4.9,0,0.8500000238418579,transactional,https://wassersfurniture.com/steamer-trunk-coffee-table-on-display-quickship.html,legacy .html,False,2026-04-17 03:59:50 +00:00
african print chair,4,7,70,4.6,0,0.9300000071525574,transactional,https://wassersfurniture.com/swivel-chair-custom-african-print-fabric.html,legacy .html,False,2026-04-09 22:00:09 +00:00
ferguson copeland armoire,4,5,50,4.6,0,,navigational,https://wassersfurniture.com/fergusen-copeland-eglomise-armoire.html,legacy .html,False,2026-04-09 01:25:40 +00:00
sonos play:1 specifications,4,4,50,4.6,0,,informational,https://wassersfurniture.com/sonos-play-1.html,legacy .html,False,2026-03-23 22:39:09 +00:00
play 1 speaker,11,16,590,4.4,0,0.6499999761581421,transactional,https://wassersfurniture.com/sonos-play-1.html,legacy .html,False,2026-03-18 01:50:49 +00:00
couture jardin,17,22,1000,4.3,0,6.400000095367432,informational,https://wassersfurniture.com/shop-by-brand/a-c/couture-jardin.html,legacy .html,False,2026-03-30 17:31:39 +00:00
furniture stores in hallandale florida,5,9,90,4.2,0,2.799999952316284,commercial,https://wassersfurniture.com/,homepage,False,2026-05-03 14:05:36 +00:00
american leather comfort sleeper sofa,28,42,2400,4.0,6,3.380000114440918,transactional,https://wassersfurniture.com/shop-by-brand/a-c/american-leather/comfort-sleeper-by-american-leather.html,legacy .html,False,2026-03-30 03:29:34 +00:00
acrylic book shelf,27,31,1900,4.0,0,1.2799999713897705,transactional,https://wassersfurniture.com/dapper-navy-baby-acrylic-bookshelves.html,legacy .html,False,2025-07-14 07:33:43 +00:00
american leather furniture,45,59,1900,4.0,0,1.3899999856948853,transactional,https://wassersfurniture.com/shop-by-brand/a-c/american-leather.html,legacy .html,False,2026-03-14 20:59:10 +00:00
thayer coggin,54,71,1900,4.0,0,3.440000057220459,informational,https://wassersfurniture.com/shop-by-brand/r-z/thayer-coggin.html?p=2,legacy category,False,2026-03-14 13:00:47 +00:00
thayer coggins,44,51,1900,4.0,0,3.440000057220459,informational,https://wassersfurniture.com/thayer-coggin-design-classic-825-sectional-sofa-milo-baughman.html,legacy .html,False,2026-03-14 13:01:44 +00:00
executive lounge chair,3,5,40,3.9,10,1.7300000190734863,transactional,https://wassersfurniture.com/furniture/homes-offices/executive-seating.html,legacy .html,False,2026-03-27 05:27:13 +00:00
gamma pretty chair,3,5,40,3.9,0,0.7300000190734863,transactional,https://wassersfurniture.com/gamma-pretty-chair.html,legacy .html,False,2026-03-11 06:12:13 +00:00
leather luna chair,3,4,40,3.9,0,0.05999999865889549,transactional,https://wassersfurniture.com/luna-low-back-chair.html,legacy .html,False,2026-04-14 10:18:23 +00:00
luna leather chair,3,6,40,3.9,0,0.05999999865889549,transactional,https://wassersfurniture.com/luna-low-back-chair.html,legacy .html,False,2026-04-14 08:47:28 +00:00
monte white rockwell bassinet,3,5,40,3.9,0,1.2000000476837158,transactional,https://wassersfurniture.com/bassinet-monte-design-rockwell-bassinet.html,legacy .html,False,2026-03-27 04:18:39 +00:00
sonos 3 dimensions,3,5,40,3.9,0,,informational,https://wassersfurniture.com/sonos-play-3.html,legacy .html,False,2026-04-13 14:38:41 +00:00
sonos :3 dimensions,3,5,40,3.9,0,,informational,https://wassersfurniture.com/sonos-play-3.html,legacy .html,False,2026-04-13 14:38:34 +00:00
stone international dining table,3,3,40,3.9,0,2.700000047683716,transactional,https://wassersfurniture.com/shop-by-brand/r-z/stone-international.html,legacy .html,False,2026-04-17 03:42:40 +00:00
stone international dining tables,3,3,40,3.9,0,2.700000047683716,transactional,https://wassersfurniture.com/shop-by-brand/r-z/stone-international.html,legacy .html,False,2026-04-17 03:42:15 +00:00
joya rocker,3,4,30,3.9,0,1.5,informational,https://wassersfurniture.com/chair-monte-design-joya-nursery-rocking-chair.html,legacy .html,False,2026-03-27 02:29:40 +00:00
milo baughman thayer coggin sectional,3,4,30,3.9,0,0.1899999976158142,navigational,https://wassersfurniture.com/thayer-coggin-design-classic-825-sectional-sofa-milo-baughman.html,legacy .html,False,2026-04-18 00:44:27 +00:00
neutral nursery rug,21,32,1600,3.7,0,1.8299999237060547,transactional,https://wassersfurniture.com/baby-neutral-room-rug.html,legacy .html,False,2026-03-15 01:47:57 +00:00
54 inch round glass table top,6,9,110,3.7,0,2.7100000381469727,transactional,https://wassersfurniture.com/glass-table-top-54-round-quickship.html,legacy .html,False,2026-03-22 13:38:13 +00:00
newport cottages crib,6,7,110,3.7,0,2.9600000381469727,navigational,https://wassersfurniture.com/newport-cottages-casey-crib.html,legacy .html,False,2026-05-03 04:17:18 +00:00
lafer recliners,7,10,140,3.6,0,1.2999999523162842,transactional,http://www.wassersfurniture.com/lafer-leather-selection,other,False,2026-01-25 04:28:32 +00:00
sonos sub dimensions,11,16,390,3.5,0,1.350000023841858,informational,https://wassersfurniture.com/sonos-sub.html,legacy .html,False,2026-04-22 16:08:33 +00:00
american leather sofa bed,33,51,1600,3.4,11,2.6700000762939453,transactional,https://wassersfurniture.com/american-leather-breckin-comfort-sleeper-chaise.html,legacy .html,False,2026-03-15 07:25:17 +00:00
monte design furniture,42,45,1600,3.4,0,1.8899999856948853,navigational,https://wassersfurniture.com/shop-by-brand/l-p/monte-design.html,legacy .html,False,2025-09-05 15:45:38 +00:00
monte furniture,33,47,1600,3.4,0,1.8899999856948853,navigational,https://wassersfurniture.com/shop-by-brand/l-p/monte-design.html,legacy .html,False,2026-03-15 02:06:05 +00:00
phillips collection furniture,47,67,1600,3.4,6,2.5999999046325684,navigational,https://wassersfurniture.com/shop-by-brand/l-p/phillips-collection.html,legacy .html,False,2026-03-14 14:50:39 +00:00
mid century leather armchair,78,107,1300,3.4,0,2.75,transactional,https://wassersfurniture.com/furniture/mid-century.html,legacy .html,False,2026-03-03 19:09:03 +00:00
monte dorma bed,4,7,50,3.3,0,3.569999933242798,transactional,https://wassersfurniture.com/monte-design-dorma-twin-bed-with-trundle.html,legacy .html,False,2026-04-11 02:15:43 +00:00
shaw bed,4,7,50,3.3,0,1.1800000667572021,transactional,https://wassersfurniture.com/american-leather-shaw-bed-in-stock-on-display-quickship.html,legacy .html,False,2026-03-26 07:50:28 +00:00
white steamer trunk coffee table,4,8,50,3.3,0,1.649999976158142,transactional,https://wassersfurniture.com/steamer-trunk-coffee-table-on-display-quickship.html,legacy .html,False,2025-07-26 11:56:30 +00:00
sonos play:3 specifications,4,5,40,3.3,0,0.7200000286102295,informational,https://wassersfurniture.com/sonos-play-3.html,legacy .html,False,2026-03-25 19:45:22 +00:00
nursery room ideas neutral gender,22,31,1300,2.9,0,0.7099999785423279,informational,https://wassersfurniture.com/a-gender-neutral-nursery-room.html,legacy .html,False,2026-01-29 00:11:59 +00:00
ming coffee table vintage,3,5,30,2.9,0,0.23000000417232513,transactional,https://wassersfurniture.com/vintage-ming-coffee-table.html,legacy .html,False,2026-04-18 02:28:57 +00:00
newport cottage dresser,3,4,30,2.9,0,2.2699999809265137,navigational,https://wassersfurniture.com/newport-cottages-astoria-dresser.html,legacy .html,False,2026-04-17 21:38:02 +00:00
newport cottages dresser,3,3,30,2.9,0,2.2699999809265137,navigational,https://wassersfurniture.com/newport-cottages-astoria-dresser.html,legacy .html,False,2026-04-17 21:41:30 +00:00
pablo light bench,3,3,30,2.9,0,0.33000001311302185,transactional,https://wassersfurniture.com/pablo-light-bench.html,legacy .html,False,2026-03-28 12:55:44 +00:00
american leather parker sofa,7,10,110,2.8,0,0.7900000214576721,transactional,https://wassersfurniture.com/american-leather-parker-leather-sofa-showroom-sample-sale.html,legacy .html,False,2026-05-04 04:49:11 +00:00
american furniture recliners,30,48,1300,2.7,0,0.8399999737739563,transactional,https://wassersfurniture.com/shop-by-brand/a-c/american-leather/comfort-recliner-by-american-leather.html,legacy .html,False,2026-04-20 00:06:14 +00:00
pablo designs lamps,61,81,1300,2.7,0,1.9800000190734863,navigational,https://wassersfurniture.com/shop-by-brand/l-p/pablo-designs.html,legacy .html,False,2026-03-15 11:20:56 +00:00
pablo designs lighting,61,80,1300,2.7,3,1.9800000190734863,navigational,https://wassersfurniture.com/shop-by-brand/l-p/pablo-designs.html,legacy .html,False,2026-03-30 10:11:37 +00:00
pablo lighting,69,86,1300,2.7,0,1.9800000190734863,navigational,https://wassersfurniture.com/shop-by-brand/l-p/pablo-designs.html,legacy .html,False,2026-03-15 11:21:04 +00:00
steamer trunk side table,4,6,40,2.6,0,0.3499999940395355,transactional,https://wassersfurniture.com/steamer-trunk-coffee-table-on-display-quickship.html,legacy .html,False,2026-04-13 14:07:59 +00:00
missoni pouf sale,4,6,30,2.6,0,1.3700000047683716,transactional,https://wassersfurniture.com/missoni-home-patch-cylinder-ottoman-pouf-16-x-12-free-pickup-free-shipping.html,legacy .html,False,2026-04-14 05:10:53 +00:00
american leather comfort recliner,6,11,70,2.4,0,1.409999966621399,transactional,https://wassersfurniture.com/shop-by-brand/a-c/american-leather/comfort-recliner-by-american-leather.html,legacy .html,False,2026-04-09 21:54:49 +00:00
sonos play:1 specs,6,8,50,2.4,0,,informational,https://wassersfurniture.com/sonos-play-1.html,legacy .html,False,2026-03-23 22:39:39 +00:00
babyletto mini crib mattress,13,17,390,2.3,0,1.0199999809265137,transactional,https://wassersfurniture.com/crib-mini-mattress-babyletto-coco-core-non-toxic-mini-mattress-with-water-repellent-smart-cover-m5348c.html,legacy .html,False,2025-12-28 16:40:07 +00:00
oriental weavers rug pad,5,6,50,2.3,0,2.619999885559082,transactional,https://wassersfurniture.com/oriental-weavers-5-x-8-premiere-grip-all-in-one-rug-pad-748679210060.html,legacy .html,False,2026-04-10 22:29:52 +00:00
armen living,25,35,1000,2.1,9,3.0199999809265137,informational,https://wassersfurniture.com/shop-by-brand/a-c/armen-living.html,legacy .html,False,2026-03-16 04:27:58 +00:00
beaded wood chandelier,62,67,1000,2.1,0,2.069999933242798,transactional,https://wassersfurniture.com/little-wasser-s-boho-wood-bead-chandelier.html,legacy .html,False,2025-10-23 07:29:18 +00:00
chest coffee table,34,48,1000,2.1,0,1.25,transactional,https://wassersfurniture.com/steamer-trunk-coffee-table-on-display-quickship.html,legacy .html,False,2026-03-16 03:11:53 +00:00
large leather ottoman,50,67,1000,2.1,0,2.7799999713897705,transactional,https://wassersfurniture.com/genuine-leather-ottomans-in-stock.html,legacy .html,False,2026-03-15 23:21:15 +00:00
american leather gaines comfort sleeper,38,46,880,2.1,0,4.03000020980835,transactional,https://wassersfurniture.com/shop-by-brand/a-c/american-leather/comfort-sleeper-by-american-leather.html,legacy .html,False,2026-03-16 04:46:06 +00:00
nursery neutral,62,67,880,2.1,0,1.090000033378601,informational,https://wassersfurniture.com/a-gender-neutral-nursery-room.html,legacy .html,False,2025-08-24 10:18:45 +00:00
airplane wing desk,16,20,480,2.1,0,1.1200000047683716,transactional,https://wassersfurniture.com/airplane-wing-desk.html,legacy .html,False,2026-03-17 19:59:58 +00:00
bernhardt zola chair,9,12,140,2.1,0,1.1800000667572021,transactional,https://wassersfurniture.com/bernhardt-interiors-zola-accent-chair-n8103.html,legacy .html,False,2026-05-02 09:40:58 +00:00
shabbos table,9,11,110,2.1,0,0.6899999976158142,transactional,https://wassersfurniture.com/furniture/diningroom/shabbos-tables.html?p=4,legacy category,False,2026-05-01 12:15:24 +00:00
river stone table,4,7,30,2.0,0,1.4199999570846558,transactional,https://wassersfurniture.com/phillips-collection-river-stone-cocktail-table.html,legacy .html,False,2026-03-28 08:05:37 +00:00
romina cleopatra crib,4,4,30,2.0,0,3.180000066757202,informational,https://wassersfurniture.com/romina-furniture-cleopatra-classic-crib.html,legacy .html,False,2026-03-28 07:49:58 +00:00
sonneman table lamp,4,7,30,2.0,0,0.9200000166893005,transactional,https://wassersfurniture.com/vintage-sonneman-suspended-table-lamp.html,legacy .html,False,2026-04-17 05:54:15 +00:00
sonos connect 1,4,7,30,2.0,0,,navigational,https://wassersfurniture.com/sonos-connect-amp.html,legacy .html,False,2026-03-09 06:02:54 +00:00
sonos connect:amp speakers,4,7,30,2.0,0,0.6100000143051147,navigational,https://wassersfurniture.com/sonos-connect-amp.html,legacy .html,False,2026-03-28 04:20:10 +00:00
toulet billard,4,4,20,2.0,0,1.3899999856948853,transactional,https://wassersfurniture.com/shop-by-brand/r-z/toulet-billiard.html,legacy .html,False,2026-03-27 23:21:30 +00:00
riverstone table,5,7,50,1.9,0,1.6600000858306885,transactional,https://wassersfurniture.com/phillips-collection-river-stone-cocktail-table.html,legacy .html,False,2026-04-13 18:05:30 +00:00
carrol boyes tray,5,7,40,1.9,0,,transactional,https://wassersfurniture.com/shop-by-brand/a-c/carrol-boyes.html,legacy .html,False,2026-03-27 11:26:41 +00:00
lafer recliner chair,5,7,40,1.9,0,2.509999990463257,transactional,http://www.wassersfurniture.com/lafer-leather-selection,other,False,2026-03-10 15:50:42 +00:00
art deco dining table,45,60,880,1.8,0,1.5299999713897705,transactional,https://wassersfurniture.com/exotic-art-deco-dining-table.html,legacy .html,False,2026-03-16 17:19:15 +00:00
bracci,39,48,880,1.8,0,5.570000171661377,informational,https://wassersfurniture.com/shop-by-brand/a-c/bracci.html,legacy .html,False,2026-03-16 16:28:08 +00:00
nursery chandelier,31,46,880,1.8,0,3.119999885559082,transactional,https://wassersfurniture.com/baby-neutral-room-chandelier.html,legacy .html,False,2026-03-16 10:02:02 +00:00
romina cribs,26,32,880,1.8,0,3.259999990463257,transactional,https://wassersfurniture.com/shop-by-brand/r-z/romina-furniture.html,legacy .html,False,2026-03-16 08:29:36 +00:00
leather side chairs,70,89,720,1.8,0,2.7300000190734863,transactional,https://wassersfurniture.com/shop-by-brand/a-c/american-leather/chairs.html,legacy .html,False,2025-12-12 08:45:35 +00:00
vintage trunk coffee table,31,46,720,1.8,0,1.0199999809265137,transactional,https://wassersfurniture.com/steamer-trunk-coffee-table-on-display-quickship.html,legacy .html,False,2026-04-20 05:38:59 +00:00
black steamer trunk coffee table,7,12,70,1.8,0,1.25,transactional,https://wassersfurniture.com/steamer-trunk-coffee-table-on-display-quickship.html,legacy .html,False,2026-03-25 23:32:02 +00:00
american leather factory outlet,7,9,50,1.8,0,2.140000104904175,navigational,https://wassersfurniture.com/shop-by-brand/a-c/american-leather.html,legacy .html,False,2026-03-07 10:04:10 +00:00
tempur-cloud supreme breeze mattress,7,11,50,1.8,0,3.3600001335144043,transactional,https://wassersfurniture.com/tempur-cloud-luxe-breeze.html,legacy .html,False,2026-04-07 16:45:08 +00:00
dreamweaver rugs pebbles,8,10,20,1.8,0,0.44999998807907104,transactional,https://wassersfurniture.com/dreamweavers-shimmer-pebble-platinum-white-in-stock-ready-to-ship.html,legacy .html,False,2026-03-22 08:15:59 +00:00
solis lamp,6,8,90,1.7,0,1.4300000667572021,transactional,https://wassersfurniture.com/pablo-solis.html,legacy .html,False,2026-03-26 22:23:39 +00:00
54 in glass table top,6,8,50,1.7,0,1.600000023841858,transactional,https://wassersfurniture.com/glass-table-top-54-round-quickship.html,legacy .html,False,2025-12-21 09:05:10 +00:00
antique thermometer barometer hygrometer,6,9,50,1.7,0,0.20000000298023224,transactional,https://wassersfurniture.com/vintage-airguide-thermometer-barometer-hygrometer-made-in-usa.html,legacy .html,False,2026-04-12 16:47:52 +00:00
jardin couture,6,7,50,1.7,0,3.2899999618530273,informational,https://wassersfurniture.com/shop-by-brand/a-c/couture-jardin.html,legacy .html,False,2026-03-08 14:10:00 +00:00
sonos play 1 specifications,6,8,50,1.7,0,,informational,https://wassersfurniture.com/sonos-play-1.html,legacy .html,False,2026-04-07 19:01:17 +00:00
sonos play 3 specs,6,10,40,1.7,0,0.7200000286102295,transactional,https://wassersfurniture.com/sonos-play-3.html,legacy .html,False,2026-04-10 12:19:47 +00:00
sonos play:3 specs,6,10,40,1.7,0,0.7200000286102295,transactional,https://wassersfurniture.com/sonos-play-3.html,legacy .html,False,2026-04-10 12:19:46 +00:00
varier kneeling chair,18,22,480,1.6,0,2.3499999046325684,transactional,https://wassersfurniture.com/varier-variable-balans-ergonomic-task-chair-with-backrest-free-shipping-no-tax.html,legacy .html,False,2026-03-31 18:58:42 +00:00
ultra suede sofa,15,23,320,1.6,0,2.0299999713897705,transactional,https://wassersfurniture.com/princeton-sectional-genuine-ultra-suede-r.html,legacy .html,False,2026-04-22 15:26:47 +00:00
ottoman leather couch,46,59,720,1.5,0,2.3499999046325684,transactional,https://wassersfurniture.com/genuine-leather-ottomans-in-stock.html,legacy .html,False,2026-03-31 02:34:29 +00:00
stone furniture,62,89,720,1.5,0,1.059999942779541,transactional,https://wassersfurniture.com/shop-by-brand/r-z/stone-international.html,legacy .html,False,2026-03-31 01:35:16 +00:00
pablo design,58,68,590,1.5,10,2.8399999141693115,navigational,https://wassersfurniture.com/shop-by-brand/l-p/pablo-designs.html,legacy .html,False,2026-03-17 09:56:24 +00:00
pablo design san francisco,53,60,590,1.5,9,2.8399999141693115,navigational,https://wassersfurniture.com/shop-by-brand/l-p/pablo-designs.html,legacy .html,False,2026-03-31 02:32:40 +00:00
pablo designs,38,48,590,1.5,2,2.8399999141693115,navigational,https://wassersfurniture.com/shop-by-brand/l-p/pablo-designs.html?p=3,legacy category,False,2026-03-17 09:56:14 +00:00
costantini pietro,17,21,320,1.4,0,3.180000066757202,informational,https://wassersfurniture.com/shop-by-brand/a-c/costantini-pietro-furniture.html?p=7,legacy category,False,2026-04-22 21:06:01 +00:00
american leather outlet,8,9,70,1.4,0,1.1100000143051147,navigational,https://wassersfurniture.com/shop-by-brand/a-c/american-leather.html,legacy .html,False,2026-03-26 04:08:33 +00:00
tempur cloud supreme breeze mattress,8,11,50,1.4,0,3.3600001335144043,transactional,https://wassersfurniture.com/tempur-cloud-luxe-breeze.html,legacy .html,False,2026-04-07 16:36:52 +00:00
costantini pietro chairs,6,9,40,1.4,0,0.75,navigational,https://wassersfurniture.com/costantini-pietro-charm-dining-chairs-set-of-4-in-stock.html,legacy .html,False,2026-04-12 04:59:20 +00:00
crocodile dining chairs,6,10,40,1.4,0,0.8799999952316284,transactional,https://wassersfurniture.com/dining-chair-made-in-italy-in-stock-croc-embossed-leather.html,legacy .html,False,2026-03-27 13:02:41 +00:00
lafer recliner chairs,6,9,40,1.4,0,2.509999990463257,transactional,http://www.wassersfurniture.com/lafer-leather-selection,other,False,2026-03-10 15:52:02 +00:00
romina imperio crib,6,7,40,1.4,0,4.949999809265137,navigational,https://wassersfurniture.com/romina-furniture-imperio-convertible-crib-open-back.html,legacy .html,False,2026-03-08 07:25:49 +00:00
marine coffee table,5,7,30,1.4,0,1.6299999952316284,transactional,https://wassersfurniture.com/pavoncello-whereisit-collection-onde-marine-coffee-table.html,legacy .html,False,2026-04-18 03:17:54 +00:00
sonos connect amp speakers,5,7,30,1.4,0,0.6100000143051147,transactional,https://wassersfurniture.com/sonos-connect-amp.html,legacy .html,False,2026-03-28 04:21:22 +00:00
wings coffee table,5,8,30,1.4,0,6.340000152587891,transactional,https://wassersfurniture.com/dia-design-institute-of-america-wings-coffee-table-370-07.html,legacy .html,False,2026-03-10 11:42:34 +00:00
sonneman floor lamp vintage,6,9,30,1.4,0,0.009999999776482582,transactional,https://wassersfurniture.com/vintage-sonneman-floor-lamp.html,legacy .html,False,2026-04-13 14:35:33 +00:00
dreamweaver pebble rug,9,12,20,1.4,0,0.44999998807907104,transactional,https://wassersfurniture.com/dreamweavers-shimmer-pebble-platinum-white-in-stock-ready-to-ship.html,legacy .html,False,2026-03-22 08:15:49 +00:00
trunk table,22,33,480,1.3,0,1.190000057220459,transactional,https://wassersfurniture.com/steamer-trunk-coffee-table-on-display-quickship.html,legacy .html,False,2026-03-17 13:08:16 +00:00
varier chair,15,25,260,1.3,1,2.869999885559082,transactional,https://wassersfurniture.com/varier-variable-balans-ergonomic-task-chair-with-backrest-free-shipping-no-tax.html,legacy .html,False,2026-04-02 11:25:32 +00:00
img luna chair,12,17,170,1.3,0,0.5899999737739563,transactional,https://wassersfurniture.com/luna-low-back-chair.html,legacy .html,False,2025-10-01 21:37:08 +00:00
monte daybed,7,10,50,1.3,0,1.940000057220459,transactional,https://wassersfurniture.com/monte-design-twin-daybed-sofa.html,legacy .html,False,2026-03-08 10:47:07 +00:00
sonos play 1 specs,7,12,50,1.3,0,,informational,https://wassersfurniture.com/sonos-play-1.html,legacy .html,False,2026-04-07 19:01:18 +00:00
tempur-pedic cloud breeze mattress,7,9,50,1.3,10,5.119999885559082,transactional,https://wassersfurniture.com/tempur-cloud-luxe-breeze.html,legacy .html,False,2026-04-07 16:45:58 +00:00
american leather recliner sale,7,9,40,1.3,0,2.059999942779541,transactional,https://wassersfurniture.com/shop-by-brand/a-c/american-leather/comfort-recliner-by-american-leather.html,legacy .html,False,2026-04-12 17:22:49 +00:00
sonos playbar dimensions,33,43,720,1.2,0,0.550000011920929,transactional,https://wassersfurniture.com/sonos-playbar.html,legacy .html,False,2026-03-31 10:03:59 +00:00
bontempi,56,77,590,1.2,4,3.2799999713897705,informational,https://wassersfurniture.com/shop-by-brand/a-c/bontempi-casa.html,legacy .html,False,2026-03-17 18:33:30 +00:00
glass for dining table top,85,102,590,1.2,0,2.319999933242798,transactional,https://wassersfurniture.com/furniture/diningroom/glass-tops.html,legacy .html,False,2025-12-13 14:31:59 +00:00
suede sofa sectional,76,102,590,1.2,0,1.690000057220459,transactional,https://wassersfurniture.com/princeton-sectional-genuine-ultra-suede-r.html,legacy .html,False,2026-01-29 17:58:46 +00:00
missoni pouf,14,18,210,1.2,0,2.430000066757202,transactional,https://wassersfurniture.com/missoni-home-diamante-pouf-24x16-free-pickup-free-shipping.html,legacy .html,False,2026-04-28 08:07:09 +00:00
missoni ottoman poufs,10,14,140,1.2,0,3.180000066757202,transactional,https://wassersfurniture.com/missoni-home-patch-cylinder-ottoman-pouf-16-x-12-free-pickup-free-shipping.html,legacy .html,False,2026-04-05 13:53:39 +00:00
play 1 speakers,21,32,590,1.1,0,0.6499999761581421,transactional,https://wassersfurniture.com/sonos-play-1.html,legacy .html,False,2026-04-21 07:58:18 +00:00
stressless chair ottoman,21,28,480,1.1,0,1.7100000381469727,transactional,https://wassersfurniture.com/ekornes-stressless-you-john-chair-ottoman-aluminum-base.html,legacy .html,False,2026-03-31 19:42:45 +00:00
monte glider,22,32,480,1.1,0,1.7100000381469727,transactional,https://wassersfurniture.com/chair-monte-design-luca-nursery-glider.html,legacy .html,False,2026-03-18 03:31:08 +00:00
bassinet monte,18,28,320,1.1,0,1.3199999332427979,transactional,https://wassersfurniture.com/bassinet-monte-design-rockwell-bassinet.html,legacy .html,False,2026-01-30 23:46:03 +00:00
thayer coggin furniture,53,69,590,1.0,0,2.369999885559082,navigational,https://wassersfurniture.com/shop-by-brand/r-z/thayer-coggin.html?p=2,legacy category,False,2026-03-17 23:00:11 +00:00
american leather sleeper,40,57,480,1.0,0,2.7699999809265137,transactional,https://wassersfurniture.com/american-leather-breckin-comfort-sleeper-chaise.html,legacy .html,False,2026-03-18 11:40:19 +00:00
american signature recliner,80,92,480,1.0,0,2.069999933242798,transactional,https://wassersfurniture.com/shop-by-brand/a-c/american-leather/comfort-recliner-by-american-leather.html,legacy .html,False,2025-11-12 04:48:12 +00:00
caracole nightstand,28,38,480,1.0,0,2.9100000858306885,transactional,https://wassersfurniture.com/caracole-rise-and-shine-nightstand.html,legacy .html,False,2026-03-17 17:56:51 +00:00
caracole nightstands,40,62,480,1.0,0,2.9100000858306885,transactional,https://wassersfurniture.com/caracole-rise-and-shine-nightstand.html,legacy .html,False,2026-01-30 06:08:27 +00:00
end tables and coffee tables for living room,53,60,480,1.0,0,1.3899999856948853,commercial,https://wassersfurniture.com/furniture/livingroom/cocktail-end-tables.html,legacy .html,False,2025-07-17 08:26:14 +00:00
glass kitchen table top,35,51,480,1.0,0,1.6700000762939453,navigational,https://wassersfurniture.com/furniture/diningroom/glass-tops.html,legacy .html,False,2026-03-04 14:48:45 +00:00
sonos connect:amp gen 2,38,51,480,1.0,0,0.6000000238418579,transactional,https://wassersfurniture.com/sonos-connect-amp.html,legacy .html,False,2026-01-30 08:38:20 +00:00
sonos play one speaker,43,62,480,1.0,0,0.9800000190734863,transactional,https://wassersfurniture.com/sonos-play-1.html,legacy .html,False,2026-01-30 00:58:12 +00:00
sonos playone,41,60,480,1.0,0,0.9800000190734863,transactional,https://wassersfurniture.com/sonos-play-1.html,legacy .html,False,2026-01-30 00:59:58 +00:00
sonos speaker play 3,49,59,480,1.0,0,0.41999998688697815,transactional,https://wassersfurniture.com/sonos-play-3.html,legacy .html,False,2026-03-17 23:44:55 +00:00
surya furniture,29,43,480,1.0,9,3.4100000858306885,navigational,https://wassersfurniture.com/shop-by-brand/r-z/surya.html,legacy .html,False,2026-03-17 23:10:28 +00:00
missoni pouf ottoman,12,17,140,1.0,0,3.180000066757202,transactional,https://wassersfurniture.com/missoni-home-diamante-pouf-24x16-free-pickup-free-shipping.html,legacy .html,False,2026-05-03 05:21:10 +00:00
variable balans by varier,10,16,90,1.0,3,3.559999942779541,informational,https://wassersfurniture.com/varier-variable-balans-ergonomic-task-chair-with-backrest-free-shipping-no-tax.html,legacy .html,False,2026-03-07 11:39:52 +00:00
naos motion table,9,11,70,1.0,0,0.7099999785423279,navigational,https://wassersfurniture.com/naos-motion-cocktail-table-gemelli.html,legacy .html,False,2026-05-09 04:42:59 +00:00
italian dining chairs set of 6,9,12,50,1.0,0,2.490000009536743,transactional,https://wassersfurniture.com/vintage-italian-dining-chairs-set-of-6.html,legacy .html,False,2026-04-08 15:05:01 +00:00
gender neutral nursery furniture,8,10,50,1.0,0,1.7400000095367432,navigational,https://wassersfurniture.com/a-gender-neutral-nursery-room.html,legacy .html,False,2026-03-26 14:46:25 +00:00
oriental weavers rug pads,8,9,50,1.0,0,2.619999885559082,transactional,https://wassersfurniture.com/oriental-weavers-5-x-8-premiere-grip-all-in-one-rug-pad-748679210060.html,legacy .html,False,2026-04-10 22:29:48 +00:00
tempur pedic cloud breeze mattress,8,11,50,1.0,10,5.119999885559082,transactional,https://wassersfurniture.com/tempur-cloud-luxe-breeze.html,legacy .html,False,2026-04-07 16:46:01 +00:00
tessellated stone dining table,8,12,50,1.0,0,0.8399999737739563,transactional,https://wassersfurniture.com/tessellated-stone-x-extendable-dining-table.html,legacy .html,False,2026-04-10 09:25:24 +00:00
american leather sheets,7,8,40,1.0,0,3.75,transactional,https://wassersfurniture.com/american-leather-comfort-sleeper-gotcha-covered-white-sheet-set-sea-salt.html,legacy .html,False,2026-04-16 17:22:17 +00:00
carrol boyes trays,7,11,40,1.0,0,,transactional,https://wassersfurniture.com/shop-by-brand/a-c/carrol-boyes.html,legacy .html,False,2026-03-27 11:32:57 +00:00
costantini pietro dining chairs,7,10,40,1.0,0,0.6499999761581421,transactional,https://wassersfurniture.com/shop-by-brand/a-c/costantini-pietro-furniture.html,legacy .html,False,2026-04-15 06:38:23 +00:00
sonos 3 specs,8,11,40,1.0,0,0.7200000286102295,transactional,https://wassersfurniture.com/sonos-play-3.html,legacy .html,False,2026-04-10 12:11:00 +00:00
costantini furniture,7,8,30,1.0,0,0.7599999904632568,navigational,https://wassersfurniture.com/shop-by-brand/a-c/costantini-pietro-furniture.html,legacy .html,False,2026-04-15 06:34:20 +00:00
ekornes coffee table,7,10,30,1.0,0,0.5699999928474426,transactional,https://wassersfurniture.com/ekornes-stressless-you-urban-large-coffee-table.html,legacy .html,False,2026-03-09 13:29:44 +00:00
nursery works luma crib,6,6,30,1.0,0,3.5,navigational,https://wassersfurniture.com/nursery-works-luma-crub-acrylic-rose-gold.html,legacy .html,False,2026-04-17 21:06:18 +00:00
novella crib,8,10,30,1.0,0,1.0099999904632568,informational,https://wassersfurniture.com/nursery-works-novella-crib-nw15001.html,legacy .html,False,2026-04-10 23:43:32 +00:00
chair balans,19,28,320,0.9,0,2.0899999141693115,transactional,https://wassersfurniture.com/varier-variable-balans-ergonomic-task-chair-with-backrest-free-shipping-no-tax.html,legacy .html,False,2026-01-23 13:58:24 +00:00
african chair,61,83,390,0.8,0,2.7200000286102295,transactional,https://wassersfurniture.com/swivel-chair-custom-african-print-fabric.html,legacy .html,False,2026-04-22 07:46:56 +00:00
american leather gaines comfort sleeper sofa,31,40,390,0.8,0,2.4700000286102295,transactional,https://wassersfurniture.com/shop-by-brand/a-c/american-leather/comfort-sleeper-by-american-leather.html,legacy .html,False,2026-04-22 07:37:47 +00:00
leather ottoman furniture,38,53,390,0.8,0,1.5099999904632568,transactional,https://wassersfurniture.com/genuine-leather-ottomans-in-stock.html,legacy .html,False,2026-04-22 00:30:12 +00:00
leather ottomans footstools,46,62,390,0.8,0,1.3300000429153442,transactional,https://wassersfurniture.com/genuine-leather-ottomans-in-stock.html,legacy .html,False,2026-04-22 00:26:17 +00:00
leather ottomans furniture,24,34,390,0.8,0,1.5099999904632568,transactional,https://wassersfurniture.com/genuine-leather-ottomans-in-stock.html,legacy .html,False,2026-04-22 00:29:53 +00:00
quality leather chair,36,53,390,0.8,0,3.5399999618530273,transactional,https://wassersfurniture.com/shop-by-brand/a-c/american-leather/chairs.html,legacy .html,False,2026-04-21 21:34:17 +00:00
usa leather furniture,50,70,390,0.8,6,2.9700000286102295,commercial,https://wassersfurniture.com/shop-by-brand/a-c/american-leather.html,legacy .html,False,2026-04-21 17:12:07 +00:00
water couches,52,64,390,0.8,0,0.5400000214576721,transactional,https://wassersfurniture.com/,homepage,False,2026-04-01 04:52:47 +00:00
wood trunk cocktail tables,51,67,390,0.8,0,1.2400000095367432,transactional,https://wassersfurniture.com/steamer-trunk-coffee-table-on-display-quickship.html,legacy .html,False,2026-03-18 12:34:39 +00:00
wood trunk coffee table,40,55,390,0.8,0,1.2400000095367432,transactional,https://wassersfurniture.com/steamer-trunk-coffee-table-on-display-quickship.html,legacy .html,False,2026-04-01 04:30:49 +00:00
wooden trunk coffee table,48,64,390,0.8,0,1.2400000095367432,transactional,https://wassersfurniture.com/steamer-trunk-coffee-table-on-display-quickship.html,legacy .html,False,2026-04-01 04:08:59 +00:00
exclusive furniture shop,78,93,320,0.8,2,2.6399998664855957,navigational,https://wassersfurniture.com/,homepage,False,2026-04-22 03:35:49 +00:00
wing desk,13,20,140,0.8,0,1.8399999141693115,transactional,https://wassersfurniture.com/airplane-wing-desk.html,legacy .html,False,2026-05-01 06:00:59 +00:00
monte rockwell bassinet,14,20,140,0.8,0,3.2699999809265137,transactional,https://wassersfurniture.com/bassinet-monte-design-rockwell-bassinet.html,legacy .html,False,2026-05-01 16:25:03 +00:00
sonneman floor lamp,11,16,90,0.8,0,3.680000066757202,transactional,https://wassersfurniture.com/vintage-sonneman-floor-lamp.html,legacy .html,False,2026-05-04 18:19:58 +00:00
american leather dallas outlet,10,11,70,0.8,0,1.1100000143051147,commercial,https://wassersfurniture.com/shop-by-brand/a-c/american-leather.html,legacy .html,False,2025-07-19 20:08:25 +00:00
american leather swivel chair,10,14,70,0.8,0,4.320000171661377,transactional,https://wassersfurniture.com/shop-by-brand/a-c/american-leather/chairs.html,legacy .html,False,2026-04-09 21:51:36 +00:00
antique italian dining chairs,10,16,70,0.8,0,0.6899999976158142,transactional,https://wassersfurniture.com/vintage-italian-dining-chairs-set-of-6.html,legacy .html,False,2026-03-23 13:54:28 +00:00
tempur cloud deluxe,8,10,50,0.8,11,0.9700000286102295,transactional,https://wassersfurniture.com/tempur-cloud-luxe-breeze.html,legacy .html,False,2026-03-26 09:51:05 +00:00
all american leather,9,14,50,0.8,5,1.899999976158142,navigational,https://wassersfurniture.com/shop-by-brand/a-c/american-leather.html,legacy .html,False,2026-04-16 17:35:26 +00:00
american leather queen plus sheets,9,11,50,0.8,0,3.0899999141693115,transactional,https://wassersfurniture.com/american-leather-comfort-sleeper-gotcha-covered-white-sheet-set-sea-salt.html,legacy .html,False,2026-03-26 09:33:08 +00:00
naos coffee table,9,12,50,0.8,0,1.2300000190734863,transactional,https://wassersfurniture.com/naos-coffee-table-hula-motion-quickship.html,legacy .html,False,2026-04-14 03:38:17 +00:00
seat belt dining chairs,9,12,50,0.8,0,0.5799999833106995,transactional,https://wassersfurniture.com/phillips-collection-seatbelt-dining-chair-on-display.html,legacy .html,False,2026-03-25 20:09:09 +00:00
varier furniture,9,14,50,0.8,8,1.6399999856948853,navigational,https://wassersfurniture.com/shop-by-brand/r-z/varier.html,legacy .html,False,2026-03-23 18:46:10 +00:00
costantini pietro chair,8,10,40,0.8,0,0.75,transactional,https://wassersfurniture.com/costantini-pietro-charm-dining-chairs-set-of-4-in-stock.html,legacy .html,False,2026-04-12 05:06:44 +00:00
dormer bed,8,10,40,0.8,0,,transactional,https://wassersfurniture.com/monte-design-dorma-bed-queen-and-king.html,legacy .html,False,2026-04-15 02:38:33 +00:00
lafer kiri recliner,8,11,40,0.8,0,0.49000000953674316,transactional,https://wassersfurniture.com/shop-by-brand/l-p/lafer-recliners.html,legacy .html,False,2026-03-09 07:59:49 +00:00
luna chair leather,8,10,40,0.8,0,0.05999999865889549,transactional,https://wassersfurniture.com/luna-low-back-chair.html,legacy .html,False,2026-04-14 08:55:37 +00:00
monte luca glider chair and ottoman,9,13,30,0.8,0,3.3299999237060547,transactional,https://wassersfurniture.com/chair-monte-design-luca-nursery-glider.html,legacy .html,False,2026-03-08 10:48:03 +00:00
full grain leather ottoman,50,67,590,0.7,0,2.809999942779541,transactional,https://wassersfurniture.com/genuine-leather-ottomans-in-stock.html,legacy .html,False,2026-04-02 02:24:12 +00:00
sunset sectional,21,29,390,0.7,0,3.4000000953674316,transactional,https://wassersfurniture.com/gamma-sunset-sectional.html,legacy .html,False,2026-04-30 00:09:35 +00:00
varier variable balans kneeling chair,22,29,390,0.7,0,2.1700000762939453,transactional,https://wassersfurniture.com/varier-variable-balans-ergonomic-task-chair-with-backrest-free-shipping-no-tax.html,legacy .html,False,2026-04-04 05:12:03 +00:00
suede pillows,22,34,320,0.7,0,2.4000000953674316,transactional,https://wassersfurniture.com/kac-genuine-suede-throw-pillows.html,legacy .html,False,2026-04-21 17:47:07 +00:00
best leather armchair,43,65,320,0.7,0,2.6399998664855957,commercial,https://wassersfurniture.com/shop-by-brand/a-c/american-leather/chairs.html,legacy .html,False,2026-04-23 02:25:47 +00:00
coastal dining set for 6,46,60,320,0.7,0,1.5199999809265137,informational,https://wassersfurniture.com/coastal-living-ball-claw-dining-chairs-set-of-6.html,legacy .html,False,2026-04-22 21:58:53 +00:00
colonial spanish furniture,23,32,320,0.7,0,1.2899999618530273,commercial,https://wassersfurniture.com/spanish-castillian-colonial-furniture-quickship.html,legacy .html,False,2026-01-31 06:35:42 +00:00
leather ottoman on sale,40,53,320,0.7,0,2.559999942779541,transactional,https://wassersfurniture.com/genuine-leather-ottomans-in-stock.html,legacy .html,False,2026-04-22 18:22:30 +00:00
leather retro recliner,58,76,320,0.7,2,1.1699999570846558,transactional,https://wassersfurniture.com/shop-by-brand/a-c/american-leather/comfort-recliner-by-american-leather.html,legacy .html,False,2026-01-31 04:12:03 +00:00
living room leather ottoman,41,58,320,0.7,0,2.049999952316284,transactional,https://wassersfurniture.com/genuine-leather-ottomans-in-stock.html,legacy .html,False,2026-04-22 18:11:53 +00:00
ultrasuede sofa,30,40,320,0.7,0,2.0299999713897705,transactional,https://wassersfurniture.com/princeton-sectional-genuine-ultra-suede-r.html,legacy .html,False,2026-04-22 15:30:59 +00:00
jaymar furniture,16,21,170,0.7,0,3.8600001335144043,navigational,https://wassersfurniture.com/shop-by-brand/h-k/jaymar.html,legacy .html,False,2026-04-30 09:14:16 +00:00
spanish revival buffet,16,20,170,0.7,0,0.550000011920929,navigational,https://wassersfurniture.com/vintage-spanish-colonial-buffet.html,legacy .html,False,2026-05-01 11:37:25 +00:00
ubabub cribs,15,17,140,0.7,0,1.0399999618530273,transactional,https://wassersfurniture.com/ubabub-pod-crib-u0400.html,legacy .html,False,2025-12-16 22:41:59 +00:00
sonos speakers amp,11,18,70,0.6,0,1.25,transactional,https://wassersfurniture.com/sonos-connect-amp.html,legacy .html,False,2026-03-08 07:06:07 +00:00
simon chair,9,15,50,0.6,0,0.6499999761581421,informational,https://wassersfurniture.com/american-leather-simon-re-invented-recliner-blue-high-performance-fabric-in-stock.html,legacy .html,False,2026-04-13 15:06:05 +00:00
american leather parker sectional,10,14,50,0.6,0,1.440000057220459,transactional,https://wassersfurniture.com/american-leather-parker-leather-sofa-showroom-sample-sale.html,legacy .html,False,2026-04-16 17:15:21 +00:00
karges chair,10,14,50,0.6,0,0.2800000011920929,transactional,https://wassersfurniture.com/antique-karges-chairs-set-of-4.html,legacy .html,False,2026-04-11 08:51:25 +00:00
monte recliner glider,10,17,50,0.6,0,0.8799999952316284,transactional,https://wassersfurniture.com/chair-monte-design-grano-glider-recliner.html,legacy .html,False,2026-04-11 02:15:30 +00:00
seat belt dining chair,10,13,50,0.6,0,0.5799999833106995,transactional,https://wassersfurniture.com/phillips-collection-seatbelt-dining-chair-on-display.html,legacy .html,False,2026-03-08 07:22:37 +00:00
costantini pietro dining chair,9,11,40,0.6,0,0.6499999761581421,transactional,https://wassersfurniture.com/costantini-pietro-charm-dining-chairs-set-of-4-in-stock.html,legacy .html,False,2026-03-27 11:44:10 +00:00
crocodile skin chair,9,13,40,0.6,0,0.4000000059604645,transactional,https://wassersfurniture.com/dining-chair-made-in-italy-in-stock-croc-embossed-leather.html,legacy .html,False,2026-03-27 11:06:25 +00:00
gaga recliner by lafer,10,12,40,0.6,0,1.6299999952316284,transactional,https://wassersfurniture.com/shop-by-brand/l-p/lafer-recliners.html,legacy .html,False,2026-03-26 06:16:44 +00:00
linie design boa,9,9,30,0.6,0,,informational,https://wassersfurniture.com/shop-by-brand/l-p/linie-design.html?p=2,legacy category,False,2026-03-26 23:48:05 +00:00
nursery works gradient crib,8,9,30,0.6,0,,navigational,https://wassersfurniture.com/nursery-works-gradient-crib-nw14001.html,legacy .html,False,2026-04-17 21:06:04 +00:00
pietro costantini italian furniture,8,8,30,0.6,0,1.600000023841858,navigational,https://wassersfurniture.com/shop-by-brand/a-c/costantini-pietro-furniture.html,legacy .html,False,2026-04-17 22:54:53 +00:00
rose gold bassinet,8,10,30,0.6,0,0.11999999731779099,transactional,https://wassersfurniture.com/nursery-works-aura-rose-gold-bassinet.html,legacy .html,False,2026-04-17 19:04:46 +00:00
variable balans chair,8,11,30,0.6,0,0.41999998688697815,transactional,https://wassersfurniture.com/varier-variable-balans-ergonomic-task-chair-with-backrest-free-shipping-no-tax.html,legacy .html,False,2026-03-27 21:05:00 +00:00
hygrometer old,8,13,20,0.6,0,,transactional,https://wassersfurniture.com/vintage-airguide-thermometer-barometer-hygrometer-made-in-usa.html,legacy .html,False,2026-03-10 18:55:33 +00:00
rossetto italy,8,12,20,0.6,0,,informational,https://wassersfurniture.com/shop-by-brand/r-z/rossetto-usa.html,legacy .html,False,2026-03-10 13:38:51 +00:00
chair leather,51,68,260,0.5,0,2.8399999141693115,transactional,https://wassersfurniture.com/shop-by-brand/a-c/american-leather/chairs.html,legacy .html,False,2025-12-30 01:35:49 +00:00
chairs leather,38,52,260,0.5,0,2.8399999141693115,transactional,https://wassersfurniture.com/shop-by-brand/a-c/american-leather/chairs.html,legacy .html,False,2026-04-26 02:18:55 +00:00
cloud luxe tempur pedic,29,35,260,0.5,3,5.389999866485596,transactional,https://wassersfurniture.com/tempur-cloud-luxe-breeze.html,legacy .html,False,2026-04-25 22:03:57 +00:00
leather club chair sale,38,54,260,0.5,0,2.880000114440918,transactional,https://wassersfurniture.com/shop-by-brand/a-c/american-leather/chairs.html,legacy .html,False,2026-04-24 14:19:44 +00:00
nursery works,32,39,260,0.5,0,2.4000000953674316,informational,https://wassersfurniture.com/shop-by-brand/l-p/nursery-works.html,legacy .html,False,2026-04-24 12:25:37 +00:00
suede throw pillows,23,33,260,0.5,0,1.9200000762939453,transactional,https://wassersfurniture.com/kac-genuine-suede-throw-pillows.html,legacy .html,False,2026-01-31 09:18:33 +00:00
where to buy glass table top,38,53,260,0.5,0,1.350000023841858,transactional,https://wassersfurniture.com/furniture/diningroom/glass-tops.html,legacy .html,False,2026-04-16 20:44:23 +00:00
borowski glass,29,36,210,0.5,0,1.809999942779541,transactional,https://wassersfurniture.com/borowski-armadillo.html,legacy .html,False,2026-04-26 09:10:34 +00:00
modern leather arm chair,35,49,210,0.5,0,2.7699999809265137,transactional,https://wassersfurniture.com/shop-by-brand/a-c/american-leather/chairs.html,legacy .html,False,2026-04-24 13:18:11 +00:00
robert sonneman floor lamp,18,30,140,0.5,0,1.2999999523162842,transactional,https://wassersfurniture.com/vintage-sonneman-floor-lamp.html,legacy .html,False,2026-04-30 01:32:43 +00:00
american signature leather sectional,13,17,90,0.5,0,2.0799999237060547,transactional,https://wassersfurniture.com/shop-by-brand/a-c/american-leather/sectionals.html?p=2,legacy category,False,2026-05-04 04:55:47 +00:00
genuine suede sofa,13,18,90,0.5,0,1.8600000143051147,transactional,https://wassersfurniture.com/princeton-sectional-genuine-ultra-suede-r.html,legacy .html,False,2026-05-03 13:33:49 +00:00
chow tables,12,16,90,0.5,0,1.0700000524520874,transactional,https://wassersfurniture.com/ebh-chow-coffee-table.html,legacy .html,False,2026-03-26 12:02:17 +00:00
embossed leather chairs,12,17,70,0.5,0,0.9399999976158142,transactional,https://wassersfurniture.com/dining-chair-made-in-italy-in-stock-croc-embossed-leather.html,legacy .html,False,2026-05-07 20:01:12 +00:00
oggetti showtime coffee table,12,16,70,0.5,0,2.2699999809265137,transactional,https://wassersfurniture.com/oggetti-showtime-orgo-table-veneer.html,legacy .html,False,2026-05-28 15:26:33 +00:00
pietro costantini chairs,12,17,70,0.5,0,1.2200000286102295,transactional,https://wassersfurniture.com/shop-by-brand/a-c/costantini-pietro-furniture.html,legacy .html,False,2026-04-06 08:20:52 +00:00
gamma arredamenti sofa,11,15,50,0.5,6,2.190000057220459,transactional,https://wassersfurniture.com/shop-by-brand/d-g/gamma-arredamenti-leather.html,legacy .html,False,2026-04-08 23:26:40 +00:00
karges chairs,11,15,50,0.5,0,0.2800000011920929,transactional,https://wassersfurniture.com/antique-karges-chairs-set-of-4.html,legacy .html,False,2026-04-11 08:53:38 +00:00
nola rocking chair,11,17,50,0.5,0,0.3499999940395355,transactional,https://wassersfurniture.com/american-leather-nolan-rocking-chair.html,legacy .html,False,2026-03-25 20:43:40 +00:00
bacharach swivel chair,10,11,40,0.5,0,0.6399999856948853,transactional,https://wassersfurniture.com/jonathon-adler-bacharach-swivel-chair-quickship.html,legacy .html,False,2026-04-16 16:16:14 +00:00
gotya covered,10,12,40,0.5,21,,informational,https://wassersfurniture.com/shop-by-brand/d-g/gotcha-covered.html,legacy .html,False,2026-04-11 18:45:25 +00:00
huxley bi cast leather mid century armless chair,11,14,30,0.5,0,,transactional,https://wassersfurniture.com/furniture/mid-century.html,legacy .html,False,2026-03-08 14:58:32 +00:00
american leather sleeper sofa for sale,67,86,210,0.4,9,3.4200000762939453,transactional,https://wassersfurniture.com/shop-by-brand/a-c/american-leather/comfort-sleeper-by-american-leather.html,legacy .html,False,2026-04-29 18:26:53 +00:00
aqua glass floor lamp,40,52,210,0.4,0,0.7300000190734863,transactional,https://wassersfurniture.com/furniture/lighting/floor.html,legacy .html,False,2026-04-29 18:07:31 +00:00
boyes store,68,80,210,0.4,11,0.6299999952316284,navigational,https://wassersfurniture.com/shop-by-brand/a-c/carrol-boyes.html,legacy .html,False,2026-04-29 16:36:51 +00:00
cattelan italia furniture,49,68,210,0.4,10,5.039999961853027,navigational,https://wassersfurniture.com/shop-by-brand/a-c/cattelan-italia.html,legacy .html,False,2026-05-02 06:43:30 +00:00
creative design furniture,47,62,210,0.4,0,2.1600000858306885,commercial,https://wassersfurniture.com/shop-by-brand/a-c/creative-elegance.html,legacy .html,False,2026-04-29 06:17:24 +00:00
leather bed sheet,27,37,210,0.4,0,0.6499999761581421,transactional,https://wassersfurniture.com/american-leather-comfort-sleeper-gotcha-covered-white-sheet-set-sea-salt.html,legacy .html,False,2026-04-02 20:49:42 +00:00
where to buy american leather sleeper sofa,54,72,210,0.4,4,5.050000190734863,transactional,https://wassersfurniture.com/shop-by-brand/a-c/american-leather/comfort-sleeper-by-american-leather.html,legacy .html,False,2026-04-29 21:21:37 +00:00
phillips collection high point,58,73,170,0.4,21,3.75,navigational,https://wassersfurniture.com/shop-by-brand/l-p/phillips-collection.html,legacy .html,False,2026-03-05 07:23:58 +00:00
faux leather mattress cover,20,26,170,0.4,0,0.5099999904632568,transactional,https://wassersfurniture.com/american-leather-comfort-sleeper-gotcha-covered-organic-mattress-protector.html,legacy .html,False,2026-04-30 23:00:37 +00:00
monte rocking chair,21,29,170,0.4,0,1.149999976158142,transactional,https://wassersfurniture.com/shop-by-brand/l-p/monte-design.html,legacy .html,False,2026-04-30 05:43:00 +00:00
american leather sleeper chair,32,46,170,0.4,4,1.9800000190734863,transactional,https://wassersfurniture.com/shop-by-brand/a-c/american-leather/comfort-sleeper-by-american-leather.html,legacy .html,False,2026-05-01 04:10:56 +00:00
beaded boho chandelier,37,53,170,0.4,0,1.2200000286102295,transactional,https://wassersfurniture.com/little-wasser-s-boho-wood-bead-chandelier.html,legacy .html,False,2026-03-06 16:42:18 +00:00
bontempi casa,44,56,170,0.4,1,3.430000066757202,navigational,https://wassersfurniture.com/shop-by-brand/a-c/bontempi-casa.html?p=7,legacy category,False,2026-05-01 02:29:32 +00:00
brown suede pillow,62,84,170,0.4,0,1.5499999523162842,transactional,https://wassersfurniture.com/kac-genuine-suede-throw-pillows.html,legacy .html,False,2025-10-31 13:56:40 +00:00
gamma arredamenti,27,33,170,0.4,0,1.409999966621399,navigational,https://wassersfurniture.com/shop-by-brand/d-g/gamma-arredamenti-leather.html,legacy .html,False,2026-04-30 22:29:01 +00:00
glass table top and chairs,35,48,170,0.4,0,1.350000023841858,transactional,https://wassersfurniture.com/furniture/diningroom/glass-tops.html,legacy .html,False,2026-04-30 22:13:40 +00:00
leather sofa fabric ottoman,51,70,170,0.4,0,0.6399999856948853,transactional,https://wassersfurniture.com/genuine-leather-ottomans-in-stock.html,legacy .html,False,2026-04-30 08:04:07 +00:00
leather wood ottoman,94,114,170,0.4,0,1.9900000095367432,transactional,https://wassersfurniture.com/genuine-leather-ottomans-in-stock.html,legacy .html,False,2026-04-30 07:54:29 +00:00
linie design carpets,40,60,170,0.4,3,2.5999999046325684,transactional,https://wassersfurniture.com/shop-by-brand/l-p/linie-design.html,legacy .html,False,2026-04-30 07:44:06 +00:00
linie rug,25,32,170,0.4,1,2.5999999046325684,informational,https://wassersfurniture.com/shop-by-brand/l-p/linie-design.html,legacy .html,False,2026-04-30 07:36:59 +00:00
mid century modern leather armchair,47,67,170,0.4,0,1.8700000047683716,transactional,https://wassersfurniture.com/furniture/mid-century.html,legacy .html,False,2026-04-04 11:50:33 +00:00
monte chairs,30,37,170,0.4,0,2.0399999618530273,transactional,https://wassersfurniture.com/shop-by-brand/l-p/monte-design.html,legacy .html,False,2026-04-30 05:47:53 +00:00
monte como glider,24,29,170,0.4,0,1.9900000095367432,transactional,https://wassersfurniture.com/chair-monte-design-como-glider.html,legacy .html,False,2026-04-30 05:50:03 +00:00
parker sofa,37,56,170,0.4,0,3.5899999141693115,transactional,https://wassersfurniture.com/american-leather-parker-leather-sofa-showroom-sample-sale.html,legacy .html,False,2026-04-30 03:43:40 +00:00
bontempi furniture,50,70,140,0.4,9,2.309999942779541,navigational,https://wassersfurniture.com/shop-by-brand/a-c/bontempi-casa.html?p=5,legacy category,False,2026-05-01 02:29:49 +00:00
gaines comfort sleeper,36,44,140,0.4,0,8.779999732971191,transactional,https://wassersfurniture.com/products/gaines-comfort-sleeper-sectional-sofa,shopify /products/,False,2026-04-30 22:10:15 +00:00
american leather ottomans,18,22,110,0.4,0,1.2300000190734863,transactional,https://wassersfurniture.com/furniture/livingroom/ottomans.html,legacy .html,False,2026-05-04 04:49:46 +00:00
goatskin coffee table,17,22,90,0.4,0,0.5199999809265137,transactional,https://wassersfurniture.com/vintage-goatskin-coffee-table-or-console-table.html,legacy .html,False,2026-05-07 20:24:07 +00:00
goatskin table,16,22,90,0.4,0,0.6899999976158142,transactional,https://wassersfurniture.com/vintage-goatskin-coffee-table-or-console-table.html,legacy .html,False,2026-05-07 20:26:53 +00:00
houston sectional,14,20,70,0.4,0,3.0999999046325684,commercial,https://wassersfurniture.com/kac-houston-sectional-down-cushions-premium-genuine-leather.html,legacy .html,False,2026-04-11 15:46:15 +00:00
american leather stores,16,22,70,0.4,5,3.6600000858306885,navigational,https://wassersfurniture.com/shop-by-brand/a-c/american-leather.html,legacy .html,False,2026-02-03 12:04:30 +00:00
viz glass chandeliers,13,18,50,0.4,0,1.0499999523162842,transactional,https://wassersfurniture.com/viz-art-glass-aurora-chandelier.html,legacy .html,False,2026-04-07 13:00:42 +00:00
african print dining chairs,12,15,50,0.4,0,9.899999618530273,informational,https://wassersfurniture.com/swivel-chair-custom-african-print-fabric.html,legacy .html,False,2026-03-26 20:07:22 +00:00
onyx console table,12,18,50,0.4,0,1.0099999904632568,transactional,https://wassersfurniture.com/stone-international-onyx-console-table-with-wood-legs.html,legacy .html,False,2026-03-26 23:25:35 +00:00
stanton leather sofa,11,16,40,0.4,0,2.049999952316284,transactional,https://wassersfurniture.com/american-leather-stanton-leather-sectional-showroom-sample-sale.html,legacy .html,False,2026-04-13 14:09:25 +00:00
wing coffee table,9,13,30,0.4,0,6.340000152587891,transactional,https://wassersfurniture.com/dia-design-institute-of-america-wings-coffee-table-370-07.html,legacy .html,False,2026-02-06 10:11:29 +00:00
american sleeper sofa,21,33,170,0.3,4,3.069999933242798,transactional,https://wassersfurniture.com/shop-by-brand/a-c/american-leather/comfort-sleeper-by-american-leather.html,legacy .html,False,2026-05-02 11:31:19 +00:00
american leather king sleeper sofa,21,31,170,0.3,2,2.180000066757202,transactional,https://wassersfurniture.com/shop-by-brand/a-c/american-leather/comfort-sleeper-by-american-leather.html,legacy .html,False,2026-04-07 06:17:59 +00:00
monte design beds,21,26,140,0.3,0,1.8700000047683716,informational,https://wassersfurniture.com/monte-design-dorma-twin-bed-with-trundle.html,legacy .html,False,2026-05-03 05:16:10 +00:00
american leather malibu,22,26,140,0.3,0,0.6399999856948853,transactional,https://wassersfurniture.com/american-leather-malibu-sectional-20-day-custom-made-quickship.html,legacy .html,False,2026-05-02 11:42:44 +00:00
sonneman lamps,22,34,140,0.3,0,0.9700000286102295,transactional,https://wassersfurniture.com/vintage-sonneman-suspended-table-lamp.html,legacy .html,False,2026-04-30 00:25:37 +00:00
surya ottoman,22,24,140,0.3,0,2.75,informational,https://wassersfurniture.com/surya-cowhide-brindle-leather-pouf-ottoman.html,legacy .html,False,2025-09-08 22:50:40 +00:00
accent chairs aqua,41,57,140,0.3,0,1.3799999952316284,transactional,https://wassersfurniture.com/furniture/livingroom/chairs.html,legacy .html,False,2026-03-06 17:03:58 +00:00
alligator chair,33,48,140,0.3,0,0.7699999809265137,transactional,https://wassersfurniture.com/dining-chair-made-in-italy-in-stock-croc-embossed-leather.html,legacy .html,False,2026-05-02 11:50:45 +00:00
american leather near me,27,30,140,0.3,0,3.430000066757202,commercial,https://wassersfurniture.com/shop-by-brand/a-c/american-leather.html,legacy .html,False,2026-05-27 08:29:40 +00:00
american leather sleeper sectional,38,54,140,0.3,9,2.619999885559082,transactional,https://wassersfurniture.com/shop-by-brand/a-c/american-leather/comfort-sleeper-by-american-leather.html,legacy .html,False,2026-05-02 11:40:17 +00:00
century furniture dining table,28,37,140,0.3,0,1.350000023841858,transactional,https://wassersfurniture.com/century-furniture-gathering-extension-dining-table.html,legacy .html,False,2026-03-06 22:06:59 +00:00
century furniture dining tables,29,35,140,0.3,0,1.350000023841858,commercial,https://wassersfurniture.com/century-furniture-gathering-extension-dining-table.html,legacy .html,False,2026-03-06 22:07:40 +00:00
claw foot dining room chairs,35,53,140,0.3,0,0.3700000047683716,transactional,https://wassersfurniture.com/coastal-living-ball-claw-dining-chairs-set-of-6.html,legacy .html,False,2025-11-01 16:06:50 +00:00
gender neutral nursery rug,44,65,140,0.3,0,1.4500000476837158,transactional,https://wassersfurniture.com/baby-neutral-room-rug.html,legacy .html,False,2026-05-01 23:48:48 +00:00
gender neutral nursery rugs,30,47,140,0.3,0,1.4500000476837158,transactional,https://wassersfurniture.com/baby-neutral-room-rug.html,legacy .html,False,2025-10-01 12:09:56 +00:00
gender-neutral nursery rug,39,59,140,0.3,0,1.4500000476837158,transactional,https://wassersfurniture.com/baby-neutral-room-rug.html,legacy .html,False,2026-01-25 05:34:24 +00:00
italian leather dining chairs,49,70,140,0.3,0,3.380000114440918,transactional,https://wassersfurniture.com/dining-chair-made-in-italy-in-stock-croc-embossed-leather.html,legacy .html,False,2026-05-01 19:59:55 +00:00
jarris,65,72,140,0.3,5,,informational,https://wassersfurniture.com/missoni-home-jarris-jamilena-cushion-free-pickup-free-shipping.html,legacy .html,False,2026-05-01 19:42:02 +00:00
leather seating chairs,45,65,140,0.3,0,2.4700000286102295,transactional,https://wassersfurniture.com/shop-by-brand/a-c/american-leather/chairs.html,legacy .html,False,2025-09-24 11:52:12 +00:00
liquid filled furniture,33,41,140,0.3,0,,transactional,https://wassersfurniture.com/,homepage,False,2026-05-01 18:14:47 +00:00
monte design bed,20,27,140,0.3,0,1.8700000047683716,transactional,https://wassersfurniture.com/monte-design-dorma-trundle-bed.html,legacy .html,False,2026-04-06 11:31:25 +00:00
54 in round glass table top,21,31,110,0.3,0,2.7100000381469727,transactional,https://wassersfurniture.com/glass-table-top-54-round-quickship.html,legacy .html,False,2026-03-07 10:18:40 +00:00
american leather danford,13,15,70,0.3,0,1.0199999809265137,navigational,https://wassersfurniture.com/american-leather-danford-sectional-bison-leather.html,legacy .html,False,2026-03-26 04:02:55 +00:00
stone extendable dining table,16,22,50,0.3,0,2.2300000190734863,transactional,https://wassersfurniture.com/tessellated-stone-x-extendable-dining-table.html,legacy .html,False,2026-03-26 01:52:01 +00:00
phillips collection seat belt chair,12,15,50,0.3,0,2.4600000381469727,transactional,https://wassersfurniture.com/phillips-collection-seatbelt-dining-chair-1.html,legacy .html,False,2026-03-26 19:37:10 +00:00
american leather beds,13,19,50,0.3,0,3.299999952316284,transactional,https://wassersfurniture.com/shop-by-brand/a-c/american-leather/beds.html,legacy .html,False,2026-04-12 17:22:51 +00:00
tempur-pedic cloud luxe discontinued,13,16,50,0.3,0,6.699999809265137,transactional,https://wassersfurniture.com/tempur-cloud-luxe-breeze.html,legacy .html,False,2026-03-23 20:56:44 +00:00
american made accent chairs,14,18,50,0.3,0,3.369999885559082,transactional,https://wassersfurniture.com/furniture/livingroom/chairs.html,legacy .html,False,2026-03-26 04:05:41 +00:00
spanish colonial sideboard,14,19,50,0.3,0,0.5600000023841858,transactional,https://wassersfurniture.com/vintage-spanish-colonial-buffet.html,legacy .html,False,2026-04-10 11:59:01 +00:00
american leather website,15,17,50,0.3,1,0.8299999833106995,navigational,https://wassersfurniture.com/shop-by-brand/a-c/american-leather.html,legacy .html,False,2026-03-27 11:51:26 +00:00
oggetti coffee table,12,17,40,0.3,0,1.7200000286102295,transactional,https://wassersfurniture.com/shop-by-brand/l-p/oggetti.html,legacy .html,False,2026-04-10 23:13:25 +00:00
pink beaded chandelier,12,16,40,0.3,0,0.9599999785423279,transactional,https://wassersfurniture.com/little-wasser-s-boho-wood-bead-pink-chandelier.html,legacy .html,False,2026-04-13 22:37:09 +00:00
american recliners,13,19,40,0.3,0,1.340000033378601,transactional,https://wassersfurniture.com/shop-by-brand/a-c/american-leather/american-leather-re-invented-recliners.html,legacy .html,False,2026-04-12 17:22:39 +00:00
sonos amp power,13,17,40,0.3,0,1.3199999332427979,transactional,https://wassersfurniture.com/sonos-connect-amp.html,legacy .html,False,2026-04-10 12:10:37 +00:00
american signature furniture sleeper sofa,15,18,40,0.3,0,5.309999942779541,transactional,https://wassersfurniture.com/american-leather-breckin-comfort-sleeper-chaise.html,legacy .html,False,2026-03-26 06:49:54 +00:00
leather arm chairs for sale,10,15,30,0.3,0,1.100000023841858,transactional,https://wassersfurniture.com/shop-by-brand/a-c/american-leather/chairs.html,legacy .html,False,2026-03-02 12:22:50 +00:00
lenticular artist,10,15,30,0.3,0,,informational,https://wassersfurniture.com/marc-rudinsky-framed-3-d-lenticular-art-scarface.html,legacy .html,False,2026-03-02 11:57:11 +00:00
modern furniture aventura fl,10,12,30,0.3,0,4.779999732971191,navigational,https://wassersfurniture.com/,homepage,False,2026-04-17 23:37:45 +00:00
steamer trunk furniture,12,17,30,0.3,0,1.0399999618530273,transactional,https://wassersfurniture.com/steamer-trunk-coffee-table-on-display-quickship.html,legacy .html,False,2026-03-10 13:10:23 +00:00
jesper office,11,13,30,0.3,0,7.099999904632568,navigational,https://wassersfurniture.com/jesper-office-expando-zen-esp-250-storage-system-expresso.html,legacy .html,False,2026-03-02 13:01:56 +00:00
thayer coggin clip sectional,11,15,30,0.3,0,2.3600001335144043,navigational,https://wassersfurniture.com/thayer-coggin-cool-clip-sectional.html,legacy .html,False,2026-04-17 02:06:09 +00:00
tempur cloud luxe king,10,11,20,0.3,0,4.070000171661377,transactional,https://wassersfurniture.com/tempur-cloud-luxe-breeze.html,legacy .html,False,2026-02-27 18:10:50 +00:00
piccola table lamp,11,15,20,0.3,0,6.739999771118164,transactional,https://wassersfurniture.com/pablo-piccola-table-lamp.html,legacy .html,False,2026-04-17 22:55:16 +00:00
pablo contour floor lamp,53,68,140,0.2,0,2.990000009536743,navigational,https://wassersfurniture.com/shop-by-brand/l-p/pablo-designs.html,legacy .html,False,2026-03-21 23:29:48 +00:00
american leather sleeper sofa sheets,22,25,110,0.2,0,7.989999771118164,transactional,https://wassersfurniture.com/american-leather-comfort-sleeper-gotcha-covered-luxe-collection-fog-cotton-sheet-set-in-stock.html,legacy .html,False,2026-05-02 11:39:00 +00:00
airplane desk restoration hardware,26,34,110,0.2,0,0.550000011920929,navigational,https://wassersfurniture.com/airplane-wing-desk.html,legacy .html,False,2026-05-04 05:24:16 +00:00
american leather full size sleeper sofa,38,50,110,0.2,1,2.630000114440918,transactional,https://wassersfurniture.com/shop-by-brand/a-c/american-leather/comfort-sleeper-by-american-leather.html,legacy .html,False,2026-05-04 04:49:07 +00:00
american leather ottoman,25,35,110,0.2,0,1.2300000190734863,transactional,https://wassersfurniture.com/furniture/livingroom/ottomans.html,legacy .html,False,2026-05-04 04:57:38 +00:00
american leather recliner sofa,42,64,110,0.2,0,1.7899999618530273,transactional,https://wassersfurniture.com/shop-by-brand/a-c/american-leather/american-leather-re-invented-recliners.html,legacy .html,False,2026-05-04 05:00:10 +00:00
american leather sofa bed sheets,26,30,110,0.2,0,7.989999771118164,transactional,https://wassersfurniture.com/american-leather-comfort-sleeper-gotcha-covered-luxe-collection-fog-cotton-sheet-set-in-stock.html,legacy .html,False,2026-05-02 11:31:53 +00:00
babyletto non toxic crib,23,33,110,0.2,0,,transactional,https://wassersfurniture.com/crib-mattress-babyletto-coco-core-non-toxic-crib-mattress-with-smart-cover-m5326ba.html,legacy .html,False,2026-05-05 20:37:42 +00:00
chairs american furniture,72,93,110,0.2,0,0.5199999809265137,transactional,https://wassersfurniture.com/shop-by-brand/a-c/american-leather/chairs.html,legacy .html,False,2026-02-01 22:44:37 +00:00
faux leather bedding,30,41,110,0.2,0,0.7300000190734863,transactional,https://wassersfurniture.com/american-leather-comfort-sleeper-gotcha-covered-white-sheet-set-sea-salt.html,legacy .html,False,2026-04-06 22:42:41 +00:00
glass top dining room table and chairs,49,67,110,0.2,0,1.4500000476837158,commercial,https://wassersfurniture.com/furniture/diningroom/glass-tops.html,legacy .html,False,2026-03-07 07:18:44 +00:00
leather cocktail chair,76,95,110,0.2,0,1.1800000667572021,transactional,https://wassersfurniture.com/shop-by-brand/a-c/american-leather/chairs.html,legacy .html,False,2026-02-18 21:07:11 +00:00
linie design,30,36,110,0.2,2,2.5199999809265137,navigational,https://wassersfurniture.com/shop-by-brand/l-p/linie-design.html,legacy .html,False,2026-05-03 07:04:48 +00:00
linie design florentine,39,45,110,0.2,0,3.7799999713897705,navigational,https://wassersfurniture.com/shop-by-brand/l-p/linie-design.html,legacy .html,False,2026-05-01 18:20:11 +00:00
milo baughman chair thayer coggin,33,43,110,0.2,0,0.09000000357627869,informational,https://wassersfurniture.com/thayer-coggin-bad-habit-1237-102-wing-chair-ottoman-milo-baughman-come-in-try-it-out.html,legacy .html,False,2025-10-14 07:31:43 +00:00
wood leather arm chair,63,84,110,0.2,0,2.9100000858306885,transactional,https://wassersfurniture.com/shop-by-brand/a-c/american-leather/chairs.html,legacy .html,False,2025-10-01 15:39:32 +00:00
chevron furniture,45,60,90,0.2,0,6.929999828338623,navigational,https://wassersfurniture.com/,homepage,False,2026-05-28 12:12:25 +00:00
spanish style buffet,22,32,90,0.2,0,1.1299999952316284,commercial,https://wassersfurniture.com/vintage-spanish-colonial-buffet.html,legacy .html,False,2026-05-04 18:11:39 +00:00
american leather gaines sleeper sofa,61,72,90,0.2,0,3.450000047683716,transactional,https://wassersfurniture.com/products/gaines-comfort-sleeper-sectional-sofa,shopify /products/,False,2026-05-04 05:00:02 +00:00
american leather sectional sofa,32,44,90,0.2,0,1.350000023841858,transactional,https://wassersfurniture.com/shop-by-brand/a-c/american-leather/sectionals.html?p=2,legacy category,False,2026-05-05 22:03:39 +00:00
american leather sofa sectional,35,49,90,0.2,7,1.350000023841858,transactional,https://wassersfurniture.com/shop-by-brand/a-c/american-leather/sectionals.html?p=2,legacy category,False,2026-05-05 22:03:39 +00:00
dolzago linie design,42,49,90,0.2,0,,informational,https://wassersfurniture.com/shop-by-brand/l-p/linie-design.html,legacy .html,False,2026-05-03 17:36:10 +00:00
gamma furniture italy,50,66,90,0.2,9,3.869999885559082,navigational,https://wassersfurniture.com/shop-by-brand/d-g/gamma-arredamenti-leather.html?p=4,legacy category,False,2026-05-05 09:14:53 +00:00
glass dining table top,23,33,90,0.2,0,3.200000047683716,transactional,https://wassersfurniture.com/furniture/diningroom/glass-tops.html,legacy .html,False,2026-05-05 08:57:52 +00:00
mattress pads for sleeper sofas,50,56,90,0.2,0,1.8600000143051147,transactional,https://wassersfurniture.com/american-leather-comfort-sleeper-gotcha-covered-mattress-protector-classic-collection.html,legacy .html,False,2025-07-19 14:23:08 +00:00
nicoletti calia sofa,33,40,90,0.2,0,2.259999990463257,transactional,https://wassersfurniture.com/shop-by-brand/l-p/nicoletticalia-sofas.html,legacy .html,False,2026-05-03 04:17:28 +00:00
nicoletti calia sofas,31,39,90,0.2,0,2.259999990463257,transactional,https://wassersfurniture.com/shop-by-brand/l-p/nicoletticalia-sofas.html,legacy .html,False,2026-05-03 04:17:29 +00:00
usa leather furniture company,65,81,90,0.2,3,2.9600000381469727,navigational,https://wassersfurniture.com/shop-by-brand/a-c/american-leather.html,legacy .html,False,2026-05-28 08:52:10 +00:00
variable balans kneeling chair,19,29,70,0.2,0,1.409999966621399,transactional,https://wassersfurniture.com/varier-variable-balans-ergonomic-task-chair-with-backrest-free-shipping-no-tax.html,legacy .html,False,2026-03-07 11:41:36 +00:00
american leather aaron chair,18,23,70,0.2,0,1.5299999713897705,transactional,https://wassersfurniture.com/shop-by-brand/a-c/american-leather/chairs.html,legacy .html,False,2026-04-09 21:50:12 +00:00
american leather brand,18,23,70,0.2,5,1.8399999141693115,navigational,https://wassersfurniture.com/shop-by-brand/a-c/american-leather.html,legacy .html,False,2026-03-26 04:04:46 +00:00
american leather sleeper sofa clearance,15,23,70,0.2,0,1.9500000476837158,transactional,https://wassersfurniture.com/american-leather-payton-comfort-sleeper-floor-sample-sale.html,legacy .html,False,2025-12-24 21:54:23 +00:00
aqua furniture,56,72,70,0.2,0,0.7900000214576721,transactional,https://wassersfurniture.com/,homepage,False,2026-03-23 13:47:46 +00:00
actona company,20,23,70,0.2,8,,navigational,https://wassersfurniture.com/shop-by-brand/a-c/actona-furniture.html,legacy .html,False,2026-03-26 00:03:58 +00:00
actona,22,26,70,0.2,0,,informational,https://wassersfurniture.com/shop-by-brand/a-c/actona-furniture.html,legacy .html,False,2026-04-09 22:06:46 +00:00
american made recliner chairs,78,103,50,0.2,11,2.3299999237060547,transactional,https://wassersfurniture.com/shop-by-brand/a-c/american-leather/american-leather-re-invented-recliners.html,legacy .html,False,2026-03-22 13:06:43 +00:00
bookcase nyc,59,88,50,0.2,0,7.269999980926514,transactional,https://wassersfurniture.com/romina-furniture-new-york-bookcase.html,legacy .html,False,2026-02-01 08:02:31 +00:00
famous leather chair,18,30,50,0.2,23,0.7900000214576721,informational,https://wassersfurniture.com/shop-by-brand/a-c/american-leather/chairs.html,legacy .html,False,2026-03-25 15:05:37 +00:00
viz glass chandelier,18,24,50,0.2,0,1.0499999523162842,transactional,https://wassersfurniture.com/viz-art-glass-aurora-chandelier.html,legacy .html,False,2026-04-07 12:51:15 +00:00
american leather bed,16,23,50,0.2,0,3.299999952316284,transactional,https://wassersfurniture.com/shop-by-brand/a-c/american-leather/beds.html,legacy .html,False,2026-04-12 17:31:39 +00:00
american leather menlo park,17,19,50,0.2,0,3.1600000858306885,navigational,https://wassersfurniture.com/american-leather-menlo-park-sectional.html,legacy .html,False,2026-04-09 21:50:30 +00:00
carrol boyes second hand,17,21,50,0.2,0,,transactional,https://wassersfurniture.com/shop-by-brand/a-c/carrol-boyes.html,legacy .html,False,2026-04-12 08:08:21 +00:00
cloud supreme breeze,16,18,50,0.2,0,5.199999809265137,informational,https://wassersfurniture.com/tempur-cloud-luxe-breeze.html,legacy .html,False,2026-04-12 06:16:35 +00:00
ekornes stressless ottoman,17,22,50,0.2,0,0.6000000238418579,transactional,https://wassersfurniture.com/ekornes-stressless-you-john-chair-ottoman-aluminum-base.html,legacy .html,False,2026-04-12 00:18:02 +00:00
sonos play 3 for sale,17,19,50,0.2,0,0.09000000357627869,transactional,https://wassersfurniture.com/sonos-play-3.html,legacy .html,False,2026-04-13 14:38:52 +00:00
thayer coggin recliner,17,21,50,0.2,0,1.5499999523162842,transactional,https://wassersfurniture.com/thayer-coggin-tighten-up-recliner-milo-baughman.html,legacy .html,False,2026-04-10 09:24:24 +00:00
variable kneeling chair,17,24,50,0.2,0,1.9200000762939453,transactional,https://wassersfurniture.com/varier-variable-balans-ergonomic-task-chair-with-backrest-free-shipping-no-tax.html,legacy .html,False,2026-04-10 05:35:35 +00:00
vetro crib,17,20,50,0.2,0,0.5400000214576721,transactional,https://wassersfurniture.com/nursery-works-vetro-crib-s1000ca.html,legacy .html,False,2026-04-13 11:46:43 +00:00
american leather turin,15,17,50,0.2,0,0.8399999737739563,navigational,https://wassersfurniture.com/american-leather-style-in-motion-turin-on-display-quickship.html,legacy .html,False,2026-03-27 12:28:07 +00:00
lafer furniture,15,22,50,0.2,0,1.409999966621399,navigational,http://www.wassersfurniture.com/lafer-leather-selection,other,False,2026-03-09 08:01:19 +00:00
american signature chairs,18,22,50,0.2,0,2.380000114440918,commercial,https://wassersfurniture.com/shop-by-brand/a-c/american-leather/chairs.html,legacy .html,False,2026-04-12 17:30:47 +00:00
american sleeper,18,22,50,0.2,0,4.260000228881836,informational,https://wassersfurniture.com/american-leather-breckin-comfort-sleeper-chaise.html,legacy .html,False,2026-03-26 06:49:00 +00:00
american leather luxe,13,17,40,0.2,0,0.4399999976158142,navigational,https://wassersfurniture.com/shop-by-brand/a-c/american-leather.html,legacy .html,False,2026-03-09 17:21:20 +00:00
compensated barometer,13,19,40,0.2,0,0.05999999865889549,transactional,https://wassersfurniture.com/vintage-airguide-thermometer-barometer-hygrometer-made-in-usa.html,legacy .html,False,2026-04-15 06:49:34 +00:00
domitalia chairs,13,16,40,0.2,0,2.190000057220459,navigational,https://wassersfurniture.com/shop-by-brand/d-g/dom-italia.html,legacy .html,False,2026-03-09 13:57:41 +00:00
glamour sectional,13,17,40,0.2,0,1.2100000381469727,transactional,https://wassersfurniture.com/kac-12-12-glamour-tufted-sectional.html,legacy .html,False,2026-04-11 19:21:37 +00:00
roxy swivel chair,13,18,40,0.2,0,1.6399999856948853,transactional,https://wassersfurniture.com/thayer-coggin-roxy-swivel-tilt-tub-chair-1283-milo-baughman.html,legacy .html,False,2026-04-13 17:30:03 +00:00
american leather cole chair,14,17,40,0.2,0,0.8899999856948853,transactional,https://wassersfurniture.com/american-leather-cole-accent-chair.html,legacy .html,False,2026-03-09 17:18:44 +00:00
carrol boyes wine glasses,14,17,40,0.2,0,0.30000001192092896,transactional,https://wassersfurniture.com/carrol-boyes-glass-wine-decanter-set-on-the-brink-xgd-obr.html,legacy .html,False,2025-12-24 15:21:38 +00:00
domitalia chair,14,16,40,0.2,0,2.190000057220459,navigational,https://wassersfurniture.com/shop-by-brand/d-g/dom-italia.html,legacy .html,False,2026-03-27 05:46:45 +00:00
oggetti coffee tables,14,19,40,0.2,0,1.7200000286102295,transactional,https://wassersfurniture.com/shop-by-brand/l-p/oggetti.html,legacy .html,False,2026-04-10 23:13:25 +00:00
thayer coggin price list,16,19,40,0.2,0,0.33000001311302185,informational,https://wassersfurniture.com/shop-by-brand/r-z/thayer-coggin.html,legacy .html,False,2026-04-10 09:21:56 +00:00
sting table,15,19,40,0.2,0,3.4800000190734863,transactional,https://wassersfurniture.com/cattelan-italia-sting-coffee-table-on-display-quickship.html,legacy .html,False,2026-03-09 05:58:02 +00:00
vintage airguide compass,17,23,40,0.2,0,0.14000000059604645,transactional,https://wassersfurniture.com/vintage-airguide-thermometer-barometer-hygrometer-made-in-usa.html,legacy .html,False,2026-03-26 21:46:01 +00:00
star living dining chairs,14,17,40,0.2,0,0.9599999785423279,transactional,https://wassersfurniture.com/star-international-milo-dining-chair.html,legacy .html,False,2026-03-28 03:35:25 +00:00
stressless coffee tables,12,16,30,0.2,0,0.8500000238418579,transactional,https://wassersfurniture.com/ekornes-stressless-you-urban-large-coffee-table.html,legacy .html,False,2026-04-13 13:54:51 +00:00
trouvailles furniture,12,13,30,0.2,13,,navigational,https://wassersfurniture.com/vintage-trouvailles-bergere-chairs-set-of-4.html,legacy .html,False,2026-04-16 23:52:48 +00:00
monte nursery glider,14,20,30,0.2,0,1.600000023841858,transactional,https://wassersfurniture.com/chair-monte-design-luca-nursery-glider.html,legacy .html,False,2026-04-14 04:49:30 +00:00
pietro costantini dining table,13,18,30,0.2,0,0.49000000953674316,transactional,https://wassersfurniture.com/shop-by-brand/a-c/costantini-pietro-furniture/dining-tables.html,legacy .html,False,2026-04-17 22:53:08 +00:00
stressless coffee table,13,19,30,0.2,0,0.8500000238418579,transactional,https://wassersfurniture.com/ekornes-stressless-you-urban-large-coffee-table.html,legacy .html,False,2026-04-13 13:54:56 +00:00
travel trunk table,13,17,30,0.2,0,0.8500000238418579,transactional,https://wassersfurniture.com/steamer-trunk-coffee-table-on-display-quickship.html,legacy .html,False,2026-03-27 23:07:21 +00:00
varier variable,13,20,30,0.2,0,2.4000000953674316,informational,https://wassersfurniture.com/varier-variable-balans-ergonomic-task-chair-with-backrest-free-shipping-no-tax.html,legacy .html,False,2026-03-27 20:58:56 +00:00
american leather recliners near me,16,24,30,0.2,2,1.8600000143051147,transactional,https://wassersfurniture.com/shop-by-brand/a-c/american-leather/comfort-recliner-by-american-leather.html,legacy .html,False,2026-03-27 11:29:30 +00:00
military trunk coffee table,14,21,30,0.2,0,0.10999999940395355,transactional,https://wassersfurniture.com/steamer-trunk-coffee-table-on-display-quickship.html,legacy .html,False,2026-04-18 00:54:57 +00:00
sonos model connect,14,20,30,0.2,0,0.07999999821186066,navigational,https://wassersfurniture.com/sonos-connect-amp.html,legacy .html,False,2026-04-17 06:32:10 +00:00
small wooden bead chandelier,13,21,20,0.2,0,1.4600000381469727,transactional,https://wassersfurniture.com/little-wasser-s-boho-wood-bead-chandelier.html,legacy .html,False,2026-02-27 22:47:55 +00:00
water vortex dining table for sale,22,29,10,0.2,0,,transactional,https://wassersfurniture.com/furniture/diningroom/tables.html,legacy .html,False,2026-03-22 16:22:13 +00:00
cattelan furniture,52,73,210,0.1,2,5.039999961853027,navigational,https://wassersfurniture.com/shop-by-brand/a-c/cattelan-italia.html,legacy .html,False,2026-04-09 09:30:17 +00:00
54 inch glass round dining table,54,74,70,0.1,0,1.309999942779541,transactional,https://wassersfurniture.com/glass-table-top-54-round-quickship.html,legacy .html,False,2026-02-21 11:14:47 +00:00
54 inch round glass dining table,46,59,70,0.1,0,1.309999942779541,transactional,https://wassersfurniture.com/glass-table-top-54-round-quickship.html,legacy .html,False,2026-03-26 09:41:45 +00:00
african print sofa,35,42,70,0.1,0,1.559999942779541,transactional,https://wassersfurniture.com/swivel-chair-custom-african-print-fabric.html,legacy .html,False,2026-01-05 03:19:37 +00:00
american chair and seating,34,45,70,0.1,4,14.819999694824219,transactional,https://wassersfurniture.com/shop-by-brand/a-c/american-leather/chairs.html,legacy .html,False,2026-04-09 21:41:06 +00:00
american leather aston recliner,32,42,70,0.1,0,1.5099999904632568,transactional,https://wassersfurniture.com/shop-by-brand/a-c/american-leather/american-leather-re-invented-recliners.html,legacy .html,False,2026-04-09 21:50:07 +00:00
american leather cirrus,43,53,70,0.1,0,1.75,transactional,https://wassersfurniture.com/shop-by-brand/a-c/american-leather/comfort-recliner-by-american-leather.html,legacy .html,False,2026-03-27 01:49:56 +00:00
american leather loveseat sleeper,62,81,70,0.1,8,6.360000133514404,transactional,https://wassersfurniture.com/shop-by-brand/a-c/american-leather/comfort-sleeper-by-american-leather.html,legacy .html,False,2026-03-08 05:21:46 +00:00
american leather operations,41,47,70,0.1,0,7.510000228881836,navigational,https://wassersfurniture.com/shop-by-brand/a-c/american-leather.html,legacy .html,False,2026-03-27 01:54:39 +00:00
american leather review,69,87,70,0.1,0,4.110000133514404,informational,https://wassersfurniture.com/american-leather-breckin-comfort-sleeper-chaise.html,legacy .html,False,2026-01-26 03:36:24 +00:00
american leather today sleeper,46,62,70,0.1,0,3.119999885559082,transactional,https://wassersfurniture.com/shop-by-brand/a-c/american-leather/comfort-sleeper-by-american-leather.html,legacy .html,False,2026-04-09 21:53:48 +00:00
american made leather recliner,34,50,70,0.1,3,1.850000023841858,transactional,https://wassersfurniture.com/shop-by-brand/a-c/american-leather/comfort-recliner-by-american-leather.html,legacy .html,False,2026-04-07 06:17:55 +00:00
american sections,48,57,70,0.1,29,,informational,https://wassersfurniture.com/shop-by-brand/a-c/american-leather/sectionals.html?p=4,legacy category,False,2026-04-09 21:47:37 +00:00
armen furniture,29,38,70,0.1,0,1.2400000095367432,transactional,https://wassersfurniture.com/shop-by-brand/a-c/armen-living.html,legacy .html,False,2026-03-25 23:47:37 +00:00
bernhardt cosway chair,34,40,70,0.1,0,1.2100000381469727,transactional,https://wassersfurniture.com/shop-by-brand/a-c/bernhardt-interiors.html,legacy .html,False,2026-05-10 07:19:09 +00:00
costantini design,33,39,70,0.1,19,,navigational,http://wassersfurniture.com/shop-by-brand/a-c/costantini-pietro-furniture/,legacy category,False,2026-05-07 21:57:21 +00:00
kessler furniture,26,31,70,0.1,0,1.75,navigational,https://wassersfurniture.com/,homepage,False,2026-05-30 18:30:01 +00:00
leather couches houston texas,82,91,70,0.1,0,3.369999885559082,commercial,https://wassersfurniture.com/kac-houston-sectional-down-cushions-premium-genuine-leather.html,legacy .html,False,2025-08-05 03:03:29 +00:00
leather couches houston tx,72,94,70,0.1,0,3.369999885559082,commercial,https://wassersfurniture.com/kac-houston-sectional-down-cushions-premium-genuine-leather.html,legacy .html,False,2026-03-25 12:40:21 +00:00
leather sofa american signature,56,64,70,0.1,0,0.7300000190734863,transactional,https://wassersfurniture.com/shop-by-brand/a-c/american-leather.html,legacy .html,False,2026-05-30 18:23:56 +00:00
modern nightstand espresso,25,35,70,0.1,0,1.2200000286102295,transactional,https://wassersfurniture.com/ryder-modern-art-deco-cream-white-espresso-nightstand.html,legacy .html,False,2026-04-08 07:47:28 +00:00
napoleon table,32,42,70,0.1,0,1.340000033378601,transactional,https://wassersfurniture.com/products/napoleon-wood-dining-table-barrel-top,shopify /products/,False,2026-05-07 05:02:47 +00:00
nursery works cribs,67,77,70,0.1,0,1.5699999332427979,transactional,https://wassersfurniture.com/nursery-works-luma-crub-acrylic-rose-gold.html,legacy .html,False,2026-02-20 07:18:12 +00:00
rattan coffee table trunk,57,72,70,0.1,0,1.190000057220459,transactional,https://wassersfurniture.com/steamer-trunk-coffee-table-on-display-quickship.html,legacy .html,False,2026-03-08 00:56:23 +00:00
real leather armchairs,46,69,70,0.1,0,4.789999961853027,transactional,https://wassersfurniture.com/shop-by-brand/a-c/american-leather/chairs.html,legacy .html,False,2026-04-07 23:17:46 +00:00
restoration hardware aviator wing desk,32,39,70,0.1,0,0.4399999976158142,navigational,https://wassersfurniture.com/airplane-wing-desk.html,legacy .html,False,2026-05-07 01:42:14 +00:00
sectional couches houston,32,48,70,0.1,0,2.380000114440918,commercial,https://wassersfurniture.com/kac-houston-sectional-down-cushions-premium-genuine-leather.html,legacy .html,False,2026-03-23 23:43:29 +00:00
sectional sofa houston,32,48,70,0.1,0,2.380000114440918,transactional,https://wassersfurniture.com/kac-houston-sectional-down-cushions-premium-genuine-leather.html,legacy .html,False,2026-03-23 23:43:23 +00:00
table tops for dining table,70,86,70,0.1,0,0.7699999809265137,transactional,https://wassersfurniture.com/furniture/diningroom/glass-tops.html,legacy .html,False,2026-05-06 09:33:36 +00:00
wood beaded light,84,103,70,0.1,0,1.4800000190734863,transactional,https://wassersfurniture.com/little-wasser-s-boho-wood-bead-chandelier.html,legacy .html,False,2025-12-20 07:30:48 +00:00
wooden bead lighting,86,106,70,0.1,0,1.4800000190734863,transactional,https://wassersfurniture.com/little-wasser-s-boho-wood-bead-chandelier.html,legacy .html,False,2025-12-20 07:41:56 +00:00
american leather king size sleeper sofa,30,42,70,0.1,7,2.119999885559082,transactional,https://wassersfurniture.com/american-leather-breckin-comfort-sleeper-chaise.html,legacy .html,False,2026-03-26 12:22:25 +00:00
tuscany bedroom decor,38,43,70,0.1,0,0.9700000286102295,informational,https://wassersfurniture.com/tuscany-bedroom-set.html,legacy .html,False,2025-08-22 16:41:19 +00:00
american leather showroom,24,30,50,0.1,0,2.009999990463257,navigational,https://wassersfurniture.com/shop-by-brand/a-c/american-leather.html,legacy .html,False,2026-04-12 17:31:25 +00:00
balans gravity chair,32,46,50,0.1,0,1.3600000143051147,transactional,https://wassersfurniture.com/varier-variable-balans-ergonomic-task-chair-with-backrest-free-shipping-no-tax.html,legacy .html,False,2026-03-07 16:46:03 +00:00
cattelan italia table,65,86,50,0.1,4,2.2300000190734863,navigational,https://wassersfurniture.com/shop-by-brand/a-c/cattelan-italia.html,legacy .html,False,2026-04-09 09:30:52 +00:00
cattelan table,60,80,50,0.1,2,2.2300000190734863,transactional,https://wassersfurniture.com/shop-by-brand/a-c/cattelan-italia.html,legacy .html,False,2026-04-09 09:38:38 +00:00
chateau d'ax chairs,42,53,50,0.1,0,0.3499999940395355,navigational,https://wassersfurniture.com/shop-by-brand/a-c/chateau-d-ax.html,legacy .html,False,2026-02-19 06:20:07 +00:00
designer leather chair,48,65,50,0.1,8,1.100000023841858,transactional,https://wassersfurniture.com/shop-by-brand/a-c/american-leather/chairs.html,legacy .html,False,2026-03-26 11:57:35 +00:00
gravity balans chair,44,59,50,0.1,0,1.3600000143051147,transactional,https://wassersfurniture.com/varier-variable-balans-ergonomic-task-chair-with-backrest-free-shipping-no-tax.html,legacy .html,False,2026-03-23 06:31:06 +00:00
home office with couch and tv,43,52,50,0.1,0,0.6299999952316284,informational,https://wassersfurniture.com/furniture/homes-offices/home-office-entertainment-units.html,legacy .html,False,2026-04-08 20:16:33 +00:00
linie design genova,48,62,50,0.1,0,,navigational,https://wassersfurniture.com/shop-by-brand/l-p/linie-design.html,legacy .html,False,2026-03-25 12:29:44 +00:00
couture outdoor furniture,19,31,50,0.1,0,5.130000114440918,transactional,https://wassersfurniture.com/shop-by-brand/a-c/couture-jardin.html,legacy .html,False,2026-04-12 04:55:30 +00:00
54 inch glass table top,20,25,50,0.1,0,3.759999990463257,transactional,https://wassersfurniture.com/glass-table-top-54-round-quickship.html,legacy .html,False,2026-04-12 22:28:47 +00:00
dining glass top,20,31,50,0.1,0,2.2799999713897705,transactional,https://wassersfurniture.com/furniture/diningroom/glass-tops.html,legacy .html,False,2026-04-12 02:38:27 +00:00
luke swivel recliner,20,26,50,0.1,0,0.800000011920929,transactional,https://wassersfurniture.com/american-leather-luke-memory-swivel-chair-quickship-today.html,legacy .html,False,2026-03-08 12:07:50 +00:00
oliver sectional sofa,20,28,50,0.1,0,2.2699999809265137,transactional,https://wassersfurniture.com/american-leather-oliver-sectional-sofa.html,legacy .html,False,2026-03-26 10:47:14 +00:00
wiser lake furniture,20,26,50,0.1,1,3.4100000858306885,navigational,https://wassersfurniture.com/,homepage,False,2026-03-23 16:03:56 +00:00
american leather swivel recliner,21,30,50,0.1,0,1.600000023841858,transactional,https://wassersfurniture.com/shop-by-brand/a-c/american-leather/comfort-recliner-by-american-leather.html,legacy .html,False,2026-04-12 17:31:27 +00:00
couture furniture,21,34,50,0.1,0,2.4200000762939453,commercial,https://wassersfurniture.com/shop-by-brand/a-c/couture-jardin.html,legacy .html,False,2026-04-12 04:56:42 +00:00
cowhide poufs,21,31,50,0.1,0,2.2300000190734863,transactional,https://wassersfurniture.com/surya-cowhide-brindle-leather-pouf-ottoman.html,legacy .html,False,2026-03-08 20:20:04 +00:00
glass candy art,21,30,50,0.1,0,0.09000000357627869,transactional,https://wassersfurniture.com/blown-glass-rock-candy-wall-art.html,legacy .html,False,2026-03-09 11:52:45 +00:00
monte design bassinet,21,26,50,0.1,0,0.7200000286102295,transactional,https://wassersfurniture.com/bassinet-monte-design-rockwell-bassinet.html,legacy .html,False,2026-04-11 02:21:39 +00:00
thayer coggin drum table,21,26,50,0.1,0,0.46000000834465027,transactional,http://wassersfurniture.com/thayer-coggin-drum-table-brushed-nickel-milo-baughman.html,legacy .html,False,2026-03-26 13:32:27 +00:00
leather furniture chairs,22,32,50,0.1,0,2.1700000762939453,transactional,https://wassersfurniture.com/shop-by-brand/a-c/american-leather/chairs.html,legacy .html,False,2026-03-26 11:12:40 +00:00
54 inch round table top,39,56,50,0.1,0,1.4500000476837158,transactional,https://wassersfurniture.com/glass-table-top-54-round-quickship.html,legacy .html,False,2026-03-26 04:20:08 +00:00
american classics leather,33,44,50,0.1,7,1.3600000143051147,transactional,https://wassersfurniture.com/shop-by-brand/a-c/american-leather/comfort-recliner-by-american-leather.html,legacy .html,False,2026-04-12 17:24:21 +00:00
american leather cirrus comfort air recliner,37,43,50,0.1,0,1.4900000095367432,transactional,https://wassersfurniture.com/shop-by-brand/a-c/american-leather/comfort-recliner-by-american-leather.html,legacy .html,False,2026-03-08 23:05:19 +00:00
american leather clara sleeper sofa,58,68,50,0.1,0,3.5399999618530273,transactional,https://wassersfurniture.com/shop-by-brand/a-c/american-leather/comfort-sleeper-by-american-leather.html,legacy .html,False,2026-04-12 17:31:41 +00:00
american leather comfort air,26,36,50,0.1,0,2.680000066757202,transactional,https://wassersfurniture.com/shop-by-brand/a-c/american-leather/comfort-air.html,legacy .html,False,2026-03-27 01:42:09 +00:00
american leather comfort sleeper sectional,26,36,50,0.1,9,3.8600001335144043,transactional,https://wassersfurniture.com/american-leather-breckin-comfort-sleeper-chaise.html,legacy .html,False,2026-04-12 17:29:24 +00:00
american leather harris sleeper sofa,36,43,50,0.1,0,4.539999961853027,transactional,https://wassersfurniture.com/shop-by-brand/a-c/american-leather/comfort-sleeper-by-american-leather.html,legacy .html,False,2026-04-12 17:22:55 +00:00
american leather pull out sofa,44,60,50,0.1,11,1.1399999856948853,transactional,https://wassersfurniture.com/american-leather-breckin-comfort-sleeper-chaise.html,legacy .html,False,2026-03-26 12:24:16 +00:00
american leather room and board,42,50,50,0.1,1,2.3399999141693115,navigational,https://wassersfurniture.com/shop-by-brand/a-c/american-leather.html,legacy .html,False,2026-04-12 17:22:53 +00:00
american leather sarasota,48,61,50,0.1,0,4.090000152587891,commercial,https://wassersfurniture.com/shop-by-brand/a-c/american-leather.html,legacy .html,False,2026-04-12 17:29:35 +00:00
american leather sofas for sale,38,51,50,0.1,1,2.5,transactional,https://wassersfurniture.com/shop-by-brand/a-c/american-leather.html,legacy .html,False,2026-04-09 21:40:29 +00:00
american signature chair,40,44,50,0.1,0,2.380000114440918,navigational,https://wassersfurniture.com/shop-by-brand/a-c/american-leather/chairs.html,legacy .html,False,2026-02-23 23:01:52 +00:00
arketipo furniture,41,49,50,0.1,1,3.75,navigational,https://wassersfurniture.com/shop-by-brand/a-c/arketipo.html,legacy .html,False,2026-04-09 21:12:28 +00:00
beachy dining table and chairs,76,98,50,0.1,0,1.9300000667572021,transactional,https://wassersfurniture.com/coastal-living-ball-claw-dining-chairs-set-of-6.html,legacy .html,False,2026-03-26 19:44:10 +00:00
black and white nursery rugs,59,75,50,0.1,0,0.8700000047683716,transactional,https://wassersfurniture.com/baby-neutral-room-rug.html,legacy .html,False,2026-04-09 19:56:15 +00:00
bracci sofas,34,41,50,0.1,0,6.300000190734863,transactional,https://wassersfurniture.com/shop-by-brand/a-c/bracci.html,legacy .html,False,2026-04-12 11:01:59 +00:00
caracole rhythm nightstand,45,54,50,0.1,0,6.670000076293945,transactional,https://wassersfurniture.com/caracole-rise-and-shine-nightstand.html,legacy .html,False,2026-04-12 08:28:30 +00:00
cattelan italia coffee table,29,41,50,0.1,0,3.069999933242798,transactional,https://wassersfurniture.com/cattelan-italia-sting-coffee-table-on-display-quickship.html,legacy .html,False,2026-04-12 07:54:14 +00:00
cattelan italia coffee tables,39,54,50,0.1,0,3.069999933242798,navigational,https://wassersfurniture.com/cattelan-italia-sting-coffee-table-on-display-quickship.html,legacy .html,False,2026-02-21 04:09:07 +00:00
den chairs leather,56,72,50,0.1,0,1.6800000667572021,transactional,https://wassersfurniture.com/shop-by-brand/a-c/american-leather/chairs.html,legacy .html,False,2026-03-26 00:13:18 +00:00
does sonos playbar have bluetooth,46,53,50,0.1,0,,informational,https://wassersfurniture.com/sonos-playbar.html,legacy .html,False,2026-04-12 01:46:39 +00:00
faux suede pillow,58,70,50,0.1,0,0.75,transactional,https://wassersfurniture.com/kac-genuine-suede-throw-pillows.html,legacy .html,False,2026-04-11 22:17:46 +00:00
faux suede pillows,65,78,50,0.1,0,0.75,transactional,https://wassersfurniture.com/kac-genuine-suede-throw-pillows.html,legacy .html,False,2026-04-11 22:18:05 +00:00
gender neutral rooms,36,43,50,0.1,0,0.8199999928474426,informational,https://wassersfurniture.com/a-gender-neutral-nursery-room.html,legacy .html,False,2026-03-08 03:27:03 +00:00
gravity balans,39,49,50,0.1,0,1.7799999713897705,informational,https://wassersfurniture.com/varier-variable-balans-ergonomic-task-chair-with-backrest-free-shipping-no-tax.html,legacy .html,False,2026-04-11 18:38:08 +00:00
italian table chairs,31,44,50,0.1,0,1.1699999570846558,transactional,https://wassersfurniture.com/vintage-italian-dining-chairs-set-of-6.html,legacy .html,False,2026-03-26 11:20:01 +00:00
leather back chair,62,80,50,0.1,0,0.5899999737739563,transactional,https://wassersfurniture.com/shop-by-brand/a-c/american-leather/chairs.html,legacy .html,False,2026-03-26 02:57:14 +00:00
leather furniture chair,40,60,50,0.1,0,2.1700000762939453,transactional,https://wassersfurniture.com/shop-by-brand/a-c/american-leather/chairs.html,legacy .html,False,2026-03-26 11:13:38 +00:00
leather ottoman seat,44,59,50,0.1,0,2.4100000858306885,transactional,https://wassersfurniture.com/genuine-leather-ottomans-in-stock.html,legacy .html,False,2026-04-11 07:09:29 +00:00
leather trunk side table,39,51,50,0.1,0,0.8700000047683716,transactional,https://wassersfurniture.com/steamer-trunk-coffee-table-on-display-quickship.html,legacy .html,False,2026-04-11 07:15:06 +00:00
linie design cover,35,39,50,0.1,3,,informational,https://wassersfurniture.com/shop-by-brand/l-p/linie-design.html,legacy .html,False,2026-04-08 10:49:41 +00:00
luggage coffee table,42,61,50,0.1,0,1.7100000381469727,transactional,https://wassersfurniture.com/steamer-trunk-coffee-table-on-display-quickship.html,legacy .html,False,2026-04-11 05:35:00 +00:00
men's leather chair,73,92,50,0.1,0,1.190000057220459,transactional,https://wassersfurniture.com/shop-by-brand/a-c/american-leather/chairs.html,legacy .html,False,2026-03-08 11:27:01 +00:00
missoni cushions,40,56,50,0.1,0,2.2899999618530273,transactional,https://wassersfurniture.com/missoni-home-pasadena-cushion-free-pickup-free-shipping.html,legacy .html,False,2026-04-11 02:45:30 +00:00
monte glider recliner,27,35,50,0.1,0,0.8799999952316284,transactional,https://wassersfurniture.com/chair-monte-design-luca-nursery-glider.html,legacy .html,False,2026-04-11 02:15:29 +00:00
oggetti designs,33,45,50,0.1,0,9.75,transactional,https://wassersfurniture.com/shop-by-brand/l-p/oggetti.html,legacy .html,False,2026-04-08 04:08:56 +00:00
oggetti lighting,35,52,50,0.1,0,1.649999976158142,transactional,https://wassersfurniture.com/shop-by-brand/l-p/oggetti.html,legacy .html,False,2026-04-08 04:02:23 +00:00
old-fashioned weather barometer,36,48,50,0.1,0,0.33000001311302185,informational,https://wassersfurniture.com/vintage-airguide-thermometer-barometer-hygrometer-made-in-usa.html,legacy .html,False,2026-03-26 23:39:54 +00:00
pink wood beads,36,40,50,0.1,0,0.5,transactional,https://wassersfurniture.com/little-wasser-s-boho-wood-bead-pink-chandelier.html,legacy .html,False,2026-03-08 08:45:40 +00:00
pink wooden beads,24,35,50,0.1,0,0.5,transactional,https://wassersfurniture.com/little-wasser-s-boho-wood-bead-pink-chandelier.html,legacy .html,False,2026-03-25 20:27:34 +00:00
romina dresser,36,47,50,0.1,0,3.680000066757202,informational,https://wassersfurniture.com/shop-by-brand/r-z/romina-furniture.html,legacy .html,False,2026-04-10 16:04:30 +00:00
romina furniture crib,23,33,50,0.1,0,3.490000009536743,transactional,https://wassersfurniture.com/romina-furniture-imperio-convertible-crib-solid-back.html,legacy .html,False,2026-04-10 16:04:44 +00:00
sonos amp 250w,36,50,50,0.1,0,1.2100000381469727,transactional,https://wassersfurniture.com/sonos-connect-amp.html,legacy .html,False,2026-04-10 12:10:25 +00:00
sonos amp generations,25,33,50,0.1,0,1.1699999570846558,informational,https://wassersfurniture.com/sonos-connect-amp.html,legacy .html,False,2026-04-10 12:21:05 +00:00
sonos connect versions,25,30,50,0.1,0,0.019999999552965164,informational,https://wassersfurniture.com/sonos-connect-amp.html,legacy .html,False,2026-03-08 07:03:10 +00:00
sonos port amp,53,73,50,0.1,0,1.2999999523162842,transactional,https://wassersfurniture.com/sonos-connect-amp.html,legacy .html,False,2026-03-08 07:06:06 +00:00
sonos s2 amp,31,47,50,0.1,0,0.6200000047683716,transactional,https://wassersfurniture.com/sonos-connect-amp.html,legacy .html,False,2026-03-08 07:03:33 +00:00
tempur pedic cloud luxe mattress,27,34,50,0.1,2,4.630000114440918,transactional,https://wassersfurniture.com/tempur-cloud-luxe-breeze.html,legacy .html,False,2026-04-10 09:39:03 +00:00
tempur-pedic cloud luxe mattress,26,32,50,0.1,5,4.630000114440918,transactional,https://wassersfurniture.com/tempur-cloud-luxe-breeze.html,legacy .html,False,2026-04-10 09:38:11 +00:00
thayer coggin dining chair,43,49,50,0.1,0,3,transactional,https://wassersfurniture.com/shop-by-brand/r-z/thayer-coggin.html,legacy .html,False,2026-04-10 09:24:00 +00:00
thayer coggin dining chairs,34,40,50,0.1,0,3,transactional,https://wassersfurniture.com/shop-by-brand/r-z/thayer-coggin.html,legacy .html,False,2026-03-08 06:46:11 +00:00
vanguard desk,33,41,50,0.1,0,2.619999885559082,navigational,https://wassersfurniture.com/shop-by-brand/r-z/vanguard.html,legacy .html,False,2026-03-07 23:31:18 +00:00
venosa leather accent chair,36,40,50,0.1,0,1.4600000381469727,transactional,https://wassersfurniture.com/furniture/livingroom/chairs.html,legacy .html,False,2026-03-26 07:22:04 +00:00
vintage weather instruments,33,39,50,0.1,0,0.4699999988079071,informational,https://wassersfurniture.com/vintage-airguide-thermometer-barometer-hygrometer-made-in-usa.html,legacy .html,False,2026-03-26 07:20:24 +00:00
volo italian modern leather bed,29,32,50,0.1,0,0.5799999833106995,transactional,https://wassersfurniture.com/furniture/bedroom/beds.html,legacy .html,False,2026-03-26 18:44:01 +00:00
where can i get glass for a table top,55,72,50,0.1,0,1.6600000858306885,transactional,https://wassersfurniture.com/furniture/diningroom/glass-tops.html,legacy .html,False,2026-04-10 02:38:04 +00:00
where to get glass for a table top,55,71,50,0.1,0,1.6600000858306885,transactional,https://wassersfurniture.com/furniture/diningroom/glass-tops.html,legacy .html,False,2026-04-10 02:19:38 +00:00
where to get glass table top,45,59,50,0.1,0,1.6600000858306885,transactional,https://wassersfurniture.com/furniture/diningroom/glass-tops.html,legacy .html,False,2026-04-10 02:19:51 +00:00
white coffee table trunk,27,37,50,0.1,0,1.649999976158142,transactional,https://wassersfurniture.com/steamer-trunk-coffee-table-on-display-quickship.html,legacy .html,False,2026-03-07 19:37:39 +00:00
carrol boyes aura glasses,21,27,50,0.1,0,0.18000000715255737,transactional,https://wassersfurniture.com/shop-by-brand/a-c/carrol-boyes.html,legacy .html,False,2026-03-09 15:47:24 +00:00
emerson leather chair,73,87,50,0.1,0,0.699999988079071,transactional,https://wassersfurniture.com/shop-by-brand/a-c/american-leather/chairs.html,legacy .html,False,2026-03-27 09:30:58 +00:00
milo baughman brass table,27,34,50,0.1,0,0.44999998807907104,transactional,https://wassersfurniture.com/thayer-coggin-milo-baughman-mid-century-burled-coffee-table.html,legacy .html,False,2026-03-09 07:12:33 +00:00
ming dynasty coffee table,38,53,50,0.1,0,0.550000011920929,transactional,https://wassersfurniture.com/vintage-ming-coffee-table.html,legacy .html,False,2026-04-11 02:52:04 +00:00
nursery works vetro crib,43,52,50,0.1,0,0.4000000059604645,transactional,https://wassersfurniture.com/shop-by-brand/l-p/nursery-works.html,legacy .html,False,2026-03-28 14:18:47 +00:00
square ming coffee table,34,45,50,0.1,0,1,transactional,https://wassersfurniture.com/vintage-ming-coffee-table.html,legacy .html,False,2026-04-10 11:33:15 +00:00
weathermaster barometer,33,48,50,0.1,0,,informational,https://wassersfurniture.com/vintage-airguide-thermometer-barometer-hygrometer-made-in-usa.html,legacy .html,False,2026-03-26 09:29:48 +00:00
monte luna bed,28,37,50,0.1,0,1.159999966621399,transactional,https://wassersfurniture.com/monte-design-dorma-trundle-bed.html,legacy .html,False,2026-04-17 23:23:46 +00:00
african accent chair,19,24,40,0.1,0,0.9100000262260437,transactional,https://wassersfurniture.com/swivel-chair-custom-african-print-fabric.html,legacy .html,False,2026-04-12 18:33:22 +00:00
horchow coffee table,19,22,40,0.1,0,1.559999942779541,transactional,https://wassersfurniture.com/ebh-chow-coffee-table.html,legacy .html,False,2026-04-11 16:09:48 +00:00
naos table,19,24,40,0.1,0,1.5899999141693115,transactional,https://wassersfurniture.com/shop-by-brand/l-p/naos.html?p=4,legacy category,False,2026-02-25 04:46:18 +00:00
"54"" round table top",18,25,40,0.1,0,1.5099999904632568,transactional,https://wassersfurniture.com/glass-table-top-54-round-quickship.html,legacy .html,False,2026-03-26 07:02:49 +00:00
american leather twin sleeper,18,22,40,0.1,9,5.900000095367432,transactional,https://wassersfurniture.com/shop-by-brand/a-c/american-leather/comfort-sleeper-by-american-leather.html,legacy .html,False,2026-04-16 17:23:16 +00:00
henley sofa american leather,18,22,40,0.1,0,1.1299999952316284,transactional,https://wassersfurniture.com/american-leather-henley-leather-sectional.html,legacy .html,False,2025-10-19 17:46:23 +00:00
ekornes side table,21,27,40,0.1,0,0.23000000417232513,transactional,https://wassersfurniture.com/ekornes-stressless-you-urban-large-coffee-table.html,legacy .html,False,2026-04-12 00:13:05 +00:00
lafer gaga recliner,21,27,40,0.1,0,1.6299999952316284,transactional,https://wassersfurniture.com/shop-by-brand/l-p/lafer-recliners.html,legacy .html,False,2026-04-11 07:43:26 +00:00
leather accent chair sale,22,36,40,0.1,0,0.9100000262260437,transactional,https://wassersfurniture.com/shop-by-brand/a-c/american-leather/chairs.html,legacy .html,False,2026-04-11 07:14:36 +00:00
naos tables,22,32,40,0.1,0,1.5899999141693115,navigational,https://wassersfurniture.com/naos-coffee-table-hula-motion-quickship.html,legacy .html,False,2026-04-11 01:21:38 +00:00
img luna high back chair,19,22,40,0.1,0,0.36000001430511475,transactional,https://wassersfurniture.com/luna-low-back-chair.html,legacy .html,False,2026-03-09 09:40:57 +00:00
karl springer goatskin table,19,23,40,0.1,0,0.23999999463558197,transactional,https://wassersfurniture.com/vintage-goatskin-coffee-table-or-console-table.html,legacy .html,False,2026-02-07 01:48:00 +00:00
airplane wing desk restoration hardware,24,29,40,0.1,0,0.9800000190734863,navigational,https://wassersfurniture.com/airplane-wing-desk.html,legacy .html,False,2026-04-12 18:05:16 +00:00
american leather bryson sleeper sofa,25,32,40,0.1,0,1.0499999523162842,transactional,https://wassersfurniture.com/shop-by-brand/a-c/american-leather/comfort-sleeper-by-american-leather.html,legacy .html,False,2026-04-12 17:31:29 +00:00
american leather customer service,39,43,40,0.1,0,0.029999999329447746,informational,https://wassersfurniture.com/shop-by-brand/a-c/american-leather.html,legacy .html,False,2026-04-12 17:23:07 +00:00
american signature sleeper sofa,32,39,40,0.1,0,5.309999942779541,transactional,https://wassersfurniture.com/american-leather-breckin-comfort-sleeper-chaise.html,legacy .html,False,2026-04-12 17:29:50 +00:00
bernhardt arctic console table,43,48,40,0.1,0,2.1500000953674316,transactional,https://wassersfurniture.com/shop-by-brand/a-c/bernhardt-interiors.html,legacy .html,False,2026-03-26 09:03:47 +00:00
buy a glass table top,26,37,40,0.1,0,6.840000152587891,transactional,https://wassersfurniture.com/furniture/diningroom/glass-tops.html,legacy .html,False,2026-03-26 10:47:51 +00:00
buy glass for table top,60,75,40,0.1,0,6.840000152587891,transactional,https://wassersfurniture.com/furniture/diningroom/glass-tops.html,legacy .html,False,2026-03-08 21:48:54 +00:00
comfort sleeper by american leather reviews,44,53,40,0.1,0,3.509999990463257,informational,https://wassersfurniture.com/american-leather-breckin-comfort-sleeper-chaise.html,legacy .html,False,2026-03-26 13:06:03 +00:00
gotcha covered clothes,30,44,40,0.1,0,,transactional,https://wassersfurniture.com/shop-by-brand/d-g/gotcha-covered.html,legacy .html,False,2026-04-11 18:46:05 +00:00
gotcha covered clothing,30,36,40,0.1,0,,transactional,https://wassersfurniture.com/shop-by-brand/d-g/gotcha-covered.html,legacy .html,False,2026-04-11 18:52:12 +00:00
leather accent chairs on sale,28,36,40,0.1,0,0.9100000262260437,transactional,https://wassersfurniture.com/shop-by-brand/a-c/american-leather/chairs.html,legacy .html,False,2026-03-26 02:55:37 +00:00
leather and fabric ottoman,51,67,40,0.1,0,1.0199999809265137,transactional,https://wassersfurniture.com/genuine-leather-ottomans-in-stock.html,legacy .html,False,2026-04-11 07:18:21 +00:00
leather chair made in usa,39,51,40,0.1,7,2.700000047683716,transactional,https://wassersfurniture.com/shop-by-brand/a-c/american-leather/chairs.html,legacy .html,False,2026-04-11 07:20:48 +00:00
leather chairs made in usa,61,78,40,0.1,0,2.700000047683716,commercial,https://wassersfurniture.com/shop-by-brand/a-c/american-leather/chairs.html,legacy .html,False,2026-04-11 07:20:51 +00:00
linie design dolzago,46,56,40,0.1,0,,navigational,https://wassersfurniture.com/shop-by-brand/l-p/linie-design.html,legacy .html,False,2026-03-08 12:33:57 +00:00
nuevo dining chairs,26,36,40,0.1,0,1.340000033378601,transactional,https://wassersfurniture.com/shop-by-brand/l-p/nuevo-living.html,legacy .html,False,2025-11-23 12:49:24 +00:00
sonos connect 2,28,42,40,0.1,0,0.4099999964237213,transactional,https://wassersfurniture.com/sonos-connect-amp.html,legacy .html,False,2026-04-10 12:18:51 +00:00
sonos connect amp wireless amplifier,34,45,40,0.1,0,1.0399999618530273,transactional,https://wassersfurniture.com/sonos-connect-amp.html,legacy .html,False,2026-04-10 12:17:36 +00:00
steamer trunk coffee table diy,39,49,40,0.1,0,2.7200000286102295,informational,https://wassersfurniture.com/steamer-trunk-coffee-table-on-display-quickship.html,legacy .html,False,2026-04-10 11:10:23 +00:00
varier variable balans original kneeling chair,23,28,40,0.1,0,1.2999999523162842,transactional,https://wassersfurniture.com/varier-variable-balans-ergonomic-task-chair-with-backrest-free-shipping-no-tax.html,legacy .html,False,2026-03-08 06:25:55 +00:00
stanton leather chair,18,23,40,0.1,0,1.7100000381469727,transactional,https://wassersfurniture.com/american-leather-stanton-leather-sectional-showroom-sample-sale.html,legacy .html,False,2026-03-28 03:36:21 +00:00
54 round table top,20,29,40,0.1,0,1.5099999904632568,transactional,https://wassersfurniture.com/glass-table-top-54-round-quickship.html,legacy .html,False,2026-03-26 04:21:23 +00:00
monte design grano glider recliner,20,26,40,0.1,0,4.199999809265137,transactional,https://wassersfurniture.com/chair-monte-design-grano-glider-recliner.html,legacy .html,False,2026-04-17 23:28:45 +00:00
pablo pixo lamp,20,27,40,0.1,0,4.389999866485596,transactional,https://wassersfurniture.com/pablo-pixo-table-lamp.html,legacy .html,False,2026-03-26 19:59:23 +00:00
carrol boyes vase,21,26,40,0.1,0,0.4099999964237213,transactional,https://wassersfurniture.com/shop-by-brand/a-c/carrol-boyes.html,legacy .html,False,2026-03-27 08:41:14 +00:00
expensive leather chairs,21,31,40,0.1,0,0.05999999865889549,transactional,https://wassersfurniture.com/shop-by-brand/a-c/american-leather/chairs.html,legacy .html,False,2026-04-11 23:04:31 +00:00
steamer trunk bookcase,21,26,40,0.1,0,0.019999999552965164,transactional,https://wassersfurniture.com/steamer-trunk-coffee-table-on-display-quickship.html,legacy .html,False,2026-03-09 05:58:05 +00:00
american leather bryson,53,64,40,0.1,0,4.699999809265137,transactional,https://wassersfurniture.com/american-leather-breckin-comfort-sleeper-chaise.html,legacy .html,False,2026-03-27 11:25:21 +00:00
aqua armchair,58,73,40,0.1,0,1.4500000476837158,transactional,https://wassersfurniture.com/furniture/livingroom/chairs.html,legacy .html,False,2026-04-16 16:55:13 +00:00
aqua floor lamp,26,35,40,0.1,0,0.6600000262260437,transactional,https://wassersfurniture.com/furniture/lighting/floor.html,legacy .html,False,2026-04-16 16:48:31 +00:00
black and white print chair,98,120,40,0.1,0,0.6800000071525574,transactional,https://wassersfurniture.com/swivel-chair-custom-african-print-fabric.html,legacy .html,False,2026-02-26 09:13:49 +00:00
bryson comfort sleeper,36,46,40,0.1,0,6.480000019073486,transactional,https://wassersfurniture.com/shop-by-brand/a-c/american-leather/comfort-sleeper-by-american-leather.html,legacy .html,False,2026-03-27 11:53:35 +00:00
coastal living dining chairs,27,43,40,0.1,0,2.8299999237060547,transactional,https://wassersfurniture.com/coastal-living-ball-claw-dining-chairs-set-of-6.html,legacy .html,False,2026-04-15 07:18:00 +00:00
compass lamp,25,39,40,0.1,0,4.369999885559082,transactional,https://wassersfurniture.com/cattelan-compass-floor-lamp-in-stock-quickship.html,legacy .html,False,2026-04-15 06:49:35 +00:00
contour pablo,66,84,40,0.1,0,0.4399999976158142,informational,https://wassersfurniture.com/pablo-contour.html,legacy .html,False,2025-12-24 12:44:08 +00:00
craftsman crib,82,96,40,0.1,0,0.7599999904632568,transactional,https://wassersfurniture.com/romina-furniture-imperio-convertible-crib-open-back.html,legacy .html,False,2025-12-24 12:28:30 +00:00
ekornes tables,46,50,40,0.1,0,0.550000011920929,transactional,https://wassersfurniture.com/ekornes-stressless-you-small-urban-table.html,legacy .html,False,2025-10-14 17:07:12 +00:00
expensive leather chair,52,66,40,0.1,3,0.05999999865889549,transactional,https://wassersfurniture.com/shop-by-brand/a-c/american-leather/chairs.html,legacy .html,False,2026-04-11 23:02:26 +00:00
indian trunk coffee table,49,67,40,0.1,0,0.3400000035762787,transactional,https://wassersfurniture.com/steamer-trunk-coffee-table-on-display-quickship.html,legacy .html,False,2026-03-10 18:07:18 +00:00
knickerbocker bed frame review,82,94,40,0.1,0,2.700000047683716,informational,https://wassersfurniture.com/knickerbocker-embrace-king-size-bed-frame-2-sealy-posturepedic-xl-foundations-backroom-special.html,legacy .html,False,2025-11-03 00:14:06 +00:00
luna ottoman,46,59,40,0.1,0,0.6000000238418579,informational,https://wassersfurniture.com/luna-low-back-chair.html,legacy .html,False,2026-04-14 08:47:12 +00:00
metal trunk coffee table,41,56,40,0.1,0,1.5699999332427979,transactional,https://wassersfurniture.com/steamer-trunk-coffee-table-on-display-quickship.html,legacy .html,False,2026-04-11 03:28:48 +00:00
mid century modern white leather chair,40,55,40,0.1,0,2.130000114440918,transactional,https://wassersfurniture.com/furniture/mid-century.html,legacy .html,False,2026-04-14 05:47:10 +00:00
ming dining table,40,51,40,0.1,0,0.5299999713897705,transactional,https://wassersfurniture.com/vintage-ming-coffee-table.html,legacy .html,False,2026-03-09 07:15:26 +00:00
missoni cushion,38,52,40,0.1,0,2.559999942779541,transactional,https://wassersfurniture.com/missoni-home-pasadena-cushion-free-pickup-free-shipping.html,legacy .html,False,2026-04-14 05:11:23 +00:00
modern furniture florida,24,37,40,0.1,0,2.119999885559082,commercial,https://wassersfurniture.com/,homepage,False,2026-04-14 05:07:50 +00:00
modern trunk coffee table,47,65,40,0.1,0,0.36000001430511475,transactional,https://wassersfurniture.com/steamer-trunk-coffee-table-on-display-quickship.html,legacy .html,False,2026-04-14 05:04:33 +00:00
modular daybed sofa,37,43,40,0.1,0,2.2100000381469727,transactional,https://wassersfurniture.com/monte-design-twin-daybed-sofa.html,legacy .html,False,2026-03-09 07:29:52 +00:00
monte high chair,37,42,40,0.1,0,2.8899998664855957,transactional,https://wassersfurniture.com/chair-monte-design-luca-nursery-glider.html,legacy .html,False,2026-04-14 04:42:50 +00:00
niels eilersen sofa,37,46,40,0.1,0,0.27000001072883606,transactional,https://wassersfurniture.com/eilersen-tub-sofa-tunnel-36-fabric-free-same-day-pickup-next-day-quickship.html,legacy .html,False,2026-04-14 02:36:11 +00:00
nuevo dining chair,23,29,40,0.1,0,1.340000033378601,transactional,https://wassersfurniture.com/shop-by-brand/l-p/nuevo-living.html,legacy .html,False,2026-04-10 23:48:30 +00:00
steamer trunk dimensions,23,34,40,0.1,0,0.11999999731779099,informational,https://wassersfurniture.com/steamer-trunk-table-pedestal-on-display-quickship.html,legacy .html,False,2026-04-13 14:07:57 +00:00
steamer trunk size,29,42,40,0.1,0,0.11999999731779099,transactional,https://wassersfurniture.com/steamer-trunk-table-pedestal-on-display-quickship.html,legacy .html,False,2026-04-13 14:04:49 +00:00
tempur pedic luxe breeze split king,31,43,40,0.1,0,9.479999542236328,transactional,https://wassersfurniture.com/tempur-cloud-luxe-breeze.html,legacy .html,False,2026-04-13 13:18:22 +00:00
tempur-pedic luxe breeze split king,27,35,40,0.1,0,9.479999542236328,transactional,https://wassersfurniture.com/tempur-cloud-luxe-breeze.html,legacy .html,False,2026-03-26 09:51:53 +00:00
the american leather comfort sleeper,25,35,40,0.1,0,3.9100000858306885,transactional,https://wassersfurniture.com/shop-by-brand/a-c/american-leather/comfort-sleeper-by-american-leather.html,legacy .html,False,2026-03-26 09:43:35 +00:00
thermometer made in america,76,81,40,0.1,0,0.7799999713897705,transactional,https://wassersfurniture.com/vintage-airguide-thermometer-barometer-hygrometer-made-in-usa.html,legacy .html,False,2025-09-10 10:13:19 +00:00
tiger table with glass top,40,46,40,0.1,0,0.05999999865889549,transactional,https://wassersfurniture.com/furniture/diningroom/glass-tops.html,legacy .html,False,2026-04-13 12:51:02 +00:00
tucci pool,24,25,40,0.1,2,0.4099999964237213,informational,https://wassersfurniture.com/shop-by-brand/r-z/tucci-outdoor.html,legacy .html,False,2026-03-09 04:43:21 +00:00
vintage trunk table,43,62,40,0.1,0,0.9100000262260437,transactional,https://wassersfurniture.com/steamer-trunk-coffee-table-on-display-quickship.html,legacy .html,False,2026-04-13 11:40:58 +00:00
white leather mid century chair,53,68,40,0.1,0,2.130000114440918,transactional,https://wassersfurniture.com/furniture/mid-century.html,legacy .html,False,2026-04-13 09:38:33 +00:00
kessler swivel chair,91,104,40,0.1,0,2.3600001335144043,transactional,https://wassersfurniture.com/kac-globe-swivel-chair.html,legacy .html,False,2026-02-07 01:41:19 +00:00
linie design sirius,57,65,40,0.1,0,,informational,https://wassersfurniture.com/shop-by-brand/l-p/linie-design.html,legacy .html,False,2026-03-02 11:14:03 +00:00
tempur contour luxe breeze,84,104,40,0.1,0,6.690000057220459,transactional,https://wassersfurniture.com/tempur-cloud-luxe-breeze.html,legacy .html,False,2026-02-27 18:14:16 +00:00
tempur-contour luxe breeze,39,57,40,0.1,0,6.690000057220459,transactional,https://wassersfurniture.com/tempur-cloud-luxe-breeze.html,legacy .html,False,2026-04-17 10:06:27 +00:00
tempur-pedic contour luxe breeze,23,32,40,0.1,0,6.690000057220459,transactional,https://wassersfurniture.com/tempur-cloud-luxe-breeze.html,legacy .html,False,2026-04-17 02:20:18 +00:00
zeno coffee table,50,61,40,0.1,0,7.039999961853027,transactional,https://wassersfurniture.com/naos-coffee-table-hula-motion-quickship.html,legacy .html,False,2026-03-27 14:22:59 +00:00
pablo solis drum,18,20,30,0.1,0,3.059999942779541,informational,https://wassersfurniture.com/pablo-solis-drum.html,legacy .html,False,2026-04-14 00:21:05 +00:00
luca glider,17,22,30,0.1,0,1.4300000667572021,transactional,https://wassersfurniture.com/chair-monte-design-luca-nursery-glider.html,legacy .html,False,2026-03-10 14:58:32 +00:00
milano bed set,16,25,30,0.1,0,2.4700000286102295,transactional,http://wassersfurniture.com/pavoncello-milano-5-piece-king-size-bedroom-set.html,legacy .html,False,2026-02-06 22:22:03 +00:00
milo baughman drum table,16,21,30,0.1,0,0.699999988079071,transactional,https://wassersfurniture.com/thayer-coggin-drum-side-table-stainless-steel-milo-baughman.html,legacy .html,False,2026-04-18 00:46:11 +00:00
missoni stool,16,22,30,0.1,0,1.7799999713897705,transactional,https://wassersfurniture.com/missoni-home-patch-cylinder-ottoman-pouf-16-x-12-free-pickup-free-shipping.html,legacy .html,False,2026-03-01 20:59:09 +00:00
solis drum,17,20,30,0.1,0,2.240000009536743,transactional,https://wassersfurniture.com/pablo-solis-drum.html,legacy .html,False,2026-04-17 06:14:33 +00:00
sonos amp 1,17,23,30,0.1,0,1.5299999713897705,transactional,https://wassersfurniture.com/sonos-connect-amp.html,legacy .html,False,2026-04-17 06:16:45 +00:00
sonos amp dimensions in inches,16,19,30,0.1,0,,informational,https://wassersfurniture.com/sonos-connect-amp.html,legacy .html,False,2026-03-28 04:29:35 +00:00
tomasella furniture,17,23,30,0.1,0,2.430000066757202,navigational,https://wassersfurniture.com/shop-by-brand/r-z/tomasella.html,legacy .html,False,2026-04-17 00:49:46 +00:00
grass coffee table,24,35,30,0.1,0,0.75,transactional,https://wassersfurniture.com/vintage-grasscloth-ming-coffee-table.html,legacy .html,False,2026-03-08 16:48:22 +00:00
monte glider grano,18,22,30,0.1,0,1.809999942779541,transactional,https://wassersfurniture.com/chair-monte-design-grano-glider-recliner.html,legacy .html,False,2026-04-17 23:23:37 +00:00
phillips collection table,18,23,30,0.1,0,2.700000047683716,navigational,https://wassersfurniture.com/phillips-collection-river-stone-coffee-table-gold-leaf.html,legacy .html,False,2026-04-17 22:56:06 +00:00
globe chairs cheap,21,30,30,0.1,0,0.5799999833106995,transactional,https://wassersfurniture.com/kac-globe-swivel-chair.html,legacy .html,False,2026-04-14 21:50:37 +00:00
pablo pixo,21,24,30,0.1,0,3.990000009536743,informational,https://wassersfurniture.com/pablo-pixo-table-lamp.html,legacy .html,False,2026-04-14 00:13:51 +00:00
6 chairs coastal dining room sets,36,51,30,0.1,0,0.8899999856948853,transactional,https://wassersfurniture.com/coastal-living-ball-claw-dining-chairs-set-of-6.html,legacy .html,False,2026-04-16 18:10:13 +00:00
american made leather sectional,55,77,30,0.1,0,5.309999942779541,transactional,https://wassersfurniture.com/shop-by-brand/a-c/american-leather/sectionals.html?p=4,legacy category,False,2026-03-27 11:27:25 +00:00
artisan designs pool table,25,32,30,0.1,0,1.7899999618530273,transactional,https://wassersfurniture.com/shop-by-brand/a-c/artisan-house.html,legacy .html,False,2026-02-26 12:01:41 +00:00
blue wood bead chandelier,45,56,30,0.1,0,0.6100000143051147,transactional,https://wassersfurniture.com/little-wasser-s-boho-wood-bead-chandelier.html,legacy .html,False,2026-04-15 13:19:32 +00:00
boho modern chandelier,23,32,30,0.1,0,1.8600000143051147,transactional,https://wassersfurniture.com/rad-boho-chic-bohemian-chandelier.html,legacy .html,False,2026-02-26 08:42:35 +00:00
caracole classic nightstand,55,73,30,0.1,0,,transactional,https://wassersfurniture.com/caracole-rise-and-shine-nightstand.html,legacy .html,False,2026-02-23 14:01:00 +00:00
cleopatra bedroom,71,75,30,0.1,0,3.2100000381469727,informational,https://wassersfurniture.com/romina-furniture-cleopatra-convertible-crib.html,legacy .html,False,2026-02-26 04:03:45 +00:00
ikea luna chair,35,40,30,0.1,0,,transactional,https://wassersfurniture.com/luna-low-back-chair.html,legacy .html,False,2026-04-11 12:52:59 +00:00
jordan's furniture nightstands,86,103,30,0.1,0,1.600000023841858,navigational,https://wassersfurniture.com/furniture/bedroom/bedside-table.html,legacy .html,False,2026-02-25 12:39:50 +00:00
leather arm chair sale,51,73,30,0.1,0,1.5699999332427979,transactional,https://wassersfurniture.com/shop-by-brand/a-c/american-leather/chairs.html,legacy .html,False,2026-01-25 10:58:30 +00:00
oggetti furniture,25,33,30,0.1,0,2.2699999809265137,transactional,https://wassersfurniture.com/shop-by-brand/l-p/oggetti.html,legacy .html,False,2026-04-10 23:13:13 +00:00
rybo balans chair,26,30,30,0.1,0,,transactional,https://wassersfurniture.com/varier-variable-balans-ergonomic-task-chair-with-backrest-free-shipping-no-tax.html,legacy .html,False,2026-03-26 20:05:14 +00:00
safavieh luna chair,40,41,30,0.1,0,1.899999976158142,transactional,https://wassersfurniture.com/luna-low-back-chair.html,legacy .html,False,2026-03-27 09:53:58 +00:00
solis drum pablo,23,29,30,0.1,0,3.059999942779541,informational,https://wassersfurniture.com/pablo-solis-drum.html,legacy .html,False,2026-04-13 14:38:39 +00:00
sonos model play 3,51,66,30,0.1,0,0.12999999523162842,transactional,https://wassersfurniture.com/sonos-play-3.html,legacy .html,False,2026-04-13 14:39:39 +00:00
thayer coggin /fabrics,35,40,30,0.1,0,,navigational,https://wassersfurniture.com/shop-by-brand/r-z/thayer-coggin.html,legacy .html,False,2026-04-13 13:11:03 +00:00
thayer coggin fabric,31,36,30,0.1,0,,transactional,https://wassersfurniture.com/shop-by-brand/r-z/thayer-coggin.html,legacy .html,False,2026-04-13 13:11:10 +00:00
thayer coggin fabrics,33,38,30,0.1,0,,navigational,https://wassersfurniture.com/shop-by-brand/r-z/thayer-coggin.html,legacy .html,False,2026-04-13 13:11:01 +00:00
thayer.coggin fabrics,33,38,30,0.1,0,,navigational,https://wassersfurniture.com/shop-by-brand/r-z/thayer-coggin.html,legacy .html,False,2026-04-13 13:11:08 +00:00
wood bead chandelier blue,42,63,30,0.1,0,0.6100000143051147,transactional,https://wassersfurniture.com/little-wasser-s-boho-wood-bead-chandelier.html,legacy .html,False,2026-03-27 14:59:24 +00:00
karges dining chairs,19,24,30,0.1,0,1.5299999713897705,transactional,https://wassersfurniture.com/antique-karges-chairs-set-of-4.html,legacy .html,False,2026-03-02 12:52:26 +00:00
romina cribs reviews,19,25,30,0.1,0,3.630000114440918,informational,https://wassersfurniture.com/romina-furniture-imperio-convertible-crib-open-back.html,legacy .html,False,2026-04-13 17:49:09 +00:00
romina nursery furniture,19,23,30,0.1,0,3.9600000381469727,navigational,https://wassersfurniture.com/romina-furniture-imperio-convertible-crib-solid-back.html,legacy .html,False,2026-03-28 07:45:31 +00:00
steamer trunk nightstand,19,30,30,0.1,0,2.7899999618530273,transactional,https://wassersfurniture.com/steamer-trunk-coffee-table-on-display-quickship.html,legacy .html,False,2026-04-17 03:58:51 +00:00
inspiration sofa american leather,20,24,30,0.1,0,0.23999999463558197,transactional,https://wassersfurniture.com/shop-by-brand/a-c/american-leather/sofas.html?p=2,legacy category,False,2026-02-07 04:25:26 +00:00
newport cottages devon crib,20,22,30,0.1,0,0.6100000143051147,navigational,https://wassersfurniture.com/shop-by-brand/l-p/newport-cottages.html,legacy .html,False,2026-04-17 21:38:01 +00:00
varier balans chair,20,29,30,0.1,0,3.3499999046325684,transactional,https://wassersfurniture.com/varier-variable-balans-ergonomic-task-chair-with-backrest-free-shipping-no-tax.html,legacy .html,False,2026-04-16 22:57:07 +00:00
monte grano glider,21,28,30,0.1,0,1.809999942779541,transactional,https://wassersfurniture.com/chair-monte-design-grano-glider-recliner.html,legacy .html,False,2026-04-17 23:22:44 +00:00
novella dresser,21,26,30,0.1,0,1.75,transactional,https://wassersfurniture.com/nursery-works-novella-6-drawer-double-dresser-nw15026ay.html,legacy .html,False,2026-03-28 14:26:00 +00:00
sonos amp power output,21,29,30,0.1,0,,transactional,https://wassersfurniture.com/sonos-connect-amp.html,legacy .html,False,2026-03-28 04:30:43 +00:00
nursery works compass rocker,22,25,30,0.1,0,0.6899999976158142,navigational,https://wassersfurniture.com/nursery-works-compass-rocker-in-navy-velvet-nw17087.html,legacy .html,False,2026-04-17 21:06:00 +00:00
office in a trunk,22,26,30,0.1,0,1.1100000143051147,commercial,https://wassersfurniture.com/steamer-trunk-coffee-table-on-display-quickship.html,legacy .html,False,2026-04-17 21:01:20 +00:00
steamer trunk nightstands,22,32,30,0.1,0,2.7899999618530273,transactional,https://wassersfurniture.com/steamer-trunk-coffee-table-on-display-quickship.html,legacy .html,False,2026-03-26 22:25:53 +00:00
italian entertainment units,31,44,30,0.1,0,,informational,https://wassersfurniture.com/furniture/livingroom/wallunits-entertainment-systems.html,legacy .html,False,2026-02-07 02:42:37 +00:00
italian restaurant chairs,35,52,30,0.1,0,1.409999966621399,commercial,https://wassersfurniture.com/vintage-italian-dining-chairs-set-of-6.html,legacy .html,False,2026-02-07 02:53:07 +00:00
lane chloe recliner,23,28,30,0.1,0,1.0199999809265137,transactional,https://wassersfurniture.com/american-leather-chloe-comfort-manual-shabbos-recliner-leather.html,legacy .html,False,2026-03-10 15:27:57 +00:00
lane recliner chloe,32,39,30,0.1,0,1.0199999809265137,transactional,https://wassersfurniture.com/american-leather-chloe-comfort-manual-shabbos-recliner-leather.html,legacy .html,False,2026-03-10 15:31:27 +00:00
lazar chairs,25,33,30,0.1,0,0.17000000178813934,transactional,https://wassersfurniture.com/lazar-le-pouf-swivel-chair.html,legacy .html,False,2026-03-02 12:26:40 +00:00
leather recliner with legs,71,96,30,0.1,0,2.009999990463257,transactional,https://wassersfurniture.com/shop-by-brand/a-c/american-leather/comfort-recliner-by-american-leather.html,legacy .html,False,2026-03-02 12:23:03 +00:00
leather strap chair mid century modern,40,51,30,0.1,0,0.8399999737739563,transactional,https://wassersfurniture.com/furniture/mid-century.html,legacy .html,False,2026-04-14 10:11:00 +00:00
leather strap chair mid-century modern,44,55,30,0.1,0,0.8399999737739563,transactional,https://wassersfurniture.com/furniture/mid-century.html,legacy .html,False,2026-04-14 10:11:14 +00:00
lenticular printing new york,30,36,30,0.1,0,4.800000190734863,navigational,https://wassersfurniture.com/marc-rudinsky-framed-3d-lenticular-art-shades-of-nyc.html,legacy .html,False,2026-02-07 00:52:46 +00:00
lenticular printing nyc,29,34,30,0.1,0,4.800000190734863,navigational,https://wassersfurniture.com/marc-rudinsky-framed-3d-lenticular-art-shades-of-nyc.html,legacy .html,False,2026-02-07 00:52:54 +00:00
liam chair,97,125,30,0.1,0,2.6600000858306885,informational,https://wassersfurniture.com/american-leather-accent-chair-liam-chair-ottoman-wood-leg-custom-made-shipped-in-20-30-days.html,legacy .html,False,2026-02-25 10:35:34 +00:00
linie design kent,43,53,30,0.1,2,,navigational,https://wassersfurniture.com/shop-by-brand/l-p/linie-design.html,legacy .html,False,2026-04-14 09:33:59 +00:00
living room etagere,70,92,30,0.1,0,1.6100000143051147,transactional,https://wassersfurniture.com/furniture/livingroom/etagere-s.html,legacy .html,False,2026-03-02 09:09:16 +00:00
luma rose,47,52,30,0.1,0,,informational,https://wassersfurniture.com/nursery-works-luma-crub-acrylic-rose-gold.html,legacy .html,False,2026-02-22 14:01:49 +00:00
lyons comfort sleeper,63,73,30,0.1,0,6.460000038146973,transactional,https://wassersfurniture.com/shop-by-brand/a-c/american-leather/comfort-sleeper-by-american-leather.html,legacy .html,False,2026-02-06 23:35:39 +00:00
macy's american leather sleeper sofa,76,89,30,0.1,0,1.100000023841858,navigational,https://wassersfurniture.com/shop-by-brand/a-c/american-leather/comfort-sleeper-by-american-leather.html,legacy .html,False,2026-02-06 23:32:08 +00:00
monte design como glider,23,28,30,0.1,0,3.009999990463257,transactional,https://wassersfurniture.com/chair-monte-design-como-glider.html,legacy .html,False,2026-04-17 23:22:36 +00:00
monte ottoman,37,43,30,0.1,0,1.4300000667572021,informational,https://wassersfurniture.com/chair-monte-design-luca-nursery-glider.html,legacy .html,False,2026-04-17 23:23:08 +00:00
nash sofa american leather,23,27,30,0.1,0,1.7899999618530273,transactional,https://wassersfurniture.com/american-leather-nash-sectional-in-stock-on-display-20-day-rush-30-day-quickship.html,legacy .html,False,2026-04-14 03:38:56 +00:00
natural stone furniture,92,123,30,0.1,0,,transactional,https://wassersfurniture.com/shop-by-brand/r-z/stone-international.html,legacy .html,False,2026-04-17 22:16:30 +00:00
nuevo sofa,30,38,30,0.1,0,2.2899999618530273,transactional,https://wassersfurniture.com/shop-by-brand/l-p/nuevo-living.html,legacy .html,False,2026-04-17 21:15:40 +00:00
nursery rugs gender neutral,43,59,30,0.1,0,1.4800000190734863,transactional,https://wassersfurniture.com/baby-neutral-room-rug.html,legacy .html,False,2026-04-17 21:07:12 +00:00
odd knutsen,24,30,30,0.1,0,0.14000000059604645,informational,https://wassersfurniture.com/luna-low-back-chair.html,legacy .html,False,2026-04-17 23:43:39 +00:00
pablo brazo lamp,38,50,30,0.1,0,1.4199999570846558,transactional,https://wassersfurniture.com/shop-by-brand/l-p/pablo-designs.html,legacy .html,False,2026-03-28 13:03:08 +00:00
pablo designs floor lamps,41,54,30,0.1,0,2.940000057220459,navigational,https://wassersfurniture.com/pablo-clamp-floor-lamp.html,legacy .html,False,2026-03-01 13:58:29 +00:00
pablo pendant light,52,63,30,0.1,2,2.4800000190734863,informational,https://wassersfurniture.com/shop-by-brand/l-p/pablo-designs.html,legacy .html,False,2026-03-28 13:02:15 +00:00
pietro costantini dining set,35,49,30,0.1,0,0.15000000596046448,transactional,https://wassersfurniture.com/shop-by-brand/a-c/costantini-pietro-furniture.html?p=7,legacy category,False,2026-04-17 19:20:42 +00:00
pixo lamp,23,29,30,0.1,0,0.6899999976158142,transactional,https://wassersfurniture.com/pablo-pixo-table-lamp.html,legacy .html,False,2026-04-17 19:24:57 +00:00
rock candy art,44,60,30,0.1,0,0.019999999552965164,transactional,https://wassersfurniture.com/blown-glass-rock-candy-wall-art.html,legacy .html,False,2026-02-28 06:58:16 +00:00
romina crib review,23,29,30,0.1,0,3.630000114440918,informational,https://wassersfurniture.com/romina-furniture-new-york-crib.html,legacy .html,False,2026-04-13 17:50:29 +00:00
romina crib reviews,31,38,30,0.1,0,3.630000114440918,informational,https://wassersfurniture.com/romina-furniture-new-york-crib.html,legacy .html,False,2026-04-13 17:51:35 +00:00
romina furniture review,31,32,30,0.1,0,3.630000114440918,informational,https://wassersfurniture.com/romina-furniture-new-york-crib.html,legacy .html,False,2026-04-13 17:52:48 +00:00
romina furniture reviews,33,39,30,0.1,0,3.630000114440918,informational,https://wassersfurniture.com/romina-furniture-new-york-crib.html,legacy .html,False,2026-04-13 17:51:45 +00:00
sea chest coffee table,53,60,30,0.1,0,0.33000001311302185,transactional,https://wassersfurniture.com/steamer-trunk-coffee-table-on-display-quickship.html,legacy .html,False,2025-10-18 07:29:05 +00:00
sectional couches for sale houston,56,67,30,0.1,0,11.329999923706055,transactional,https://wassersfurniture.com/kac-houston-sectional-down-cushions-premium-genuine-leather.html,legacy .html,False,2026-03-10 13:32:44 +00:00
simmons sectionals,93,107,30,0.1,0,1.6800000667572021,navigational,https://wassersfurniture.com/shop-by-brand/r-z/simmons.html,legacy .html,False,2026-02-27 23:45:24 +00:00
somers furniture,32,39,30,0.1,2,5.800000190734863,navigational,https://wassersfurniture.com/,homepage,False,2026-04-17 05:19:35 +00:00
sonos amp watts per channel,42,54,30,0.1,0,4.75,informational,https://wassersfurniture.com/sonos-connect-amp.html,legacy .html,False,2026-03-28 04:29:43 +00:00
sonos connect 2nd gen,24,34,30,0.1,0,0.28999999165534973,transactional,https://wassersfurniture.com/sonos-connect-amp.html,legacy .html,False,2026-04-17 06:25:49 +00:00
sonos connect amp s1,39,57,30,0.1,0,0.7400000095367432,transactional,https://wassersfurniture.com/sonos-connect-amp.html,legacy .html,False,2026-04-17 07:10:39 +00:00
sonos model connect amp,28,43,30,0.1,0,0.5400000214576721,transactional,https://wassersfurniture.com/sonos-connect-amp.html,legacy .html,False,2026-04-17 06:32:51 +00:00
sonos play 3 gen 2,45,53,30,0.1,0,,transactional,https://wassersfurniture.com/sonos-play-3.html,legacy .html,False,2026-04-17 05:23:53 +00:00
tempur pedic contour elite breeze king,46,51,30,0.1,0,3.569999933242798,transactional,https://wassersfurniture.com/tempur-cloud-luxe-breeze.html,legacy .html,False,2026-04-13 13:18:23 +00:00
tempur pedic luxe breeze king mattress,35,46,30,0.1,0,6.730000019073486,transactional,https://wassersfurniture.com/tempur-cloud-luxe-breeze.html,legacy .html,False,2026-04-13 13:18:23 +00:00
tempur-contour elite breeze king,40,44,30,0.1,0,3.569999933242798,transactional,https://wassersfurniture.com/tempur-cloud-luxe-breeze.html,legacy .html,False,2026-03-26 09:47:36 +00:00
tessellated stone end table,29,38,30,0.1,0,0.07999999821186066,transactional,https://wassersfurniture.com/parson-end-table-tessellate-stone.html,legacy .html,False,2026-03-28 01:35:22 +00:00
thayer coggin ottoman,51,60,30,0.1,0,7.050000190734863,navigational,https://wassersfurniture.com/shop-by-brand/r-z/thayer-coggin.html,legacy .html,False,2026-04-17 02:05:33 +00:00
thayer coggin sectional sofa,36,44,30,0.1,0,0.20999999344348907,transactional,https://wassersfurniture.com/thayer-coggin-design-classic-825-sectional-sofa-milo-baughman.html,legacy .html,False,2026-04-17 02:05:57 +00:00
thuma trundle bed,45,53,30,0.1,0,3.5799999237060547,informational,https://wassersfurniture.com/monte-design-dorma-trundle-bed.html,legacy .html,False,2026-03-28 00:15:52 +00:00
toscana coffee table,34,46,30,0.1,0,2.700000047683716,transactional,https://wassersfurniture.com/tuscany-coffee-table.html,legacy .html,False,2026-04-17 00:45:09 +00:00
trunk style coffee table with storage,59,77,30,0.1,0,0.3400000035762787,transactional,https://wassersfurniture.com/steamer-trunk-coffee-table-on-display-quickship.html,legacy .html,False,2026-04-16 23:50:56 +00:00
trunk used as coffee table,67,88,30,0.1,0,0.3400000035762787,transactional,https://wassersfurniture.com/steamer-trunk-coffee-table-on-display-quickship.html,legacy .html,False,2026-04-17 00:01:20 +00:00
trunks to use as coffee table,55,75,30,0.1,0,0.3400000035762787,transactional,https://wassersfurniture.com/steamer-trunk-coffee-table-on-display-quickship.html,legacy .html,False,2026-04-17 07:59:49 +00:00
trunks used as coffee tables,59,82,30,0.1,0,0.3400000035762787,transactional,https://wassersfurniture.com/steamer-trunk-coffee-table-on-display-quickship.html,legacy .html,False,2026-04-17 00:01:28 +00:00
trunks used for coffee tables,62,85,30,0.1,0,0.3400000035762787,transactional,https://wassersfurniture.com/steamer-trunk-coffee-table-on-display-quickship.html,legacy .html,False,2026-04-17 08:00:04 +00:00
type of glass for table top,82,104,30,0.1,0,1.690000057220459,informational,https://wassersfurniture.com/furniture/diningroom/glass-tops.html,legacy .html,False,2026-04-16 23:45:47 +00:00
vanguard michael weiss,42,47,30,0.1,0,0.699999988079071,informational,https://wassersfurniture.com/shop-by-brand/r-z/vanguard.html,legacy .html,False,2026-04-16 23:01:55 +00:00
vanguard mirrors,30,37,30,0.1,0,0.009999999776482582,navigational,https://wassersfurniture.com/shop-by-brand/r-z/vanguard.html,legacy .html,False,2026-04-16 23:02:42 +00:00
watercolor accent chair,35,48,30,0.1,0,0.47999998927116394,transactional,https://wassersfurniture.com/furniture/livingroom/chairs.html,legacy .html,False,2026-03-27 19:33:02 +00:00
what is a water crib,71,85,30,0.1,0,,informational,https://wassersfurniture.com/little-wasser-s/cribs.html,legacy .html,False,2026-04-16 21:52:56 +00:00
where to buy usa premium leather furniture,43,60,30,0.1,0,1.8899999856948853,transactional,https://wassersfurniture.com/shop-by-brand/a-c/american-leather.html,legacy .html,False,2026-03-27 16:44:40 +00:00
white dresser with espresso top,32,44,30,0.1,0,0.550000011920929,transactional,https://wassersfurniture.com/ryder-modern-art-deco-cream-white-espresso-nightstand.html,legacy .html,False,2026-04-16 20:38:36 +00:00
white wood beaded chandelier,38,49,30,0.1,0,2.819999933242798,transactional,https://wassersfurniture.com/little-wasser-s-boho-wood-bead-chandelier.html,legacy .html,False,2026-04-16 20:30:55 +00:00
world market wood bead chandelier,28,35,30,0.1,0,1.0099999904632568,transactional,https://wassersfurniture.com/little-wasser-s-boho-wood-bead-chandelier.html,legacy .html,False,2026-03-10 11:38:17 +00:00
vanguard cleo bed,16,20,20,0.1,0,0.7799999713897705,transactional,https://wassersfurniture.com/vanguard-furniture-cleo-upholstered-bed-showroom-sample-sale.html,legacy .html,False,2026-03-27 21:01:01 +00:00
je ekornes,18,22,20,0.1,14,0.9900000095367432,informational,https://wassersfurniture.com/ekornes-stressless-you-james-chair-ottoman-1.html,legacy .html,False,2026-03-10 17:20:59 +00:00
thayer coggin high point nc,19,22,20,0.1,0,,navigational,https://wassersfurniture.com/shop-by-brand/r-z/thayer-coggin.html?p=2,legacy category,False,2026-02-27 17:42:42 +00:00
leather lounge chairs for sale,46,68,20,0.1,0,1.9500000476837158,transactional,https://wassersfurniture.com/shop-by-brand/a-c/american-leather/chairs.html,legacy .html,False,2026-03-02 12:14:27 +00:00
linie design dotto,86,98,20,0.1,0,,informational,https://wassersfurniture.com/shop-by-brand/l-p/linie-design.html,legacy .html,False,2026-02-07 00:40:34 +00:00
monte glider and ottoman,23,28,20,0.1,0,3.309999942779541,navigational,https://wassersfurniture.com/chair-monte-design-luca-nursery-glider.html,legacy .html,False,2026-04-17 23:23:01 +00:00
naos dining table,28,33,20,0.1,0,0.9599999785423279,transactional,https://wassersfurniture.com/naos-coffee-table-hula-motion-quickship.html,legacy .html,False,2026-04-17 22:12:18 +00:00
naos dining tables,24,33,20,0.1,0,0.9599999785423279,transactional,https://wassersfurniture.com/naos-coffee-table-hula-motion-quickship.html,legacy .html,False,2026-03-28 15:37:45 +00:00
parker ii sofa,90,106,20,0.1,0,,transactional,https://wassersfurniture.com/american-leather-parker-leather-sofa-showroom-sample-sale.html,legacy .html,False,2026-03-01 13:17:26 +00:00
rogers chair,32,37,20,0.1,0,,transactional,https://wassersfurniture.com/roger-lounge-chair-thayer-coggin.html,legacy .html,False,2026-04-17 10:16:01 +00:00
sonos speaker model play 1,29,40,20,0.1,0,0.05999999865889549,transactional,https://wassersfurniture.com/sonos-play-1.html,legacy .html,False,2026-03-28 04:28:02 +00:00
sonos speaker model play:1,31,41,20,0.1,0,0.05999999865889549,transactional,https://wassersfurniture.com/sonos-play-1.html,legacy .html,False,2026-03-28 04:28:44 +00:00
sonos speakers model play 1,31,39,20,0.1,0,0.05999999865889549,transactional,https://wassersfurniture.com/sonos-play-1.html,legacy .html,False,2026-04-17 06:26:43 +00:00
sonos speakers model play:1,30,38,20,0.1,0,0.05999999865889549,transactional,https://wassersfurniture.com/sonos-play-1.html,legacy .html,False,2026-04-17 06:28:05 +00:00
thayer coggin lounge chair,43,53,20,0.1,0,1.090000033378601,transactional,https://wassersfurniture.com/thayer-coggin-cruisin-lounge-chair-milo-baughman.html,legacy .html,False,2026-03-28 01:22:41 +00:00
usa furniture and leather,67,86,20,0.1,0,9.239999771118164,navigational,https://wassersfurniture.com/shop-by-brand/a-c/american-leather.html,legacy .html,False,2026-03-27 21:27:48 +00:00
usa premium leather sectional,58,78,20,0.1,0,1.9800000190734863,transactional,https://wassersfurniture.com/shop-by-brand/a-c/american-leather/sectionals.html?p=4,legacy category,False,2026-03-08 06:28:50 +00:00
vanguard end tables,33,49,20,0.1,0,4.630000114440918,transactional,https://wassersfurniture.com/vanguard-w334e-nb-graham-end-table.html,legacy .html,False,2026-02-27 01:47:49 +00:00
woven coffee table trunk,53,67,20,0.1,0,1.1800000667572021,transactional,https://wassersfurniture.com/steamer-trunk-coffee-table-on-display-quickship.html,legacy .html,False,2026-03-27 14:55:41 +00:00
lisben sofa,24,27,10,0.1,0,,transactional,https://wassersfurniture.com/american-leather-lisben-sofa-sectional.html,legacy .html,False,2026-03-08 12:32:14 +00:00
roomsense leather chair,80,90,10,0.1,0,,transactional,https://wassersfurniture.com/shop-by-brand/a-c/american-leather/chairs.html,legacy .html,False,2026-02-24 19:30:45 +00:00
sonos amp versions,38,45,30,0.0,0,,informational,https://wassersfurniture.com/sonos-connect-amp.html,legacy .html,False,2026-04-17 06:31:46 +00:00
leather lounge chair for sale,54,80,20,0.0,0,1.9500000476837158,transactional,https://wassersfurniture.com/shop-by-brand/a-c/american-leather/chairs.html,legacy .html,False,2026-03-02 12:12:30 +00:00
shabbat dinner table setting,33,47,20,0.0,0,0.6200000047683716,informational,https://wassersfurniture.com/furniture/diningroom/shabbos-tables.html,legacy .html,False,2026-04-17 12:27:08 +00:00
