keyword,search_volume,cpc,keyword_difficulty,sc_product_line
weighted blanket,135000,2.22,20,Crystal Weighted Blanket
blanket for cooling,74000,1.92,9,Cloud Cool / Cooling
cooling blanket,74000,1.92,9,Cloud Cool / Cooling
sheets linen,60500,4.25,,European Flax Linacel (Linen)
linen linen sheets,60500,4.25,,European Flax Linacel (Linen)
linen for sheets,60500,4.25,,European Flax Linacel (Linen)
linen sheets,60500,4.25,,European Flax Linacel (Linen)
linen for bed sheets,60500,4.25,,European Flax Linacel (Linen)
sheets and linen,60500,4.25,,European Flax Linacel (Linen)
bamboo sheets bedding,49500,6.09,,Premium Lumière (Bamboo)
bamboo bedding sheets,49500,6.09,,Premium Lumière (Bamboo)
bamboo fibre sheets,49500,6.09,20,Premium Lumière (Bamboo)
bed sheets bamboo,49500,6.09,,Premium Lumière (Bamboo)
bamboo sheets bed,49500,6.09,,Premium Lumière (Bamboo)
bamboo sheets,49500,6.09,2,Premium Lumière (Bamboo)
bamboo bedding set,49500,6.09,,Premium Lumière (Bamboo)
bamboo bedding sets,49500,6.09,,Premium Lumière (Bamboo)
bamboo sheet bedding,49500,6.09,,Premium Lumière (Bamboo)
bedding sets bamboo,49500,6.09,,Premium Lumière (Bamboo)
anxiety blanket weighted,40500,2.29,21,Crystal Weighted Blanket
weighted anxiety blanket,40500,2.29,21,Crystal Weighted Blanket
anxiety weighted blanket,40500,2.29,21,Crystal Weighted Blanket
weighted blanket anxiety,40500,2.29,21,Crystal Weighted Blanket
weighted blanket for anxiety,40500,2.29,21,Crystal Weighted Blanket
anxiety and weighted blanket,40500,2.29,32,Crystal Weighted Blanket
weighted blanket and anxiety,40500,2.29,33,Crystal Weighted Blanket
cotton percale sheets,33100,3.5,,Percale
sheets cotton percale,33100,3.5,,Percale
fitted sheets percale,33100,4.28,,Percale
cotton percale bed sheets,33100,3.5,,Percale
percale cotton sheets,33100,3.5,,Percale
percale sheets,33100,4.28,,Percale
bed sheets percale,33100,4.28,,Percale
percale sheets cotton,33100,3.5,,Percale
cotton percale fitted sheets,33100,3.5,2,Percale
cotton sheets percale,33100,3.5,,Percale
cotton and percale sheets,33100,3.5,,Percale
percale cotton bed sheets,33100,3.5,2,Percale
sheets percale,33100,4.28,,Percale
percale bed sheets,33100,4.28,,Percale
bed sheets cotton percale,33100,3.5,,Percale
bed sheets percale cotton,33100,3.5,2,Percale
sheets for cooling,33100,4.16,5,Cloud Cool / Cooling
cooling fitted sheets,33100,4.16,,Cloud Cool / Cooling
cooling sheets,33100,4.16,5,Cloud Cool / Cooling
cooling bedding sheets,33100,4.16,,Cloud Cool / Cooling
cooling bed sheets,33100,4.16,,Cloud Cool / Cooling
sheets cooling,33100,4.16,5,Cloud Cool / Cooling
lyocell,27100,1.65,11,Silky Lyocell (TENCEL™)
fur faux throw,27100,2.45,,Snug (Chunky Knit / Faux Fur)
faux mink fur throw,27100,2.45,,Snug (Chunky Knit / Faux Fur)
throw with faux fur,27100,2.45,,Snug (Chunky Knit / Faux Fur)
throw faux fur,27100,2.45,,Snug (Chunky Knit / Faux Fur)
faux fur throw,27100,2.45,,Snug (Chunky Knit / Faux Fur)
faux throw fur,27100,2.45,,Snug (Chunky Knit / Faux Fur)
fur throw faux,27100,2.45,,Snug (Chunky Knit / Faux Fur)
faux fur pelt throw,27100,2.45,,Snug (Chunky Knit / Faux Fur)
sheets organic cotton,22200,4.36,,Organic Cotton
cotton organic bed sheets,22200,4.36,,Organic Cotton
cotton sheets organic,22200,4.36,,Organic Cotton
cotton organic sheets,22200,4.36,,Organic Cotton
bed sheets organic cotton,22200,4.36,,Organic Cotton
organic sheets cotton,22200,4.36,,Organic Cotton
organic cotton sheets bedding,22200,4.36,,Organic Cotton
organic cotton bed sheets,22200,4.36,,Organic Cotton
organic cotton bedding sheets,22200,4.36,,Organic Cotton
organic cotton sheets,22200,4.36,,Organic Cotton
organic cotton bedding set,22200,4.36,,Organic Cotton
organic cotton bedding sets,22200,4.36,,Organic Cotton
tencel,18100,2.1,26,Silky Lyocell (TENCEL™)
cozy earth bamboo sheets,18100,3.9,,Premium Lumière (Bamboo)
fur faux throw blanket,18100,2.04,4,Snug (Chunky Knit / Faux Fur)
how.to wash a weighted blanket,18100,0.14,,Crystal Weighted Blanket
how to clean weighted blanket,18100,0.14,,Crystal Weighted Blanket
how.to clean a weighted blanket,18100,0.14,,Crystal Weighted Blanket
how do you wash a weighted blanket,18100,0.14,12,Crystal Weighted Blanket
how to clean a weighted blanket,18100,0.14,,Crystal Weighted Blanket
how to.clean weighted blanket,18100,0.14,,Crystal Weighted Blanket
how do you clean a weighted blanket,18100,0.14,12,Crystal Weighted Blanket
how to wash a weighted blanket,18100,0.14,,Crystal Weighted Blanket
how do i wash a weighted blanket,18100,0.14,,Crystal Weighted Blanket
cotton organic bedding,18100,3.87,,Organic Cotton
organic cotton bedding,18100,3.87,,Organic Cotton
bedding organic cotton,18100,3.87,,Organic Cotton
linen bedding sheets,14800,3.9,,European Flax Linacel (Linen)
linen sheets bedding,14800,3.9,,European Flax Linacel (Linen)
bed linen bed sheets,14800,3.9,,European Flax Linacel (Linen)
bed sheets bed linen,14800,3.9,,European Flax Linacel (Linen)
linen bed sheets,14800,3.9,,European Flax Linacel (Linen)
bed linen sheets,14800,3.9,,European Flax Linacel (Linen)
sheets bed linen,14800,3.9,,European Flax Linacel (Linen)
linen sheets for bed,14800,3.9,,European Flax Linacel (Linen)
linen sheets bed,14800,3.9,,European Flax Linacel (Linen)
duvet cover in linen,14800,4.48,,European Flax Linacel (Linen)
duvet linen cover,14800,4.48,,European Flax Linacel (Linen)
linen duvet cover,14800,4.48,,European Flax Linacel (Linen)
duvet cover linen,14800,4.48,11,European Flax Linacel (Linen)
blanket muslin,14800,2.26,,Muslin
muslin blanket,14800,2.26,,Muslin
comforter with cooling,14800,3.44,,Cloud Cool / Cooling
comforter cooling,14800,3.44,,Cloud Cool / Cooling
cooling comforter,14800,3.44,,Cloud Cool / Cooling
knit chunky blanket,14800,0.76,4,Snug (Chunky Knit / Faux Fur)
knit blanket chunky,14800,0.76,4,Snug (Chunky Knit / Faux Fur)
knit a chunky blanket,14800,0.76,4,Snug (Chunky Knit / Faux Fur)
chunky knit blanket,14800,0.76,4,Snug (Chunky Knit / Faux Fur)
chunky blanket knit,14800,0.76,4,Snug (Chunky Knit / Faux Fur)
quick knit chunky blanket,14800,0.76,12,Snug (Chunky Knit / Faux Fur)
turkish towels,14800,2,,Bath / Towels
towels in turkish,14800,2,,Bath / Towels
towels turkish,14800,2,,Bath / Towels
bamboo bedding,12100,6.33,,Premium Lumière (Bamboo)
bedding bamboo,12100,6.33,,Premium Lumière (Bamboo)
muslin swaddle blanket,12100,0.76,,Muslin
swaddling muslin blanket,12100,0.76,13,Muslin
swaddle muslin blanket,12100,0.76,9,Muslin
muslin blanket for swaddling,12100,0.76,,Muslin
swaddling with a muslin blanket,12100,0.76,8,Muslin
muslin blanket swaddle,12100,0.76,3,Muslin
swaddle blanket muslin,12100,0.76,,Muslin
swaddle with muslin blanket,12100,0.76,,Muslin
swaddling with muslin blanket,12100,0.76,9,Muslin
best sheets cooling,12100,4.97,,Cloud Cool / Cooling
best bed sheets for cooling,12100,4.97,,Cloud Cool / Cooling
best sheets for cooling,12100,4.97,2,Cloud Cool / Cooling
best cooling bed sheets,12100,4.97,,Cloud Cool / Cooling
best bed sheets cooling,12100,4.97,,Cloud Cool / Cooling
best cooling sheets,12100,4.97,2,Cloud Cool / Cooling
rest evercool cooling comforter,12100,2.79,8,Cloud Cool / Cooling
faux fur throw blankets,12100,1.87,3,Snug (Chunky Knit / Faux Fur)
throw faux fur blankets,12100,1.87,,Snug (Chunky Knit / Faux Fur)
faux fur throw blanket,12100,1.87,,Snug (Chunky Knit / Faux Fur)
throw blanket faux fur,12100,1.87,3,Snug (Chunky Knit / Faux Fur)
faux fur blanket throw,12100,1.87,5,Snug (Chunky Knit / Faux Fur)
throw faux fur blanket,12100,1.87,,Snug (Chunky Knit / Faux Fur)
throw blankets faux fur,12100,1.87,,Snug (Chunky Knit / Faux Fur)
frette linen sheets,9900,3.08,,European Flax Linacel (Linen)
breathable cooling blanket,9900,1.37,10,Cloud Cool / Cooling
weighted blanket for an adult,9900,2.66,6,Crystal Weighted Blanket
benefits of a weighted blanket,9900,1.1,38,Crystal Weighted Blanket
weighted blanket for adult,9900,2.66,6,Crystal Weighted Blanket
adult weighted blanket,9900,2.66,22,Crystal Weighted Blanket
weighted blanket adult,9900,2.66,6,Crystal Weighted Blanket
best weighted blanket,9900,3.97,1,Crystal Weighted Blanket
benefits o f weighted blanket,9900,1.1,25,Crystal Weighted Blanket
weighted adult blanket,9900,2.66,6,Crystal Weighted Blanket
weighted blanket best,9900,3.97,1,Crystal Weighted Blanket
weighted blanket for adults,9900,2.66,6,Crystal Weighted Blanket
benefits of weighted blanket,9900,1.1,38,Crystal Weighted Blanket
benefit of weighted blanket,9900,1.1,38,Crystal Weighted Blanket
weighted blanket benefits,9900,1.1,38,Crystal Weighted Blanket
weighted blanket adults,9900,2.66,25,Crystal Weighted Blanket
adults weighted blanket,9900,2.66,22,Crystal Weighted Blanket
towels turkish cotton,9900,2.71,,Bath / Towels
cotton turkish towels,9900,2.71,,Bath / Towels
turkish towels cotton,9900,2.71,,Bath / Towels
turkish cotton towels,9900,2.71,,Bath / Towels
tencel lyocell sheets,8100,3.67,,Silky Lyocell (TENCEL™)
tencel lyocell sheet,8100,3.67,,Silky Lyocell (TENCEL™)
tencel lyocell bed sheets,8100,3.67,,Silky Lyocell (TENCEL™)
lyocell tencel sheets,8100,3.67,,Silky Lyocell (TENCEL™)
lyocell sheet,8100,3.67,,Silky Lyocell (TENCEL™)
lyocell sheets,8100,3.67,,Silky Lyocell (TENCEL™)
bed sheets tencel,8100,3.67,,Silky Lyocell (TENCEL™)
tencel sheets,8100,3.67,,Silky Lyocell (TENCEL™)
tencel bed sheet,8100,3.67,,Silky Lyocell (TENCEL™)
tencel bedding set,8100,3.67,,Silky Lyocell (TENCEL™)
tencel bed sheets,8100,3.67,,Silky Lyocell (TENCEL™)
sheets with tencel,8100,3.67,,Silky Lyocell (TENCEL™)
tencel bedding sets,8100,3.67,,Silky Lyocell (TENCEL™)
tencel sheet,8100,3.67,,Silky Lyocell (TENCEL™)
100 linen sheets,8100,3.13,,European Flax Linacel (Linen)
linen sheets 100,8100,3.13,,European Flax Linacel (Linen)
100 linen bed sheets,8100,3.13,,European Flax Linacel (Linen)
weighted blanket for kids,8100,1.59,,Crystal Weighted Blanket
deep pressure stimulation weighted blanket,8100,1.16,2,Crystal Weighted Blanket
turkish cotton bath towels,8100,2.57,,Bath / Towels
bath towels turkish cotton,8100,2.57,,Bath / Towels
cotton turkish bath towels,8100,2.57,,Bath / Towels
bamboo sheets viscose,6600,4.08,,Premium Lumière (Bamboo)
best bamboo sheets,6600,8.86,3,Premium Lumière (Bamboo)
bamboo sheets best,6600,8.86,7,Premium Lumière (Bamboo)
viscose from bamboo sheets,6600,4.08,,Premium Lumière (Bamboo)
bamboo fibre bed sheets,6600,5.72,,Premium Lumière (Bamboo)
best bamboo bed sheets,6600,8.86,1,Premium Lumière (Bamboo)
best bed sheets bamboo,6600,8.86,2,Premium Lumière (Bamboo)
bamboo viscose bed sheets,6600,4.08,,Premium Lumière (Bamboo)
viscose bamboo sheets,6600,4.08,,Premium Lumière (Bamboo)
bamboo bed sheets,6600,5.72,,Premium Lumière (Bamboo)
best sheets bamboo,6600,8.86,3,Premium Lumière (Bamboo)
viscose bamboo bed sheets,6600,4.08,,Premium Lumière (Bamboo)
bamboo mattress sheets,6600,5.72,,Premium Lumière (Bamboo)
bamboo viscose sheets,6600,4.08,,Premium Lumière (Bamboo)
bamboo sheets for bed,6600,5.72,,Premium Lumière (Bamboo)
top rated linen sheets,6600,7.02,39,European Flax Linacel (Linen)
brooklinen linen sheets,6600,3.6,,European Flax Linacel (Linen)
best linen sheets,6600,7.02,,European Flax Linacel (Linen)
linen sheets best,6600,7.02,,European Flax Linacel (Linen)
quince linen sheets,6600,0.67,,European Flax Linacel (Linen)
good linen sheets,6600,7.02,,European Flax Linacel (Linen)
best sheets linen,6600,7.02,,European Flax Linacel (Linen)
finest linen sheets,6600,7.02,,European Flax Linacel (Linen)
sheets sateen,6600,5.2,,Luce Cotton Sateen
saatva organic sateen sheets,6600,5.78,,Luce Cotton Sateen
bed sheets sateen,6600,5.2,,Luce Cotton Sateen
sateen sheets,6600,5.2,,Luce Cotton Sateen
sheets sateen sheets,6600,5.2,,Luce Cotton Sateen
bed cooling blanket,6600,2.38,,Cloud Cool / Cooling
cooling bed blanket,6600,2.38,2,Cloud Cool / Cooling
bamboo cooling blanket,6600,2.55,,Cloud Cool / Cooling
cooling blanket for bed,6600,2.38,2,Cloud Cool / Cooling
weighted blanket cooling,6600,2.57,,Cloud Cool / Cooling
cooling weighted blanket,6600,2.57,,Cloud Cool / Cooling
cooling blanket bed,6600,2.38,2,Cloud Cool / Cooling
sleep weighted blanket,6600,2.22,1,Crystal Weighted Blanket
weighted sleep blanket,6600,2.22,9,Crystal Weighted Blanket
weighted blanket for sleep,6600,2.22,36,Crystal Weighted Blanket
weighted blanket and sleep,6600,2.22,38,Crystal Weighted Blanket
weighted blanket for sleeping,6600,2.22,25,Crystal Weighted Blanket
weighted blanket sleeping,6600,2.22,1,Crystal Weighted Blanket
sleeping with weighted blanket,6600,2.22,37,Crystal Weighted Blanket
sleeping with a weighted blanket,6600,2.22,15,Crystal Weighted Blanket
weighted blanket to sleep,6600,2.22,1,Crystal Weighted Blanket
sleep with a weighted blanket,6600,2.22,1,Crystal Weighted Blanket
coolest weighted blanket,6600,2.57,2,Crystal Weighted Blanket
bearaby weighted blanket,6600,1.86,,Crystal Weighted Blanket
weighted blanket sleep,6600,2.22,1,Crystal Weighted Blanket
cool weighted blanket,6600,2.57,,Crystal Weighted Blanket
weighted sleeping blanket,6600,2.22,1,Crystal Weighted Blanket
sleep with weighted blanket,6600,2.22,1,Crystal Weighted Blanket
cooled weighted blanket,6600,2.57,,Crystal Weighted Blanket
bamboo king sheets,5400,6.75,,Premium Lumière (Bamboo)
queen bamboo bed sheets,5400,4.47,,Premium Lumière (Bamboo)
queen bamboo sheets,5400,4.47,2,Premium Lumière (Bamboo)
queen sheets bamboo,5400,4.47,2,Premium Lumière (Bamboo)
bamboo bed sheets queen,5400,4.47,,Premium Lumière (Bamboo)
bamboo sheets king,5400,6.75,,Premium Lumière (Bamboo)
king bamboo bed sheets,5400,6.75,,Premium Lumière (Bamboo)
queen bed sheets bamboo,5400,4.47,,Premium Lumière (Bamboo)
king bamboo sheets,5400,6.75,,Premium Lumière (Bamboo)
bamboo sheets queen,5400,4.47,2,Premium Lumière (Bamboo)
bamboo bed sheets king,5400,6.75,,Premium Lumière (Bamboo)
king bed sheets bamboo,5400,6.75,,Premium Lumière (Bamboo)
king sheets bamboo,5400,6.75,,Premium Lumière (Bamboo)
bamboo queen sheets,5400,4.47,,Premium Lumière (Bamboo)
modal material pajamas,5400,1.51,,Naked Modal
modal pajamas,5400,1.51,,Naked Modal
modal fabric pajamas,5400,1.51,,Naked Modal
pajamas modal,5400,1.51,,Naked Modal
queen sheets linen,5400,3.32,,European Flax Linacel (Linen)
queen bed sheets linen,5400,3.32,,European Flax Linacel (Linen)
durable linen sheets,5400,5.71,,European Flax Linacel (Linen)
linen queen sheets,5400,3.32,,European Flax Linacel (Linen)
queen linen sheets,5400,3.32,,European Flax Linacel (Linen)
linen sheets queen,5400,3.32,,European Flax Linacel (Linen)
sferra linen sheets,5400,6.92,,European Flax Linacel (Linen)
waffle towel,5400,2.67,,Waffle
towel waffle,5400,2.67,,Waffle
waffle robe,5400,2.23,,Waffle
bath robe waffle,5400,2.23,,Waffle
robe waffle,5400,2.23,,Waffle
cotton and sateen sheets,5400,3.63,,Luce Cotton Sateen
cotton sateen bed sheets,5400,3.63,,Luce Cotton Sateen
bed sheets cotton sateen,5400,3.63,,Luce Cotton Sateen
sateen weave cotton sheets,5400,3.63,,Luce Cotton Sateen
sateen cotton sheets,5400,3.63,,Luce Cotton Sateen
cotton sateen sheets,5400,3.63,,Luce Cotton Sateen
llbean percale sheets,5400,2.12,3,Percale
llbean sheets percale,5400,2.12,5,Percale
100 cotton percale bed sheets,5400,3.03,,Percale
ll bean percale sheets,5400,2.12,1,Percale
ll bean sheets percale,5400,2.12,4,Percale
100 percale cotton sheets,5400,3.03,,Percale
100 cotton sheets percale,5400,3.03,,Percale
l l bean percale sheets,5400,2.12,4,Percale
100 cotton percale sheets,5400,3.03,,Percale
percale 100 cotton sheets,5400,3.03,,Percale
percale sheets ll bean,5400,2.12,3,Percale
percale sheets 100 cotton,5400,3.03,,Percale
elegear revolutionary cooling blanket,5400,2.12,,Cloud Cool / Cooling
cotton cooling blanket,5400,1.87,11,Cloud Cool / Cooling
best cooling blanket,5400,2.4,4,Cloud Cool / Cooling
cooling blanket for hot sleepers,5400,2.6,9,Cloud Cool / Cooling
weighted blanket target,5400,0.33,,Crystal Weighted Blanket
heated weighted blanket,5400,0.74,,Crystal Weighted Blanket
can you wash a weighted blanket,5400,0.08,,Crystal Weighted Blanket
can.you wash a weighted blanket,5400,0.08,,Crystal Weighted Blanket
target weighted blanket,5400,0.33,,Crystal Weighted Blanket
weighted blanket at target,5400,0.33,,Crystal Weighted Blanket
organic cotton crib sheets,5400,1.49,,Organic Cotton
crib sheets organic cotton,5400,1.49,,Organic Cotton
organic cotton crib mattress sheets,5400,1.49,,Organic Cotton
beach turkish towels,5400,1.46,,Bath / Towels
turkish beach towels,5400,1.46,,Bath / Towels
turkish towels for beach,5400,1.46,,Bath / Towels
turkish towels beach,5400,1.46,,Bath / Towels
beach towels turkish,5400,1.46,,Bath / Towels
bamboo cariloha sheets,4400,1.66,,Premium Lumière (Bamboo)
bamboo sheets cariloha,4400,1.66,,Premium Lumière (Bamboo)
bamboo cool sheets,4400,4.15,,Premium Lumière (Bamboo)
cool bamboo sheets,4400,4.15,,Premium Lumière (Bamboo)
bamboo bed sheets cariloha,4400,1.66,,Premium Lumière (Bamboo)
cooling bamboo sheets,4400,4.15,3,Premium Lumière (Bamboo)
bamboo sheets cooler,4400,4.15,,Premium Lumière (Bamboo)
bamboo sheets cooling,4400,4.15,,Premium Lumière (Bamboo)
bamboo sheets cool,4400,4.15,,Premium Lumière (Bamboo)
100 bamboo viscose sheets,4400,3.44,,Premium Lumière (Bamboo)
quince bamboo sheets,4400,0.93,,Premium Lumière (Bamboo)
100 viscose bamboo sheets,4400,3.44,,Premium Lumière (Bamboo)
bamboo cooling sheets,4400,4.15,,Premium Lumière (Bamboo)
bamboo sheets by cariloha,4400,1.66,,Premium Lumière (Bamboo)
cariloha bamboo sheets,4400,1.66,,Premium Lumière (Bamboo)
100 viscose from bamboo sheets,4400,3.44,,Premium Lumière (Bamboo)
cariloha sheets bamboo,4400,1.66,,Premium Lumière (Bamboo)
modal pajamas set,4400,1.19,,Naked Modal
modal pajamas sets,4400,1.19,,Naked Modal
waffle blanket,4400,1.76,,Waffle
top rated percale sheets,4400,6.12,,Percale
best percale fitted sheets,4400,6.12,3,Percale
percale sheets best,4400,6.12,,Percale
best sheets percale,4400,6.12,,Percale
best percale sheets,4400,6.12,,Percale
best percale bed sheets,4400,6.12,12,Percale
chunky hand knit blanket,4400,0.41,,Snug (Chunky Knit / Faux Fur)
chunky knit blanket by hand,4400,0.41,7,Snug (Chunky Knit / Faux Fur)
hand knit blanket chunky,4400,0.41,7,Snug (Chunky Knit / Faux Fur)
chunky blanket hand knit,4400,0.41,7,Snug (Chunky Knit / Faux Fur)
hand knit chunky blanket,4400,0.41,7,Snug (Chunky Knit / Faux Fur)
weighted blanket for autism,4400,1.36,,Crystal Weighted Blanket
weighted blanket autism,4400,1.36,,Crystal Weighted Blanket
ynm weighted blanket,4400,2.06,,Crystal Weighted Blanket
weighted blanket by ynm,4400,2.06,,Crystal Weighted Blanket
y n m weighted blanket,4400,2.06,10,Crystal Weighted Blanket
weighted blanket for autistic,4400,1.36,,Crystal Weighted Blanket
autism and weighted blanket,4400,1.36,,Crystal Weighted Blanket
weighted heated blanket,4400,0.81,,Crystal Weighted Blanket
weighted blanket autistic,4400,1.36,,Crystal Weighted Blanket
weighted blanket for asd,4400,1.36,,Crystal Weighted Blanket
autism weighted blanket,4400,1.36,,Crystal Weighted Blanket
weighted blanket and autism,4400,1.36,,Crystal Weighted Blanket
weighted autism blanket,4400,1.36,,Crystal Weighted Blanket
asd weighted blanket,4400,1.36,,Crystal Weighted Blanket
how to wash weighted blanket,4400,0.13,,Crystal Weighted Blanket
weighted blanket ynm,4400,2.06,,Crystal Weighted Blanket
weighted heating blanket,4400,0.81,,Crystal Weighted Blanket
autistic weighted blanket,4400,1.36,,Crystal Weighted Blanket
bamboo sheets sets,3600,6.72,,Premium Lumière (Bamboo)
bamboo sheets set,3600,6.72,,Premium Lumière (Bamboo)
bamboo bed sheets set,3600,6.72,,Premium Lumière (Bamboo)
bamboo viscose bedding,3600,6.69,,Premium Lumière (Bamboo)
sheets linen vs cotton,3600,3.49,,European Flax Linacel (Linen)
linen vs cotton sheets,3600,3.49,,European Flax Linacel (Linen)
bed sheets linen vs cotton,3600,3.49,,European Flax Linacel (Linen)
linen fitted sheets king,3600,4.87,,European Flax Linacel (Linen)
cotton sheets vs linen sheets,3600,3.49,,European Flax Linacel (Linen)
cotton versus linen sheets,3600,3.49,5,European Flax Linacel (Linen)
linen sheets vs cotton,3600,3.49,,European Flax Linacel (Linen)
cotton vs linen sheets,3600,3.49,,European Flax Linacel (Linen)
linen or cotton sheets,3600,3.49,,European Flax Linacel (Linen)
linen sheets king,3600,4.87,,European Flax Linacel (Linen)
cotton or linen sheets,3600,3.49,,European Flax Linacel (Linen)
linen vs cotton bed sheets,3600,3.49,,European Flax Linacel (Linen)
linen sheets vs cotton sheets,3600,3.49,,European Flax Linacel (Linen)
cotton v linen sheets,3600,3.49,3,European Flax Linacel (Linen)
linen bed sheets vs cotton,3600,3.49,,European Flax Linacel (Linen)
cooling sheets queen,3600,3.25,,Cloud Cool / Cooling
queen bed sheets cooling,3600,3.25,,Cloud Cool / Cooling
queen cooling sheets,3600,3.25,,Cloud Cool / Cooling
cooling queen sheets,3600,3.25,,Cloud Cool / Cooling
bed sheets queen cooling,3600,3.25,4,Cloud Cool / Cooling
rest cooling comforter,3600,1.85,6,Cloud Cool / Cooling
cooling dog blanket,3600,1.56,,Cloud Cool / Cooling
dogs cooling blanket,3600,1.56,,Cloud Cool / Cooling
cooling blanket for dog,3600,1.56,,Cloud Cool / Cooling
cooling blanket dogs,3600,1.56,,Cloud Cool / Cooling
how does a cooling blanket work,3600,0.91,,Cloud Cool / Cooling
elegear cooling blanket,3600,1.36,,Cloud Cool / Cooling
how does cooling blanket work,3600,0.91,,Cloud Cool / Cooling
le gear cooling blanket,3600,1.36,,Cloud Cool / Cooling
dog cooling blanket,3600,1.56,,Cloud Cool / Cooling
cooling blanket dog,3600,1.56,,Cloud Cool / Cooling
cooling blanket for dogs,3600,1.56,,Cloud Cool / Cooling
chunky knit blanket pattern,3600,0.38,,Snug (Chunky Knit / Faux Fur)
quick knit chunky blanket pattern,3600,0.38,14,Snug (Chunky Knit / Faux Fur)
pattern chunky knit blanket,3600,0.38,,Snug (Chunky Knit / Faux Fur)
chunky blanket knit pattern,3600,0.38,,Snug (Chunky Knit / Faux Fur)
chunky knit blanket patterns,3600,0.38,,Snug (Chunky Knit / Faux Fur)
chunky blanket pattern knit,3600,0.38,,Snug (Chunky Knit / Faux Fur)
knit chunky blanket pattern,3600,0.38,,Snug (Chunky Knit / Faux Fur)
pattern for chunky knit blanket,3600,0.38,,Snug (Chunky Knit / Faux Fur)
weighted blanket with glass beads,3600,1.95,9,Crystal Weighted Blanket
luna luxe weighted blanket,3600,4.14,,Crystal Weighted Blanket
15lbs weighted blanket,3600,1.36,5,Crystal Weighted Blanket
cotton weighted blanket,3600,3.09,11,Crystal Weighted Blanket
weighted blanket amazon,3600,0.93,4,Crystal Weighted Blanket
15 lbs weighted blanket,3600,1.36,2,Crystal Weighted Blanket
weighted blanket 15 pound,3600,1.36,3,Crystal Weighted Blanket
glass beads in weighted blanket,3600,1.95,3,Crystal Weighted Blanket
weighted blanket on amazon,3600,0.93,6,Crystal Weighted Blanket
15-pound weighted blanket,3600,1.36,,Crystal Weighted Blanket
amazon weighted blanket,3600,0.93,7,Crystal Weighted Blanket
weighted blanket 15 pounds,3600,1.36,,Crystal Weighted Blanket
glass bead weighted blanket,3600,1.95,,Crystal Weighted Blanket
15lb weighted blanket,3600,1.36,1,Crystal Weighted Blanket
weighted blanket 15lb,3600,1.36,1,Crystal Weighted Blanket
glass beads for weighted blanket,3600,1.95,,Crystal Weighted Blanket
weighted blanket 15lbs,3600,1.36,3,Crystal Weighted Blanket
glass beads weighted blanket,3600,1.95,3,Crystal Weighted Blanket
weighted blanket 15 lb,3600,1.36,1,Crystal Weighted Blanket
15 pound weighted blanket,3600,1.36,,Crystal Weighted Blanket
weighted blanket 15 lbs,3600,1.36,2,Crystal Weighted Blanket
weighted blanket for relaxation,3600,0,21,Crystal Weighted Blanket
15 lb weighted blanket,3600,1.36,2,Crystal Weighted Blanket
kids weighted blanket,3600,1.82,,Crystal Weighted Blanket
weighted blanket nearby,3600,0.43,8,Crystal Weighted Blanket
turkish towels bath,3600,2.48,,Bath / Towels
turkish bath towels,3600,2.48,,Bath / Towels
turkish bathroom towels,3600,2.48,,Bath / Towels
turkish towels bathroom,3600,2.48,,Bath / Towels
turkish sauna towels,3600,2.48,,Bath / Towels
bath towels turkish,3600,2.48,,Bath / Towels
bathroom turkish towels,3600,2.48,,Bath / Towels
turkish hammam bath towels,3600,2.48,1,Bath / Towels
turkish hammam towels,3600,2.48,,Bath / Towels
bamboo towels paper,3600,3.94,,Bath / Towels
paper towels bamboo,3600,3.94,,Bath / Towels
bamboo paper towels,3600,3.94,,Bath / Towels
towels organic cotton,3600,2.99,,Bath / Towels
organic cotton towels,3600,2.99,,Bath / Towels
cotton towels organic,3600,2.99,,Bath / Towels
oeko tex certified bamboo sheets,2900,8.59,,Premium Lumière (Bamboo)
cotton sheets vs bamboo sheets,2900,3.13,,Premium Lumière (Bamboo)
cotton vs bamboo sheets,2900,3.13,,Premium Lumière (Bamboo)
bamboo sheets versus cotton,2900,3.13,,Premium Lumière (Bamboo)
bamboo vs cotton bed sheets,2900,3.13,,Premium Lumière (Bamboo)
cotton sheets vs bamboo,2900,3.13,,Premium Lumière (Bamboo)
bamboo sheets vs cotton sheets,2900,3.13,,Premium Lumière (Bamboo)
bamboo bed sheets vs cotton,2900,3.13,,Premium Lumière (Bamboo)
cotton or bamboo sheets,2900,3.13,,Premium Lumière (Bamboo)
bamboo or cotton sheets,2900,3.13,,Premium Lumière (Bamboo)
bamboo vs cotton sheets,2900,3.13,,Premium Lumière (Bamboo)
bamboo sheets vs cotton,2900,3.13,,Premium Lumière (Bamboo)
cotton versus bamboo sheets,2900,3.13,,Premium Lumière (Bamboo)
bamboo v s cotton sheets,2900,3.13,,Premium Lumière (Bamboo)
oeko-tex certified bamboo sheets,2900,8.59,,Premium Lumière (Bamboo)
linen sheets sets,2900,4.8,,European Flax Linacel (Linen)
linen sheets set,2900,4.8,,European Flax Linacel (Linen)
european flax linen sheets,2900,5.23,,European Flax Linacel (Linen)
duvet cover linen king,2900,4.44,,European Flax Linacel (Linen)
linen duvet cover king,2900,4.44,,European Flax Linacel (Linen)
linen king duvet cover,2900,4.44,,European Flax Linacel (Linen)
duvet cover king linen,2900,4.44,,European Flax Linacel (Linen)
king duvet cover linen,2900,4.44,,European Flax Linacel (Linen)
king linen duvet cover,2900,4.44,,European Flax Linacel (Linen)
waffle stitch blanket crochet,2900,0.34,,Waffle
crochet waffle stitch blanket,2900,0.34,,Waffle
crochet blanket waffle stitch,2900,0.34,8,Waffle
waffle stitch crochet blanket,2900,0.34,,Waffle
women waffle robe,2900,1.95,,Waffle
ladies waffle robe,2900,1.95,,Waffle
waffle robe women's,2900,1.95,,Waffle
waffle robe for women,2900,1.95,,Waffle
women robe waffle,2900,1.95,,Waffle
waffle robe women,2900,1.95,,Waffle
women's waffle robe,2900,1.95,,Waffle
waffle robe womens,2900,1.95,,Waffle
womens robe waffle,2900,1.95,,Waffle
what are percale sheets,2900,2.9,,Percale
what are percale bed sheets,2900,2.9,,Percale
cotton percale cooling sheets,2900,1.49,,Percale
cotton percale sheets for hot sleepers,2900,2.07,,Percale
what is percale sheets,2900,2.9,,Percale
brooklinen classic percale sheets,2900,10.04,,Percale
what is percale in sheets,2900,2.9,,Percale
best cooling comforter,2900,5.65,2,Cloud Cool / Cooling
cooling electric blanket,2900,0.7,,Cloud Cool / Cooling
electric blanket for cooling,2900,0.7,,Cloud Cool / Cooling
cooling blanket electric,2900,0.7,,Cloud Cool / Cooling
electric cooling blanket,2900,0.7,,Cloud Cool / Cooling
electric blanket cooling,2900,0.7,1,Cloud Cool / Cooling
duvet cover cooling,2900,4,,Cloud Cool / Cooling
cooling duvet cover,2900,4,,Cloud Cool / Cooling
cooling duvet covers,2900,4,,Cloud Cool / Cooling
duvet covers cooling,2900,4,,Cloud Cool / Cooling
luxury faux fur throw blanket,2900,4.87,,Snug (Chunky Knit / Faux Fur)
knit a throw blanket,2900,0.77,2,Snug (Chunky Knit / Faux Fur)
throw knit blanket,2900,0.77,,Snug (Chunky Knit / Faux Fur)
knit blanket throw,2900,0.77,,Snug (Chunky Knit / Faux Fur)
throw blanket knit,2900,0.77,,Snug (Chunky Knit / Faux Fur)
knit throw blanket,2900,0.77,2,Snug (Chunky Knit / Faux Fur)
20-pound weighted blanket,2900,1.43,4,Crystal Weighted Blanket
20lb weighted blanket,2900,1.43,,Crystal Weighted Blanket
weighted blanket 20 lbs,2900,1.43,7,Crystal Weighted Blanket
weighted 20 pound blanket,2900,1.43,,Crystal Weighted Blanket
weighted blanket 20lbs,2900,1.43,,Crystal Weighted Blanket
weighted blanket near me,2900,0.49,,Crystal Weighted Blanket
20 pounds weighted blanket,2900,1.43,,Crystal Weighted Blanket
weighted blanket 20lb,2900,1.43,7,Crystal Weighted Blanket
20lbs weighted blanket,2900,1.43,,Crystal Weighted Blanket
20 pound weighted blanket,2900,1.43,,Crystal Weighted Blanket
20 lb weighted blanket,2900,1.43,,Crystal Weighted Blanket
weighted blanket 20 lb,2900,1.43,,Crystal Weighted Blanket
20 lbs weighted blanket,2900,1.43,,Crystal Weighted Blanket
weighted blanket 20 pounds,2900,1.43,,Crystal Weighted Blanket
gots certified organic cotton sheets,2900,3.93,,Organic Cotton
quilt velvet,2900,1.88,,Velvet
velvet quilt,2900,1.88,,Velvet
100 cotton turkish towels,2900,1.81,,Bath / Towels
100 turkish cotton towels,2900,1.81,,Bath / Towels
turkish 100 cotton towels,2900,1.81,,Bath / Towels
100 bamboo sheets,2400,4.65,,Premium Lumière (Bamboo)
bamboo organic sheets,2400,8.23,,Premium Lumière (Bamboo)
organic bamboo sheets,2400,8.23,,Premium Lumière (Bamboo)
bamboo organic bed sheets,2400,8.23,,Premium Lumière (Bamboo)
soft bamboo sheets,2400,7.81,1,Premium Lumière (Bamboo)
bamboo sheets 100,2400,4.65,,Premium Lumière (Bamboo)
100 bamboo bed sheets,2400,4.65,,Premium Lumière (Bamboo)
100 bamboo fitted sheets,2400,4.65,,Premium Lumière (Bamboo)
100 bamboo rayon sheets,2400,1.84,,Premium Lumière (Bamboo)
100 rayon bamboo sheets,2400,1.84,,Premium Lumière (Bamboo)
softest bamboo sheets,2400,7.81,8,Premium Lumière (Bamboo)
100 rayon from bamboo sheets,2400,1.84,,Premium Lumière (Bamboo)
bamboo soft sheets,2400,7.81,1,Premium Lumière (Bamboo)
bamboo sheets organic,2400,8.23,,Premium Lumière (Bamboo)
bamboo sheets soft,2400,7.81,,Premium Lumière (Bamboo)
organic bamboo bed sheets,2400,8.23,,Premium Lumière (Bamboo)
100 bamboo bedding,2400,4.65,,Premium Lumière (Bamboo)
duvet bamboo cover,2400,5.19,,Premium Lumière (Bamboo)
duvet covers bamboo,2400,5.19,,Premium Lumière (Bamboo)
duvet cover bamboo,2400,5.19,,Premium Lumière (Bamboo)
bamboo duvet cover,2400,5.19,,Premium Lumière (Bamboo)
gap modal pajamas,2400,0.89,,Naked Modal
modal pajamas gap,2400,0.89,,Naked Modal
linen sheets organic,2400,6.75,,European Flax Linacel (Linen)
queen bed linen sheets,2400,2.36,,European Flax Linacel (Linen)
organic linen sheets,2400,6.75,,European Flax Linacel (Linen)
organic linen bed sheets,2400,6.75,4,European Flax Linacel (Linen)
linen queen duvet cover,2400,3.45,4,European Flax Linacel (Linen)
linen duvet cover queen white,2400,3.45,10,European Flax Linacel (Linen)
european linen duvet cover,2400,4.59,,European Flax Linacel (Linen)
queen duvet cover linen,2400,3.45,,European Flax Linacel (Linen)
duvet cover queen linen,2400,3.45,,European Flax Linacel (Linen)
queen linen duvet cover,2400,3.45,4,European Flax Linacel (Linen)
linen duvet cover queen,2400,3.45,4,European Flax Linacel (Linen)
duvet cover linen queen,2400,3.45,1,European Flax Linacel (Linen)
muslin cotton blanket,2400,2.16,,Muslin
muslin blanket for adults,2400,2.02,,Muslin
muslin blanket adults,2400,2.02,,Muslin
adult muslin blanket,2400,2.02,,Muslin
cotton muslin blanket,2400,2.16,,Muslin
muslin blanket adult,2400,2.02,,Muslin
muslin adult blanket,2400,2.02,,Muslin
muslin blanket for adult,2400,2.02,,Muslin
cotton waffle weave blanket,2400,1.5,,Waffle
waffle weave cotton blanket,2400,1.5,,Waffle
cotton waffle blanket,2400,1.71,,Waffle
waffle cotton blanket,2400,1.71,,Waffle
cotton blanket waffle weave,2400,1.5,,Waffle
cotton blanket waffle,2400,1.71,,Waffle
waffle blanket cotton,2400,1.71,,Waffle
waffle weave blanket cotton,2400,1.5,,Waffle
bath towel waffle,2400,2.39,,Waffle
waffle towel bath,2400,2.39,,Waffle
waffle bath towel,2400,2.39,,Waffle
robe waffle knit,2400,1.52,,Waffle
waffle knit robe,2400,1.52,27,Waffle
pima cotton percale sheets ll bean,2400,2.08,,Percale
ll bean pima cotton percale sheets,2400,2.08,4,Percale
brooklinen percale sheets,2400,2.39,,Percale
king bed sheets cooling,2400,4.99,19,Cloud Cool / Cooling
cooling sheets king,2400,4.99,3,Cloud Cool / Cooling
king sheets cooling,2400,4.99,3,Cloud Cool / Cooling
what bed sheets are cooling,2400,3.74,,Cloud Cool / Cooling
cooling king sheets,2400,4.99,,Cloud Cool / Cooling
king comforter cooling,2400,4.11,2,Cloud Cool / Cooling
evercool cooling comforter,2400,1.99,,Cloud Cool / Cooling
cooling comforter king,2400,4.11,1,Cloud Cool / Cooling
gravity cooling weighted blanket,2400,4.31,,Cloud Cool / Cooling
weighted cooling blanket,2400,2.51,,Cloud Cool / Cooling
how to make chunky knit blanket,2400,0.32,3,Snug (Chunky Knit / Faux Fur)
chunky knit throw blanket,2400,1.08,4,Snug (Chunky Knit / Faux Fur)
how do you make a chunky knit blanket,2400,0.32,4,Snug (Chunky Knit / Faux Fur)
how to make a chunky knit blanket,2400,0.32,3,Snug (Chunky Knit / Faux Fur)
luxurious faux fur throw,2400,4.19,,Snug (Chunky Knit / Faux Fur)
faux fur throw luxury,2400,4.19,,Snug (Chunky Knit / Faux Fur)
luxury faux fur throw,2400,4.19,,Snug (Chunky Knit / Faux Fur)
faux fur luxury throw,2400,4.19,,Snug (Chunky Knit / Faux Fur)
weighted blanket for infant,2400,1.36,2,Crystal Weighted Blanket
weighted blanket for infants,2400,1.36,,Crystal Weighted Blanket
weighted blanket for rls,2400,2.25,,Crystal Weighted Blanket
knitted weighted blanket,2400,2.94,,Crystal Weighted Blanket
weighted blanket for newborns,2400,1.36,2,Crystal Weighted Blanket
weighted blanket infant,2400,1.36,2,Crystal Weighted Blanket
weighted blanket rls,2400,2.25,,Crystal Weighted Blanket
knit weighted blanket,2400,2.94,,Crystal Weighted Blanket
weighted blanket restless legs,2400,2.25,,Crystal Weighted Blanket
infant weighted blanket,2400,1.36,2,Crystal Weighted Blanket
baloo weighted blanket,2400,3.2,7,Crystal Weighted Blanket
weighted blanket for restless legs,2400,2.25,,Crystal Weighted Blanket
newborn weighted blanket,2400,1.36,2,Crystal Weighted Blanket
weighted blanket for newborn,2400,1.36,,Crystal Weighted Blanket
luna weighted blanket,2400,3.47,1,Crystal Weighted Blanket
rls weighted blanket,2400,2.25,,Crystal Weighted Blanket
restless leg weighted blanket,2400,2.25,,Crystal Weighted Blanket
weighted blanket and restless leg syndrome,2400,2.25,2,Crystal Weighted Blanket
restless legs weighted blanket,2400,2.25,,Crystal Weighted Blanket
weighted blanket restless leg,2400,2.25,3,Crystal Weighted Blanket
restless legs syndrome weighted blanket,2400,2.25,,Crystal Weighted Blanket
weighted blanket newborn,2400,1.36,2,Crystal Weighted Blanket
organic cotton grounding sheets,2400,5.61,,Organic Cotton
100 organic cotton bed sheets,2400,3.35,,Organic Cotton
100 cotton organic sheets,2400,3.35,,Organic Cotton
100 organic cotton sheets,2400,3.35,,Organic Cotton
organic 100 cotton sheets,2400,3.35,,Organic Cotton
100 organic cotton bedding sets,2400,3.35,,Organic Cotton
bamboo towels,2400,2.5,,Bath / Towels
towels with bamboo,2400,2.5,,Bath / Towels
towels bamboo,2400,2.5,,Bath / Towels
organic cotton sanitary towels,2400,1.66,,Bath / Towels
crib sheets bamboo,1900,2.49,,Premium Lumière (Bamboo)
bamboo sheets for hot sleepers,1900,4.88,,Premium Lumière (Bamboo)
bamboo crib sheets,1900,2.49,,Premium Lumière (Bamboo)
pillowcase for bamboo pillow,1900,3.62,,Premium Lumière (Bamboo)
bamboo pillow pillowcase,1900,3.62,,Premium Lumière (Bamboo)
bamboo pillowcase,1900,3.62,,Premium Lumière (Bamboo)
pillowcase bamboo,1900,3.62,,Premium Lumière (Bamboo)
modal pajamas women,1900,1.38,,Naked Modal
women's modal pajamas,1900,1.38,,Naked Modal
modal pajamas for women,1900,1.38,,Naked Modal
modal pajamas women's,1900,1.38,,Naked Modal
modal women's pajamas,1900,1.38,,Naked Modal
modal pajamas womens,1900,1.38,,Naked Modal
linen sheets for hot sleepers,1900,3.44,,European Flax Linacel (Linen)
linen sheets linoto,1900,2.67,,European Flax Linacel (Linen)
100 european flax linen sheets,1900,4.45,,European Flax Linacel (Linen)
cultiver linen sheets,1900,2.79,,European Flax Linacel (Linen)
linoto linen sheets,1900,2.67,,European Flax Linacel (Linen)
breathable linen sheets,1900,1.37,1,European Flax Linacel (Linen)
boll & branch waffle bed blanket,1900,4,,Waffle
cotton waffle robe,1900,1.47,,Waffle
waffle cotton bath robe,1900,1.47,,Waffle
cotton waffle bath robe,1900,1.47,,Waffle
waffle cotton robe,1900,1.47,,Waffle
cotton robe waffle,1900,1.47,,Waffle
waffle robe cotton,1900,1.47,,Waffle
sheets percale vs sateen,1900,3.84,,Luce Cotton Sateen
percale sheets vs sateen,1900,3.84,,Luce Cotton Sateen
bed sheets percale vs sateen,1900,3.84,,Luce Cotton Sateen
percale vs sateen sheets,1900,3.84,,Luce Cotton Sateen
sateen sheets vs percale,1900,3.84,,Luce Cotton Sateen
sateen vs percale sheets,1900,3.84,,Luce Cotton Sateen
sateen or percale sheets,1900,3.84,,Luce Cotton Sateen
brooklinen luxe sateen sheets,1900,2.63,,Luce Cotton Sateen
queen percale bed sheets,1900,2.99,,Percale
queen percale sheets,1900,2.99,,Percale
percale queen sheets,1900,2.99,,Percale
percale queen bed sheets,1900,2.99,,Percale
percale bed sheets queen,1900,2.99,,Percale
pima percale cotton sheets,1900,4.66,,Percale
queen sheets percale,1900,2.99,,Percale
pima cotton percale sheets,1900,4.66,,Percale
percale pima cotton sheets,1900,4.66,,Percale
percale sheets queen,1900,2.99,,Percale
organic cotton percale sheets,1900,4.87,,Percale
queen bed sheets percale,1900,2.99,,Percale
cooling comforter queen,1900,2.77,1,Cloud Cool / Cooling
below zero cooling comforter,1900,0.86,,Cloud Cool / Cooling
cooling queen comforter,1900,2.77,2,Cloud Cool / Cooling
queen cooling comforter,1900,2.77,1,Cloud Cool / Cooling
cooling blanket costco,1900,1.13,,Cloud Cool / Cooling
does cooling blanket work,1900,1.52,,Cloud Cool / Cooling
costco cooling blanket,1900,0.72,,Cloud Cool / Cooling
cooling duvet insert,1900,3.79,3,Cloud Cool / Cooling
cooling duvet inserts,1900,3.79,,Cloud Cool / Cooling
duvet insert cooling,1900,3.79,,Cloud Cool / Cooling
chunky yarn knit blanket,1900,0.58,,Snug (Chunky Knit / Faux Fur)
chunky knit blanket yarn,1900,0.58,,Snug (Chunky Knit / Faux Fur)
yarn for chunky knit blanket,1900,0.58,,Snug (Chunky Knit / Faux Fur)
weighted blanket cover,1900,0.66,,Crystal Weighted Blanket
weighted blanket 10 lbs,1900,1.36,,Crystal Weighted Blanket
10lb weighted blanket,1900,1.36,,Crystal Weighted Blanket
best weighted blanket adults,1900,4.18,6,Crystal Weighted Blanket
best weighted blanket for adults,1900,4.18,6,Crystal Weighted Blanket
weighted blanket 10lb,1900,1.36,,Crystal Weighted Blanket
wash weighted blanket,1900,0.14,,Crystal Weighted Blanket
weighted blanket slipcover,1900,0.66,,Crystal Weighted Blanket
washing weighted blanket,1900,0.14,,Crystal Weighted Blanket
weighted blanket gravity,1900,2.82,21,Crystal Weighted Blanket
10 lbs weighted blanket,1900,1.36,,Crystal Weighted Blanket
gravity the weighted blanket,1900,2.82,21,Crystal Weighted Blanket
cover for weighted blanket,1900,0.66,,Crystal Weighted Blanket
best weighted blanket adult,1900,4.18,6,Crystal Weighted Blanket
weighted blanket covers,1900,0.66,,Crystal Weighted Blanket
weighted blanket 10 lb,1900,1.36,,Crystal Weighted Blanket
10 lb weighted blanket,1900,1.36,,Crystal Weighted Blanket
washing a weighted blanket,1900,0.14,,Crystal Weighted Blanket
best adult weighted blanket,1900,4.18,6,Crystal Weighted Blanket
gravity blanket weighted blanket,1900,2.82,14,Crystal Weighted Blanket
weighted gravity blanket,1900,2.82,14,Crystal Weighted Blanket
weighted blanket 10lbs,1900,1.36,,Crystal Weighted Blanket
weighted blanket 10 pounds,1900,1.36,,Crystal Weighted Blanket
luxome weighted blanket,1900,3.34,,Crystal Weighted Blanket
heaviest weighted blanket,1900,0.76,,Crystal Weighted Blanket
cotton turkish beach towels,1900,1.4,,Bath / Towels
beach towels turkish cotton,1900,1.4,,Bath / Towels
turkish cotton beach towels,1900,1.4,,Bath / Towels
victoria secret modal pajamas,1600,0.69,49,Naked Modal
victoria's secret modal pajamas,1600,0.69,49,Naked Modal
linen sheets belgium,1600,5.31,5,European Flax Linacel (Linen)
linen sheets fitted,1600,4.42,,European Flax Linacel (Linen)
european linen sheets,1600,5.95,,European Flax Linacel (Linen)
linen fitted sheets,1600,4.42,,European Flax Linacel (Linen)
linen flax sheets,1600,3.47,,European Flax Linacel (Linen)
linen sheets flax,1600,3.47,,European Flax Linacel (Linen)
flax linen bed sheets,1600,3.47,,European Flax Linacel (Linen)
flax linen sheets,1600,3.47,,European Flax Linacel (Linen)
fitted sheets linen,1600,4.42,,European Flax Linacel (Linen)
belgian linen bed sheets,1600,5.31,,European Flax Linacel (Linen)
piglet in bed linen sheets,1600,2.48,,European Flax Linacel (Linen)
fitted linen sheets,1600,4.42,,European Flax Linacel (Linen)
flax sheets linen,1600,3.47,,European Flax Linacel (Linen)
gentle detergent for linen sheets,1600,1.94,,European Flax Linacel (Linen)
belgian linen sheets,1600,5.31,,European Flax Linacel (Linen)
100 flax linen sheets,1600,3.82,,European Flax Linacel (Linen)
linen sheets belgian,1600,5.31,,European Flax Linacel (Linen)
linen fitted bed sheets,1600,4.42,,European Flax Linacel (Linen)
quince linen duvet cover,1600,1.04,,European Flax Linacel (Linen)
waffle weave blanket,1600,1.48,,Waffle
towel waffle weave,1600,1.69,,Waffle
waffle weave towel,1600,1.69,,Waffle
waffle duvet cover,1600,2.6,,Waffle
waffle duvet covers,1600,2.6,,Waffle
duvet covers waffle,1600,2.6,,Waffle
duvet cover waffle,1600,2.6,,Waffle
percale bed sheets king,1600,4.93,,Percale
egyptian percale cotton sheets,1600,5,6,Percale
percale egyptian cotton sheets,1600,5,6,Percale
percale sheets egyptian cotton,1600,5,,Percale
king percale sheets,1600,4.93,,Percale
percale king sheets,1600,4.93,,Percale
king sheets percale,1600,4.93,,Percale
parachute percale sheets,1600,4.02,5,Percale
percale fitted sheets king,1600,4.93,,Percale
king percale bed sheets,1600,4.93,,Percale
percale sheets king,1600,4.93,,Percale
egyptian cotton sheets percale,1600,5,6,Percale
classic percale sheets,1600,7.59,,Percale
egyptian cotton percale bed sheets,1600,5,11,Percale
egyptian cotton percale sheets,1600,5,4,Percale
percale king bed sheets,1600,4.93,,Percale
cooling sheets for hot sleepers,1600,4.88,,Cloud Cool / Cooling
best cooling sheets for hot sleepers,1600,5.99,1,Cloud Cool / Cooling
rest cooling blanket,1600,1.76,7,Cloud Cool / Cooling
faux fur throw pillows,1600,1.23,,Snug (Chunky Knit / Faux Fur)
throw pillows faux fur,1600,1.23,,Snug (Chunky Knit / Faux Fur)
faux fur throw and pillow,1600,1.23,,Snug (Chunky Knit / Faux Fur)
ugg adalee faux fur throw,1600,1.52,,Snug (Chunky Knit / Faux Fur)
faux fur pillow and throw,1600,1.23,,Snug (Chunky Knit / Faux Fur)
faux fur throw pillow,1600,1.23,,Snug (Chunky Knit / Faux Fur)
faux fur throw and pillows,1600,1.23,,Snug (Chunky Knit / Faux Fur)
faux fur pillows and throw,1600,1.23,,Snug (Chunky Knit / Faux Fur)
big knit throw blanket,1600,0.85,,Snug (Chunky Knit / Faux Fur)
cable knit throw blanket,1600,0.98,,Snug (Chunky Knit / Faux Fur)
giant knit throw blanket,1600,0.85,,Snug (Chunky Knit / Faux Fur)
weighted blanket at walmart,1600,0.18,,Crystal Weighted Blanket
weighted blanket throws,1600,1.94,15,Crystal Weighted Blanket
tranquility weighted blanket,1600,0.48,,Crystal Weighted Blanket
weighted throw blanket,1600,1.94,15,Crystal Weighted Blanket
comfortable weighted blanket,1600,2.13,,Crystal Weighted Blanket
lola weighted blanket,1600,1.83,,Crystal Weighted Blanket
walmart weighted blanket,1600,0.18,,Crystal Weighted Blanket
weighted blanket throw,1600,1.94,8,Crystal Weighted Blanket
king size weighted blanket,1600,2.46,,Crystal Weighted Blanket
comfort weighted blanket,1600,2.13,,Crystal Weighted Blanket
duvet velvet cover,1600,1.63,,Velvet
velvet duvet cover,1600,1.63,,Velvet
duvet covers velvet,1600,1.63,,Velvet
velvet duvet covers,1600,1.63,,Velvet
duvet cover velvet,1600,1.63,,Velvet
bath towels organic cotton,1600,3.59,,Bath / Towels
organic cotton bath towels,1600,3.59,,Bath / Towels
costco bamboo sheets,1300,2.65,,Premium Lumière (Bamboo)
ettitude bamboo sheets,1300,4.6,,Premium Lumière (Bamboo)
amazon bamboo bed sheets,1300,2.32,,Premium Lumière (Bamboo)
are bamboo bed sheets good,1300,2.15,,Premium Lumière (Bamboo)
bamboo sheets on amazon,1300,2.32,,Premium Lumière (Bamboo)
luxome bamboo sheets,1300,5.65,,Premium Lumière (Bamboo)
are bamboo sheets good,1300,2.15,,Premium Lumière (Bamboo)
bamboo bed sheets amazon,1300,2.32,3,Premium Lumière (Bamboo)
amazon bamboo sheets,1300,2.32,,Premium Lumière (Bamboo)
pure bamboo sheets,1300,3.7,,Premium Lumière (Bamboo)
bamboo sheets at costco,1300,2.65,,Premium Lumière (Bamboo)
bamboo bed sheets costco,1300,2.65,,Premium Lumière (Bamboo)
bamboo sheets amazon,1300,2.32,,Premium Lumière (Bamboo)
bamboo sheets costco,1300,2.65,,Premium Lumière (Bamboo)
bamboo sheets from costco,1300,2.65,,Premium Lumière (Bamboo)
pure bamboo bed sheets,1300,3.7,,Premium Lumière (Bamboo)
bamboo sheets ettitude,1300,4.6,,Premium Lumière (Bamboo)
bamboo bedding costco,1300,2.65,,Premium Lumière (Bamboo)
cozy earth bamboo duvet cover,1300,4.1,,Premium Lumière (Bamboo)
faith linen sheets,1300,3.67,1,European Flax Linacel (Linen)
linen king sheets,1300,3.76,,European Flax Linacel (Linen)
king sheets linen,1300,3.76,,European Flax Linacel (Linen)
target linen bed sheets,1300,1.51,,European Flax Linacel (Linen)
linen sheets target,1300,1.51,,European Flax Linacel (Linen)
linen sheets : target,1300,1.51,,European Flax Linacel (Linen)
king linen sheets,1300,3.76,,European Flax Linacel (Linen)
parachute home linen sheets,1300,3.1,17,European Flax Linacel (Linen)
high quality linen sheets,1300,7.45,,European Flax Linacel (Linen)
target linen sheets,1300,1.51,,European Flax Linacel (Linen)
linen sheets parachute,1300,3.92,10,European Flax Linacel (Linen)
parachute linen sheets,1300,3.92,13,European Flax Linacel (Linen)
quince european linen duvet cover,1300,1.47,,European Flax Linacel (Linen)
french country linen bedding,1300,1.21,,European Flax Linacel (Linen)
french flax linen bedding,1300,4.05,,European Flax Linacel (Linen)
pillowcase linen,1300,2.5,,European Flax Linacel (Linen)
100 cotton muslin blanket,1300,1.77,,Muslin
waffle bath robe,1300,2.73,,Waffle
waffle shower robe,1300,2.73,6,Waffle
what are sateen bed sheets,1300,2.12,,Luce Cotton Sateen
what is sateen weave sheets,1300,2.12,,Luce Cotton Sateen
what is sateen cotton sheets,1300,2.12,,Luce Cotton Sateen
what is sateen weave in sheets,1300,2.12,,Luce Cotton Sateen
what is sateen in sheets,1300,2.12,,Luce Cotton Sateen
what are cotton sateen sheets,1300,2.12,,Luce Cotton Sateen
what are sateen sheets,1300,2.12,,Luce Cotton Sateen
what is sateen sheets,1300,2.12,,Luce Cotton Sateen
quince percale sheets,1300,1.44,,Percale
percale sheets sets,1300,4.45,,Percale
percale sheets set,1300,4.45,,Percale
sutton place cooling comforter,1300,1.04,,Cloud Cool / Cooling
arc chill cooling blanket,1300,1.14,,Cloud Cool / Cooling
cooling blanket near me,1300,0.39,4,Cloud Cool / Cooling
cooling summer blanket,1300,2.82,6,Cloud Cool / Cooling
cooling throw blanket,1300,0.98,,Cloud Cool / Cooling
arc-chill cooling blanket,1300,1.14,,Cloud Cool / Cooling
cooling duvet,1300,4.28,,Cloud Cool / Cooling
duvet cooling,1300,4.28,,Cloud Cool / Cooling
how to hand knit chunky blanket,1300,0.34,1,Snug (Chunky Knit / Faux Fur)
how to hand knit a chunky blanket,1300,0.34,1,Snug (Chunky Knit / Faux Fur)
bella lux faux fur throw,1300,1.23,,Snug (Chunky Knit / Faux Fur)
weighted blanket and adhd,1300,2.24,1,Crystal Weighted Blanket
machine washable weighted blanket,1300,2.2,21,Crystal Weighted Blanket
machine wash weighted blanket,1300,2.2,12,Crystal Weighted Blanket
adhd weighted blanket,1300,2.24,,Crystal Weighted Blanket
weighted blanket walmart,1300,0.18,,Crystal Weighted Blanket
weighted blanket for lap,1300,0.86,,Crystal Weighted Blanket
can i wash a weighted blanket,1300,0.31,,Crystal Weighted Blanket
what is a weighted blanket,1300,0.96,15,Crystal Weighted Blanket
weighted lap blanket,1300,0.86,,Crystal Weighted Blanket
gravity blanket weighted,1300,2.65,29,Crystal Weighted Blanket
lap weighted blanket,1300,0.86,,Crystal Weighted Blanket
lap blanket weighted,1300,0.86,,Crystal Weighted Blanket
breathable weighted blanket,1300,3.09,4,Crystal Weighted Blanket
heavier weighted blanket,1300,1.47,1,Crystal Weighted Blanket
what are weighted blanket,1300,0.96,32,Crystal Weighted Blanket
bearaby cotton napper weighted blanket,1300,1.65,,Crystal Weighted Blanket
what does a weighted blanket do,1300,1.02,34,Crystal Weighted Blanket
weighted blanket for adhd,1300,2.24,,Crystal Weighted Blanket
heavy weighted blanket,1300,1.47,5,Crystal Weighted Blanket
weighted blanket lap,1300,0.86,,Crystal Weighted Blanket
weighted blanket breathable,1300,3.09,4,Crystal Weighted Blanket
queen size weighted blanket,1300,2.1,5,Crystal Weighted Blanket
gravity weighted blanket,1300,2.65,21,Crystal Weighted Blanket
what is weighted blanket,1300,0.96,38,Crystal Weighted Blanket
weighted blanket adhd,1300,2.24,,Crystal Weighted Blanket
100 organic cotton bedding,1300,3.87,,Organic Cotton
tencel modal pajamas,1000,2.62,,Silky Lyocell (TENCEL™)
bamboo from rayon sheets,1000,2.42,,Premium Lumière (Bamboo)
100 organic bamboo sheets,1000,5.7,,Premium Lumière (Bamboo)
benefits bamboo sheets,1000,1.92,,Premium Lumière (Bamboo)
how do you wash bamboo sheets,1000,0.5,,Premium Lumière (Bamboo)
benefit of bamboo sheets,1000,1.92,,Premium Lumière (Bamboo)
bamboo sheets benefits,1000,1.92,,Premium Lumière (Bamboo)
how to clean bamboo sheets,1000,0.5,,Premium Lumière (Bamboo)
benefits of bamboo bed sheets,1000,1.92,,Premium Lumière (Bamboo)
rayon bamboo sheets,1000,2.42,,Premium Lumière (Bamboo)
how to wash bamboo bed sheets,1000,0.5,,Premium Lumière (Bamboo)
how to wash bamboo sheets,1000,0.5,,Premium Lumière (Bamboo)
bamboo bed sheets benefits,1000,1.92,,Premium Lumière (Bamboo)
bamboo sheets rayon,1000,2.42,,Premium Lumière (Bamboo)
bamboo sheets advantages,1000,1.92,,Premium Lumière (Bamboo)
benefits of bamboo sheets,1000,1.92,,Premium Lumière (Bamboo)
advantages of bamboo sheets,1000,1.92,,Premium Lumière (Bamboo)
bamboo rayon bed sheets,1000,2.42,20,Premium Lumière (Bamboo)
bamboo rayon sheets,1000,2.42,7,Premium Lumière (Bamboo)
rayon and bamboo sheets,1000,2.42,,Premium Lumière (Bamboo)
100 organic bamboo bed sheets,1000,5.7,,Premium Lumière (Bamboo)
cozy house bamboo sheets,1000,3.78,1,Premium Lumière (Bamboo)
bamboo and rayon sheets,1000,2.42,,Premium Lumière (Bamboo)
rayon from bamboo sheets,1000,2.42,,Premium Lumière (Bamboo)
modal sheets,1000,3.06,,Naked Modal
modal bed sheets,1000,3.06,,Naked Modal
modal fabric bed sheets,1000,3.06,,Naked Modal
modal fabric sheets,1000,3.06,,Naked Modal
modal fiber sheets,1000,3.06,,Naked Modal
modal bedding set,1000,3.06,,Naked Modal
pure linen sheets,1000,3.4,,European Flax Linacel (Linen)
100 linen sheets queen,1000,3.09,,European Flax Linacel (Linen)
benefit of linen sheets,1000,2.06,,European Flax Linacel (Linen)
pure linen bed sheets,1000,3.4,,European Flax Linacel (Linen)
pottery barn linen sheets,1000,4.49,,European Flax Linacel (Linen)
how to wash linen sheets,1000,0.89,,European Flax Linacel (Linen)
mild detergent for linen sheets,1000,2.05,,European Flax Linacel (Linen)
advantages of linen sheets,1000,2.06,,European Flax Linacel (Linen)
queen 100 linen sheets,1000,3.09,,European Flax Linacel (Linen)
benefits linen sheets,1000,2.06,,European Flax Linacel (Linen)
linen sheets benefits,1000,3.21,,European Flax Linacel (Linen)
pure linen sheets bedding,1000,3.4,,European Flax Linacel (Linen)
how.to wash linen sheets,1000,0.89,,European Flax Linacel (Linen)
west elm linen sheets,1000,3.6,,European Flax Linacel (Linen)
west elm sheets linen,1000,3.6,,European Flax Linacel (Linen)
linen sheets pottery barn,1000,4.49,,European Flax Linacel (Linen)
benefits of linen sheets,1000,2.06,,European Flax Linacel (Linen)
linen sheets west elm,1000,3.6,,European Flax Linacel (Linen)
best linen duvet cover,1000,6.54,,European Flax Linacel (Linen)
european flax linen duvet cover,1000,4.27,,European Flax Linacel (Linen)
breathable linen duvet cover,1000,3.77,,European Flax Linacel (Linen)
linen duvet cover best,1000,6.54,,European Flax Linacel (Linen)
cultiver linen duvet cover,1000,2.44,,European Flax Linacel (Linen)
cotton waffle towel,1000,2.41,,Waffle
waffle cotton towel,1000,2.41,,Waffle
waffle weave bath robe,1000,2.29,,Waffle
bath robe waffle knit,1000,2.29,,Waffle
waffle weave robe,1000,2.29,,Waffle
waffle knit bath robe,1000,2.29,,Waffle
robe waffle weave,1000,2.29,,Waffle
egyptian cotton sateen sheets,1000,3.19,,Luce Cotton Sateen
egyptian cotton sateen weave sheets,1000,3.19,6,Luce Cotton Sateen
egyptian sateen cotton sheets,1000,3.19,,Luce Cotton Sateen
sateen egyptian cotton sheets,1000,3.19,,Luce Cotton Sateen
sateen bed sheets,1000,5.79,,Luce Cotton Sateen
egyptian cotton sheets sateen,1000,3.19,,Luce Cotton Sateen
percale organic sheets,1000,5.69,,Percale
organic percale sheets,1000,5.69,,Percale
best cotton percale sheets,1000,5.32,,Percale
cotton percale queen sheets,1000,2.04,,Percale
cotton percale sheets queen,1000,2.04,,Percale
queen percale cotton sheets,1000,2.04,,Percale
queen cotton percale sheets,1000,2.04,,Percale
percale sheets target,1000,1.28,,Percale
target sheets percale,1000,1.28,,Percale
queen sheets cotton percale,1000,2.04,,Percale
percale sheets for hot sleepers,1000,6.21,,Percale
best percale cotton sheets,1000,5.32,,Percale
best cotton percale bed sheets,1000,5.32,,Percale
percale bed sheets target,1000,1.28,,Percale
percale sheets at target,1000,1.28,,Percale
percale cotton sheets queen,1000,2.04,,Percale
target percale sheets,1000,1.28,,Percale
percale sheets : target,1000,1.28,,Percale
rest cooling sheets,1000,1.89,4,Cloud Cool / Cooling
costco cooling comforter,1000,1.26,,Cloud Cool / Cooling
cooling comforter for hot sleepers,1000,4.93,,Cloud Cool / Cooling
walmart cooling blanket,1000,0.25,,Cloud Cool / Cooling
light cooling blanket,1000,1.62,,Cloud Cool / Cooling
cooling blanket walmart,1000,0.25,,Cloud Cool / Cooling
cooling sleeping blanket,1000,3.62,9,Cloud Cool / Cooling
lightweight cooling blanket,1000,1.62,,Cloud Cool / Cooling
best cooling blanket for hot sleepers,1000,3.17,,Cloud Cool / Cooling
cooling blanket for sleeping,1000,3.62,9,Cloud Cool / Cooling
cooling blanket for sleep,1000,3.62,9,Cloud Cool / Cooling
cooling sleep blanket,1000,3.62,9,Cloud Cool / Cooling
cooling picnic blanket,1000,1.36,,Cloud Cool / Cooling
how to hand knit a chunky blanket for beginners,1000,0.44,,Snug (Chunky Knit / Faux Fur)
chunky yarn for hand knit blanket,1000,0.52,6,Snug (Chunky Knit / Faux Fur)
mon chateau faux fur throw,1000,0.53,,Snug (Chunky Knit / Faux Fur)
frye luxe faux fur throw,1000,1.19,,Snug (Chunky Knit / Faux Fur)
jooja knit throw blanket,1000,0.19,,Snug (Chunky Knit / Faux Fur)
how heavy should weighted blanket be,1000,1.61,,Crystal Weighted Blanket
duvet cover for weighted blanket,1000,1.01,,Crystal Weighted Blanket
reddit weighted blanket,1000,5.4,,Crystal Weighted Blanket
soft weighted blanket,1000,2.95,15,Crystal Weighted Blanket
duvet covers weighted blanket,1000,1.01,,Crystal Weighted Blanket
weighted blanket with duvet cover,1000,1.01,,Crystal Weighted Blanket
insomnia weighted blanket,1000,1.97,32,Crystal Weighted Blanket
queen weighted blanket,1000,1.99,8,Crystal Weighted Blanket
softest weighted blanket,1000,2.95,2,Crystal Weighted Blanket
weighted blanket for insomnia,1000,1.97,38,Crystal Weighted Blanket
how heavy should a weighted blanket be,1000,1.61,,Crystal Weighted Blanket
queenna weighted blanket,1000,1.99,8,Crystal Weighted Blanket
pink weighted blanket,1000,1.16,,Crystal Weighted Blanket
weighted blanket and insomnia,1000,1.97,38,Crystal Weighted Blanket
weighted blanket reddit,1000,5.4,,Crystal Weighted Blanket
weighted blanket duvet cover,1000,1.01,,Crystal Weighted Blanket
weighted blanket insomnia,1000,1.97,34,Crystal Weighted Blanket
duvet cover weighted blanket,1000,1.01,,Crystal Weighted Blanket
weighted queen blanket,1000,1.99,5,Crystal Weighted Blanket
are weighted blanket good for you,1000,1.17,38,Crystal Weighted Blanket
weighted blanket duvet covers,1000,1.01,,Crystal Weighted Blanket
weighted blanket queen,1000,1.99,2,Crystal Weighted Blanket
organic cotton queen sheets,1000,2.89,,Organic Cotton
organic cotton queen bed sheets,1000,2.89,,Organic Cotton
queen organic cotton bed sheets,1000,2.89,,Organic Cotton
organic cotton sheets queen,1000,2.89,,Organic Cotton
queen organic cotton sheets,1000,2.89,,Organic Cotton
organic cotton bed sheets queen,1000,2.89,,Organic Cotton
organic cotton percale bedding,1000,12.02,,Organic Cotton
turkish cotton hand towels,1000,1.85,,Bath / Towels
brooklinen super plush turkish cotton bath towels,1000,7.15,,Bath / Towels
bamboo lyocell sheets,880,3.83,8,Silky Lyocell (TENCEL™)
bamboo lyocell sheet,880,3.83,,Silky Lyocell (TENCEL™)
lyocell bamboo sheets,880,3.83,8,Silky Lyocell (TENCEL™)
west elm tencel sheet,880,2.52,,Silky Lyocell (TENCEL™)
tencel pillows,880,1.07,,Silky Lyocell (TENCEL™)
west elm tencel sheets,880,2.52,,Silky Lyocell (TENCEL™)
tencel sheets west elm,880,2.52,,Silky Lyocell (TENCEL™)
tencel pillow,880,1.07,,Silky Lyocell (TENCEL™)
pillow tencel,880,1.07,,Silky Lyocell (TENCEL™)
twin bamboo sheets,880,3.01,,Premium Lumière (Bamboo)
bamboo sheets vs linen sheets,880,5.98,,Premium Lumière (Bamboo)
twin sheets bamboo,880,3.01,,Premium Lumière (Bamboo)
bamboo vs linen sheets,880,5.98,,Premium Lumière (Bamboo)
bamboo sheets twin,880,3.01,,Premium Lumière (Bamboo)
bamboo bed sheets twin,880,3.01,,Premium Lumière (Bamboo)
linen vs bamboo sheets,880,5.98,,Premium Lumière (Bamboo)
bamboo twin sheets,880,3.01,,Premium Lumière (Bamboo)
bamboo sheets near me,880,1.28,,Premium Lumière (Bamboo)
100 percent linen sheets,880,2.61,,European Flax Linacel (Linen)
linen striped sheets,880,3.85,,European Flax Linacel (Linen)
real linen sheets,880,3.89,,European Flax Linacel (Linen)
pure linen sheets sale,880,2.48,,European Flax Linacel (Linen)
are linen bed sheets comfortable,880,2.8,,European Flax Linacel (Linen)
linen bed sheets amazon,880,1.39,9,European Flax Linacel (Linen)
sale on linen sheets,880,3.28,,European Flax Linacel (Linen)
bed sheets linen,880,3.7,,European Flax Linacel (Linen)
linen sheets sale,880,3.28,,European Flax Linacel (Linen)
100 percent linen bed sheets,880,2.61,,European Flax Linacel (Linen)
striped linen sheets,880,3.85,,European Flax Linacel (Linen)
linen sheets striped,880,3.85,,European Flax Linacel (Linen)
striped sheets linen,880,3.85,,European Flax Linacel (Linen)
linen bed sheets king size,880,4.72,,European Flax Linacel (Linen)
linen bed sheets queen,880,3.56,,European Flax Linacel (Linen)
linen sheets queen set,880,3.67,10,European Flax Linacel (Linen)
linen king size bed sheets,880,4.72,,European Flax Linacel (Linen)
bedding sheets linen,880,3.7,,European Flax Linacel (Linen)
linen sheets france,880,4.36,13,European Flax Linacel (Linen)
are linen sheets soft,880,2.8,,European Flax Linacel (Linen)
amazon linen sheets,880,1.39,,European Flax Linacel (Linen)
linen stripe sheets,880,3.85,,European Flax Linacel (Linen)
striped linen bed sheets,880,3.85,,European Flax Linacel (Linen)
french flax linen sheets,880,2.94,,European Flax Linacel (Linen)
king size linen sheets,880,4.72,,European Flax Linacel (Linen)
linen sheets amazon,880,1.39,,European Flax Linacel (Linen)
french linen bed sheets,880,4.36,,European Flax Linacel (Linen)
french linen sheets,880,4.36,,European Flax Linacel (Linen)
hypoallergenic linen sheets,880,2.76,,European Flax Linacel (Linen)
are linen sheets comfortable,880,2.8,,European Flax Linacel (Linen)
linen sheets set queen,880,3.67,13,European Flax Linacel (Linen)
linen sheets king size,880,4.72,,European Flax Linacel (Linen)
linen sheets on sale,880,3.28,,European Flax Linacel (Linen)
linen king size sheets,880,4.72,,European Flax Linacel (Linen)
sale linen sheets,880,3.28,,European Flax Linacel (Linen)
linen sheets for sale,880,3.28,,European Flax Linacel (Linen)
duvet cover 100 linen,880,2.65,,European Flax Linacel (Linen)
linen stripe duvet cover,880,3.22,,European Flax Linacel (Linen)
striped linen duvet cover,880,3.22,,European Flax Linacel (Linen)
parachute linen duvet cover,880,3.6,11,European Flax Linacel (Linen)
linen duvet cover stripe,880,3.22,,European Flax Linacel (Linen)
100 linen duvet cover,880,2.65,,European Flax Linacel (Linen)
linen striped duvet cover,880,3.22,,European Flax Linacel (Linen)
linen duvet cover striped,880,3.22,,European Flax Linacel (Linen)
french linen bedding sets,880,4.36,,European Flax Linacel (Linen)
aden anais muslin blanket,880,0.47,,Muslin
aden and anais blanket muslin,880,0.47,,Muslin
cotton muslin swaddle blanket,880,0.75,,Muslin
aden and anais muslin blanket,880,0.47,,Muslin
muslin cotton swaddle blanket,880,0.75,,Muslin
muslin blanket aden anais,880,0.47,,Muslin
boll and branch waffle blanket,880,1.76,,Waffle
bollandbranch waffle blanket,880,1.76,,Waffle
waffle knit blanket,880,1.37,,Waffle
waffle weave microfiber towel,880,1.1,,Waffle
microfiber waffle weave towel,880,1.1,,Waffle
top rated sateen sheets,880,7.23,6,Luce Cotton Sateen
best sateen sheets,880,7.23,,Luce Cotton Sateen
best sateen bed sheets,880,7.23,6,Luce Cotton Sateen
percale vs cotton sheets,880,3.86,,Percale
percale or cotton sheets,880,3.86,12,Percale
cotton vs percale sheets,880,3.86,,Percale
sheets percale vs cotton,880,3.86,,Percale
percale sheets vs cotton,880,3.86,,Percale
percale sheets vs cotton sheets,880,3.86,,Percale
cooling sheets king size,880,3.28,2,Cloud Cool / Cooling
cooling king size sheets,880,3.28,,Cloud Cool / Cooling
best cooling sheets on amazon,880,2.19,,Cloud Cool / Cooling
cooling bed sheets night sweats,880,4.34,,Cloud Cool / Cooling
king size sheets cooling,880,3.28,,Cloud Cool / Cooling
king size cooling sheets,880,3.28,,Cloud Cool / Cooling
cooling bed sheets for night sweats,880,4.34,,Cloud Cool / Cooling
cooling sheets for night sweats,880,4.34,,Cloud Cool / Cooling
cozy earth cooling sheets,880,5.44,,Cloud Cool / Cooling
serta cooling sheets,880,0.66,,Cloud Cool / Cooling
breescape cooling comforter,880,3.4,,Cloud Cool / Cooling
luxome cooling blanket,880,4.92,,Cloud Cool / Cooling
heating cooling blanket,880,1.06,1,Cloud Cool / Cooling
the cooling blanket,880,2.07,2,Cloud Cool / Cooling
cooling and heating blanket,880,1.06,,Cloud Cool / Cooling
bedsure cooling blanket,880,1.43,,Cloud Cool / Cooling
cooling beach blanket,880,1.34,,Cloud Cool / Cooling
luxome cooling weighted blanket,880,4.9,,Cloud Cool / Cooling
heating and cooling blanket,880,1.06,,Cloud Cool / Cooling
faux fur throw costco,880,0.89,,Snug (Chunky Knit / Faux Fur)
costco faux fur throw,880,0.89,,Snug (Chunky Knit / Faux Fur)
how heavy for weighted blanket,880,2.07,,Crystal Weighted Blanket
dog weighted blanket,880,0.79,,Crystal Weighted Blanket
does a weighted blanket help you sleep,880,2.01,17,Crystal Weighted Blanket
deep pressure therapy weighted blanket,880,0,,Crystal Weighted Blanket
pendleton weighted blanket,880,0.42,,Crystal Weighted Blanket
30 lb weighted blanket,880,1.06,,Crystal Weighted Blanket
dogs weighted blanket,880,0.79,,Crystal Weighted Blanket
weighted blanket dogs,880,0.79,,Crystal Weighted Blanket
weighted blanket 25lb,880,1.41,,Crystal Weighted Blanket
weighted blanket 25lbs,880,1.41,2,Crystal Weighted Blanket
how heavy of a weighted blanket,880,2.07,,Crystal Weighted Blanket
weighted blanket 25 lbs,880,1.41,,Crystal Weighted Blanket
25 lbs weighted blanket,880,1.41,,Crystal Weighted Blanket
25 pound weighted blanket,880,1.41,,Crystal Weighted Blanket
weighted blanket heavy,880,2.07,10,Crystal Weighted Blanket
costco weighted blanket,880,1.46,,Crystal Weighted Blanket
25-pound weighted blanket,880,1.41,,Crystal Weighted Blanket
weighted blanket costco,880,1.46,,Crystal Weighted Blanket
washable weighted blanket,880,2.62,3,Crystal Weighted Blanket
weighted blanket 30 lbs,880,1.06,,Crystal Weighted Blanket
bearaby tree napper weighted blanket,880,1.38,,Crystal Weighted Blanket
30 lbs weighted blanket,880,1.06,,Crystal Weighted Blanket
what are weighted blanket good for,880,0.47,18,Crystal Weighted Blanket
how heavy weighted blanket,880,2.07,,Crystal Weighted Blanket
25lbs weighted blanket,880,1.41,2,Crystal Weighted Blanket
organic cotton weighted blanket,880,5.16,2,Crystal Weighted Blanket
weighted crochet blanket,880,1,,Crystal Weighted Blanket
25 pounds weighted blanket,880,1.41,3,Crystal Weighted Blanket
twin organic cotton sheets,880,2.53,,Organic Cotton
organic cotton twin sheets,880,2.53,,Organic Cotton
organic cotton king sheets,880,4.72,,Organic Cotton
organic cotton bed sheets twin,880,2.53,,Organic Cotton
organic cotton bed sheets king,880,4.72,,Organic Cotton
bassinet sheets organic cotton,880,1.16,,Organic Cotton
organic cotton king bed sheets,880,4.72,,Organic Cotton
organic cotton sheets king,880,4.72,,Organic Cotton
organic cotton bassinet sheets,880,1.16,,Organic Cotton
organic cotton sheets twin,880,2.53,,Organic Cotton
king organic cotton sheets,880,4.72,,Organic Cotton
gots certified organic cotton bedding,880,6.82,,Organic Cotton
hand towels turkish,880,1.87,,Bath / Towels
turkish hand towels,880,1.87,,Bath / Towels
turkish towels hand,880,1.87,,Bath / Towels
tencel pajamas,720,2.28,,Silky Lyocell (TENCEL™)
tencel pajama,720,2.28,,Silky Lyocell (TENCEL™)
tencel bedding,720,3.46,,Silky Lyocell (TENCEL™)
duvet cover tencel,720,3.29,,Silky Lyocell (TENCEL™)
tencel duvet cover,720,3.29,,Silky Lyocell (TENCEL™)
tencel comforter,720,2.81,,Silky Lyocell (TENCEL™)
"tencel"" bedding",720,3.46,,Silky Lyocell (TENCEL™)
tencel duvet covers,720,3.29,,Silky Lyocell (TENCEL™)
king size sheets bamboo,720,5.67,,Premium Lumière (Bamboo)
are bamboo sheets cool,720,3.1,,Premium Lumière (Bamboo)
luxury bamboo sheets,720,10.91,,Premium Lumière (Bamboo)
bamboo king size bed sheets,720,5.67,,Premium Lumière (Bamboo)
bamboo sheets at target,720,1.63,,Premium Lumière (Bamboo)
luxury bamboo bed sheets,720,10.91,21,Premium Lumière (Bamboo)
bamboo bed sheets king size,720,5.67,,Premium Lumière (Bamboo)
luxurious bamboo sheets,720,10.91,,Premium Lumière (Bamboo)
bamboo sheets cosy house,720,4.45,8,Premium Lumière (Bamboo)
are bamboo sheets cooling,720,3.1,,Premium Lumière (Bamboo)
cosy house bamboo sheets,720,4.45,8,Premium Lumière (Bamboo)
are bamboo sheets cooler,720,3.1,,Premium Lumière (Bamboo)
oeko tex standard 100 bamboo sheets,720,2.8,,Premium Lumière (Bamboo)
cosy house bamboo bed sheets,720,4.45,18,Premium Lumière (Bamboo)
bamboo bed sheets target,720,1.63,2,Premium Lumière (Bamboo)
oeko-tex standard 100 bamboo sheets,720,2.8,,Premium Lumière (Bamboo)
king size bamboo sheets,720,5.67,,Premium Lumière (Bamboo)
bamboo sheets king size,720,5.67,,Premium Lumière (Bamboo)
hypoallergenic bamboo sheets,720,5.79,,Premium Lumière (Bamboo)
target bamboo sheets,720,1.63,,Premium Lumière (Bamboo)
bamboo sheets target,720,1.63,,Premium Lumière (Bamboo)
king size bamboo bed sheets,720,5.67,20,Premium Lumière (Bamboo)
luxury bamboo bedding set,720,10.91,,Premium Lumière (Bamboo)
softest linen sheets,720,7.16,,European Flax Linacel (Linen)
linen twin bed sheets,720,3.75,1,European Flax Linacel (Linen)
twin linen sheets,720,3.75,,European Flax Linacel (Linen)
flat linen sheets,720,2.79,,European Flax Linacel (Linen)
linen sheets twin,720,3.75,,European Flax Linacel (Linen)
linen sheets near me,720,1.27,,European Flax Linacel (Linen)
linen sheets soft,720,7.16,,European Flax Linacel (Linen)
linen flat sheets,720,2.79,,European Flax Linacel (Linen)
soft linen sheets,720,7.16,,European Flax Linacel (Linen)
linen twin sheets,720,3.75,,European Flax Linacel (Linen)
white linen duvet cover,720,4.22,,European Flax Linacel (Linen)
linen white duvet cover,720,4.22,,European Flax Linacel (Linen)
duvet cover white linen,720,4.22,,European Flax Linacel (Linen)
white duvet cover linen,720,4.22,,European Flax Linacel (Linen)
linen duvet cover white,720,4.22,,European Flax Linacel (Linen)
waffle stitch blanket,720,0.31,1,Waffle
boll & branch waffle blanket,720,3.31,,Waffle
waffle blanket king,720,2.12,,Waffle
waffle blanket throw,720,1.85,,Waffle
waffle stitch crochet blanket pattern,720,0.13,13,Waffle
crochet waffle stitch blanket pattern,720,0.13,13,Waffle
waffle stitch blanket crochet pattern,720,0.13,,Waffle
waffle throw blanket,720,1.85,,Waffle
king waffle blanket,720,2.12,,Waffle
target waffle towel,720,0.48,,Waffle
best waffle towel,720,5.72,,Waffle
hand towel waffle,720,1.5,,Waffle
waffle hand towel,720,1.5,,Waffle
waffle robe men,720,2.31,,Waffle
waffle robe for men,720,2.31,,Waffle
boll & branch waffle robe,720,5.85,,Waffle
waffle robe parachute,720,2.48,,Waffle
parachute waffle robe,720,2.48,,Waffle
boll & branch percale sheets,720,3.95,,Percale
long-staple cotton percale sheets,720,4.94,,Percale
percale fitted bed sheets,720,4.2,1,Percale
cotton percale sheets king,720,3.44,,Percale
percale fitted sheets,720,4.2,,Percale
high quality percale sheets,720,8.53,,Percale
percale cotton king sheets,720,3.44,,Percale
long staple cotton percale sheets,720,4.94,,Percale
cotton percale king sheets,720,3.44,,Percale
king cotton percale sheets,720,3.44,,Percale
fitted percale sheets,720,4.2,,Percale
king percale cotton sheets,720,3.44,,Percale
softest cooling sheets,720,5.49,4,Cloud Cool / Cooling
cooling sleep sheets,720,3.67,22,Cloud Cool / Cooling
bed sheets for cooling,720,4.55,,Cloud Cool / Cooling
cooling sheets bed,720,4.55,,Cloud Cool / Cooling
bed sheets that are cooling,720,4.55,12,Cloud Cool / Cooling
cotton cooling sheets,720,2.1,4,Cloud Cool / Cooling
cooling summer sheets,720,4.73,,Cloud Cool / Cooling
cooling sheets sets,720,4.68,,Cloud Cool / Cooling
bed cooling sheets,720,4.55,,Cloud Cool / Cooling
cooling sheets set,720,4.68,,Cloud Cool / Cooling
soft cooling sheets,720,5.49,,Cloud Cool / Cooling
cooling sheets for bed,720,4.55,19,Cloud Cool / Cooling
best cooling comforter for hot sleepers,720,5.37,3,Cloud Cool / Cooling
cooling comforter set,720,2.24,,Cloud Cool / Cooling
cooling comforter sets,720,2.24,,Cloud Cool / Cooling
bamboo cooling comforter,720,3.69,,Cloud Cool / Cooling
momcozy cooling comforter,720,1.61,,Cloud Cool / Cooling
best cooling weighted blanket,720,4.08,,Cloud Cool / Cooling
cooling blanket night sweats,720,2.86,,Cloud Cool / Cooling
amazon cooling blanket,720,0.44,3,Cloud Cool / Cooling
cooling blanket for summer,720,2.47,,Cloud Cool / Cooling
cooling blanket for night sweats,720,2.86,,Cloud Cool / Cooling
chunky finger knit blanket,720,0.27,4,Snug (Chunky Knit / Faux Fur)
finger knit chunky blanket,720,0.27,6,Snug (Chunky Knit / Faux Fur)
free chunky knit blanket pattern,720,0.42,,Snug (Chunky Knit / Faux Fur)
hand knit chunky blanket pattern,720,0.34,3,Snug (Chunky Knit / Faux Fur)
free pattern for chunky knit blanket,720,0.42,,Snug (Chunky Knit / Faux Fur)
chunky knit blanket free pattern,720,0.42,,Snug (Chunky Knit / Faux Fur)
hand knit chunky blanket patterns,720,0.34,,Snug (Chunky Knit / Faux Fur)
chunky hand knit blanket pattern,720,0.34,,Snug (Chunky Knit / Faux Fur)
chunky hand knit blanket patterns,720,0.34,,Snug (Chunky Knit / Faux Fur)
chunky knit blanket patterns free,720,0.42,,Snug (Chunky Knit / Faux Fur)
chunky knit blanket pattern free,720,0.42,,Snug (Chunky Knit / Faux Fur)
free chunky knit blanket patterns,720,0.42,,Snug (Chunky Knit / Faux Fur)
pottery barn faux fur throw,720,2.03,,Snug (Chunky Knit / Faux Fur)
faux fur throw pottery barn,720,2.03,,Snug (Chunky Knit / Faux Fur)
pottery barn throw faux fur,720,2.03,,Snug (Chunky Knit / Faux Fur)
best sheets organic cotton,720,6.48,,Organic Cotton
best organic cotton sheets,720,6.48,,Organic Cotton
best organic cotton bed sheets,720,6.48,13,Organic Cotton
velvet king quilt,720,1.83,,Velvet
velvet quilt king,720,1.83,,Velvet
king velvet quilt,720,1.83,,Velvet
best turkish towels,720,3.22,,Bath / Towels
what is a turkish towels,720,1.81,,Bath / Towels
what are turkish towels,720,1.81,,Bath / Towels
turkish towels amazon,720,1.34,,Bath / Towels
amazon turkish towels,720,1.34,,Bath / Towels
bamboo bath towels,720,2.2,,Bath / Towels
bath towels bamboo,720,2.2,,Bath / Towels
bamboo towels bath,720,2.2,,Bath / Towels
bamboo bathroom towels,720,2.2,,Bath / Towels
100 tencel lyocell sheets,590,2.84,,Silky Lyocell (TENCEL™)
100 lyocell sheets,590,2.84,3,Silky Lyocell (TENCEL™)
100 tencel sheets,590,2.84,,Silky Lyocell (TENCEL™)
bamboo sheets walmart,590,0.48,,Premium Lumière (Bamboo)
bamboo sheets bed bath and beyond,590,2.51,,Premium Lumière (Bamboo)
fitted bamboo sheets,590,3.86,,Premium Lumière (Bamboo)
bamboo bed sheets reviews,590,2.58,5,Premium Lumière (Bamboo)
reviews for bamboo sheets,590,2.58,7,Premium Lumière (Bamboo)
walmart bamboo sheets,590,0.48,,Premium Lumière (Bamboo)
decolure bamboo sheets,590,2.08,,Premium Lumière (Bamboo)
california king bamboo bed sheets,590,7.26,,Premium Lumière (Bamboo)
bamboo fiber sheets review,590,2.58,4,Premium Lumière (Bamboo)
bamboo bed sheets walmart,590,0.48,,Premium Lumière (Bamboo)
bamboo and cotton sheets,590,4.46,,Premium Lumière (Bamboo)
bed bath beyond bamboo sheets,590,2.51,,Premium Lumière (Bamboo)
bamboo cotton bed sheets,590,4.46,,Premium Lumière (Bamboo)
cotton and bamboo sheets,590,4.46,,Premium Lumière (Bamboo)
bamboo fitted bed sheets,590,3.86,,Premium Lumière (Bamboo)
bamboo bed sheets california king,590,7.26,,Premium Lumière (Bamboo)
review bamboo sheets,590,2.58,,Premium Lumière (Bamboo)
bamboo bed sheets bed bath and beyond,590,2.51,,Premium Lumière (Bamboo)
bed bath and beyond bamboo sheets,590,2.51,,Premium Lumière (Bamboo)
bamboo fiber bed sheets reviews,590,2.58,6,Premium Lumière (Bamboo)
reviews bamboo sheets,590,2.58,7,Premium Lumière (Bamboo)
bamboo sateen sheets,590,5.64,,Premium Lumière (Bamboo)
bamboo sheets california king,590,7.26,,Premium Lumière (Bamboo)
bamboo silk bed sheets,590,5.19,15,Premium Lumière (Bamboo)
bamboo california king sheets,590,7.26,,Premium Lumière (Bamboo)
bamboo sheets at bed bath and beyond,590,2.51,,Premium Lumière (Bamboo)
california king bamboo sheets,590,7.26,,Premium Lumière (Bamboo)
sateen bamboo sheets,590,5.64,,Premium Lumière (Bamboo)
bamboo cotton sheets,590,4.46,,Premium Lumière (Bamboo)
are bamboo sheets better than cotton,590,2.56,,Premium Lumière (Bamboo)
bamboo sheets review,590,2.58,7,Premium Lumière (Bamboo)
cotton bamboo sheets,590,4.46,,Premium Lumière (Bamboo)
bed sheets bamboo cotton,590,4.46,,Premium Lumière (Bamboo)
bamboo bed sheets review,590,2.58,,Premium Lumière (Bamboo)
bed bath and beyond sheets bamboo,590,2.51,,Premium Lumière (Bamboo)
silky bamboo sheets,590,5.19,,Premium Lumière (Bamboo)
bamboo sheets bed bath,590,2.51,,Premium Lumière (Bamboo)
bed bath & beyond bamboo sheets,590,2.51,,Premium Lumière (Bamboo)
review of bamboo sheets,590,2.58,,Premium Lumière (Bamboo)
california king sheets bamboo,590,7.26,,Premium Lumière (Bamboo)
bamboo sheets at walmart,590,0.48,,Premium Lumière (Bamboo)
bamboo silk sheets,590,5.19,,Premium Lumière (Bamboo)
bamboo fitted sheets,590,3.86,,Premium Lumière (Bamboo)
bamboo sheets cal king,590,7.26,15,Premium Lumière (Bamboo)
bamboo sheets bed bath beyond,590,2.51,,Premium Lumière (Bamboo)
silk bamboo sheets,590,5.19,,Premium Lumière (Bamboo)
bamboo fiber sheets reviews,590,2.58,,Premium Lumière (Bamboo)
bamboo sheets reviews,590,2.58,6,Premium Lumière (Bamboo)
bamboo bedding reviews,590,2.58,,Premium Lumière (Bamboo)
bamboo bedding review,590,2.58,,Premium Lumière (Bamboo)
bamboo duvet,590,6.34,,Premium Lumière (Bamboo)
duvet bamboo,590,6.34,,Premium Lumière (Bamboo)
pure beech jersey modal sheets,590,2.83,,Naked Modal
women's modal pajamas set,590,1.06,,Naked Modal
womens modal pajamas set,590,1.06,,Naked Modal
linen sheets cal king,590,5.49,,European Flax Linacel (Linen)
casaluna linen sheets,590,1.35,,European Flax Linacel (Linen)
cotton and linen sheets,590,2.66,,European Flax Linacel (Linen)
luxury linen bed sheets,590,9.85,,European Flax Linacel (Linen)
luxury linen sheets,590,9.85,,European Flax Linacel (Linen)
linen/cotton sheets,590,2.66,4,European Flax Linacel (Linen)
linen bed sheets full,590,3.49,4,European Flax Linacel (Linen)
100 linen sheets king,590,3.5,,European Flax Linacel (Linen)
best linen sheets reddit,590,10,3,European Flax Linacel (Linen)
xl twin linen sheets,590,5.68,,European Flax Linacel (Linen)
cal king linen sheets,590,5.49,,European Flax Linacel (Linen)
linen cotton sheets,590,2.66,9,European Flax Linacel (Linen)
linen fitted sheets queen,590,3.27,,European Flax Linacel (Linen)
linen california king sheets,590,5.49,,European Flax Linacel (Linen)
linen sheets california king,590,5.49,,European Flax Linacel (Linen)
bed threads linen sheets,590,3.89,,European Flax Linacel (Linen)
linen bed sheets king,590,4.13,,European Flax Linacel (Linen)
cotton linen sheets,590,2.66,,European Flax Linacel (Linen)
where to buy linen sheets,590,2.19,,European Flax Linacel (Linen)
oeko-tex certified linen sheets,590,4.76,,European Flax Linacel (Linen)
linen and cotton sheets,590,2.66,,European Flax Linacel (Linen)
california king linen sheets,590,5.49,,European Flax Linacel (Linen)
quince european linen sheets,590,1.26,,European Flax Linacel (Linen)
linen full sheets,590,3.49,,European Flax Linacel (Linen)
ikea sheets linen,590,1.14,23,European Flax Linacel (Linen)
linen sheets twin xl,590,5.68,,European Flax Linacel (Linen)
dapu linen sheets,590,1.87,,European Flax Linacel (Linen)
linen cal king sheets,590,5.49,,European Flax Linacel (Linen)
full linen sheets,590,3.49,,European Flax Linacel (Linen)
oeko tex certified linen sheets,590,4.76,,European Flax Linacel (Linen)
linen sheets ikea,590,1.14,23,European Flax Linacel (Linen)
twin xl linen sheets,590,5.68,,European Flax Linacel (Linen)
linen twin xl sheets,590,5.68,,European Flax Linacel (Linen)
where can i buy linen sheets,590,2.19,10,European Flax Linacel (Linen)
linen cotton bed sheets,590,2.66,,European Flax Linacel (Linen)
ikea linen sheets,590,1.14,23,European Flax Linacel (Linen)
linen sheets full,590,3.49,,European Flax Linacel (Linen)
twin duvet cover linen,590,4.62,,European Flax Linacel (Linen)
linen twin duvet cover,590,4.62,,European Flax Linacel (Linen)
brooklinen linen duvet cover,590,4.08,,European Flax Linacel (Linen)
linen duvet cover twin,590,4.62,,European Flax Linacel (Linen)
twin linen duvet cover,590,4.62,,European Flax Linacel (Linen)
linen pillowcase,590,3.1,,European Flax Linacel (Linen)
muslin throw blanket,590,1.16,,Muslin
muslin throw blankets,590,1.16,,Muslin
waffle bed blanket,590,2.99,,Waffle
waffle blanket for bed,590,2.99,,Waffle
onsen waffle towel,590,4.62,12,Waffle
waffle knit towel,590,1.73,,Waffle
casaluna waffle towel,590,0.78,,Waffle
kitchen towel waffle,590,1.09,,Waffle
waffle kitchen towel,590,1.09,,Waffle
waffle knit robe women,590,1.55,,Waffle
women's waffle knit robe,590,1.55,,Waffle
waffle knit robe women's,590,1.55,,Waffle
waffle knit robe womens,590,1.55,,Waffle
waffle knit womens robe,590,1.55,,Waffle
brooklinen waffle robe,590,1.01,,Waffle
womens waffle knit robe,590,1.55,,Waffle
hotel signature sateen sheets,590,1.02,,Luce Cotton Sateen
target cooling sheets,590,0.58,,Cloud Cool / Cooling
breathable cooling sheets,590,3.92,,Cloud Cool / Cooling
cooling breathable sheets,590,3.92,,Cloud Cool / Cooling
cooling sheets target,590,0.58,,Cloud Cool / Cooling
cooling comforter costco,590,1.49,,Cloud Cool / Cooling
cooling down comforter,590,4.84,2,Cloud Cool / Cooling
down comforter cooling,590,4.84,2,Cloud Cool / Cooling
outlast cooling blanket,590,1.45,,Cloud Cool / Cooling
cooling weighted blanket for adults,590,2.65,3,Cloud Cool / Cooling
cooling blanket nearby,590,0.31,16,Cloud Cool / Cooling
cooling horse blanket,590,2,,Cloud Cool / Cooling
cooling blanket horse,590,2,,Cloud Cool / Cooling
cooling blanket amazon,590,0.47,,Cloud Cool / Cooling
horse cooling blanket,590,2,,Cloud Cool / Cooling
equine cooling blanket,590,2,,Cloud Cool / Cooling
cooling blanket for horses,590,2,,Cloud Cool / Cooling
cooling blanket for horse,590,2,,Cloud Cool / Cooling
what is a cooling blanket,590,0.64,3,Cloud Cool / Cooling
cooling swaddle blanket,590,1.33,1,Cloud Cool / Cooling
how to knit chunky knit blanket,590,0.44,13,Snug (Chunky Knit / Faux Fur)
how to chunky knit blanket,590,0.44,13,Snug (Chunky Knit / Faux Fur)
how to chunky knit a blanket,590,0.44,13,Snug (Chunky Knit / Faux Fur)
chunky knit blanket how to,590,0.44,13,Snug (Chunky Knit / Faux Fur)
how to knit a chunky knit blanket,590,0.44,13,Snug (Chunky Knit / Faux Fur)
how to knit a chunky blanket,590,0.44,13,Snug (Chunky Knit / Faux Fur)
how do you knit a chunky blanket,590,0.44,6,Snug (Chunky Knit / Faux Fur)
how to knit chunky blanket,590,0.44,13,Snug (Chunky Knit / Faux Fur)
double sided faux fur throw blanket,590,4.32,,Snug (Chunky Knit / Faux Fur)
frye luxe faux fur throw costco,590,0.54,,Snug (Chunky Knit / Faux Fur)
organic cotton fitted sheets,590,3.86,,Organic Cotton
organic cotton sheets set,590,4.54,,Organic Cotton
luxury organic cotton bedding,590,21.02,,Organic Cotton
100 turkish cotton bath towels,590,1.83,,Bath / Towels
long staple turkish cotton towels,590,4.9,,Bath / Towels
long-staple turkish cotton towels,590,4.9,,Bath / Towels
organic cotton beach towels,590,1.87,,Bath / Towels
what is lyocell sheets,480,3.54,,Silky Lyocell (TENCEL™)
what is tencel lyocell sheets,480,3.54,,Silky Lyocell (TENCEL™)
what is tencel sheets,480,3.54,,Silky Lyocell (TENCEL™)
west elm silky tencel duvet cover,480,3.67,,Silky Lyocell (TENCEL™)
what are tencel sheets,480,3.54,,Silky Lyocell (TENCEL™)
bamboo deep pocket sheets,480,5.59,,Premium Lumière (Bamboo)
bamboo sheets with deep pockets,480,5.59,,Premium Lumière (Bamboo)
bamboo bed sheets twin xl,480,4.52,,Premium Lumière (Bamboo)
bamboo sheets tuesday morning,480,0.59,,Premium Lumière (Bamboo)
bamboo twin xl sheets,480,4.52,,Premium Lumière (Bamboo)
high quality bamboo sheets,480,7.28,,Premium Lumière (Bamboo)
bamboo sheets deep pocket,480,5.59,,Premium Lumière (Bamboo)
oeko tex bamboo sheets,480,3.26,5,Premium Lumière (Bamboo)
deep pocket bamboo sheets,480,5.59,,Premium Lumière (Bamboo)
bamboo bed sheets full,480,3.88,,Premium Lumière (Bamboo)
full bamboo sheets,480,3.88,,Premium Lumière (Bamboo)
bamboo twin xl fitted sheets,480,4.52,,Premium Lumière (Bamboo)
bamboo sheets twin xl,480,4.52,,Premium Lumière (Bamboo)
bamboo sheets full size,480,2.91,,Premium Lumière (Bamboo)
bamboo sheets xl twin,480,4.52,,Premium Lumière (Bamboo)
bamboo sheets queen set,480,3.89,,Premium Lumière (Bamboo)
tuesday morning bamboo sheets,480,0.59,,Premium Lumière (Bamboo)
bamboo sheets at tuesday morning,480,0.59,,Premium Lumière (Bamboo)
oeko-tex bamboo sheets,480,3.26,,Premium Lumière (Bamboo)
bamboo sheets sets queen,480,3.89,,Premium Lumière (Bamboo)
bamboo sheets full,480,3.88,,Premium Lumière (Bamboo)
best quality bamboo sheets,480,7.28,34,Premium Lumière (Bamboo)
full bamboo bed sheets,480,3.88,,Premium Lumière (Bamboo)
quince bamboo sheets review,480,1.92,,Premium Lumière (Bamboo)
high-quality bamboo sheets,480,7.28,,Premium Lumière (Bamboo)
bamboo full sheets,480,3.88,,Premium Lumière (Bamboo)
xl twin bamboo sheets,480,4.52,,Premium Lumière (Bamboo)
bamboo bed sheets full size,480,2.91,,Premium Lumière (Bamboo)
bamboo sheets set queen,480,3.89,,Premium Lumière (Bamboo)
bamboo full size sheets,480,2.91,,Premium Lumière (Bamboo)
full size bamboo sheets,480,2.91,,Premium Lumière (Bamboo)
what are bamboo bed sheets,480,2.63,,Premium Lumière (Bamboo)
bamboo xl twin sheets,480,4.52,,Premium Lumière (Bamboo)
quince bamboo sheets reviews,480,1.92,,Premium Lumière (Bamboo)
twin xl bamboo sheets,480,4.52,,Premium Lumière (Bamboo)
what is bamboo sheets,480,2.63,,Premium Lumière (Bamboo)
what are bamboo sheets,480,2.63,,Premium Lumière (Bamboo)
deep.pocket bamboo sheets,480,5.59,,Premium Lumière (Bamboo)
luxury bamboo bedding,480,8.39,,Premium Lumière (Bamboo)
bamboo duvet insert,480,4.62,,Premium Lumière (Bamboo)
eberjey modal pajamas,480,3.28,,Naked Modal
linen sheets white,480,4.46,,European Flax Linacel (Linen)
lane linen sheets,480,1.28,,European Flax Linacel (Linen)
whiten linen sheets,480,4.46,,European Flax Linacel (Linen)
queen size linen sheets,480,3.43,,European Flax Linacel (Linen)
queen size linen bed sheets,480,3.43,,European Flax Linacel (Linen)
linen sheets rough,480,3.39,,European Flax Linacel (Linen)
reddit linen sheets,480,6.19,,European Flax Linacel (Linen)
wash linen sheets,480,5.94,,European Flax Linacel (Linen)
rough linen sheets,480,3.39,,European Flax Linacel (Linen)
linen cooling sheets,480,5.74,11,European Flax Linacel (Linen)
linen sheets reddit,480,6.19,,European Flax Linacel (Linen)
linen sheets queen size,480,3.43,14,European Flax Linacel (Linen)
linen bed sheets queen size,480,3.43,,European Flax Linacel (Linen)
allaura linen sheets,480,3.09,,European Flax Linacel (Linen)
white linen sheets,480,4.46,,European Flax Linacel (Linen)
linen sheets set king,480,4.54,,European Flax Linacel (Linen)
washed linen sheets,480,5.94,,European Flax Linacel (Linen)
linen white sheets,480,4.46,,European Flax Linacel (Linen)
linen sheets king set,480,4.54,,European Flax Linacel (Linen)
linen bed sheets white,480,4.46,,European Flax Linacel (Linen)
magic linen sheets,480,1.69,3,European Flax Linacel (Linen)
linen duvet cover brown,480,3.78,,European Flax Linacel (Linen)
belgian linen flax duvet cover,480,4.51,,European Flax Linacel (Linen)
ikea linen duvet cover,480,1.72,6,European Flax Linacel (Linen)
ikea duvet cover linen,480,1.72,6,European Flax Linacel (Linen)
pottery barn linen duvet cover,480,8.07,,European Flax Linacel (Linen)
100 european flax linen duvet cover,480,10.86,,European Flax Linacel (Linen)
linen duvet cover pottery barn,480,8.07,,European Flax Linacel (Linen)
brown linen duvet cover,480,3.78,,European Flax Linacel (Linen)
belgian flax linen duvet cover,480,4.51,,European Flax Linacel (Linen)
little unicorn muslin blanket,480,0.34,,Muslin
organic cotton muslin blanket,480,2.41,,Muslin
waffle crochet blanket,480,0.47,,Waffle
waffle blanket crochet,480,0.47,,Waffle
crochet waffle blanket,480,0.47,,Waffle
waffle blanket queen,480,1.85,,Waffle
bath towel waffle weave,480,1.7,,Waffle
waffle weave bath towel,480,1.7,,Waffle
brooklinen waffle towel,480,1.77,,Waffle
mens robe waffle,480,1.92,,Waffle
waffle robe men's,480,1.92,,Waffle
men's waffle robe,480,1.92,,Waffle
quince waffle robe,480,0.8,,Waffle
waffle weave duvet cover,480,2.79,,Waffle
waffle weave duvet set,480,2.79,,Waffle
waffle weave duvet covers,480,2.79,,Waffle
sateen weave sheets,480,3.48,,Luce Cotton Sateen
brooklinen sateen sheets,480,2.26,,Luce Cotton Sateen
sateen sheets vs cotton,480,2.41,,Luce Cotton Sateen
cotton vs cotton sateen sheets,480,2.41,,Luce Cotton Sateen
bed sheets cotton vs sateen,480,2.41,,Luce Cotton Sateen
cotton sateen sheets vs cotton,480,2.41,,Luce Cotton Sateen
cotton vs sateen sheets,480,2.41,,Luce Cotton Sateen
sateen sheets set,480,5.99,,Luce Cotton Sateen
sateen vs cotton sheets,480,2.41,,Luce Cotton Sateen
high quality cotton percale sheets,480,5.35,1,Percale
pottery barn percale sheets,480,3.53,,Percale
percale sheets queen set,480,2.67,,Percale
what are cotton percale sheets,480,1.68,,Percale
percale weave sheets,480,3.1,,Percale
percale sheets meaning,480,2.65,,Percale
what is cotton percale sheets,480,1.68,,Percale
definition percale sheets,480,2.65,,Percale
best percale sheets reddit,480,8.07,,Percale
percale sheets definition,480,2.65,,Percale
percale sheets pottery barn,480,3.53,,Percale
what is percale cotton sheets,480,1.68,,Percale
cooling sheets cotton,480,3.11,,Cloud Cool / Cooling
cooling racks for baking sheets,480,0.67,,Cloud Cool / Cooling
cooling sheets full,480,2.78,,Cloud Cool / Cooling
breescape cooling sheets,480,4.1,,Cloud Cool / Cooling
columbia cooling sheets,480,0.82,,Cloud Cool / Cooling
cooling cotton sheets,480,3.11,,Cloud Cool / Cooling
cooling bed sheets queen,480,3.95,,Cloud Cool / Cooling
ugg cooling sheets,480,0.7,,Cloud Cool / Cooling
miracle brand cooling sheets,480,2.9,12,Cloud Cool / Cooling
cooling bed sheets full,480,2.78,,Cloud Cool / Cooling
cooling cotton bed sheets,480,3.11,26,Cloud Cool / Cooling
cooling sheets columbia,480,0.82,,Cloud Cool / Cooling
lightweight cooling comforter,480,3.32,2,Cloud Cool / Cooling
cooling blanket for hot weather,480,1.54,7,Cloud Cool / Cooling
cooling blanket reviews,480,1.85,9,Cloud Cool / Cooling
mellow cooling blanket,480,1.68,2,Cloud Cool / Cooling
cozy bliss cooling blanket,480,1.07,,Cloud Cool / Cooling
cooling blanket review,480,1.85,9,Cloud Cool / Cooling
king size cooling blanket,480,1.86,4,Cloud Cool / Cooling
best cooling duvet inserts,480,5.23,,Cloud Cool / Cooling
best cooling duvet insert,480,5.23,,Cloud Cool / Cooling
chunky yarn for finger knit blanket,480,0.26,3,Snug (Chunky Knit / Faux Fur)
chunky knit weighted blanket,480,2.74,,Snug (Chunky Knit / Faux Fur)
diy knit chunky blanket,480,0.31,7,Snug (Chunky Knit / Faux Fur)
diy chunky knit blanket,480,0.31,7,Snug (Chunky Knit / Faux Fur)
knit chunky blanket diy,480,0.31,7,Snug (Chunky Knit / Faux Fur)
chunky knit blanket diy,480,0.31,7,Snug (Chunky Knit / Faux Fur)
chunky knit blanket instructions,480,0.89,7,Snug (Chunky Knit / Faux Fur)
chunky knit blanket tutorial,480,0.89,4,Snug (Chunky Knit / Faux Fur)
brookstone heated luxe faux fur throw blanket,480,1.3,,Snug (Chunky Knit / Faux Fur)
faux fur throw blanket white,480,1.2,,Snug (Chunky Knit / Faux Fur)
ugg adalee faux fur throw blanket,480,0.58,,Snug (Chunky Knit / Faux Fur)
white faux fur throw blankets,480,1.2,,Snug (Chunky Knit / Faux Fur)
plush faux fur throw blanket,480,3.75,,Snug (Chunky Knit / Faux Fur)
faux fur plush throw blanket,480,3.75,,Snug (Chunky Knit / Faux Fur)
white faux fur throw blanket,480,1.2,,Snug (Chunky Knit / Faux Fur)
king size faux fur throw blanket,480,2.11,,Snug (Chunky Knit / Faux Fur)
faux fur throw blanket king size,480,2.11,,Snug (Chunky Knit / Faux Fur)
mini crib sheets organic cotton,480,1.47,,Organic Cotton
organic cotton sheets target,480,0.9,,Organic Cotton
threshold organic cotton sheets,480,0.79,,Organic Cotton
organic cotton flannelette sheets,480,2.09,,Organic Cotton
organic cotton mini crib sheets,480,1.47,,Organic Cotton
target organic cotton sheets,480,0.9,,Organic Cotton
organic long staple cotton sheets,480,3.75,,Organic Cotton
threshold sheets organic cotton,480,0.79,,Organic Cotton
organic cotton flannel sheets,480,2.09,,Organic Cotton
gots organic cotton sheets,480,5.69,,Organic Cotton
flannel sheets organic cotton,480,2.09,,Organic Cotton
organic cotton flannel bedding,480,2.09,,Organic Cotton
velvet quilt green,480,1.78,,Velvet
green velvet quilt,480,1.78,,Velvet
velvet green quilt,480,1.78,,Velvet
100 turkish cotton beach towels,480,2.71,,Bath / Towels
organic turkish cotton towels,480,2.22,,Bath / Towels
oddbird co turkish towels,480,0,,Bath / Towels
organic turkish cotton beach towels,480,2.01,,Bath / Towels
organic cotton face towels,480,2.19,,Bath / Towels
100 organic cotton towels,480,3.01,,Bath / Towels
eucalyptus lyocell sheets,390,7.59,,Silky Lyocell (TENCEL™)
eucalyptus lyocell sheet,390,7.59,,Silky Lyocell (TENCEL™)
best lyocell sheets,390,5.22,,Silky Lyocell (TENCEL™)
lyocell blanket,390,2.28,,Silky Lyocell (TENCEL™)
tencel lyocell sheets king,390,5.1,,Silky Lyocell (TENCEL™)
tencel eucalyptus sheets,390,7.59,,Silky Lyocell (TENCEL™)
best tencel sheets,390,5.22,,Silky Lyocell (TENCEL™)
tencel blanket,390,2.28,,Silky Lyocell (TENCEL™)
tencel quilt,390,2.51,,Silky Lyocell (TENCEL™)
tencel blankets,390,2.28,,Silky Lyocell (TENCEL™)
tencel sheets king,390,5.1,,Silky Lyocell (TENCEL™)
eucalyptus tencel sheets,390,7.59,,Silky Lyocell (TENCEL™)
king tencel sheets,390,5.1,,Silky Lyocell (TENCEL™)
tencel king sheets,390,5.1,,Silky Lyocell (TENCEL™)
bamboo sheets queen size,390,3.25,,Premium Lumière (Bamboo)
quince bamboo duvet cover,390,0.68,,Premium Lumière (Bamboo)
bamboo cooling pillowcase,390,0.81,,Premium Lumière (Bamboo)
modal pajamas for men,390,2.5,,Naked Modal
modal pajamas men's,390,2.5,,Naked Modal
modal pajamas men,390,2.5,,Naked Modal
men's modal pajamas,390,2.5,,Naked Modal
linen sprays for sheets,390,1.53,,European Flax Linacel (Linen)
cotton linen blend sheets,390,2.17,,European Flax Linacel (Linen)
linen cotton blend sheets,390,2.17,,European Flax Linacel (Linen)
cotton and linen blend sheets,390,2.17,,European Flax Linacel (Linen)
inexpensive linen sheets,390,2.73,,European Flax Linacel (Linen)
linen sheets affordable,390,2.73,,European Flax Linacel (Linen)
linen spray for sheets,390,1.53,,European Flax Linacel (Linen)
coyuchi organic linen sheets,390,3.18,,European Flax Linacel (Linen)
pink linen sheets,390,4.14,,European Flax Linacel (Linen)
percale vs linen sheets,390,6.31,,European Flax Linacel (Linen)
natural linen bed sheets,390,3.27,,European Flax Linacel (Linen)
black linen sheets,390,3.54,,European Flax Linacel (Linen)
pink linen bed sheets,390,4.14,,European Flax Linacel (Linen)
quince linen sheets review,390,2.11,,European Flax Linacel (Linen)
linen sheets natural,390,3.27,,European Flax Linacel (Linen)
made in usa linen sheets,390,5.25,,European Flax Linacel (Linen)
linen and cotton blend sheets,390,2.17,,European Flax Linacel (Linen)
pre washed linen sheets,390,1.21,,European Flax Linacel (Linen)
natural linen sheets,390,3.27,,European Flax Linacel (Linen)
cotton/linen blend bed sheets,390,2.17,,European Flax Linacel (Linen)
linen spray for bed sheets,390,1.53,,European Flax Linacel (Linen)
linen vs percale sheets,390,6.31,,European Flax Linacel (Linen)
best organic linen sheets,390,5.99,,European Flax Linacel (Linen)
affordable linen sheets,390,2.73,,European Flax Linacel (Linen)
linen sheets vs percale,390,6.31,,European Flax Linacel (Linen)
linen sheets black,390,3.54,,European Flax Linacel (Linen)
linen sheets made in usa,390,5.25,,European Flax Linacel (Linen)
black linen bed sheets,390,3.54,,European Flax Linacel (Linen)
linen cotton blend bed sheets,390,2.17,,European Flax Linacel (Linen)
sijo linen sheets,390,3.02,,European Flax Linacel (Linen)
cotton linen blend bed sheets,390,2.17,,European Flax Linacel (Linen)
linen sheets pink,390,4.14,,European Flax Linacel (Linen)
gots certified organic linen sheets,390,9.02,,European Flax Linacel (Linen)
target linen duvet cover,390,1.94,,European Flax Linacel (Linen)
linen duvet cover sets,390,5.54,,European Flax Linacel (Linen)
linen duvet cover set,390,5.54,,European Flax Linacel (Linen)
green duvet cover linen,390,5.53,,European Flax Linacel (Linen)
linen duvet cover blue,390,4.22,,European Flax Linacel (Linen)
green linen duvet cover,390,5.53,,European Flax Linacel (Linen)
blue linen duvet cover,390,4.22,,European Flax Linacel (Linen)
duvet cover sets linen,390,5.54,,European Flax Linacel (Linen)
linen duvet cover target,390,1.94,,European Flax Linacel (Linen)
linen duvet cover : target,390,1.94,,European Flax Linacel (Linen)
duvet cover set linen,390,5.54,,European Flax Linacel (Linen)
linen blue duvet cover,390,4.22,,European Flax Linacel (Linen)
linen duvet cover green,390,5.53,,European Flax Linacel (Linen)
french linen bedding,390,3.05,,European Flax Linacel (Linen)
muslin queen blanket,390,1.4,,Muslin
muslin blanket queen,390,1.4,,Muslin
aden and anais muslin swaddle blanket,390,1.09,1,Muslin
cloud island muslin blanket,390,0.22,,Muslin
queen muslin blanket,390,1.4,,Muslin
100 cotton muslin swaddle blanket,390,0.71,,Muslin
what is muslin blanket,390,1.51,,Muslin
aden anais muslin swaddle blanket,390,1.09,,Muslin
what is a muslin blanket,390,1.51,,Muslin
muslin receiving blanket,390,0.56,,Muslin
receiving blanket muslin,390,0.56,,Muslin
king size muslin blanket,390,1.44,,Muslin
muslin bedding,390,1.86,,Muslin
100 cotton waffle blanket,390,1.59,,Waffle
waffle microfiber towel,390,1.02,,Waffle
microfiber waffle towel,390,1.02,,Waffle
onsen waffle bath towel,390,5.72,,Waffle
waffle weave kitchen towel,390,1.35,,Waffle
white waffle robe,390,2.6,,Waffle
waffle robe white,390,2.6,,Waffle
monogrammed waffle robe,390,3.09,,Waffle
waffle bath robe womens,390,2.47,,Waffle
pottery barn waffle robe,390,3.1,,Waffle
quince organic turkish waffle robe,390,2.61,,Waffle
brooklinen dreamweave waffle robe,390,2.76,,Waffle
waffle robe monogrammed,390,3.09,,Waffle
100 cotton waffle robe,390,1.78,,Waffle
waffle robe personalized,390,3.09,,Waffle
best waffle bath robe,390,4.04,,Waffle
monogram waffle robe,390,3.09,,Waffle
waffle robe 100 cotton,390,1.78,,Waffle
waffle robe monogram,390,3.09,,Waffle
best waffle robe,390,4.04,,Waffle
waffle monogram robe,390,3.09,,Waffle
white robe waffle,390,2.6,6,Waffle
personalized waffle robe,390,3.09,,Waffle
dunham sateen ralph lauren sheets,390,0.81,,Luce Cotton Sateen
supima cotton sateen sheets,390,4.08,,Luce Cotton Sateen
ralph lauren dunham sateen sheets,390,0.81,,Luce Cotton Sateen
twin sheets percale,390,2.79,,Percale
percale twin sheets,390,2.79,,Percale
what does percale sheets mean,390,2.49,,Percale
quince organic percale sheets,390,2.19,,Percale
lands end percale sheets,390,2.67,,Percale
parachute home percale sheets,390,2.5,17,Percale
laura ashley cotton percale sheets,390,0.51,,Percale
ll bean pima percale sheets,390,1.97,,Percale
percale sheets crisp,390,5.43,,Percale
crisp percale sheets,390,5.43,,Percale
percale crisp sheets,390,5.43,,Percale
what does percale mean in sheets,390,2.49,,Percale
twin percale sheets,390,2.79,,Percale
ralph lauren sheets percale,390,2.04,,Percale
percale sheets twin,390,2.79,,Percale
lands end sheets percale,390,2.67,,Percale
ralph lauren percale sheets,390,2.04,,Percale
best fabric for cooling sheets,390,2.82,9,Cloud Cool / Cooling
bedsure cooling sheets,390,3.22,4,Cloud Cool / Cooling
twin xl sheets cooling,390,2.9,14,Cloud Cool / Cooling
brooklinen cooling sheets,390,1.62,,Cloud Cool / Cooling
cooling sheets for summer,390,3.76,,Cloud Cool / Cooling
best material for cooling sheets,390,2.82,,Cloud Cool / Cooling
cooling sheets twin xl,390,2.9,14,Cloud Cool / Cooling
sheex cooling sheets,390,4.67,,Cloud Cool / Cooling
cooling twin xl sheets,390,2.9,2,Cloud Cool / Cooling
twin xl cooling sheets,390,2.9,3,Cloud Cool / Cooling
cooling sheets for menopause,390,3.91,,Cloud Cool / Cooling
rest cooling comforter review,390,2.05,3,Cloud Cool / Cooling
rest evercool cooling comforter king,390,1.17,7,Cloud Cool / Cooling
cooling bedding comforter,390,3.05,9,Cloud Cool / Cooling
affordable cooling comforter,390,1.48,,Cloud Cool / Cooling
cozy bliss cooling comforter,390,1.55,,Cloud Cool / Cooling
best cooling comforter for night sweats,390,3.42,4,Cloud Cool / Cooling
cooling bed comforter,390,3.05,9,Cloud Cool / Cooling
mellow cooling comforter,390,2.05,3,Cloud Cool / Cooling
rest cooling comforter reviews,390,2.05,4,Cloud Cool / Cooling
cooling blanket menopause,390,3,3,Cloud Cool / Cooling
how to wash a cooling blanket,390,0.01,,Cloud Cool / Cooling
menopause cooling blanket,390,3,3,Cloud Cool / Cooling
cooling blanket hot flashes,390,2.4,1,Cloud Cool / Cooling
cooling blanket for menopause,390,3,3,Cloud Cool / Cooling
target cooling blanket,390,0.56,,Cloud Cool / Cooling
cooling blanket hospital,390,1.28,,Cloud Cool / Cooling
summer cooling blanket,390,1.98,12,Cloud Cool / Cooling
cooling blanket in hospital,390,1.28,,Cloud Cool / Cooling
cooling blanket for hot flashes,390,2.4,6,Cloud Cool / Cooling
hospital cooling blanket,390,1.28,,Cloud Cool / Cooling
best cooling duvet cover,390,7.5,,Cloud Cool / Cooling
best cooling duvet covers,390,7.5,9,Cloud Cool / Cooling
how to end a chunky knit blanket,390,0,,Snug (Chunky Knit / Faux Fur)
chunky knit blanket kit,390,0.66,,Snug (Chunky Knit / Faux Fur)
chunky knit blanket kits,390,0.66,,Snug (Chunky Knit / Faux Fur)
knit chunky blanket kit,390,0.66,,Snug (Chunky Knit / Faux Fur)
chunky blanket knit kit,390,0.66,,Snug (Chunky Knit / Faux Fur)
chunky knit blanket loom,390,0.4,,Snug (Chunky Knit / Faux Fur)
faux fur throw blanket brown,390,1.2,,Snug (Chunky Knit / Faux Fur)
ruched faux fur throw,390,2.63,,Snug (Chunky Knit / Faux Fur)
brown faux fur throw blanket,390,1.2,,Snug (Chunky Knit / Faux Fur)
faux fur ruched throw,390,2.63,,Snug (Chunky Knit / Faux Fur)
cozy bliss faux fur throw blanket,390,0.8,,Snug (Chunky Knit / Faux Fur)
frye faux fur throw,390,1.03,,Snug (Chunky Knit / Faux Fur)
rachel zoe faux fur throw,390,0.55,,Snug (Chunky Knit / Faux Fur)
gots certified organic cotton crib sheets,390,2.44,,Organic Cotton
usa made organic cotton sheets,390,4.84,,Organic Cotton
organic cotton sheets made in usa,390,4.84,,Organic Cotton
made in usa organic cotton sheets,390,4.84,,Organic Cotton
made in the usa organic cotton sheets,390,4.84,,Organic Cotton
organic cotton sheets made in the usa,390,4.84,,Organic Cotton
organic cotton bed sheets made in usa,390,4.84,,Organic Cotton
american made organic cotton sheets,390,4.84,,Organic Cotton
red velvet quilt,390,0.78,,Velvet
velvet quilt red,390,0.78,,Velvet
velvet quilt pottery barn,390,4.76,,Velvet
pottery barn velvet quilt,390,4.76,,Velvet
cotton velvet quilt,390,1.76,,Velvet
velvet cotton quilt,390,1.76,,Velvet
velvet duvet covers king,390,2.34,,Velvet
velvet duvet,390,1.38,,Velvet
king duvet cover velvet,390,2.34,,Velvet
velvet duvet cover king,390,2.34,,Velvet
velvet king duvet cover,390,2.34,,Velvet
king velvet duvet cover,390,2.34,,Velvet
king velvet duvet covers,390,2.34,,Velvet
chakir turkish linens bath towels,390,1.61,,Bath / Towels
turkish towels bathrobe,390,1.59,,Bath / Towels
wetcat turkish towels,390,1.5,8,Bath / Towels
slowtide turkish towels,390,0.7,,Bath / Towels
turkish towels bathrobes,390,1.59,,Bath / Towels
wet cat turkish towels,390,1.5,12,Bath / Towels
best turkish beach towels,390,1.9,9,Bath / Towels
turkish towels robes,390,1.59,,Bath / Towels
bamboo reusable paper towels,390,0.92,7,Bath / Towels
bamboo facial towels,390,1.83,,Bath / Towels
bamboo face towels,390,1.83,,Bath / Towels
reusable bamboo paper towels,390,0.92,,Bath / Towels
gots certified organic cotton towels,390,3.44,,Bath / Towels
lyocell bedding,320,3.6,,Silky Lyocell (TENCEL™)
cozy earth bamboo bedding,320,4.92,,Premium Lumière (Bamboo)
sheets 100 modal,320,3.18,,Naked Modal
100 modal sheets,320,3.18,,Naked Modal
modal pajamas set women,320,1.21,,Naked Modal
target modal : pajamas,320,0.28,,Naked Modal
cotton modal pajamas,320,0.92,,Naked Modal
target modal pajamas,320,0.28,,Naked Modal
west elm duvet cover linen,320,5.7,,European Flax Linacel (Linen)
linen pink duvet cover,320,3.16,,European Flax Linacel (Linen)
west elm linen duvet cover,320,5.7,,European Flax Linacel (Linen)
flax linen duvet cover,320,4.86,,European Flax Linacel (Linen)
french flax linen duvet cover,320,4.05,,European Flax Linacel (Linen)
linen duvet cover pink,320,3.16,,European Flax Linacel (Linen)
linen duvet cover west elm,320,5.7,,European Flax Linacel (Linen)
linen and cotton duvet cover,320,2.79,,European Flax Linacel (Linen)
linen duvet cover amazon,320,2.47,,European Flax Linacel (Linen)
linen duvet cover organic,320,6.42,,European Flax Linacel (Linen)
amazon linen duvet cover,320,2.47,,European Flax Linacel (Linen)
linen cotton duvet cover,320,2.79,,European Flax Linacel (Linen)
organic linen duvet cover,320,6.42,,European Flax Linacel (Linen)
cotton linen duvet cover,320,2.79,,European Flax Linacel (Linen)
linen flax duvet cover,320,4.86,,European Flax Linacel (Linen)
pink linen duvet cover,320,3.16,,European Flax Linacel (Linen)
how to swaddle using a muslin blanket,320,0.48,15,Muslin
how to swaddle with muslin blanket,320,0.48,,Muslin
chick pea muslin blanket,320,0.4,,Muslin
chickpea muslin blanket,320,0.4,,Muslin
how to swaddle muslin blanket,320,0.48,,Muslin
organic muslin blanket,320,2.44,,Muslin
muslin queen size blanket,320,1.53,,Muslin
best muslin blanket for adults,320,2.55,,Muslin
muslin blanket queen size,320,1.53,,Muslin
queen size muslin blanket,320,1.53,,Muslin
how to swaddle with a muslin blanket,320,0.48,,Muslin
muslin bedding set,320,1.42,,Muslin
king size waffle blanket,320,1.79,,Waffle
crochet waffle blanket pattern,320,0.37,2,Waffle
king size blanket waffle,320,1.79,,Waffle
waffle blanket king size,320,1.79,,Waffle
waffle pattern crochet blanket,320,0.37,2,Waffle
waffle crochet blanket pattern,320,0.37,,Waffle
waffle blanket crochet pattern,320,0.37,3,Waffle
waffle dish towel,320,0.97,,Waffle
parachute waffle towel,320,2.44,,Waffle
organic cotton waffle robe,320,1.98,,Waffle
waffle duvet cover king,320,2.61,,Waffle
queen sateen sheets,320,4.76,,Luce Cotton Sateen
sateen queen sheets,320,4.76,,Luce Cotton Sateen
organic sateen sheets,320,10.41,,Luce Cotton Sateen
sateen sheets queen,320,4.76,,Luce Cotton Sateen
luxe sateen sheets,320,13.48,,Luce Cotton Sateen
long staple cotton sateen sheets,320,4.36,,Luce Cotton Sateen
organic cotton sateen sheets,320,5.14,,Luce Cotton Sateen
long-staple cotton sateen sheets,320,4.36,,Luce Cotton Sateen
sateen bed sheets queen,320,4.76,,Luce Cotton Sateen
queen sheets sateen,320,4.76,1,Luce Cotton Sateen
twin xl cotton percale sheets,320,2.85,,Percale
supima cotton sheets percale,320,3.86,,Percale
twin xl sheets cotton percale,320,2.85,,Percale
percale xl twin sheets,320,4.65,,Percale
king size percale sheets,320,3.09,,Percale
king size percale bed sheets,320,3.09,,Percale
cotton percale twin xl sheets,320,2.85,,Percale
percale sheets striped,320,3.21,,Percale
thomas lee percale sheets,320,2.78,5,Percale
percale striped sheets,320,3.21,,Percale
supima cotton percale sheets,320,3.86,,Percale
percale twin xl fitted sheets,320,4.65,,Percale
costco percale sheets,320,2.37,2,Percale
old fashioned crisp cotton percale sheets,320,2.22,,Percale
percale supima cotton sheets,320,3.86,,Percale
percale sheets twin xl,320,4.65,,Percale
supima percale cotton sheets,320,3.86,,Percale
twin xl sheets percale,320,4.65,,Percale
deep pocket percale sheets,320,4.71,,Percale
cotton percale sheets twin xl,320,2.85,,Percale
percale sheets costco,320,2.37,,Percale
king size sheets percale,320,3.09,,Percale
twin xl percale sheets,320,4.65,,Percale
percale sheets king size,320,3.09,,Percale
stripe percale sheets,320,3.21,,Percale
percale king size sheets,320,3.09,,Percale
striped percale sheets,320,3.21,,Percale
percale sheets deep pocket,320,4.71,,Percale
xl twin percale sheets,320,4.65,,Percale
deep pocket sheets percale,320,4.71,,Percale
twin xl percale fitted sheets,320,4.65,,Percale
percale sheets king set,320,3.99,,Percale
percale twin xl sheets,320,4.65,,Percale
percale deep pocket sheets,320,4.71,,Percale
llbean cotton percale sheets,320,2.59,,Percale
100 organic cotton percale sheets,320,4.7,,Percale
the best cooling sheets,320,5.1,4,Cloud Cool / Cooling
cooling sheets material,320,3.54,9,Cloud Cool / Cooling
cooling sheets at walmart,320,0.38,,Cloud Cool / Cooling
cooling sheets walmart,320,0.38,,Cloud Cool / Cooling
walmart cooling sheets,320,0.38,,Cloud Cool / Cooling
cooling bed sheets amazon,320,1.22,7,Cloud Cool / Cooling
cooling sheets for horses,320,1.21,,Cloud Cool / Cooling
horse cooling sheets,320,1.21,,Cloud Cool / Cooling
what are the best cooling sheets,320,4,5,Cloud Cool / Cooling
amazon cooling sheets,320,1.22,,Cloud Cool / Cooling
king cooling sheets,320,2.83,12,Cloud Cool / Cooling
cooling sheets amazon,320,1.22,,Cloud Cool / Cooling
cooling bed sheets walmart,320,0.38,,Cloud Cool / Cooling
evercool cooling comforter review,320,1.75,2,Cloud Cool / Cooling
evercool cooling comforter reviews,320,1.75,2,Cloud Cool / Cooling
coma inducer cooling comforter,320,1.84,,Cloud Cool / Cooling
bedsure cooling comforter,320,1.7,,Cloud Cool / Cooling
cooling blanket target,320,0.24,,Cloud Cool / Cooling
cooling blanket : target,320,0.24,,Cloud Cool / Cooling
topcee cooling blanket,320,0.48,,Cloud Cool / Cooling
what is the best cooling blanket,320,2.61,3,Cloud Cool / Cooling
cooling blanket king size,320,2.23,1,Cloud Cool / Cooling
ynm cooling weighted blanket,320,1.47,,Cloud Cool / Cooling
cooling blanket reddit,320,3.07,,Cloud Cool / Cooling
y n m cooling weighted blanket,320,1.47,,Cloud Cool / Cooling
chunky cable knit blanket,320,1.37,,Snug (Chunky Knit / Faux Fur)
cable knit blanket chunky,320,1.37,,Snug (Chunky Knit / Faux Fur)
chunky arm knit blanket,320,0.34,,Snug (Chunky Knit / Faux Fur)
arm knit chunky blanket,320,0.34,,Snug (Chunky Knit / Faux Fur)
chunky knit arm blanket,320,0.34,,Snug (Chunky Knit / Faux Fur)
cable knit chunky blanket,320,1.37,,Snug (Chunky Knit / Faux Fur)
king size chunky knit blanket,320,0.68,,Snug (Chunky Knit / Faux Fur)
chunky knit blanket designs,320,0.22,,Snug (Chunky Knit / Faux Fur)
chunky knit blanket with arms,320,0.34,,Snug (Chunky Knit / Faux Fur)
chunky knit cable blanket,320,1.37,,Snug (Chunky Knit / Faux Fur)
chunky knit blanket king size,320,0.68,,Snug (Chunky Knit / Faux Fur)
arm knit a chunky blanket,320,0.34,,Snug (Chunky Knit / Faux Fur)
oversized chunky knit blanket,320,0.67,,Snug (Chunky Knit / Faux Fur)
chenille chunky knit blanket,320,1.47,,Snug (Chunky Knit / Faux Fur)
chunky knit king size blanket,320,0.68,,Snug (Chunky Knit / Faux Fur)
chunky knit blanket arm knit,320,0.34,5,Snug (Chunky Knit / Faux Fur)
chunky blanket arm knit,320,0.34,,Snug (Chunky Knit / Faux Fur)
black faux fur throw blanket,320,3.33,,Snug (Chunky Knit / Faux Fur)
faux fur throw blanket black,320,3.33,,Snug (Chunky Knit / Faux Fur)
faux fur throw on sofa,320,2.73,,Snug (Chunky Knit / Faux Fur)
faux fur throw for sofa,320,2.73,,Snug (Chunky Knit / Faux Fur)
sofa faux fur throw,320,2.73,,Snug (Chunky Knit / Faux Fur)
faux fur green throw,320,0.71,,Snug (Chunky Knit / Faux Fur)
faux fur throw on couch,320,2.73,,Snug (Chunky Knit / Faux Fur)
faux fur throw green,320,0.71,,Snug (Chunky Knit / Faux Fur)
faux fur throw sofa,320,2.73,,Snug (Chunky Knit / Faux Fur)
berkshire luxe faux fur heated throw,320,0.4,,Snug (Chunky Knit / Faux Fur)
faux fur couch throw,320,2.73,,Snug (Chunky Knit / Faux Fur)
faux fur black throw blanket,320,3.33,,Snug (Chunky Knit / Faux Fur)
faux fur throw for couch,320,2.73,,Snug (Chunky Knit / Faux Fur)
green faux fur throw,320,0.71,,Snug (Chunky Knit / Faux Fur)
faux fur sofa throw,320,2.73,,Snug (Chunky Knit / Faux Fur)
knit throw blanket patterns,320,0.34,,Snug (Chunky Knit / Faux Fur)
knit throw blanket pattern,320,0.34,,Snug (Chunky Knit / Faux Fur)
avocado organic cotton sheets,320,6.63,,Organic Cotton
100 organic cotton crib sheets,320,1.52,,Organic Cotton
quince organic cotton sheets,320,1.32,,Organic Cotton
organic cotton childrens bedding,320,3.03,,Organic Cotton
organic cotton 4 piece bedding set,320,1.46,,Organic Cotton
velvet queen quilt,320,1.55,,Velvet
target velvet quilt,320,0.72,,Velvet
velvet quilt queen,320,1.55,,Velvet
velvet quilt target,320,0.72,,Velvet
velvet patchwork quilt,320,0.49,,Velvet
queen velvet quilt,320,1.55,,Velvet
patchwork velvet quilt,320,0.49,,Velvet
best turkish bath towels,320,3.67,,Bath / Towels
brooklinen super plush turkish cotton towels,320,2.17,,Bath / Towels
pestemal turkish towels,320,1.62,19,Bath / Towels
peshtemal turkish towels,320,1.62,,Bath / Towels
turkish peshtemal bath towels,320,1.62,,Bath / Towels
turkish towels peshtemal,320,1.62,,Bath / Towels
turkish peshtemal towels,320,1.62,,Bath / Towels
reel paper bamboo paper towels,320,0.71,,Bath / Towels
organic cotton kitchen towels,320,1.89,,Bath / Towels
lyocell cotton sheets,260,1.8,,Silky Lyocell (TENCEL™)
cool tencel lyocell sheet set,260,1.17,,Silky Lyocell (TENCEL™)
cotton lyocell sheets,260,1.8,,Silky Lyocell (TENCEL™)
lyocell comforter,260,2.55,,Silky Lyocell (TENCEL™)
lyocell sheets queen,260,3.52,,Silky Lyocell (TENCEL™)
lyocell and cotton sheets,260,1.8,,Silky Lyocell (TENCEL™)
tencel queen fitted sheet,260,3.52,,Silky Lyocell (TENCEL™)
hooga tencel bed sheets,260,0.32,,Silky Lyocell (TENCEL™)
tencel sheets queen,260,3.52,,Silky Lyocell (TENCEL™)
tencel queen sheets,260,3.52,,Silky Lyocell (TENCEL™)
cotton tencel sheets,260,1.8,,Silky Lyocell (TENCEL™)
tencel and cotton sheets,260,1.8,,Silky Lyocell (TENCEL™)
tencel bed sheets queen,260,3.52,,Silky Lyocell (TENCEL™)
pottery barn tencel sheets,260,2.48,,Silky Lyocell (TENCEL™)
queen tencel sheets,260,3.52,,Silky Lyocell (TENCEL™)
target tencel sheets,260,0.97,,Silky Lyocell (TENCEL™)
tencel sheets target,260,0.97,,Silky Lyocell (TENCEL™)
cotton and tencel sheets,260,1.8,,Silky Lyocell (TENCEL™)
ettitude bamboo duvet cover,260,8.36,,Premium Lumière (Bamboo)
king bamboo duvet cover,260,6.08,,Premium Lumière (Bamboo)
bamboo duvet cover king,260,6.08,,Premium Lumière (Bamboo)
modal christmas pajamas,260,0.92,,Naked Modal
modal cotton pajamas,260,1.3,,Naked Modal
cotton and modal pajamas,260,1.3,,Naked Modal
washed linen duvet cover,260,7.11,,European Flax Linacel (Linen)
ruffle linen duvet cover,260,1.58,,European Flax Linacel (Linen)
king size duvet cover linen,260,5.4,,European Flax Linacel (Linen)
wash linen duvet cover,260,7.11,,European Flax Linacel (Linen)
linen duvet cover with ruffle,260,1.58,,European Flax Linacel (Linen)
full linen duvet cover,260,2.72,,European Flax Linacel (Linen)
linen full duvet cover,260,2.72,,European Flax Linacel (Linen)
linen king size duvet cover,260,5.4,,European Flax Linacel (Linen)
100 linen duvet cover king,260,3.23,,European Flax Linacel (Linen)
ruffled linen duvet cover,260,1.58,,European Flax Linacel (Linen)
linen duvet cover ruffle,260,1.58,,European Flax Linacel (Linen)
european linen duvet cover set,260,5.18,,European Flax Linacel (Linen)
linen duvet cover king size,260,5.4,2,European Flax Linacel (Linen)
linen ruffled duvet cover,260,1.58,,European Flax Linacel (Linen)
king size linen duvet cover,260,5.4,,European Flax Linacel (Linen)
linen ruffle duvet cover,260,1.58,,European Flax Linacel (Linen)
linen duvet cover full,260,2.72,,European Flax Linacel (Linen)
toy story muslin blanket,260,0.46,,Muslin
security blanket muslin,260,1.85,,Muslin
muslin twin blanket,260,0.94,,Muslin
the fleece company muslin blanket,260,1.71,,Muslin
muslin blanket twin,260,0.94,,Muslin
muslin blanket target,260,0.29,,Muslin
muslin security blanket,260,1.85,,Muslin
muslin blanket for newborn,260,0.23,,Muslin
target muslin blanket,260,0.29,,Muslin
muslin comfort blanket,260,1.85,,Muslin
twin muslin blanket,260,0.94,,Muslin
best muslin blanket,260,2.55,,Muslin
muslin blanket : target,260,0.29,,Muslin
muslin throw,260,1.16,,Muslin
best waffle blanket,260,3.63,,Waffle
waffle towel set,260,1.94,,Waffle
best waffle bath towel,260,4.87,,Waffle
ikea waffle towel,260,0.49,,Waffle
waffle towel sets,260,1.94,,Waffle
waffle towel target,260,0.5,,Waffle
waffle robe target,260,0.39,,Waffle
turkish waffle robe,260,2.37,,Waffle
waffle robe pink,260,1.03,,Waffle
organic turkish waffle robe,260,3.13,,Waffle
target waffle robe,260,0.39,,Waffle
waffle robe : target,260,0.39,,Waffle
pink waffle robe,260,1.03,,Waffle
waffle knit duvet cover,260,1.91,,Waffle
quince waffle duvet,260,0.74,,Waffle
waffle duvet,260,2.34,,Waffle
duvet waffle,260,2.34,,Waffle
sateen bed sheets king,260,4.89,,Luce Cotton Sateen
sateen sheets ralph lauren,260,2.09,,Luce Cotton Sateen
sateen sheets king,260,4.89,,Luce Cotton Sateen
king sateen sheets,260,4.89,,Luce Cotton Sateen
king sheets sateen,260,4.89,,Luce Cotton Sateen
best sateen cotton sheets,260,4.73,9,Luce Cotton Sateen
sateen king sheets,260,4.89,,Luce Cotton Sateen
ralph lauren sheets sateen,260,2.09,,Luce Cotton Sateen
ralph lauren sateen sheets,260,2.09,,Luce Cotton Sateen
what is cotton sateen sheets,260,1.05,,Luce Cotton Sateen
best cotton sateen bed sheets,260,4.73,,Luce Cotton Sateen
best cotton sateen sheets,260,4.73,9,Luce Cotton Sateen
percale bamboo sheets,260,4.48,,Percale
are percale sheets good,260,1.83,,Percale
percale sheets macys,260,0.96,,Percale
percale 400 thread count sheets,260,4.53,,Percale
what are percale sheets made of,260,1.93,,Percale
400 tc percale sheets,260,4.53,,Percale
percale supima sheets,260,5.59,,Percale
are percale sheets the best,260,1.83,,Percale
percale vs bamboo sheets,260,5.15,,Percale
400 thread count percale sheets,260,4.53,,Percale
percale sheets sale,260,2.31,,Percale
macy's percale sheets,260,0.96,,Percale
boll and branch percale sheets,260,4.77,,Percale
percale sheets threshold,260,0.85,,Percale
percale bed sheets sale,260,2.31,,Percale
percale sheets 400 thread count,260,4.53,,Percale
threshold percale sheets,260,0.85,,Percale
what is percale sheets made of,260,1.93,,Percale
percale sheets amazon,260,1.23,,Percale
macys percale sheets,260,0.96,,Percale
percale sheets on sale,260,2.31,,Percale
100 cotton percale sheets queen,260,1.36,,Percale
martha stewart sheets percale,260,0.79,,Percale
percale weave cotton sheets,260,3.23,,Percale
laura ashley percale sheets,260,0.65,,Percale
brooklinen cotton percale sheets,260,2.17,,Percale
company store percale sheets,260,3.44,,Percale
percale 400 count sheets,260,4.53,,Percale
amazon percale sheets,260,1.23,3,Percale
100 percale cotton sheets queen,260,1.36,,Percale
bamboo percale sheets,260,4.48,,Percale
martha stewart percale sheets,260,0.79,,Percale
casaluna percale sheets,260,1.81,,Percale
100 cotton percale queen sheets,260,1.36,,Percale
percale sheets martha stewart,260,0.79,,Percale
percale sheets for sale,260,2.31,,Percale
supima percale sheets,260,5.59,,Percale
percale sheets company store,260,3.44,,Percale
percale sheets macy's,260,0.96,,Percale
sale percale sheets,260,2.31,,Percale
are cotton sheets cooling,260,1.9,,Cloud Cool / Cooling
cooling gel sheets for fever,260,0,,Cloud Cool / Cooling
cooling bed sheets twin,260,2.61,,Cloud Cool / Cooling
saatva cooling sheets,260,4.25,,Cloud Cool / Cooling
cooling sheets queen size,260,2.63,3,Cloud Cool / Cooling
cooling sheets twin,260,2.61,1,Cloud Cool / Cooling
best cooling sheets for menopause,260,3.84,,Cloud Cool / Cooling
do cooling sheets work,260,2.23,1,Cloud Cool / Cooling
cooling queen size sheets,260,2.63,,Cloud Cool / Cooling
queen size cooling sheets,260,2.63,3,Cloud Cool / Cooling
are microfiber sheets cooling,260,0.84,,Cloud Cool / Cooling
cooling sheets near me,260,0.92,,Cloud Cool / Cooling
are linen sheets cooling,260,3.58,,Cloud Cool / Cooling
king size cooling comforter,260,3.05,,Cloud Cool / Cooling
fluffy cooling comforter,260,3,6,Cloud Cool / Cooling
king cooling comforter,260,3.08,2,Cloud Cool / Cooling
sutton place collection cooling comforter,260,1.22,,Cloud Cool / Cooling
cooling california king comforter,260,3.6,2,Cloud Cool / Cooling
below zero cooling comforter costco,260,0.61,,Cloud Cool / Cooling
ikea cooling comforter,260,0.61,,Cloud Cool / Cooling
cooling heavy blanket,260,2.07,,Cloud Cool / Cooling
pet cooling blanket,260,1.2,1,Cloud Cool / Cooling
phase change cooling blanket,260,2.43,,Cloud Cool / Cooling
queen size cooling blanket,260,1.38,8,Cloud Cool / Cooling
aldi cooling blanket,260,0.23,,Cloud Cool / Cooling
phase change material cooling blanket,260,0.73,,Cloud Cool / Cooling
homfine cooling blanket,260,0.85,,Cloud Cool / Cooling
cooling blanket that actually works,260,2.7,10,Cloud Cool / Cooling
best cooling blanket for menopause,260,2.65,6,Cloud Cool / Cooling
cooling blanket for newborns,260,0.64,,Cloud Cool / Cooling
cooling blanket for pets,260,1.2,1,Cloud Cool / Cooling
how to wash cooling blanket,260,0,,Cloud Cool / Cooling
the best cooling blanket,260,2.24,6,Cloud Cool / Cooling
heavy cooling blanket,260,2.07,,Cloud Cool / Cooling
neonatal cooling blanket,260,0.64,,Cloud Cool / Cooling
gravity cooling blanket,260,3.77,9,Cloud Cool / Cooling
infant cooling blanket,260,0.64,,Cloud Cool / Cooling
cooling pet blanket,260,1.2,1,Cloud Cool / Cooling
sam's club cooling blanket,260,0.29,,Cloud Cool / Cooling
best cooling blanket for dogs,260,2.14,5,Cloud Cool / Cooling
best cooling duvet,260,5.59,4,Cloud Cool / Cooling
casaluna chunky knit blanket,260,0.47,,Snug (Chunky Knit / Faux Fur)
chunky knit blanket : target,260,0.41,,Snug (Chunky Knit / Faux Fur)
chunky knit blanket needles,260,0.61,,Snug (Chunky Knit / Faux Fur)
chunky knit blanket target,260,0.41,,Snug (Chunky Knit / Faux Fur)
target chunky knit blanket,260,0.41,,Snug (Chunky Knit / Faux Fur)
chunky knit yarn for blanket,260,1.37,,Snug (Chunky Knit / Faux Fur)
how to start a chunky knit blanket,260,0,,Snug (Chunky Knit / Faux Fur)
faux fur white throw,260,1.4,,Snug (Chunky Knit / Faux Fur)
faux rabbit fur throw blanket,260,1.44,,Snug (Chunky Knit / Faux Fur)
white faux fur throw,260,1.4,,Snug (Chunky Knit / Faux Fur)
faux fur animal print throw,260,2.28,,Snug (Chunky Knit / Faux Fur)
leopard print faux fur throw,260,2.28,,Snug (Chunky Knit / Faux Fur)
life comfort ultimate faux fur throw,260,0.37,,Snug (Chunky Knit / Faux Fur)
nicole miller faux fur throw,260,0.72,,Snug (Chunky Knit / Faux Fur)
faux fur throw white,260,1.4,,Snug (Chunky Knit / Faux Fur)
faux white fur throw,260,1.4,,Snug (Chunky Knit / Faux Fur)
faux fur throw animal print,260,2.28,,Snug (Chunky Knit / Faux Fur)
luxe faux fur throw blanket,260,3.05,,Snug (Chunky Knit / Faux Fur)
animal print faux fur throw,260,2.28,,Snug (Chunky Knit / Faux Fur)
organic cotton sheets for sensitive skin,260,0,,Organic Cotton
organic cotton jersey knit sheets,260,4.37,,Organic Cotton
organic jersey cotton sheets,260,4.37,,Organic Cotton
organic cotton jersey sheets,260,4.37,,Organic Cotton
velvet quilt sets,260,1.06,,Velvet
velvet blue quilt,260,1.64,,Velvet
brown velvet quilt,260,2.6,,Velvet
velvet quilt set,260,1.06,,Velvet
blue velvet quilt,260,1.64,,Velvet
velvet quilt blue,260,1.64,,Velvet
wetcat turkish beach towels,260,1.75,,Bath / Towels
turkish towels near me,260,0.45,,Bath / Towels
sand cloud turkish towels,260,0.89,,Bath / Towels
chakir turkish linens towels,260,0.53,,Bath / Towels
bulk turkish towels,260,2.39,,Bath / Towels
bulk turkish beach towels,260,1.98,,Bath / Towels
turkish beach towels bulk,260,1.98,,Bath / Towels
100 organic turkish cotton towels,260,0.3,,Bath / Towels
turkish towels bulk,260,2.39,,Bath / Towels
reel bamboo paper towels,260,1.26,,Bath / Towels
alfred sung bamboo towels,260,1.19,,Bath / Towels
lyocell fitted sheet,210,2.72,,Silky Lyocell (TENCEL™)
lyocell bedding set,210,2.72,,Silky Lyocell (TENCEL™)
lyocell sheets vs cotton sheets,210,1.8,,Silky Lyocell (TENCEL™)
lyocell duvet cover,210,2.07,,Silky Lyocell (TENCEL™)
lyocell bed sheets,210,2.72,,Silky Lyocell (TENCEL™)
lyocell duvet covers,210,2.07,,Silky Lyocell (TENCEL™)
lyocell vs cotton sheets,210,1.8,,Silky Lyocell (TENCEL™)
bamboo queen bedding,210,4.35,,Premium Lumière (Bamboo)
bamboo mat bedding,210,0.39,,Premium Lumière (Bamboo)
bamboo viscose duvet cover,210,3.43,,Premium Lumière (Bamboo)
cozy earth bamboo pillowcase,210,4.71,,Premium Lumière (Bamboo)
jersey knit modal sheets,210,3.25,,Naked Modal
modal sheets pure beech,210,3.96,,Naked Modal
pure beech modal sheets,210,3.96,,Naked Modal
jersey modal sheets,210,3.25,,Naked Modal
modal jersey knit sheets,210,3.25,,Naked Modal
modal jersey sheets,210,3.25,,Naked Modal
pure beech sheets modal,210,3.96,,Naked Modal
stonewashed linen duvet cover,210,5.62,,European Flax Linacel (Linen)
linen vs cotton duvet cover,210,4.48,,European Flax Linacel (Linen)
how to wash linen duvet cover,210,0.98,,European Flax Linacel (Linen)
h&m linen duvet cover,210,2.16,,European Flax Linacel (Linen)
floral linen duvet cover,210,2.03,,European Flax Linacel (Linen)
casaluna linen duvet cover,210,1.54,,European Flax Linacel (Linen)
stone washed linen duvet cover,210,5.62,,European Flax Linacel (Linen)
cotton vs linen duvet cover,210,4.48,,European Flax Linacel (Linen)
linen blend duvet cover,210,3.82,,European Flax Linacel (Linen)
quince european linen duvet cover set,210,2.07,,European Flax Linacel (Linen)
how to wash a linen duvet cover,210,0.98,,European Flax Linacel (Linen)
linen duvet cover vs cotton,210,4.48,,European Flax Linacel (Linen)
linen floral duvet cover,210,2.03,,European Flax Linacel (Linen)
comfy cubs muslin blanket,210,1.19,,Muslin
muslin blanket king size,210,2.21,,Muslin
muslin comfort 365 blanket,210,2.2,2,Muslin
the fleece company muslin blanket reviews,210,2.02,,Muslin
waffle blanket : target,210,0.3,,Waffle
brooklinen waffle blanket,210,2.93,,Waffle
pottery barn waffle blanket,210,1.82,,Waffle
waffle blanket target,210,0.3,,Waffle
target waffle blanket,210,0.3,,Waffle
waffle golf towel,210,3.21,,Waffle
quince waffle towel,210,1.39,,Waffle
linen waffle towel,210,1.74,,Waffle
golf waffle towel,210,3.21,,Waffle
waffle weave dish towel,210,0.62,,Waffle
waffle weave car drying towel,210,0.67,,Waffle
imabari waffle towel,210,4.58,,Waffle
cotton waffle bath towel,210,1.62,,Waffle
world market waffle towel,210,0.67,,Waffle
golf towel waffle,210,3.21,,Waffle
waffle linen towel,210,1.74,,Waffle
women's waffle weave robe,210,1.52,,Waffle
waffle weave womens robe,210,1.52,,Waffle
men's waffle knit robe,210,2.14,3,Waffle
waffle robe long,210,1.69,,Waffle
cotton waffle robe women's,210,1.24,,Waffle
short waffle robe,210,1.72,,Waffle
cotton waffle robe women,210,1.24,,Waffle
plus size waffle robe,210,1.51,,Waffle
women's cotton waffle robe,210,1.24,,Waffle
waffle robe plus size,210,1.51,,Waffle
waffle robe short,210,1.72,,Waffle
waffle weave robe womens,210,1.52,,Waffle
womens cotton waffle robe,210,1.24,,Waffle
waffle bath robe men,210,3.35,,Waffle
waffle knit mens robe,210,2.14,,Waffle
waffle short robe,210,1.72,,Waffle
waffle weave resort robe,210,2.7,,Waffle
cotton waffle robe womens,210,1.24,,Waffle
mens waffle bath robe,210,3.35,,Waffle
waffle knit robe men,210,2.14,,Waffle
long waffle robe,210,1.69,,Waffle
pottery barn waffle weave resort robe,210,2.25,,Waffle
target sateen sheets,210,1.19,,Luce Cotton Sateen
sateen sheets : target,210,1.19,,Luce Cotton Sateen
400 tc sateen sheets,210,4.39,,Luce Cotton Sateen
sateen sheets target,210,1.19,,Luce Cotton Sateen
400 thread count sateen sheets,210,4.39,,Luce Cotton Sateen
sateen 400 thread count sheets,210,4.39,,Luce Cotton Sateen
quince sateen sheets,210,0.89,,Luce Cotton Sateen
sateen sheets 400 thread count,210,4.39,,Luce Cotton Sateen
split king sheets percale,210,4.25,,Percale
percale sheets 200 thread count,210,2.19,2,Percale
organic percale cotton sheets,210,3.95,,Percale
percale sheets split king,210,4.25,,Percale
percale cal king sheets,210,4.87,,Percale
percale printed sheets,210,2.58,,Percale
percale sheets cal king,210,4.87,,Percale
percale print sheets,210,2.58,,Percale
california king percale bed sheets,210,4.87,,Percale
hotel sheets percale,210,4.43,,Percale
hotel percale sheets,210,4.43,,Percale
california king percale sheets,210,4.87,,Percale
percale split king sheets,210,4.25,,Percale
percale sheets printed,210,2.58,,Percale
percale sheets at walmart,210,0.35,,Percale
percale cooling sheets,210,4.67,,Percale
garnet hill percale sheets,210,3.83,,Percale
split king percale sheets,210,4.25,,Percale
organic cotton percale bed sheets,210,4.64,,Percale
the company store percale sheets,210,1.56,,Percale
percale sheets reddit,210,10.17,,Percale
jcpenney percale sheets,210,0.54,,Percale
200 thread count percale sheets,210,2.19,2,Percale
walmart percale sheets,210,0.35,,Percale
top rated cooling sheets,210,5.09,5,Cloud Cool / Cooling
how do cooling sheets work,210,2.9,,Cloud Cool / Cooling
best cooling soft sheets,210,5.6,2,Cloud Cool / Cooling
cooling california king sheets,210,4.55,,Cloud Cool / Cooling
cooling bed sheets for summer,210,2.15,,Cloud Cool / Cooling
cooling bed sheets california king,210,4.55,2,Cloud Cool / Cooling
california king cooling sheets,210,4.55,,Cloud Cool / Cooling
bamboo viscose cooling sheets,210,4.18,2,Cloud Cool / Cooling
consumer reports best cooling sheets,210,3.08,22,Cloud Cool / Cooling
self cooling sheets,210,4.95,13,Cloud Cool / Cooling
cooling bed sheets king,210,4.77,19,Cloud Cool / Cooling
tempur-pedic cooling sheets,210,2.21,,Cloud Cool / Cooling
how does cooling sheets work,210,2.9,,Cloud Cool / Cooling
tempur pedic cooling sheets,210,2.21,,Cloud Cool / Cooling
soft and cooling sheets,210,4.01,1,Cloud Cool / Cooling
quince cooling sheets,210,1.69,,Cloud Cool / Cooling
best bamboo cooling sheets,210,5.89,,Cloud Cool / Cooling
soft cooling bed sheets,210,4.01,,Cloud Cool / Cooling
are satin sheets cooling,210,2.86,,Cloud Cool / Cooling
cooling sheets nearby,210,0.37,,Cloud Cool / Cooling
best cooling sheets reddit,210,6.83,,Cloud Cool / Cooling
cooling sheets california king,210,4.55,5,Cloud Cool / Cooling
cooling sheets for hot weather,210,5.48,,Cloud Cool / Cooling
self cooling bed sheets,210,4.95,5,Cloud Cool / Cooling
best soft cooling sheets,210,5.6,2,Cloud Cool / Cooling
arlee cooling comforter,210,1.86,,Cloud Cool / Cooling
buffy cooling comforter,210,3.05,,Cloud Cool / Cooling
cooling king size comforter,210,3.22,2,Cloud Cool / Cooling
puredown ultra lightweight cooling down comforter,210,4.33,,Cloud Cool / Cooling
hudson and main cooling comforter,210,0.85,,Cloud Cool / Cooling
best cooling blanket reddit,210,3.15,,Cloud Cool / Cooling
water blanket cooling,210,1.25,,Cloud Cool / Cooling
cooling heating blanket,210,0.83,,Cloud Cool / Cooling
sleep number cooling blanket,210,2.51,,Cloud Cool / Cooling
bearaby cooling weighted blanket,210,1.32,,Cloud Cool / Cooling
rest blanket cooling,210,1.91,8,Cloud Cool / Cooling
columbia cooling blanket,210,0.56,,Cloud Cool / Cooling
q max cooling blanket,210,0.69,,Cloud Cool / Cooling
q-max cooling blanket,210,0.69,,Cloud Cool / Cooling
cooling blanket queen size,210,1.77,7,Cloud Cool / Cooling
top rated cooling blanket,210,3.75,10,Cloud Cool / Cooling
cooling water blanket,210,1.25,,Cloud Cool / Cooling
thermoelectric cooling blanket,210,2.18,,Cloud Cool / Cooling
ice cooling blanket,210,2.49,,Cloud Cool / Cooling
active cooling blanket,210,3.31,,Cloud Cool / Cooling
chunky knit blanket classes near me,210,0.34,,Snug (Chunky Knit / Faux Fur)
chunky knit blanket for beginners,210,0.09,3,Snug (Chunky Knit / Faux Fur)
chunky large knit blanket,210,0.66,7,Snug (Chunky Knit / Faux Fur)
chunky white knit blanket,210,0.76,,Snug (Chunky Knit / Faux Fur)
chunky knit blanket brown,210,0.66,,Snug (Chunky Knit / Faux Fur)
chunky knit brown blanket,210,0.66,,Snug (Chunky Knit / Faux Fur)
how much yarn to make chunky knit blanket,210,0.49,,Snug (Chunky Knit / Faux Fur)
how to wash chunky knit blanket,210,0,,Snug (Chunky Knit / Faux Fur)
chunky knit blanket big,210,0.66,10,Snug (Chunky Knit / Faux Fur)
chunky knit blanket pink,210,0.79,,Snug (Chunky Knit / Faux Fur)
chunky knit pink blanket,210,0.79,,Snug (Chunky Knit / Faux Fur)
chunky knit large blanket,210,0.66,,Snug (Chunky Knit / Faux Fur)
chunky knit blanket large,210,0.66,,Snug (Chunky Knit / Faux Fur)
how to finger knit a chunky blanket,210,0.46,,Snug (Chunky Knit / Faux Fur)
how much yarn for a chunky knit blanket,210,0.49,2,Snug (Chunky Knit / Faux Fur)
chunky knit blanket class near me,210,0.34,,Snug (Chunky Knit / Faux Fur)
chunky pink knit blanket,210,0.79,,Snug (Chunky Knit / Faux Fur)
pink chunky knit blanket,210,0.79,,Snug (Chunky Knit / Faux Fur)
big chunky blanket knit,210,0.66,10,Snug (Chunky Knit / Faux Fur)
how much yarn to knit a chunky blanket,210,0.49,,Snug (Chunky Knit / Faux Fur)
brown chunky knit blanket,210,0.66,,Snug (Chunky Knit / Faux Fur)
chunky knit white blanket,210,0.76,,Snug (Chunky Knit / Faux Fur)
white chunky knit blanket,210,0.76,,Snug (Chunky Knit / Faux Fur)
large chunky knit blanket,210,0.66,7,Snug (Chunky Knit / Faux Fur)
how much yarn for chunky knit blanket,210,0.49,,Snug (Chunky Knit / Faux Fur)
chunky knit blanket how much yarn,210,0.49,,Snug (Chunky Knit / Faux Fur)
chunky knit blanket white,210,0.76,,Snug (Chunky Knit / Faux Fur)
knit a big chunky blanket,210,0.66,7,Snug (Chunky Knit / Faux Fur)
multicolor chunky knit blanket,210,0.14,,Snug (Chunky Knit / Faux Fur)
chunky knit blanket color ideas,210,0.06,,Snug (Chunky Knit / Faux Fur)
how to hand knit a chunky blanket with 2 colors,210,0.27,,Snug (Chunky Knit / Faux Fur)
big chunky knit blanket,210,0.66,,Snug (Chunky Knit / Faux Fur)
west elm faux fur throw,210,2.5,,Snug (Chunky Knit / Faux Fur)
heated faux fur throw,210,0.95,,Snug (Chunky Knit / Faux Fur)
bubble faux fur throw,210,0.57,,Snug (Chunky Knit / Faux Fur)
faux fur throw heated,210,0.95,,Snug (Chunky Knit / Faux Fur)
faux fur throw west elm,210,2.5,,Snug (Chunky Knit / Faux Fur)
best faux fur throw,210,1.86,1,Snug (Chunky Knit / Faux Fur)
faux fur heated throw,210,0.95,,Snug (Chunky Knit / Faux Fur)
cozy haven faux fur throw blanket,210,0.71,,Snug (Chunky Knit / Faux Fur)
ugg faux fur throw,210,1.08,,Snug (Chunky Knit / Faux Fur)
cotton knit throw blanket,210,1.62,,Snug (Chunky Knit / Faux Fur)
brown knit throw blanket,210,1.34,,Snug (Chunky Knit / Faux Fur)
knit cotton throw blanket,210,1.62,,Snug (Chunky Knit / Faux Fur)
cozy knit throw blanket,210,0.57,,Snug (Chunky Knit / Faux Fur)
costco organic cotton sheets,210,2.49,,Organic Cotton
organic cotton sheets full,210,2.74,,Organic Cotton
full organic cotton sheets,210,2.74,,Organic Cotton
organic cotton sheets twin xl,210,3.73,,Organic Cotton
twin xl sheets organic cotton,210,3.73,,Organic Cotton
organic cotton twin xl sheets,210,3.73,,Organic Cotton
best organic cotton sheets made in usa,210,3.56,,Organic Cotton
organic cotton sheets costco,210,2.49,,Organic Cotton
percale organic cotton sheets,210,3.95,,Organic Cotton
organic cotton full sheets,210,2.74,,Organic Cotton
twin xl organic cotton sheets,210,3.73,,Organic Cotton
velvet twin quilt,210,1.74,,Velvet
twin velvet quilt,210,1.74,,Velvet
velvet quilt twin,210,1.74,,Velvet
velvet green duvet cover,210,1.51,,Velvet
green velvet duvet cover,210,1.51,,Velvet
egyptian cotton vs turkish cotton towels,210,1.52,,Bath / Towels
brooks brothers turkish towels,210,0.99,,Bath / Towels
egyptian vs turkish cotton towels,210,1.52,,Bath / Towels
turkish cotton towels vs egyptian cotton towels,210,1.52,,Bath / Towels
turkish cotton towels vs egyptian,210,1.52,,Bath / Towels
travel turkish towels,210,1.05,,Bath / Towels
turkish towels kitchen,210,1.38,,Bath / Towels
set of turkish towels,210,1.75,,Bath / Towels
turkish kitchen towels,210,1.38,,Bath / Towels
turkish vs egyptian cotton towels,210,1.52,,Bath / Towels
turkish towels etsy,210,0.43,,Bath / Towels
turkish travel towels,210,1.05,,Bath / Towels
etsy turkish towels,210,0.43,,Bath / Towels
turkish towels set,210,1.75,,Bath / Towels
costco turkish towels,210,0.83,,Bath / Towels
turkish towels travel,210,1.05,,Bath / Towels
quince turkish towels,210,1.1,,Bath / Towels
turkish towels for travel,210,1.05,,Bath / Towels
turkish towels costco,210,0.83,,Bath / Towels
sand cloud turkish beach towels,210,0.44,,Bath / Towels
turkish cotton vs egyptian cotton towels,210,1.52,,Bath / Towels
ecoexistence bamboo towels,210,1.2,,Bath / Towels
ecozoi reusable bamboo paper towels,210,1.51,,Bath / Towels
organic cotton hand towels,210,3.01,,Bath / Towels
organic cotton dish towels,210,2.46,,Bath / Towels
lyocell pajamas,170,1.19,,Silky Lyocell (TENCEL™)
lyocell pajama,170,1.19,,Silky Lyocell (TENCEL™)
lyocell vs bamboo sheets,170,2.29,,Silky Lyocell (TENCEL™)
tencel lyocell comforter,170,4.1,,Silky Lyocell (TENCEL™)
organic bamboo bedding,170,6.51,,Premium Lumière (Bamboo)
bamboo duvet covers,170,8.51,,Premium Lumière (Bamboo)
bamboo duvet cover queen,170,4.68,,Premium Lumière (Bamboo)
queen bamboo duvet cover,170,4.68,,Premium Lumière (Bamboo)
bamboo queen duvet cover,170,4.68,,Premium Lumière (Bamboo)
modal bottom sheets,170,0,10,Naked Modal
vs modal pajamas,170,0.52,12,Naked Modal
best modal pajamas,170,2.35,15,Naked Modal
amazon modal pajamas,170,0.46,,Naked Modal
softest linen duvet cover,170,4.77,3,European Flax Linacel (Linen)
white linen duvet cover king,170,6.39,,European Flax Linacel (Linen)
linen duvet cover king white,170,6.39,,European Flax Linacel (Linen)
100 pure linen duvet cover,170,4.04,,European Flax Linacel (Linen)
linen duvet cover black,170,3.35,,European Flax Linacel (Linen)
linen california king duvet cover,170,5.16,,European Flax Linacel (Linen)
cal king linen duvet cover,170,5.16,,European Flax Linacel (Linen)
california king linen duvet cover,170,5.16,,European Flax Linacel (Linen)
white linen king duvet cover,170,6.39,,European Flax Linacel (Linen)
linen duvet cover california king,170,5.16,,European Flax Linacel (Linen)
soft linen duvet cover,170,4.77,3,European Flax Linacel (Linen)
king white linen duvet cover,170,6.39,,European Flax Linacel (Linen)
white king linen duvet cover,170,6.39,,European Flax Linacel (Linen)
black linen duvet cover,170,3.35,,European Flax Linacel (Linen)
linen duvet cover cal king,170,5.16,,European Flax Linacel (Linen)
french linen duvet cover,170,5.93,,European Flax Linacel (Linen)
belgian linen duvet cover,170,6.01,,European Flax Linacel (Linen)
muslin blanket king,170,2.58,,Muslin
muslin large blanket,170,1.47,,Muslin
king muslin blanket,170,1.91,,Muslin
organic cotton muslin swaddle blanket,170,1.4,,Muslin
big muslin blanket,170,1.47,,Muslin
muslin blanket large,170,1.47,,Muslin
disney muslin blanket,170,0.74,,Muslin
large muslin blanket,170,1.47,,Muslin
waffle knit throw blanket,170,0.87,,Waffle
cotton waffle knit blanket,170,1.84,,Waffle
beige / waffle blanket,170,1.4,,Waffle
white waffle blanket,170,1.62,,Waffle
100 cotton waffle weave blanket,170,1.98,,Waffle
waffle blanket white,170,1.62,,Waffle
quince waffle blanket,170,0.77,,Waffle
waffle white blanket,170,1.62,,Waffle
100 organic cotton waffle blanket,170,2.58,,Waffle
beige waffle blanket,170,1.4,,Waffle
white waffle towel,170,3.7,,Waffle
turkish waffle towel,170,3,,Waffle
black waffle towel,170,1.06,,Waffle
west elm waffle towel,170,2.17,,Waffle
japanese waffle towel,170,3.98,,Waffle
casaluna waffle bath towel,170,0.76,,Waffle
waffle knit bath towel,170,1.03,,Waffle
spa robe waffle,170,2.47,,Waffle
casaluna waffle robe,170,0.61,,Waffle
waffle fabric robe,170,1.67,,Waffle
parachute robe waffle,170,2.19,,Waffle
spa waffle robe,170,2.47,,Waffle
waffle material robe,170,1.67,,Waffle
waffle spa robe,170,2.47,,Waffle
waffle cloth robe,170,1.67,,Waffle
waffle duvet cover white,170,7.09,,Waffle
white duvet cover waffle,170,7.09,,Waffle
waffle duvet cover queen,170,2.62,,Waffle
waffle white duvet cover,170,7.09,,Waffle
white waffle duvet covers,170,7.09,,Waffle
white waffle duvet cover,170,7.09,,Waffle
what is the difference between percale and sateen sheets,170,6.71,,Luce Cotton Sateen
percale or sateen sheets,170,7.94,,Luce Cotton Sateen
sateen sheets vs satin sheets,170,0.72,,Luce Cotton Sateen
percale versus sateen sheets,170,7.94,,Luce Cotton Sateen
satin sheets vs sateen,170,0.72,,Luce Cotton Sateen
pure beech sheets sateen,170,4.25,,Luce Cotton Sateen
lands end sateen sheets,170,2.57,,Luce Cotton Sateen
satin vs sateen sheets,170,0.72,,Luce Cotton Sateen
parachute sateen sheets,170,3.24,,Luce Cotton Sateen
what is the difference between sateen and percale sheets,170,6.71,,Luce Cotton Sateen
percale v sateen sheets,170,7.94,,Luce Cotton Sateen
pure beech sateen sheets,170,4.25,,Luce Cotton Sateen
best sateen sheets 2025,170,4.74,2,Luce Cotton Sateen
sateen vs satin sheets,170,0.72,,Luce Cotton Sateen
difference between percale and sateen sheets,170,4.99,,Luce Cotton Sateen
sateen versus percale sheets,170,7.94,,Luce Cotton Sateen
sheex cooling sheets queen,170,0,,Cloud Cool / Cooling
kohls cooling sheets,170,0.84,,Cloud Cool / Cooling
cooling sheets deep pocket,170,3.77,,Cloud Cool / Cooling
comfortable cooling sheets,170,3.61,3,Cloud Cool / Cooling
best cooling sheets for night sweats,170,5.58,,Cloud Cool / Cooling
are silk sheets cooling,170,5.77,,Cloud Cool / Cooling
bamboo cooling bed sheets,170,4.31,,Cloud Cool / Cooling
cooling microfiber sheets,170,1.46,,Cloud Cool / Cooling
what fabric is cooling for sheets,170,2.16,23,Cloud Cool / Cooling
microfiber cooling sheets,170,1.46,,Cloud Cool / Cooling
gel cooling sheets,170,0.96,1,Cloud Cool / Cooling
what are cooling sheets,170,1.56,7,Cloud Cool / Cooling
cooling comfort sheets,170,3.61,3,Cloud Cool / Cooling
ugg haven cooling sheets,170,0.68,,Cloud Cool / Cooling
microfiber sheets cooling,170,1.46,,Cloud Cool / Cooling
cooling sheets reddit,170,9.69,,Cloud Cool / Cooling
bamboo cooling sheets king,170,4.15,,Cloud Cool / Cooling
deep pocket cooling sheets,170,3.77,,Cloud Cool / Cooling
big fig cooling sheets,170,2.88,,Cloud Cool / Cooling
best sheets for cooling sleep,170,4.23,2,Cloud Cool / Cooling
kohl's cooling sheets,170,0.84,,Cloud Cool / Cooling
cooling gel sheets,170,0.96,,Cloud Cool / Cooling
cooling queen bed sheets,170,1.87,,Cloud Cool / Cooling
cooling comforter sets queen,170,1.87,5,Cloud Cool / Cooling
breathable cooling comforter,170,3.26,,Cloud Cool / Cooling
cooling comforter set queen,170,1.87,,Cloud Cool / Cooling
dream valley cooling comforter,170,0.68,,Cloud Cool / Cooling
cooling summer comforter,170,3.85,,Cloud Cool / Cooling
rest evercool cooling comforter king size,170,0,,Cloud Cool / Cooling
cooling twin xl comforter,170,5.09,2,Cloud Cool / Cooling
cooling fluffy comforter,170,2.72,,Cloud Cool / Cooling
best cooling comforter king,170,4.4,1,Cloud Cool / Cooling
cooling down alternative comforter,170,5.26,,Cloud Cool / Cooling
weighted cooling comforter,170,2.99,,Cloud Cool / Cooling
medical cooling blanket,170,1.36,,Cloud Cool / Cooling
how to use a cooling blanket,170,1.45,,Cloud Cool / Cooling
viral cooling blanket,170,4.28,3,Cloud Cool / Cooling
elegear arc-chill 3.0 cooling blanket,170,5.72,,Cloud Cool / Cooling
a cooling blanket,170,0.7,3,Cloud Cool / Cooling
plug in cooling blanket,170,0.7,,Cloud Cool / Cooling
zonli cooling blanket,170,2.09,,Cloud Cool / Cooling
cooling bamboo weighted blanket,170,5.34,,Cloud Cool / Cooling
best weighted cooling blanket,170,5.38,,Cloud Cool / Cooling
ikea cooling blanket,170,0.57,,Cloud Cool / Cooling
everlasting comfort cooling blanket,170,2.38,,Cloud Cool / Cooling
cedar and ash cooling blanket,170,0,,Cloud Cool / Cooling
plug-in cooling blanket,170,0.7,,Cloud Cool / Cooling
cooling blanket medical,170,1.36,,Cloud Cool / Cooling
cooling duvet insert king,170,4.67,,Cloud Cool / Cooling
duvet insert king cooling,170,4.67,,Cloud Cool / Cooling
how to finish a chunky knit blanket,170,0.01,,Snug (Chunky Knit / Faux Fur)
hand knit chunky blanket tutorial,170,0.37,1,Snug (Chunky Knit / Faux Fur)
green chunky knit blanket,170,0.41,,Snug (Chunky Knit / Faux Fur)
chunky knit throw blanket pattern,170,0.51,,Snug (Chunky Knit / Faux Fur)
chunky knit chenille blanket,170,0.61,,Snug (Chunky Knit / Faux Fur)
chunky knit green blanket,170,0.41,,Snug (Chunky Knit / Faux Fur)
how to knit a chunky blanket with needles,170,0.1,,Snug (Chunky Knit / Faux Fur)
how to wash a chunky knit blanket,170,0,,Snug (Chunky Knit / Faux Fur)
chunky knit blanket green,170,0.41,,Snug (Chunky Knit / Faux Fur)
faux fur brown throw,170,1.38,,Snug (Chunky Knit / Faux Fur)
mon chateau faux fur throw costco,170,0.11,,Snug (Chunky Knit / Faux Fur)
faux fur throw on bed,170,1.33,,Snug (Chunky Knit / Faux Fur)
faux fur throw bed,170,1.33,,Snug (Chunky Knit / Faux Fur)
large faux fur throw blanket,170,2.33,,Snug (Chunky Knit / Faux Fur)
costco luxe faux fur throw,170,0,,Snug (Chunky Knit / Faux Fur)
best faux fur throw blankets,170,4.16,,Snug (Chunky Knit / Faux Fur)
dennis basso faux fur throw,170,0.77,,Snug (Chunky Knit / Faux Fur)
best faux fur throw blanket,170,4.16,,Snug (Chunky Knit / Faux Fur)
blue faux fur throw blanket,170,1.51,,Snug (Chunky Knit / Faux Fur)
frye arctic luxe faux fur throw,170,0.42,,Snug (Chunky Knit / Faux Fur)
faux fur throw for bed,170,1.33,,Snug (Chunky Knit / Faux Fur)
faux fur bed throw,170,1.33,,Snug (Chunky Knit / Faux Fur)
brown faux fur throw,170,1.38,,Snug (Chunky Knit / Faux Fur)
faux fur throw brown,170,1.38,,Snug (Chunky Knit / Faux Fur)
faux fur throw blanket amazon,170,0.74,8,Snug (Chunky Knit / Faux Fur)
faux fur throw blanket blue,170,1.51,,Snug (Chunky Knit / Faux Fur)
white knit throw blanket,170,0.72,,Snug (Chunky Knit / Faux Fur)
knit green throw blanket,170,1.33,,Snug (Chunky Knit / Faux Fur)
green knit throw blanket,170,1.33,,Snug (Chunky Knit / Faux Fur)
egyptian cotton organic sheets,170,6.04,,Organic Cotton
organic egyptian cotton bed sheets,170,6.04,,Organic Cotton
organic cotton sheets set queen,170,2.49,,Organic Cotton
organic egyptian cotton sheets,170,6.04,,Organic Cotton
organic cotton bath sheets,170,4.15,,Organic Cotton
threshold quilt velvet,170,0.39,,Velvet
threshold velvet quilt,170,0.39,,Velvet
velvet quilt pink,170,2.13,,Velvet
pink velvet quilt,170,2.13,,Velvet
velvet quilt king size,170,0.96,,Velvet
velvet pink quilt,170,2.13,,Velvet
king size velvet quilt,170,0.96,,Velvet
duvet cover queen velvet,170,0.95,,Velvet
velvet queen duvet cover,170,0.95,,Velvet
velvet duvet cover queen,170,0.95,,Velvet
velvet duvet queen,170,0.95,,Velvet
queen velvet duvet cover,170,0.95,,Velvet
velvet duvet covers queen,170,0.95,,Velvet
turkish towels sale,170,2.11,,Bath / Towels
turkish waffle towels,170,3,,Bath / Towels
turkish towels for bathroom,170,2.84,,Bath / Towels
turkish bath towels sets,170,2.37,,Bath / Towels
turkish towels for bath,170,2.84,,Bath / Towels
american soft linen turkish towels,170,2.7,,Bath / Towels
chakir turkish towels,170,0.94,,Bath / Towels
turkish towels on sale,170,2.11,,Bath / Towels
turkish towels for sale,170,2.11,,Bath / Towels
turkish beach towels amazon,170,1.24,5,Bath / Towels
amazon turkish beach towels,170,1.24,3,Bath / Towels
custom turkish towels,170,5,2,Bath / Towels
best turkish cotton bath towels,170,6.07,,Bath / Towels
organic turkish cotton bath towels,170,1.69,,Bath / Towels
how to wash turkish towels,170,0,,Bath / Towels
quince turkish bath towels,170,2,,Bath / Towels
personalized turkish towels,170,5,,Bath / Towels
turkish bath towels set,170,2.37,6,Bath / Towels
turkish cotton kitchen towels,170,1.09,,Bath / Towels
oddbird turkish towels,170,5.5,,Bath / Towels
100 turkish cotton hand towels,170,1.13,,Bath / Towels
white turkish towels,170,2.05,,Bath / Towels
turkish towels white,170,2.05,,Bath / Towels
personalised turkish towels,170,5,,Bath / Towels
turkish towels monogrammed,170,5,,Bath / Towels
turkish organic cotton beach towels,170,3.52,,Bath / Towels
bamboo kitchen towels,170,1.12,,Bath / Towels
bamboo towels kitchen,170,1.12,,Bath / Towels
kitchen towels bamboo,170,1.12,,Bath / Towels
bamboo towels for kitchen,170,1.12,,Bath / Towels
organic cotton hooded towels,170,1.4,,Bath / Towels
tencel lyocell duvet covers,140,3.17,,Silky Lyocell (TENCEL™)
ettitude bamboo lyocell sheets,140,7.12,,Silky Lyocell (TENCEL™)
tencel lyocell duvet cover,140,3.17,,Silky Lyocell (TENCEL™)
best bamboo duvet cover,140,8.14,,Premium Lumière (Bamboo)
100 bamboo viscose duvet cover,140,5.91,,Premium Lumière (Bamboo)
tencel modal sheets,140,2.98,,Naked Modal
modal king sheets,140,3.52,,Naked Modal
king modal sheets,140,3.52,,Naked Modal
modal sheets king,140,3.52,,Naked Modal
soft modal pajamas,140,1.56,,Naked Modal
aerie modal pajamas,140,0.58,,Naked Modal
micro modal pajamas,140,2.6,,Naked Modal
linen duvet cover beige,140,5.16,,European Flax Linacel (Linen)
light blue linen duvet cover,140,4.7,,European Flax Linacel (Linen)
beige linen duvet cover,140,5.16,,European Flax Linacel (Linen)
linen duvet cover purple,140,2.53,,European Flax Linacel (Linen)
linen duvet cover natural,140,6.27,,European Flax Linacel (Linen)
grey linen duvet cover,140,5.39,,European Flax Linacel (Linen)
linen grey duvet cover,140,5.39,,European Flax Linacel (Linen)
cream linen duvet cover,140,4.69,,European Flax Linacel (Linen)
linen beige duvet cover,140,5.16,,European Flax Linacel (Linen)
linen duvet cover reddit,140,5.15,,European Flax Linacel (Linen)
purple linen duvet cover,140,2.53,,European Flax Linacel (Linen)
sale linen duvet cover,140,1.93,,European Flax Linacel (Linen)
linen natural duvet cover,140,6.27,,European Flax Linacel (Linen)
linen duvet cover gray,140,5.39,,European Flax Linacel (Linen)
linen duvet cover on sale,140,1.93,,European Flax Linacel (Linen)
gray linen duvet cover,140,5.39,,European Flax Linacel (Linen)
linen duvet cover grey,140,5.39,,European Flax Linacel (Linen)
linen duvet cover sale,140,1.93,,European Flax Linacel (Linen)
natural linen duvet cover,140,6.27,,European Flax Linacel (Linen)
garnet hill linen duvet cover,140,2.98,,European Flax Linacel (Linen)
muslin king blanket,140,1.95,,Muslin
white muslin blanket,140,0.99,,Muslin
8 layer muslin blanket,140,1.87,,Muslin
100 muslin cotton blanket,140,1.5,,Muslin
soft muslin blanket,140,2.11,,Muslin
muslin blanket white,140,0.99,,Muslin
muslin blanket amazon,140,0.73,,Muslin
winnie the pooh muslin blanket,140,0.43,,Muslin
amazon muslin blanket,140,0.73,,Muslin
kyle and deena muslin blanket,140,0.44,,Muslin
brooklinen dreamweave waffle blanket,140,5.36,,Waffle
phf 100 cotton waffle weave blanket,140,0.45,,Waffle
pottery barn waffle weave blanket,140,2.34,,Waffle
pottery barn waffle-weave blanket,140,2.34,,Waffle
acrylic waffle weave blanket with satin trim,140,0.83,,Waffle
waffle stitch blanket pattern,140,0.2,5,Waffle
casaluna waffle blanket,140,0.48,,Waffle
waffle weave throw blanket,140,1.28,,Waffle
organic cotton waffle blanket,140,2.73,,Waffle
green waffle blanket,140,1.47,,Waffle
bedsure waffle blanket,140,1.67,,Waffle
waffle hair towel,140,1.31,,Waffle
hair towel waffle,140,1.31,,Waffle
cotton waffle weave robe,140,2.66,,Waffle
quince turkish waffle robe,140,0.7,,Waffle
lightweight waffle robe,140,3.35,,Waffle
waffle weave mens robe,140,2.88,,Waffle
waffle knit cotton robe,140,1.68,,Waffle
men's waffle weave robe,140,2.88,,Waffle
cotton waffle knit robe,140,1.68,,Waffle
waffle weave robe mens,140,2.88,,Waffle
waffle weave cotton robe,140,2.66,,Waffle
waffle weave robe men's,140,2.88,,Waffle
bedsure waffle duvet cover,140,2.1,,Waffle
sateen pima cotton sheets,140,5.46,,Luce Cotton Sateen
sateen cotton sheets queen,140,2.12,,Luce Cotton Sateen
queen sateen cotton sheets,140,2.12,,Luce Cotton Sateen
pima sateen cotton sheets,140,5.46,,Luce Cotton Sateen
silky sateen sheets,140,4.64,,Luce Cotton Sateen
what does sateen mean in sheets,140,1.7,,Luce Cotton Sateen
cotton sateen sheets queen,140,2.12,,Luce Cotton Sateen
what does sateen sheets mean,140,1.7,,Luce Cotton Sateen
cotton sateen queen sheets,140,2.12,,Luce Cotton Sateen
queen cotton sateen sheets,140,2.12,,Luce Cotton Sateen
hotel signature sateen sheets 400 thread count,140,0.59,,Luce Cotton Sateen
are sateen sheets cooling,140,3.12,,Luce Cotton Sateen
soft sateen sheets,140,3.31,1,Luce Cotton Sateen
softest sateen sheets,140,3.31,1,Luce Cotton Sateen
royal sateen sheets,140,0.97,,Luce Cotton Sateen
are sateen sheets cool,140,3.12,,Luce Cotton Sateen
sateen fitted sheets,140,6.47,,Luce Cotton Sateen
pima cotton sateen sheets,140,5.46,,Luce Cotton Sateen
best cooling sheets king,140,5.2,2,Cloud Cool / Cooling
tencel cooling sheets,140,3.92,,Cloud Cool / Cooling
sleep number cooling sheets,140,1.61,,Cloud Cool / Cooling
best cooling bamboo sheets,140,8.22,,Cloud Cool / Cooling
cooling sheets for hot flashes,140,3.11,,Cloud Cool / Cooling
cooling sheets sleep number,140,1.61,,Cloud Cool / Cooling
do cooling sheets really work,140,2.04,,Cloud Cool / Cooling
bed sheets cooling,140,5.94,1,Cloud Cool / Cooling
cooling bed sheets hot flashes,140,3.11,,Cloud Cool / Cooling
ugg cooling technology sheets,140,0.78,,Cloud Cool / Cooling
best rated cooling sheets,140,4.04,12,Cloud Cool / Cooling
best cooling bed sheets for hot sleepers,140,6.8,6,Cloud Cool / Cooling
luxury cooling sheets,140,9.97,19,Cloud Cool / Cooling
cooling sheets for memory foam mattress,140,8.35,,Cloud Cool / Cooling
sheets heating cooling and plumbing,140,10.87,,Cloud Cool / Cooling
miracle cooling sheets,140,5.14,,Cloud Cool / Cooling
hot flash cooling sheets,140,3.11,16,Cloud Cool / Cooling
cooling weighted comforter,140,2.92,4,Cloud Cool / Cooling
best cooling comforter reddit,140,6.76,,Cloud Cool / Cooling
cooling comforter near me,140,0.64,,Cloud Cool / Cooling
summer cooling comforter,140,2.88,1,Cloud Cool / Cooling
cooling comforter nearby,140,0.53,6,Cloud Cool / Cooling
cooling king comforter,140,2.98,,Cloud Cool / Cooling
cooling comforter reddit,140,6,,Cloud Cool / Cooling
queen cooling blanket,140,1.84,,Cloud Cool / Cooling
ynm cooling bamboo weighted blanket,140,1.09,,Cloud Cool / Cooling
electric cooling blanket for bed,140,0.94,,Cloud Cool / Cooling
dangtop cooling blanket,140,1.48,,Cloud Cool / Cooling
japanese cooling blanket,140,1.78,,Cloud Cool / Cooling
japan cooling blanket,140,1.78,,Cloud Cool / Cooling
nicu cooling blanket,140,4.62,,Cloud Cool / Cooling
air cooling blanket,140,1.78,4,Cloud Cool / Cooling
best rated cooling blanket,140,2.97,10,Cloud Cool / Cooling
water cooling blanket,140,1.79,,Cloud Cool / Cooling
elegear arc chill cooling blanket,140,1.52,,Cloud Cool / Cooling
cooling blanket nicu,140,4.62,,Cloud Cool / Cooling
cooling blanket in nicu,140,4.62,,Cloud Cool / Cooling
elegear arc-chill cooling blanket,140,1.52,,Cloud Cool / Cooling
tiktok cooling blanket,140,1.65,,Cloud Cool / Cooling
can you wash a cooling blanket,140,0,,Cloud Cool / Cooling
summer ultimate cooling blanket,140,0.6,,Cloud Cool / Cooling
ailemei cooling blanket,140,0.35,,Cloud Cool / Cooling
nylon cooling blanket,140,0.55,,Cloud Cool / Cooling
muji cooling blanket,140,0.54,,Cloud Cool / Cooling
ikea cooling duvet insert,140,0.41,,Cloud Cool / Cooling
cooling duvet cover king,140,4.64,,Cloud Cool / Cooling
cooling summer duvet,140,4.08,6,Cloud Cool / Cooling
chunky knit merino wool blanket,140,1.67,,Snug (Chunky Knit / Faux Fur)
burnt orange chunky knit blanket,140,0.67,,Snug (Chunky Knit / Faux Fur)
chunky cable knit throw blanket,140,1.43,,Snug (Chunky Knit / Faux Fur)
chunky knit blanket merino wool,140,1.67,,Snug (Chunky Knit / Faux Fur)
chunky merino wool knit blanket,140,1.67,,Snug (Chunky Knit / Faux Fur)
chunky knit blanket workshop,140,0,,Snug (Chunky Knit / Faux Fur)
amazon chunky knit blanket,140,0.43,7,Snug (Chunky Knit / Faux Fur)
chunky knit blanket amazon,140,0.43,10,Snug (Chunky Knit / Faux Fur)
chunky knit bed blanket,140,1.8,,Snug (Chunky Knit / Faux Fur)
chunky knit blanket size chart,140,0.04,,Snug (Chunky Knit / Faux Fur)
chunky knit blanket knitting needles,140,0,,Snug (Chunky Knit / Faux Fur)
chunky knit blue blanket,140,0.58,,Snug (Chunky Knit / Faux Fur)
merino wool chunky knit blanket,140,1.67,,Snug (Chunky Knit / Faux Fur)
how to end chunky knit blanket,140,0,,Snug (Chunky Knit / Faux Fur)
blue chunky knit blanket,140,0.58,,Snug (Chunky Knit / Faux Fur)
checkered chunky knit blanket,140,0.06,,Snug (Chunky Knit / Faux Fur)
faux fur throw blanket sale,140,0.48,,Snug (Chunky Knit / Faux Fur)
pottery barn ruched faux fur throw,140,1.32,,Snug (Chunky Knit / Faux Fur)
faux fur throw amazon,140,0.67,10,Snug (Chunky Knit / Faux Fur)
ultra soft faux fur throw,140,0,,Snug (Chunky Knit / Faux Fur)
faux fur throw oversized,140,2.38,,Snug (Chunky Knit / Faux Fur)
threshold faux fur throw blanket,140,0.22,,Snug (Chunky Knit / Faux Fur)
faux fur oversized throw,140,2.38,,Snug (Chunky Knit / Faux Fur)
black faux fur throw,140,1.28,,Snug (Chunky Knit / Faux Fur)
pottery barn faux fur ruched throw,140,2.34,,Snug (Chunky Knit / Faux Fur)
frye luxe faux fur throw blanket,140,0,,Snug (Chunky Knit / Faux Fur)
bubble faux fur throw costco,140,0.95,,Snug (Chunky Knit / Faux Fur)
faux fur throw black,140,1.28,,Snug (Chunky Knit / Faux Fur)
amazon faux fur throw,140,0.67,,Snug (Chunky Knit / Faux Fur)
faux fur cream throw,140,1.28,,Snug (Chunky Knit / Faux Fur)
red faux fur throw blanket,140,1.11,,Snug (Chunky Knit / Faux Fur)
faux fur throw cream,140,1.28,,Snug (Chunky Knit / Faux Fur)
faux fur throw blanket for bed,140,1.9,,Snug (Chunky Knit / Faux Fur)
coova faux fur throw blanket,140,0.01,,Snug (Chunky Knit / Faux Fur)
frye luxe faux fur throw 60x70,140,0.52,,Snug (Chunky Knit / Faux Fur)
oversized faux fur throw,140,2.38,,Snug (Chunky Knit / Faux Fur)
cream faux fur throw,140,1.28,,Snug (Chunky Knit / Faux Fur)
oversize faux fur throw,140,2.38,,Snug (Chunky Knit / Faux Fur)
ruched faux fur throw pottery barn,140,1.32,,Snug (Chunky Knit / Faux Fur)
throw blanket knit pattern,140,0.43,,Snug (Chunky Knit / Faux Fur)
large knit throw blanket,140,1.32,,Snug (Chunky Knit / Faux Fur)
pink knit throw blanket,140,0.73,,Snug (Chunky Knit / Faux Fur)
knit pink throw blanket,140,0.73,,Snug (Chunky Knit / Faux Fur)
knit throw blanket pink,140,0.73,,Snug (Chunky Knit / Faux Fur)
king size organic cotton sheets,140,5.2,,Organic Cotton
organic cotton sheets king size,140,5.2,,Organic Cotton
deep pocket organic cotton sheets,140,5.54,,Organic Cotton
organic cotton sheets deep pocket,140,5.54,,Organic Cotton
organic cotton deep pocket sheets,140,5.54,,Organic Cotton
bare home organic jersey cotton sheets,140,0.97,,Organic Cotton
organic cotton king size bed sheets,140,5.2,,Organic Cotton
king size sheets organic cotton,140,5.2,,Organic Cotton
organic cotton king size sheets,140,5.2,,Organic Cotton
organic cotton sheets pottery barn,140,3.75,,Organic Cotton
pottery barn organic cotton sheets,140,3.75,,Organic Cotton
brooklinen organic cotton sheets,140,4.74,,Organic Cotton
organic cotton muslin crib sheets,140,0.81,,Organic Cotton
black velvet quilt,140,1.15,,Velvet
velvet crazy quilt,140,0.23,,Velvet
crazy quilt velvet,140,0.23,,Velvet
turkish dish towels,140,0.67,,Bath / Towels
turkish towels green,140,2.03,,Bath / Towels
turkish towels target,140,0.37,,Bath / Towels
turkish luxury collection towels,140,1.92,,Bath / Towels
turkish hand towels for bathroom,140,1.65,,Bath / Towels
green turkish towels,140,2.03,,Bath / Towels
luxury turkish towels,140,5.62,,Bath / Towels
turkish luxury towels,140,5.62,,Bath / Towels
linen turkish towels,140,1.31,1,Bath / Towels
turkish striped towels,140,1.64,,Bath / Towels
turkish linen & towels,140,1.31,1,Bath / Towels
classic turkish towels,140,1.44,,Bath / Towels
anatolico turkish towels,140,0,,Bath / Towels
black and white turkish towels,140,0.77,,Bath / Towels
turkish beach towels near me,140,0.6,,Bath / Towels
turkish towels nearby,140,0.42,,Bath / Towels
striped turkish towels,140,1.64,,Bath / Towels
turkish towels linen,140,1.31,1,Bath / Towels
target turkish towels,140,0.37,,Bath / Towels
turkish linen towels,140,1.31,1,Bath / Towels
linen towels turkish,140,1.31,1,Bath / Towels
turkish towels : target,140,0.37,,Bath / Towels
reusable bamboo towels,140,0.62,,Bath / Towels
bamboo reusable towels,140,0.62,,Bath / Towels
100 bamboo towels,140,1.47,,Bath / Towels
bamboo towels reusable,140,0.62,,Bath / Towels
sustainable bamboo paper towels,140,4,,Bath / Towels
ettitude bamboo towels,140,0.66,,Bath / Towels
bamboo bidet towels,140,2.22,,Bath / Towels
cariloha bamboo towels,140,0.87,,Bath / Towels
best bamboo towels,140,3.36,,Bath / Towels
bamboo towels cariloha,140,0.87,,Bath / Towels
bamboo towels 100,140,1.47,,Bath / Towels
mighty bamboo towels,140,0.42,,Bath / Towels
organic cotton reusable paper towels,140,1.14,,Bath / Towels
best organic cotton towels,140,7.02,,Bath / Towels
organic cotton tea towels,140,1.39,,Bath / Towels
under the canopy organic cotton towels,140,2.15,,Bath / Towels
100 organic cotton bath towels,140,2.66,,Bath / Towels
tencel lyocell pillowcases,110,2.27,,Silky Lyocell (TENCEL™)
lyocell fabric bedding,110,2.1,,Silky Lyocell (TENCEL™)
lyocell pillowcases,110,2.27,,Silky Lyocell (TENCEL™)
lyocell pillowcase,110,2.27,,Silky Lyocell (TENCEL™)
lyocell duvet,110,1.67,,Silky Lyocell (TENCEL™)
duvet lyocell,110,1.67,,Silky Lyocell (TENCEL™)
quince bamboo bedding,110,0.89,,Premium Lumière (Bamboo)
bamboo duvet cover set,110,3.65,,Premium Lumière (Bamboo)
quince bamboo duvet,110,0.61,,Premium Lumière (Bamboo)
bamboo duvet cover sets,110,3.65,,Premium Lumière (Bamboo)
ettitude bamboo pillowcase,110,0.72,,Premium Lumière (Bamboo)
modal sheets queen,110,3.08,,Naked Modal
modal queen sheets,110,3.08,,Naked Modal
modal bed sheets queen,110,3.08,,Naked Modal
modal pajamas shorts,110,1.27,,Naked Modal
lenzing modal pajamas,110,1.26,,Naked Modal
gap factory modal pajamas,110,0.24,,Naked Modal
modal mens pajamas,110,2.32,,Naked Modal
modal men's pajamas,110,2.32,,Naked Modal
linen duvet cover twin xl,110,5.22,,European Flax Linacel (Linen)
patterned linen duvet cover,110,2.05,,European Flax Linacel (Linen)
white linen duvet cover queen,110,4.77,,European Flax Linacel (Linen)
burgundy linen duvet cover,110,3.6,,European Flax Linacel (Linen)
queen white linen duvet cover,110,4.77,6,European Flax Linacel (Linen)
hotel collection linen modal blend duvet cover,110,1.04,,European Flax Linacel (Linen)
yellow linen duvet cover,110,3.04,,European Flax Linacel (Linen)
linen cotton blend duvet cover,110,2.92,,European Flax Linacel (Linen)
magic linen duvet cover,110,1.97,,European Flax Linacel (Linen)
how to wash quince linen duvet cover,110,0,,European Flax Linacel (Linen)
linen duvet cover yellow,110,3.04,,European Flax Linacel (Linen)
linoto linen duvet cover,110,2.18,,European Flax Linacel (Linen)
white linen queen duvet cover,110,4.77,3,European Flax Linacel (Linen)
twin xl linen duvet cover,110,5.22,,European Flax Linacel (Linen)
brooklinen washed linen duvet cover,110,5.56,,European Flax Linacel (Linen)
cotton linen blend duvet cover,110,2.92,,European Flax Linacel (Linen)
pattern linen duvet cover,110,2.05,,European Flax Linacel (Linen)
piglet in bed linen duvet cover,110,1.73,,European Flax Linacel (Linen)
white duvet cover queen linen,110,4.77,10,European Flax Linacel (Linen)
fleece company muslin blanket,110,1.64,,Muslin
full size muslin blanket,110,1.57,,Muslin
thick muslin blanket,110,1.43,,Muslin
muslin blanket full size,110,1.57,,Muslin
twin size muslin blanket,110,1.78,,Muslin
best muslin swaddle blanket,110,1.37,,Muslin
dinosaur muslin blanket,110,0.42,,Muslin
muslin dinosaur blanket,110,0.42,,Muslin
the muslin blanket,110,3.36,,Muslin
muslin blanket twin size,110,1.78,,Muslin
quince muslin blanket,110,0.95,,Muslin
muslin quilt blanket,110,1.97,,Muslin
muslin cotton bedding,110,1.42,,Muslin
phf waffle weave blanket,110,1.04,,Waffle
waffle pattern blanket,110,0.85,4,Waffle
waffle blanket satin trim,110,0.58,,Waffle
waffle stitch blanket pattern free,110,0,6,Waffle
ikea waffle blanket,110,0.5,,Waffle
waffle blanket with satin trim,110,0.58,,Waffle
waffle blanket pattern,110,0.85,4,Waffle
brown waffle blanket,110,1.64,,Waffle
satin trim waffle weave blanket,110,0.81,,Waffle
brooklinen dreamweave waffle bed blanket,110,5.7,,Waffle
pink waffle blanket,110,1.96,,Waffle
waffle blanket blue,110,1.57,,Waffle
waffle weave blanket satin trim,110,0.81,,Waffle
borders for waffle stitch blanket,110,0.09,,Waffle
dreamweave waffle bed blanket,110,4.61,,Waffle
queen waffle blanket,110,1.33,,Waffle
waffle blanket pink,110,1.96,,Waffle
blue waffle blanket,110,1.57,,Waffle
waffle weave blanket with satin trim,110,0.81,,Waffle
border for waffle stitch blanket,110,0.09,,Waffle
microfiber waffle knit hair towel,110,0.85,,Waffle
parachute waffle bath towel,110,2.85,,Waffle
hawkins new york essential waffle dish towel,110,1.4,,Waffle
waffle weave drying towel,110,0.54,,Waffle
green waffle towel,110,1.83,,Waffle
waffle bath towel set,110,1.75,,Waffle
microfiber waffle-knit hair towel,110,0.85,,Waffle
waffle weave hand towel,110,2.24,,Waffle
coyuchi waffle robe,110,2.04,,Waffle
cozy earth waffle robe,110,1.96,,Waffle
coyuchi unisex organic waffle robe,110,2.16,,Waffle
amazon waffle robe,110,0.8,,Waffle
waffle weave resort robe pottery barn,110,4.07,,Waffle
cozy earth waffle bath robe,110,2.42,,Waffle
cotton waffle duvet cover,110,2.1,,Waffle
waffle cotton duvet cover,110,2.1,,Waffle
sateen sheets costco,110,0.82,3,Luce Cotton Sateen
stripe sateen sheets,110,2.67,,Luce Cotton Sateen
cotton sateen sheets king,110,2.17,,Luce Cotton Sateen
costco sateen sheets,110,0.82,2,Luce Cotton Sateen
striped sateen sheets,110,2.67,,Luce Cotton Sateen
king cotton sateen sheets,110,2.17,,Luce Cotton Sateen
cotton sateen king sheets,110,2.17,,Luce Cotton Sateen
high quality cotton sateen sheets,110,6.01,,Luce Cotton Sateen
hotel signature sateen sheets costco,110,3.11,1,Luce Cotton Sateen
costco hotel signature sateen sheets,110,3.11,,Luce Cotton Sateen
sateen stripe sheets,110,2.67,,Luce Cotton Sateen
best affordable cooling sheets,110,2.72,12,Cloud Cool / Cooling
serta arctic cooling sheets,110,1.2,,Cloud Cool / Cooling
boll and branch cooling sheets,110,3.23,,Cloud Cool / Cooling
cooling bed sheets reviews,110,2.9,21,Cloud Cool / Cooling
bamboo cooling sheets queen,110,3.26,,Cloud Cool / Cooling
costco cooling sheets,110,2.04,,Cloud Cool / Cooling
casaluna cooling sheets,110,0.87,,Cloud Cool / Cooling
cooling sheets review,110,2.9,11,Cloud Cool / Cooling
sealy cooling sheets,110,0.9,,Cloud Cool / Cooling
cooling linen sheets,110,5.16,3,Cloud Cool / Cooling
cooling technology sheets,110,1.47,,Cloud Cool / Cooling
ugg haven cooling technology sheets,110,1.44,,Cloud Cool / Cooling
cooling sheets reviews,110,2.9,19,Cloud Cool / Cooling
cooling percale sheets,110,4.84,,Cloud Cool / Cooling
cooling sheets and comforter,110,7.64,,Cloud Cool / Cooling
are polyester sheets cooling,110,2.05,,Cloud Cool / Cooling
oversized king cooling comforter,110,2.04,,Cloud Cool / Cooling
cal king cooling comforter,110,3.36,,Cloud Cool / Cooling
ugg cooling comforter,110,0.72,,Cloud Cool / Cooling
california king cooling comforter,110,3.36,5,Cloud Cool / Cooling
rest evercool cooling comforter reviews,110,2.78,1,Cloud Cool / Cooling
best cooling down comforter,110,7.53,7,Cloud Cool / Cooling
rest evercool cooling comforter blanket for hot sleepers,110,7.59,8,Cloud Cool / Cooling
black cooling comforter,110,2.33,,Cloud Cool / Cooling
rest evercool cooling comforter queen,110,1.84,,Cloud Cool / Cooling
glacielle arctic collection cooling blanket,110,1.68,,Cloud Cool / Cooling
arcadia trail cooling blanket,110,0.62,,Cloud Cool / Cooling
oeko-tex cooling blanket,110,1.04,16,Cloud Cool / Cooling
reversible cooling blanket,110,1.38,,Cloud Cool / Cooling
best cooling blanket on amazon,110,1.22,6,Cloud Cool / Cooling
hudson and main cooling blanket,110,0.9,,Cloud Cool / Cooling
life comfort cooling blanket,110,0.5,,Cloud Cool / Cooling
soft cooling blanket,110,2.96,5,Cloud Cool / Cooling
best cooling weighted blanket for adults,110,3.11,,Cloud Cool / Cooling
cooling throw blanket costco,110,0.62,,Cloud Cool / Cooling
cooling blanket for cat,110,0.62,,Cloud Cool / Cooling
evercool cooling blanket,110,3.1,1,Cloud Cool / Cooling
gaymar cooling blanket,110,1.03,,Cloud Cool / Cooling
king cooling blanket,110,1.38,,Cloud Cool / Cooling
bedgear cooling blanket,110,4.7,,Cloud Cool / Cooling
comfy sleeper cooling blanket reviews,110,1.94,,Cloud Cool / Cooling
cooling blanket for cats,110,0.62,,Cloud Cool / Cooling
cooling blanket sam's club,110,0.41,,Cloud Cool / Cooling
sutton place cooling blanket,110,0.95,,Cloud Cool / Cooling
cooling gel blanket,110,1.24,,Cloud Cool / Cooling
eucalyptus cooling blanket,110,1.37,,Cloud Cool / Cooling
glacielle cooling blanket,110,1.04,,Cloud Cool / Cooling
cooling blanket queen,110,1.58,,Cloud Cool / Cooling
inhand cooling blanket,110,0.67,,Cloud Cool / Cooling
thin cooling blanket,110,1.75,5,Cloud Cool / Cooling
comfy sleepers cooling blanket reviews,110,1.94,,Cloud Cool / Cooling
comfy sleepers cooling blanket review,110,1.94,,Cloud Cool / Cooling
gel cooling blanket,110,1.24,,Cloud Cool / Cooling
fluffy cooling duvet insert,110,5.44,,Cloud Cool / Cooling
ikea cooling duvet,110,0.52,,Cloud Cool / Cooling
chunky knit blanket diy kit,110,0.38,,Snug (Chunky Knit / Faux Fur)
chunky knit blanket cotton,110,0.87,,Snug (Chunky Knit / Faux Fur)
chunky knit blanket cream,110,1.26,,Snug (Chunky Knit / Faux Fur)
how to knit a blanket with chunky yarn,110,0.33,3,Snug (Chunky Knit / Faux Fur)
diy chunky knit blanket kit,110,0.38,,Snug (Chunky Knit / Faux Fur)
chunky hand knit blanket yarn,110,0.36,,Snug (Chunky Knit / Faux Fur)
chunky wool knit blanket,110,1.32,5,Snug (Chunky Knit / Faux Fur)
chunky cream knit blanket,110,1.26,,Snug (Chunky Knit / Faux Fur)
king chunky knit blanket,110,0.99,,Snug (Chunky Knit / Faux Fur)
etsy chunky knit blanket,110,0.18,,Snug (Chunky Knit / Faux Fur)
queen size chunky knit blanket,110,1.4,,Snug (Chunky Knit / Faux Fur)
wool chunky knit blanket,110,1.32,,Snug (Chunky Knit / Faux Fur)
chunky knit blanket wool,110,1.32,,Snug (Chunky Knit / Faux Fur)
how to make a chunky knit blanket by hand,110,0.43,2,Snug (Chunky Knit / Faux Fur)
chunky cotton knit blanket,110,0.87,,Snug (Chunky Knit / Faux Fur)
how to make a hand knit chunky blanket,110,0.32,2,Snug (Chunky Knit / Faux Fur)
chunky knit cotton blanket,110,0.87,,Snug (Chunky Knit / Faux Fur)
chunky knit king blanket,110,0.99,,Snug (Chunky Knit / Faux Fur)
chunky knit wool blanket,110,1.32,,Snug (Chunky Knit / Faux Fur)
how to knit a chunky yarn blanket,110,0.33,5,Snug (Chunky Knit / Faux Fur)
cream chunky knit blanket,110,1.26,,Snug (Chunky Knit / Faux Fur)
chunky knit blanket king,110,0.99,,Snug (Chunky Knit / Faux Fur)
chunky knit cream blanket,110,1.26,,Snug (Chunky Knit / Faux Fur)
chunky knit blanket for sale,110,0.54,,Snug (Chunky Knit / Faux Fur)
chunky knit blanket queen size,110,1.4,,Snug (Chunky Knit / Faux Fur)
chunky knit blanket sale,110,0.54,,Snug (Chunky Knit / Faux Fur)
how to knit a chunky blanket for beginners,110,0.38,4,Snug (Chunky Knit / Faux Fur)
hand knit chunky blanket yarn,110,0.36,,Snug (Chunky Knit / Faux Fur)
finger knit chunky blanket for beginners,110,0.41,4,Snug (Chunky Knit / Faux Fur)
cotton chunky knit blanket,110,0.87,,Snug (Chunky Knit / Faux Fur)
chunky knit queen size blanket,110,1.4,,Snug (Chunky Knit / Faux Fur)
handmade chunky knit blanket,110,0.28,2,Snug (Chunky Knit / Faux Fur)
chunky knit blanket etsy,110,0.18,,Snug (Chunky Knit / Faux Fur)
faux fur throw crate and barrel,110,1.28,,Snug (Chunky Knit / Faux Fur)
faux fur throw blanket cream,110,1.55,,Snug (Chunky Knit / Faux Fur)
better homes and gardens faux fur throw,110,0.59,,Snug (Chunky Knit / Faux Fur)
restoration hardware throw faux fur,110,1.77,,Snug (Chunky Knit / Faux Fur)
costco bubble faux fur throw,110,0.22,,Snug (Chunky Knit / Faux Fur)
cream faux fur throw blanket,110,1.55,,Snug (Chunky Knit / Faux Fur)
faux wolf fur throw blanket,110,4.56,,Snug (Chunky Knit / Faux Fur)
faux fur throw restoration hardware,110,1.77,,Snug (Chunky Knit / Faux Fur)
soft faux fur throw blanket,110,1.51,3,Snug (Chunky Knit / Faux Fur)
faux fur throw rugs,110,2.88,,Snug (Chunky Knit / Faux Fur)
crate and barrel faux fur throw,110,1.28,,Snug (Chunky Knit / Faux Fur)
better homes and garden faux fur throw,110,0.59,,Snug (Chunky Knit / Faux Fur)
burgundy faux fur throw,110,1.69,,Snug (Chunky Knit / Faux Fur)
mink faux fur throw,110,1.58,,Snug (Chunky Knit / Faux Fur)
blue faux fur throw,110,1.78,,Snug (Chunky Knit / Faux Fur)
faux fur throw blue,110,1.78,,Snug (Chunky Knit / Faux Fur)
faux fur mink throw,110,1.58,,Snug (Chunky Knit / Faux Fur)
restoration hardware faux fur throw,110,1.77,,Snug (Chunky Knit / Faux Fur)
ugg euphoria plush faux fur throw blanket,110,0.62,,Snug (Chunky Knit / Faux Fur)
faux fur throw mink,110,1.58,,Snug (Chunky Knit / Faux Fur)
better home and garden faux fur throw,110,0.59,,Snug (Chunky Knit / Faux Fur)
faux fur throw rug,110,2.88,,Snug (Chunky Knit / Faux Fur)
faux fur rug throw,110,2.88,,Snug (Chunky Knit / Faux Fur)
faux fur blue throw,110,1.78,,Snug (Chunky Knit / Faux Fur)
luxe faux fur throw,110,4.02,,Snug (Chunky Knit / Faux Fur)
cream knit throw blanket,110,1.41,,Snug (Chunky Knit / Faux Fur)
blue knit throw blanket,110,1.79,,Snug (Chunky Knit / Faux Fur)
knit throw blanket red,110,0.5,,Snug (Chunky Knit / Faux Fur)
imani collective knit throw blanket,110,0.07,,Snug (Chunky Knit / Faux Fur)
red knit throw blanket,110,0.5,,Snug (Chunky Knit / Faux Fur)
organic cotton fitted crib sheets,110,2.24,,Organic Cotton
organic cotton full size sheets,110,3.39,,Organic Cotton
soft organic cotton sheets,110,5.17,,Organic Cotton
quince organic brushed cotton sheets,110,0.58,,Organic Cotton
softest organic cotton sheets,110,5.17,11,Organic Cotton
100 percent organic cotton sheets,110,3.03,,Organic Cotton
lane linen organic cotton sheets,110,1.04,,Organic Cotton
organic cotton king bedding,110,2.43,,Organic Cotton
organic cotton sateen bedding,110,8.93,,Organic Cotton
organic cotton crib bedding set,110,0.86,,Organic Cotton
organic cotton crib bedding sets,110,0.86,,Organic Cotton
olive green velvet quilt,110,0.83,,Velvet
velvet king quilt set,110,0.63,,Velvet
velvet quilt west elm,110,1.71,,Velvet
velvet quilt set king,110,0.63,,Velvet
velvet quilt throw,110,0.73,,Velvet
light blue velvet quilt,110,4.94,,Velvet
fable collection velvet quilt,110,1.02,,Velvet
purple velvet quilt,110,0.78,,Velvet
velvet diamond stitch quilt,110,0.93,,Velvet
west elm velvet quilt,110,1.71,,Velvet
quince velvet quilt,110,0.84,,Velvet
king velvet quilt set,110,0.63,,Velvet
velvet quilt sets king,110,0.63,,Velvet
velvet quilt bedspread,110,0.95,,Velvet
velvet quilt purple,110,0.78,,Velvet
layne velvet quilt,110,0.23,,Velvet
teema turkish towels,110,1.17,6,Bath / Towels
turkish bath towels sale,110,2.99,,Bath / Towels
turkish towels wholesale,110,4.64,,Bath / Towels
parachute classic turkish cotton towels,110,2.23,,Bath / Towels
huckberry turkish towels,110,1.93,,Bath / Towels
turkish towels restoration hardware,110,4.79,,Bath / Towels
super plush turkish cotton bath towels,110,8.34,,Bath / Towels
turkish towels organic,110,2.73,,Bath / Towels
wholesale turkish towels,110,4.64,,Bath / Towels
turkish bath towels for sale,110,2.99,,Bath / Towels
feshka turkish towels,110,1.09,,Bath / Towels
restoration hardware turkish towels,110,4.79,,Bath / Towels
turkish bath towels on sale,110,2.99,,Bath / Towels
brooks brothers premium turkish towels,110,0.73,,Bath / Towels
pink turkish towels,110,1.37,,Bath / Towels
organic turkish towels,110,2.73,,Bath / Towels
turkish luxury bath towels,110,6.2,,Bath / Towels
turkish pool towels,110,3.61,,Bath / Towels
luxury turkish bath towels,110,6.2,,Bath / Towels
bamboo vs cotton towels,110,1.18,,Bath / Towels
bamboo fabric towels,110,0.34,,Bath / Towels
best bamboo paper towels,110,3.35,,Bath / Towels
amazon bamboo towels,110,1.29,,Bath / Towels
bamboo towels vs cotton towels,110,1.18,,Bath / Towels
bamboo towels amazon,110,1.29,,Bath / Towels
cotton vs bamboo towels,110,1.18,,Bath / Towels
bamboo hair towels,110,1.58,,Bath / Towels
bamboo towels vs cotton,110,1.18,,Bath / Towels
bamboo hand towels,110,1.95,,Bath / Towels
organic cotton towels made in usa,110,3.28,,Bath / Towels
organic cotton towels made in the usa,110,3.28,,Bath / Towels
select comfort lyocell sheets,90,1.48,,Silky Lyocell (TENCEL™)
target lyocell sheets,90,0.1,,Silky Lyocell (TENCEL™)
lyocell sheets sleep number,90,1.48,,Silky Lyocell (TENCEL™)
sleep number lyocell sheets,90,1.48,,Silky Lyocell (TENCEL™)
lyocell sheets review,90,3.48,,Silky Lyocell (TENCEL™)
tencel lyocell bedding,90,1.34,,Silky Lyocell (TENCEL™)
tencel lyocell sheets review,90,3.48,,Silky Lyocell (TENCEL™)
bamboo lyocell bedding,90,5.86,1,Silky Lyocell (TENCEL™)
tencel lyocell sheets reviews,90,3.48,,Silky Lyocell (TENCEL™)
threshold cool tencel lyocell sheet set,90,0.22,,Silky Lyocell (TENCEL™)
lyocell sheets reviews,90,3.48,,Silky Lyocell (TENCEL™)
brooklyn bedding deep pocket bamboo cotton sheets,90,3.73,,Premium Lumière (Bamboo)
best bamboo bedding,90,8.89,,Premium Lumière (Bamboo)
bamboo bedding for hot sleepers,90,0,,Premium Lumière (Bamboo)
rayon from bamboo duvet cover,90,4.19,,Premium Lumière (Bamboo)
organic bamboo duvet cover,90,5.36,,Premium Lumière (Bamboo)
rayon bamboo duvet cover,90,4.19,,Premium Lumière (Bamboo)
bamboo rayon duvet cover,90,4.19,,Premium Lumière (Bamboo)
natural home bamboo duvet,90,0.15,,Premium Lumière (Bamboo)
bamboo silk pillowcase,90,4.43,,Premium Lumière (Bamboo)
bamboo vs silk pillowcase,90,3.45,,Premium Lumière (Bamboo)
modal bedding,90,2.4,,Naked Modal
modal spandex pajamas,90,1.67,,Naked Modal
modal and spandex pajamas,90,1.67,,Naked Modal
95 modal 5 spandex pajamas,90,0.8,,Naked Modal
womens pajamas modal,90,0.87,,Naked Modal
modal maternity pajamas,90,1.46,,Naked Modal
modal pajamas victoria's secret,90,0.55,38,Naked Modal
old navy modal pajamas,90,0.55,,Naked Modal
victoria secret pajamas modal,90,0.48,9,Naked Modal
best linen duvet cover reddit,90,4.91,2,European Flax Linacel (Linen)
linen gingham duvet cover,90,1.78,,European Flax Linacel (Linen)
pinstripe linen duvet cover,90,2.36,,European Flax Linacel (Linen)
teal linen duvet cover,90,2.02,,European Flax Linacel (Linen)
palmette embroidered linen duvet cover,90,0.7,,European Flax Linacel (Linen)
quince linen duvet cover review,90,1.07,,European Flax Linacel (Linen)
dark brown linen duvet cover,90,3.64,,European Flax Linacel (Linen)
linen duvet cover navy,90,4.45,,European Flax Linacel (Linen)
navy linen duvet cover,90,4.45,,European Flax Linacel (Linen)
gingham linen duvet cover,90,3.08,,European Flax Linacel (Linen)
quince duvet cover linen,90,1.1,,European Flax Linacel (Linen)
ivory linen duvet cover,90,4.46,,European Flax Linacel (Linen)
taupe linen duvet cover,90,5.03,,European Flax Linacel (Linen)
terracotta linen duvet cover,90,7.87,,European Flax Linacel (Linen)
pottery barn belgian flax linen duvet cover,90,4.19,,European Flax Linacel (Linen)
red linen duvet cover,90,1.84,,European Flax Linacel (Linen)
terra cotta linen duvet cover,90,7.87,,European Flax Linacel (Linen)
official fleece company muslin blanket,90,1.34,,Muslin
custom muslin blanket,90,1.29,,Muslin
floral muslin blanket,90,0.7,,Muslin
muslin oversized blanket,90,3.1,,Muslin
oversize muslin blanket,90,3.1,,Muslin
oversized muslin blanket,90,3.1,,Muslin
personalized muslin blanket,90,1.29,,Muslin
muslin blanket pink,90,1.51,,Muslin
comfy cubs adult muslin blanket,90,0.86,,Muslin
pink muslin blanket,90,1.51,,Muslin
oversized king muslin blanket,90,1.54,,Muslin
winter muslin blanket,90,3.11,,Muslin
muslin king size blanket,90,1.2,,Muslin
yoofoss muslin blanket,90,0.56,,Muslin
9 layer muslin blanket,90,3.09,,Muslin
muslin bed blanket,90,2.25,,Muslin
monogrammed muslin blanket,90,1.29,,Muslin
organic muslin swaddle blanket,90,1.08,,Muslin
waffle blanket knitting pattern,90,0.58,,Waffle
waffle knit blanket pattern,90,0.58,,Waffle
walmart waffle blanket,90,0.19,,Waffle
softest waffle blanket,90,1.93,,Waffle
soft waffle blanket,90,1.93,,Waffle
waffle weave blanket queen,90,1.86,,Waffle
cooling waffle blanket,90,1.36,,Waffle
chunky waffle blanket,90,1.58,,Waffle
knit waffle blanket pattern,90,0.58,,Waffle
amazon waffle blanket,90,0.5,,Waffle
waffle blanket amazon,90,0.5,,Waffle
queen size waffle blanket,90,0.89,,Waffle
waffle blanket queen size,90,0.89,,Waffle
waffle weave queen blanket,90,1.86,,Waffle
waffle knitting pattern blanket,90,0.58,,Waffle
yellow waffle blanket,90,1.1,,Waffle
aquis waffle hair towel,90,0.61,,Waffle
aquis hair towel waffle,90,0.61,,Waffle
organic waffle towel,90,3.09,,Waffle
waffle knit hand towel,90,1.02,,Waffle
waffle weave towel car,90,0.37,,Waffle
pink waffle towel,90,1.3,,Waffle
waffle towel ikea,90,0.65,,Waffle
waffle weave glass towel,90,0.47,,Waffle
waffle tea towel,90,1.34,,Waffle
waffle hotel robe,90,1.9,,Waffle
hotel waffle robe,90,1.9,,Waffle
dreamweave waffle robe,90,4.3,2,Waffle
waffle robe hotel,90,1.9,,Waffle
luxury waffle robe,90,4.74,,Waffle
ikea waffle robe,90,0.65,6,Waffle
best waffle robe women's,90,3.47,,Waffle
softest waffle robe,90,3.41,,Waffle
world market waffle robe,90,0.38,,Waffle
turkish cotton waffle robe,90,2.09,,Waffle
best waffle robe women,90,3.47,,Waffle
men's waffle robe cotton,90,2.1,,Waffle
monarch/cypress waffle robe,90,2.8,,Waffle
quince robe waffle,90,0.71,,Waffle
men's cotton waffle robe,90,2.1,,Waffle
black waffle robe,90,1.25,,Waffle
onsen waffle robe,90,3.21,,Waffle
soft waffle robe,90,3.41,,Waffle
geo waffle organic cotton robe,90,0,,Waffle
amazon essentials waffle robe,90,1.36,,Waffle
coyuchi organic waffle robe,90,2.2,,Waffle
monarch cypress waffle robe,90,2.8,,Waffle
quince waffle duvet cover,90,0.64,,Waffle
beige waffle duvet cover,90,1.22,,Waffle
what is sateen sheets made of,90,2.56,,Luce Cotton Sateen
supima sateen sheets,90,4.79,,Luce Cotton Sateen
luxury sateen sheets,90,9.28,,Luce Cotton Sateen
what are sateen sheets made of,90,2.56,,Luce Cotton Sateen
sateen luxury sheets,90,9.28,,Luce Cotton Sateen
wamsutta sheets sateen,90,2.55,,Luce Cotton Sateen
are sateen sheets good,90,2.92,,Luce Cotton Sateen
supima sateen cotton sheets,90,4.79,,Luce Cotton Sateen
jcpenney sateen sheets,90,2.25,,Luce Cotton Sateen
wamsutta sateen sheets,90,2.55,,Luce Cotton Sateen
egyptian sateen sheets,90,4.06,,Luce Cotton Sateen
cooling sheets queen deep pocket,90,3.18,,Cloud Cool / Cooling
macys cooling sheets,90,1.2,,Cloud Cool / Cooling
best cooling sheets 2025,90,2.52,,Cloud Cool / Cooling
full size cooling sheets,90,4.34,12,Cloud Cool / Cooling
silky cooling sheets,90,3.4,,Cloud Cool / Cooling
cooling temperature sheets,90,3.58,,Cloud Cool / Cooling
best cooling fitted sheets,90,4.57,,Cloud Cool / Cooling
sheets heating and cooling,90,11.17,,Cloud Cool / Cooling
cooling full size sheets,90,3.59,33,Cloud Cool / Cooling
bamboo sheets for cooling,90,4.05,,Cloud Cool / Cooling
silk cooling sheets,90,3.4,,Cloud Cool / Cooling
cooling bed sheets full size,90,3.59,2,Cloud Cool / Cooling
temperature cooling bed sheets,90,3.58,1,Cloud Cool / Cooling
cooling silk sheets,90,4.35,,Cloud Cool / Cooling
macy's cooling sheets,90,1.2,,Cloud Cool / Cooling
top cooling sheets,90,5.98,4,Cloud Cool / Cooling
temperature cooling sheets,90,3.58,19,Cloud Cool / Cooling
cooling fly sheets for horses,90,2.27,,Cloud Cool / Cooling
moisture wicking cooling sheets,90,4.2,2,Cloud Cool / Cooling
best cooling sheets queen,90,2.97,,Cloud Cool / Cooling
what are cooling sheets made of,90,1.2,,Cloud Cool / Cooling
hypoallergenic cooling sheets,90,6.8,12,Cloud Cool / Cooling
split king cooling sheets,90,5.04,,Cloud Cool / Cooling
cooling satin sheets,90,1.87,,Cloud Cool / Cooling
bedsure bamboo cooling sheets,90,3.04,3,Cloud Cool / Cooling
sutton place cooling comforter costco,90,0.63,,Cloud Cool / Cooling
white cooling comforter,90,2.42,,Cloud Cool / Cooling
cooling comforter cal king,90,3.29,,Cloud Cool / Cooling
cooling comforter ikea,90,0.18,,Cloud Cool / Cooling
cooling comforter california king,90,3.29,5,Cloud Cool / Cooling
cozy bliss seersucker cooling comforter,90,1.56,,Cloud Cool / Cooling
tempur-pedic cooling comforter,90,1.36,,Cloud Cool / Cooling
cooling technology comforter,90,0.8,5,Cloud Cool / Cooling
soft cooling comforter,90,3.23,,Cloud Cool / Cooling
cooling comforter twin,90,2.36,9,Cloud Cool / Cooling
cotton cooling comforter,90,2.08,,Cloud Cool / Cooling
cooling blanket comforter,90,3.9,6,Cloud Cool / Cooling
cooling comforter reviews,90,4.36,1,Cloud Cool / Cooling
tempur pedic cooling comforter,90,1.36,,Cloud Cool / Cooling
best fluffy cooling comforter,90,3.33,,Cloud Cool / Cooling
evercool cooling comforter reddit,90,3.13,,Cloud Cool / Cooling
softest cooling comforter,90,3.23,6,Cloud Cool / Cooling
cooling comforter full,90,4.43,6,Cloud Cool / Cooling
thick cooling comforter,90,2.18,5,Cloud Cool / Cooling
coop cooling blanket,90,1.81,,Cloud Cool / Cooling
tempur-pedic cooling blanket,90,2.28,,Cloud Cool / Cooling
brookstone cooling blanket,90,0.35,,Cloud Cool / Cooling
rest cooling blanket reviews,90,2.29,2,Cloud Cool / Cooling
double sided cooling blanket,90,1.92,,Cloud Cool / Cooling
cooling blanket in store,90,0.59,1,Cloud Cool / Cooling
self cooling blanket,90,1.83,,Cloud Cool / Cooling
cooling blanket with remote,90,0.43,,Cloud Cool / Cooling
cooling bamboo blanket,90,2.85,,Cloud Cool / Cooling
cooling blanket twin size,90,1.37,,Cloud Cool / Cooling
breescape cooling blanket,90,3.07,,Cloud Cool / Cooling
cooling down blanket,90,2.84,7,Cloud Cool / Cooling
twin size cooling blanket,90,1.01,7,Cloud Cool / Cooling
is there such thing as a cooling blanket,90,1.47,1,Cloud Cool / Cooling
how do you wash a cooling blanket,90,0,,Cloud Cool / Cooling
oodie cooling blanket,90,0.87,,Cloud Cool / Cooling
linen cooling blanket,90,4.42,,Cloud Cool / Cooling
cooling quilt blanket,90,2.49,7,Cloud Cool / Cooling
cooling blanket king,90,2.08,2,Cloud Cool / Cooling
is there such a thing as a cooling blanket,90,1.47,6,Cloud Cool / Cooling
best cooling blanket for bed,90,2.66,3,Cloud Cool / Cooling
luna cooling weighted blanket,90,2.59,,Cloud Cool / Cooling
blanketrol cooling blanket,90,0.91,,Cloud Cool / Cooling
cooling blanket material,90,1.54,,Cloud Cool / Cooling
amyhomie cooling blanket,90,0.22,,Cloud Cool / Cooling
tempur pedic cooling blanket,90,2.28,,Cloud Cool / Cooling
double-sided cooling blanket,90,1.92,,Cloud Cool / Cooling
electric cooling blanket for summer,90,0.46,,Cloud Cool / Cooling
rest cooling blanket review,90,2.29,3,Cloud Cool / Cooling
what makes a cooling blanket cool,90,0.83,1,Cloud Cool / Cooling
sam's cooling blanket,90,0.75,,Cloud Cool / Cooling
lightweight cooling duvet insert,90,4.43,,Cloud Cool / Cooling
best cooling duvet cover for hot sleepers,90,6.27,,Cloud Cool / Cooling
how to make a chunky hand knit blanket,90,0.48,3,Snug (Chunky Knit / Faux Fur)
chunky knit yarn blanket,90,0.36,7,Snug (Chunky Knit / Faux Fur)
chunky knit blanket grey,90,0.41,,Snug (Chunky Knit / Faux Fur)
chunky arm knit blanket yarn,90,0,,Snug (Chunky Knit / Faux Fur)
gray chunky knit blanket,90,0.41,,Snug (Chunky Knit / Faux Fur)
chunky knit blanket red,90,0.48,,Snug (Chunky Knit / Faux Fur)
chunky yarn arm knit blanket,90,0,4,Snug (Chunky Knit / Faux Fur)
chunky hand knit blanket tutorial,90,0,1,Snug (Chunky Knit / Faux Fur)
chunky knit blanket classes,90,0.31,,Snug (Chunky Knit / Faux Fur)
yarn for chunky arm knit blanket,90,0,,Snug (Chunky Knit / Faux Fur)
make chunky knit blanket,90,0.32,6,Snug (Chunky Knit / Faux Fur)
chunky knit gray blanket,90,0.41,,Snug (Chunky Knit / Faux Fur)
making a chunky knit blanket,90,0.32,9,Snug (Chunky Knit / Faux Fur)
chunky knit grey blanket,90,0.41,,Snug (Chunky Knit / Faux Fur)
grey chunky knit blanket,90,0.41,,Snug (Chunky Knit / Faux Fur)
chunky knit blanket class,90,0.31,,Snug (Chunky Knit / Faux Fur)
chunky gray knit blanket,90,0.41,,Snug (Chunky Knit / Faux Fur)
knit throw blanket chunky,90,0.62,4,Snug (Chunky Knit / Faux Fur)
red chunky knit blanket,90,0.48,,Snug (Chunky Knit / Faux Fur)
sage green chunky knit blanket,90,0.41,,Snug (Chunky Knit / Faux Fur)
chunky yarn for arm knit blanket,90,0,,Snug (Chunky Knit / Faux Fur)
chunky grey knit blanket,90,0.41,,Snug (Chunky Knit / Faux Fur)
cozy chunky knit blanket,90,2.76,12,Snug (Chunky Knit / Faux Fur)
weighted chunky knit blanket,90,1.64,,Snug (Chunky Knit / Faux Fur)
chunky knit blanket gray,90,0.41,,Snug (Chunky Knit / Faux Fur)
striped chunky knit blanket,90,0.06,,Snug (Chunky Knit / Faux Fur)
chunky knit blanket ideas,90,0.05,,Snug (Chunky Knit / Faux Fur)
how to start chunky knit blanket,90,0.01,,Snug (Chunky Knit / Faux Fur)
rabbit faux fur throw,90,2.75,,Snug (Chunky Knit / Faux Fur)
ed hardy faux fur throw,90,0,,Snug (Chunky Knit / Faux Fur)
faux fur gray throw,90,2.2,,Snug (Chunky Knit / Faux Fur)
sophie faux fur throw blanket,90,1.17,,Snug (Chunky Knit / Faux Fur)
faux fur grey throw,90,2.2,,Snug (Chunky Knit / Faux Fur)
the ultimate faux fur throw,90,0.46,,Snug (Chunky Knit / Faux Fur)
faux fur rabbit throw,90,2.75,,Snug (Chunky Knit / Faux Fur)
faux fur ruched throw pottery barn,90,0.86,,Snug (Chunky Knit / Faux Fur)
ugg faux fur throw blanket,90,0.95,,Snug (Chunky Knit / Faux Fur)
life comfort bubble faux fur throw,90,0.23,,Snug (Chunky Knit / Faux Fur)
faux fur throw sale,90,0.87,,Snug (Chunky Knit / Faux Fur)
ugg dream faux fur throw,90,0.27,,Snug (Chunky Knit / Faux Fur)
berkshire heated luxe faux fur throw,90,0.45,,Snug (Chunky Knit / Faux Fur)
threshold faux fur throw,90,0.47,,Snug (Chunky Knit / Faux Fur)
faux fur throw chair,90,1.54,,Snug (Chunky Knit / Faux Fur)
faux fur throw snow leopard,90,1.06,,Snug (Chunky Knit / Faux Fur)
gray faux fur throw,90,2.2,,Snug (Chunky Knit / Faux Fur)
faux fur throw gray,90,2.2,,Snug (Chunky Knit / Faux Fur)
faux fur throw target,90,0.53,,Snug (Chunky Knit / Faux Fur)
the sophie faux-fur throw blanket,90,1.27,,Snug (Chunky Knit / Faux Fur)
faux fur throw blanket walmart,90,0.14,,Snug (Chunky Knit / Faux Fur)
madison park faux fur throw,90,0.52,,Snug (Chunky Knit / Faux Fur)
pink faux fur throw,90,3.09,,Snug (Chunky Knit / Faux Fur)
faux fur chair throw,90,1.54,,Snug (Chunky Knit / Faux Fur)
target faux fur throw,90,0.53,,Snug (Chunky Knit / Faux Fur)
max studio faux fur throw,90,0.21,,Snug (Chunky Knit / Faux Fur)
the sophie faux fur throw blanket,90,1.27,,Snug (Chunky Knit / Faux Fur)
anthropologie faux fur throw,90,0.79,,Snug (Chunky Knit / Faux Fur)
faux fur throw teal,90,0.37,,Snug (Chunky Knit / Faux Fur)
sale faux fur throw,90,0.87,,Snug (Chunky Knit / Faux Fur)
faux fur snow leopard throw,90,1.06,,Snug (Chunky Knit / Faux Fur)
faux fur throw grey,90,2.2,,Snug (Chunky Knit / Faux Fur)
faux fur throw chinchilla,90,0.7,,Snug (Chunky Knit / Faux Fur)
beautyrest zuri oversized heated faux fur throw,90,0.84,,Snug (Chunky Knit / Faux Fur)
faux rabbit fur throw,90,2.75,,Snug (Chunky Knit / Faux Fur)
amazon faux fur throw blanket,90,0,12,Snug (Chunky Knit / Faux Fur)
faux fur chinchilla throw,90,0.7,,Snug (Chunky Knit / Faux Fur)
faux fur throw on chair,90,1.54,,Snug (Chunky Knit / Faux Fur)
faux fur throw for chair,90,1.54,,Snug (Chunky Knit / Faux Fur)
teal faux fur throw,90,0.37,,Snug (Chunky Knit / Faux Fur)
faux fur pink throw,90,3.09,,Snug (Chunky Knit / Faux Fur)
snow leopard faux fur throw,90,1.06,,Snug (Chunky Knit / Faux Fur)
faux fur throw pink,90,3.09,,Snug (Chunky Knit / Faux Fur)
chinchilla faux fur throw,90,0.7,,Snug (Chunky Knit / Faux Fur)
grey faux fur throw,90,2.2,,Snug (Chunky Knit / Faux Fur)
faux fur throw on sale,90,0.87,,Snug (Chunky Knit / Faux Fur)
brooks brothers faux fur throw,90,0.23,,Snug (Chunky Knit / Faux Fur)
faux fur throw pillow cover,90,1.05,,Snug (Chunky Knit / Faux Fur)
dennis basso home faux fur throw,90,0.53,,Snug (Chunky Knit / Faux Fur)
faux fur throw pillow covers,90,1.05,,Snug (Chunky Knit / Faux Fur)
faux chinchilla fur throw,90,0.7,,Snug (Chunky Knit / Faux Fur)
anthropologie sophie faux fur throw,90,1,,Snug (Chunky Knit / Faux Fur)
faux fur plush throw,90,1.69,,Snug (Chunky Knit / Faux Fur)
plush faux fur throw,90,1.69,,Snug (Chunky Knit / Faux Fur)
knit grey throw blanket,90,2.23,,Snug (Chunky Knit / Faux Fur)
grey knit throw blanket,90,2.23,,Snug (Chunky Knit / Faux Fur)
hand knit throw blanket,90,0.83,7,Snug (Chunky Knit / Faux Fur)
black knit throw blanket,90,0.6,,Snug (Chunky Knit / Faux Fur)
chenille knit throw blanket,90,0.65,,Snug (Chunky Knit / Faux Fur)
gray knit throw blanket,90,2.23,,Snug (Chunky Knit / Faux Fur)
navy blue knit throw blanket,90,0.91,,Snug (Chunky Knit / Faux Fur)
organic cotton sheets california king,90,4.84,,Organic Cotton
organic cotton sheets cal king,90,4.84,,Organic Cotton
organic cotton sheets amazon,90,1.28,1,Organic Cotton
cal king organic cotton sheets,90,4.84,,Organic Cotton
100 organic cotton sheets king,90,2.95,,Organic Cotton
organic cotton california king sheets,90,6.19,,Organic Cotton
amazon organic cotton sheets,90,1.28,,Organic Cotton
pact organic cotton sheets,90,2.6,,Organic Cotton
organic cotton sheets full size,90,2.72,,Organic Cotton
avocado deep pocket organic cotton sheets,90,5.11,,Organic Cotton
california king organic cotton sheets,90,4.84,,Organic Cotton
full size organic cotton sheets,90,2.72,,Organic Cotton
west elm organic cotton sheets,90,1.53,,Organic Cotton
organic cotton sheets near me,90,0.51,,Organic Cotton
organic cotton cal king sheets,90,6.19,,Organic Cotton
grey velvet quilt,90,1.63,,Velvet
velvet quilt grey,90,1.63,,Velvet
evergrace velvet quilt set,90,0.42,,Velvet
gray velvet quilt,90,1.63,,Velvet
white velvet quilt,90,2.28,,Velvet
channel stitch velvet quilt,90,1.38,,Velvet
green velvet quilt king,90,1.76,,Velvet
velvet quilt white,90,2.28,,Velvet
black velvet duvet cover,90,1.26,,Velvet
crushed velvet duvet cover,90,1.24,,Velvet
crushed velvet duvet covers,90,1.24,,Velvet
blue velvet duvet cover,90,1.06,,Velvet
purple velvet duvet cover,90,1.88,,Velvet
velvet duvet cover black,90,1.26,,Velvet
velvet duvet cover purple,90,1.88,,Velvet
red velvet duvet cover,90,0.6,,Velvet
blue turkish towels,90,1.57,,Bath / Towels
monogram turkish towels,90,3.49,,Bath / Towels
best turkish cotton towels,90,4.31,,Bath / Towels
lightweight turkish towels,90,1.86,,Bath / Towels
quince organic turkish waffle bath towels,90,0.96,,Bath / Towels
high quality turkish towels,90,4.91,,Bath / Towels
turkish bath towels costco,90,1.1,,Bath / Towels
black turkish towels,90,1.93,,Bath / Towels
are turkish towels good,90,1.83,,Bath / Towels
cacala turkish towels,90,3.59,,Bath / Towels
authentic turkish towels,90,2.26,,Bath / Towels
monogrammed turkish towels,90,3.49,,Bath / Towels
smyrna turkish cotton towels,90,0.66,,Bath / Towels
amazon turkish bath towels,90,0.82,,Bath / Towels
luxury turkish cotton towels,90,0,,Bath / Towels
brooklinen turkish towels,90,2.25,,Bath / Towels
turkish cotton pool towels,90,1.85,,Bath / Towels
turkish towels blue,90,1.57,,Bath / Towels
turkish bath towels amazon,90,0.82,,Bath / Towels
turkish pom pom towels,90,0.52,,Bath / Towels
turkish tea towels,90,0.42,,Bath / Towels
turkish finest towels,90,1.21,,Bath / Towels
smyrna original turkish hand towels,90,0,,Bath / Towels
turkish towels black,90,1.93,,Bath / Towels
organic cotton turkish towels,90,1.71,,Bath / Towels
turkish organic cotton towels,90,1.71,,Bath / Towels
bamboo cotton towels,90,2.19,,Bath / Towels
soft bamboo towels,90,1.44,,Bath / Towels
cotton bamboo towels,90,2.19,,Bath / Towels
bamboo and cotton towels,90,2.19,,Bath / Towels
bamboo viscose towels,90,2.5,,Bath / Towels
bamboo beach towels,90,1.45,,Bath / Towels
cotton and bamboo towels,90,2.19,,Bath / Towels
organic cotton towels set,90,2.58,,Bath / Towels
haven-organic cotton towels,90,2.51,,Bath / Towels
haven organic cotton towels,90,2.51,,Bath / Towels
gots certified organic cotton bath towels,90,3.11,,Bath / Towels
sijo airyweight eucalyptus lyocell sheet set,70,9.17,,Silky Lyocell (TENCEL™)
tencel lyocell pajamas,70,2.08,,Silky Lyocell (TENCEL™)
eucalyptus lyocell duvet cover,70,3.97,,Silky Lyocell (TENCEL™)
lyocell duvet insert,70,4.54,,Silky Lyocell (TENCEL™)
premium bamboo bedding,70,0,,Premium Lumière (Bamboo)
sustainable bamboo bedding,70,0,,Premium Lumière (Bamboo)
bamboo duvet cover with zipper,70,7.71,,Premium Lumière (Bamboo)
twin bamboo duvet cover,70,4.12,,Premium Lumière (Bamboo)
bamboo duvet uk,70,0,,Premium Lumière (Bamboo)
bamboo duvet cover twin,70,4.12,,Premium Lumière (Bamboo)
bamboo twin duvet cover,70,4.12,,Premium Lumière (Bamboo)
bamboo pillowcase for hair,70,1.65,,Premium Lumière (Bamboo)
pure beech sateen modal sheets,70,3.77,,Naked Modal
modal cotton sheets,70,2.87,,Naked Modal
pure beech modal sateen sheets,70,3.77,,Naked Modal
sateen modal sheets,70,3.98,,Naked Modal
cotton modal sheets,70,2.87,,Naked Modal
modal sateen sheets,70,3.98,,Naked Modal
cotton and modal sheets,70,2.87,,Naked Modal
modal and cotton sheets,70,2.87,,Naked Modal
modal plus size pajamas,70,1.72,,Naked Modal
plus size modal pajamas,70,1.72,,Naked Modal
modal pajamas plus size,70,1.72,,Naked Modal
best modal pajamas for women,70,2.44,,Naked Modal
modal tencel pajamas,70,1.28,,Naked Modal
skims modal pajamas,70,0.75,,Naked Modal
red modal pajamas,70,0.92,,Naked Modal
modal jogger pajamas,70,2.53,,Naked Modal
heavy linen duvet cover,70,6.78,,European Flax Linacel (Linen)
plum linen duvet cover,70,3.82,,European Flax Linacel (Linen)
dark green linen duvet cover,70,5.89,,European Flax Linacel (Linen)
welhome cotton linen relaxed duvet cover,70,2.29,,European Flax Linacel (Linen)
100 linen duvet cover queen,70,1.15,,European Flax Linacel (Linen)
linen duvet cover crate and barrel,70,2.55,,European Flax Linacel (Linen)
cotton or linen duvet cover,70,3.76,,European Flax Linacel (Linen)
linen duvet cover queen size,70,2.26,,European Flax Linacel (Linen)
linen duvet cover full size,70,2.99,,European Flax Linacel (Linen)
linen or cotton duvet cover,70,3.76,,European Flax Linacel (Linen)
linen oversized king duvet cover,70,2.41,,European Flax Linacel (Linen)
crate and barrel linen duvet cover,70,2.55,,European Flax Linacel (Linen)
linen oatmeal duvet cover,70,5.89,,European Flax Linacel (Linen)
queen size linen duvet cover,70,2.26,,European Flax Linacel (Linen)
charcoal linen duvet cover,70,2.74,,European Flax Linacel (Linen)
tan linen duvet cover,70,3.36,,European Flax Linacel (Linen)
olive green linen duvet cover,70,3.67,,European Flax Linacel (Linen)
textured linen duvet cover,70,1.98,,European Flax Linacel (Linen)
off white linen duvet cover,70,6.97,,European Flax Linacel (Linen)
sage green linen duvet cover,70,5.99,,European Flax Linacel (Linen)
levtex home washed linen duvet cover,70,1.44,,European Flax Linacel (Linen)
stripe linen duvet cover,70,3.18,,European Flax Linacel (Linen)
oversized king linen duvet cover,70,2.41,,European Flax Linacel (Linen)
linen duvet cover ikea,70,0.87,7,European Flax Linacel (Linen)
oatmeal linen duvet cover,70,5.89,,European Flax Linacel (Linen)
oat linen duvet cover,70,5.89,,European Flax Linacel (Linen)
espresso linen duvet cover,70,5.55,,European Flax Linacel (Linen)
full size linen duvet cover,70,2.99,,European Flax Linacel (Linen)
heavyweight linen duvet cover,70,6.78,,European Flax Linacel (Linen)
linen duvet cover near me,70,0.98,,European Flax Linacel (Linen)
mauve linen duvet cover,70,3.51,,European Flax Linacel (Linen)
simple opulence linen duvet cover,70,2.86,,European Flax Linacel (Linen)
off-white linen duvet cover,70,6.97,,European Flax Linacel (Linen)
linen euro pillowcase,70,3.14,,European Flax Linacel (Linen)
muslin crib blanket,70,0.78,,Muslin
muslin fleece blanket,70,2.02,,Muslin
muslin blanket vs receiving blanket,70,1.64,,Muslin
receiving blanket vs muslin,70,1.64,,Muslin
muslin blanket near me,70,0.34,,Muslin
cotton muslin throw blanket,70,0.62,,Muslin
pottery barn muslin blanket,70,3.49,,Muslin
adult size muslin blanket,70,1.59,,Muslin
muslin blanket walmart,70,0.28,,Muslin
4 layer muslin blanket,70,0.95,,Muslin
emme muslin blanket,70,0.71,,Muslin
bamboo muslin blanket,70,1.46,,Muslin
chickpea muslin stroller blanket,70,0,,Muslin
muslin 4 layer blanket,70,0.95,,Muslin
muslin gauze blanket,70,1.82,,Muslin
fleece company muslin blanket reviews,70,2.1,,Muslin
walmart muslin blanket,70,0.28,,Muslin
lightweight muslin blanket,70,1.62,,Muslin
chick pea muslin stroller blanket,70,0,,Muslin
muslin bamboo blanket,70,1.46,,Muslin
6 layer muslin blanket,70,1.69,,Muslin
cotton muslin bedding set,70,1.28,,Muslin
bedsure cooling waffle blanket,70,1.77,,Waffle
lightweight waffle blanket,70,1.6,,Waffle
threshold waffle blanket,70,0.53,,Waffle
heavy waffle blanket,70,1.57,,Waffle
cotton waffle bed blanket,70,1.9,,Waffle
best border for waffle stitch blanket,70,0.03,,Waffle
oversized king waffle blanket,70,1.23,,Waffle
cotton waffle blanket queen,70,1.29,,Waffle
best waffle weave blanket,70,3.62,,Waffle
twin waffle blanket,70,1.09,,Waffle
waffle linen blanket,70,2.72,,Waffle
gray waffle blanket,70,1.9,,Waffle
linen waffle blanket,70,2.2,,Waffle
grey waffle blanket,70,1.9,,Waffle
waffle blanket grey,70,1.9,,Waffle
cotton waffle throw blanket,70,2.25,,Waffle
black waffle blanket,70,0.87,,Waffle
waffle weave acrylic blanket with satin trim,70,0.47,,Waffle
waffle stitch crochet blanket free pattern,70,0,7,Waffle
vintage waffle weave blanket with satin trim,70,0.47,,Waffle
muji waffle towel,70,0.54,,Waffle
organic cotton waffle towel,70,3.29,,Waffle
waffle weave golf towel,70,2.92,,Waffle
zwipes professional microfiber waffle drying towel,70,0,,Waffle
waffle towel robe,70,1.78,,Waffle
waffle beach towel,70,1.14,,Waffle
embroidered waffle robe,70,2.62,,Waffle
waffle weave spa robe,70,3.04,,Waffle
terry waffle robe,70,4.27,,Waffle
spa waffle weave robe,70,3.04,,Waffle
unisex waffle robe,70,2.68,,Waffle
waffle kimono robe,70,1.65,,Waffle
short sleeve waffle robe,70,1.65,,Waffle
spa robe waffle weave,70,3.04,,Waffle
waffle weave spa robe from boll & branch,70,3.7,,Waffle
grey waffle robe,70,1.43,,Waffle
waffle texture robe,70,1.48,,Waffle
kimono waffle robe,70,1.65,,Waffle
gray waffle robe,70,1.43,,Waffle
boll and branch waffle robe,70,2.09,,Waffle
waffle robe unisex,70,2.68,,Waffle
nordstrom waffle robe,70,0.26,,Waffle
waffle cotton robe womens,70,1.56,,Waffle
waffle womens robe,70,3.05,,Waffle
waffle robe nordstrom,70,0.26,,Waffle
waffle and terry robe,70,4.27,,Waffle
waffle robe grey,70,1.43,,Waffle
line and dot waffle knit robe,70,0.2,,Waffle
waffle texture duvet cover,70,1.01,,Waffle
waffle weave duvet,70,0.84,,Waffle
waffle textured duvet cover,70,1.01,,Waffle
twin xl sateen sheets,70,6.53,,Luce Cotton Sateen
sateen weave bed sheets,70,17.56,,Luce Cotton Sateen
company store sateen sheets,70,3.87,,Luce Cotton Sateen
best sateen sheets reddit,70,4.94,,Luce Cotton Sateen
1000 thread count sateen sheets,70,5.95,,Luce Cotton Sateen
saatva sateen sheets,70,5.55,,Luce Cotton Sateen
high quality sateen sheets,70,5.62,,Luce Cotton Sateen
king size sateen sheets,70,5.18,,Luce Cotton Sateen
100 egyptian cotton sateen sheets,70,2.05,1,Luce Cotton Sateen
sateen xl twin sheets,70,6.53,,Luce Cotton Sateen
sateen twin sheets,70,8.04,,Luce Cotton Sateen
twin sheets sateen,70,8.04,,Luce Cotton Sateen
what's the difference between percale and sateen sheets,70,4.58,,Luce Cotton Sateen
coyuchi sateen sheets,70,2.39,,Luce Cotton Sateen
macys sateen sheets,70,0.44,,Luce Cotton Sateen
pottery barn sateen sheets,70,4.78,,Luce Cotton Sateen
sateen sheets 1000 thread count,70,5.95,,Luce Cotton Sateen
threshold sateen sheets,70,1.23,,Luce Cotton Sateen
macy's sateen sheets,70,0.44,,Luce Cotton Sateen
hotel signature sateen sheets 400 thread count costco,70,0.7,,Luce Cotton Sateen
1000tc sateen sheets,70,5.95,,Luce Cotton Sateen
sateen king size sheets,70,5.18,,Luce Cotton Sateen
are sateen sheets hot,70,2.63,,Luce Cotton Sateen
cuddledown sateen sheets,70,3.04,,Luce Cotton Sateen
sateen sheets twin xl,70,6.53,,Luce Cotton Sateen
sateen twin xl sheets,70,6.53,,Luce Cotton Sateen
hotel signature sateen sheets 400 thread count egyptian cotton sheets,70,0.96,,Luce Cotton Sateen
sateen 1000 thread count sheets,70,5.95,,Luce Cotton Sateen
hotel sateen sheets,70,4.45,,Luce Cotton Sateen
sateen vs bamboo sheets,70,6.46,,Luce Cotton Sateen
sateen sheets twin,70,8.04,,Luce Cotton Sateen
sateen sheets king size,70,5.18,,Luce Cotton Sateen
twin xl sheets sateen,70,6.53,,Luce Cotton Sateen
twin sateen sheets,70,8.04,,Luce Cotton Sateen
cooling sheets and blanket,70,3.92,,Cloud Cool / Cooling
cooling fan for under sheets,70,2.28,,Cloud Cool / Cooling
cooling twin sheets,70,1.7,,Cloud Cool / Cooling
organic cotton cooling sheets,70,7.46,,Cloud Cool / Cooling
is microfiber sheets cooling,70,0.25,,Cloud Cool / Cooling
best deep pocket cooling sheets,70,3.76,,Cloud Cool / Cooling
twin cooling sheets,70,2.6,,Cloud Cool / Cooling
tempur-pedic sheets cooling,70,4.17,,Cloud Cool / Cooling
organic cooling sheets,70,9.54,,Cloud Cool / Cooling
wirecutter cooling sheets,70,2.52,10,Cloud Cool / Cooling
100 cotton cooling sheets,70,2.33,,Cloud Cool / Cooling
best thread count for cooling sheets,70,1.57,,Cloud Cool / Cooling
miracle made luxe cooling bed sheets 4 piece silver infused,70,0,12,Cloud Cool / Cooling
best cooling cotton sheets,70,3.92,,Cloud Cool / Cooling
cooling bed sheets reddit,70,16.69,1,Cloud Cool / Cooling
purple cooling sheets,70,2.74,,Cloud Cool / Cooling
what material is best for cooling sheets,70,1.61,12,Cloud Cool / Cooling
tempur pedic sheets cooling,70,4.17,,Cloud Cool / Cooling
be koool cooling gel sheets,70,0.21,,Cloud Cool / Cooling
tencel lyocell cooling sheets,70,4.25,,Cloud Cool / Cooling
cooling sheets costco,70,1.81,,Cloud Cool / Cooling
cooling sheets full size,70,2.54,5,Cloud Cool / Cooling
hush cooling sheets,70,2.5,,Cloud Cool / Cooling
queen cooling bed sheets,70,1.45,,Cloud Cool / Cooling
cooling bed sheets material,70,2.53,19,Cloud Cool / Cooling
dosaze cooling sheets,70,2.92,,Cloud Cool / Cooling
water cooling sheets,70,2.8,12,Cloud Cool / Cooling
rest cooling sheets reviews,70,2.8,3,Cloud Cool / Cooling
black cooling sheets,70,3.11,,Cloud Cool / Cooling
cooling fabric for sheets,70,1.7,,Cloud Cool / Cooling
cooling crib sheets,70,1.22,,Cloud Cool / Cooling
cooling sheets that actually work,70,3.62,1,Cloud Cool / Cooling
what sheets are cooling,70,2.83,,Cloud Cool / Cooling
affordable cooling sheets,70,2.49,,Cloud Cool / Cooling
cooling fabric sheets,70,1.7,,Cloud Cool / Cooling
silver infused cooling sheets,70,6.46,,Cloud Cool / Cooling
arc chill cooling comforter,70,1.79,,Cloud Cool / Cooling
cooling cotton comforter,70,3.45,,Cloud Cool / Cooling
zonli cooling comforter,70,3.12,,Cloud Cool / Cooling
sam's club cooling comforter,70,0.73,,Cloud Cool / Cooling
amazon cooling comforter,70,0.8,,Cloud Cool / Cooling
twin cooling comforter,70,1.79,4,Cloud Cool / Cooling
what is the best cooling comforter,70,4.57,9,Cloud Cool / Cooling
aldi cooling comforter,70,0,,Cloud Cool / Cooling
cooling bamboo comforter,70,3.77,,Cloud Cool / Cooling
top rated cooling comforter,70,4,,Cloud Cool / Cooling
cooling lightweight comforter,70,3.56,,Cloud Cool / Cooling
best cooling comforter 2025,70,1.87,,Cloud Cool / Cooling
what is a cooling comforter,70,11.93,,Cloud Cool / Cooling
costco cooling comforter review,70,3.04,,Cloud Cool / Cooling
arc-chill cooling comforter,70,1.79,,Cloud Cool / Cooling
cooling comforter king size,70,3.51,,Cloud Cool / Cooling
rest bedding cooling comforter,70,2.42,4,Cloud Cool / Cooling
cloud cooling comforter,70,4.63,,Cloud Cool / Cooling
brooklinen cooling comforter,70,5.63,,Cloud Cool / Cooling
rest cooling comforter reddit,70,7.74,,Cloud Cool / Cooling
easeland cooling comforter,70,1.07,,Cloud Cool / Cooling
kirkton house cooling comforter,70,0.44,,Cloud Cool / Cooling
below zero cooling comforter reviews,70,2.23,,Cloud Cool / Cooling
queen size cooling comforter,70,3.35,6,Cloud Cool / Cooling
sutton place cooling comforter king,70,2.26,,Cloud Cool / Cooling
cooling comforter for summer,70,3.72,,Cloud Cool / Cooling
allied home below zero cooling comforter,70,0.61,,Cloud Cool / Cooling
cooling sheets and comforter set,70,4.67,,Cloud Cool / Cooling
target cooling comforter,70,0.99,,Cloud Cool / Cooling
cooling down comforter king,70,4.76,7,Cloud Cool / Cooling
heavy cooling comforter,70,2.66,2,Cloud Cool / Cooling
otter oasis cooling comforter,70,0.45,,Cloud Cool / Cooling
wirecutter cooling blanket,70,5.68,11,Cloud Cool / Cooling
cooling blanket for adults,70,1.53,11,Cloud Cool / Cooling
weighted cooling blanket king size,70,2.16,,Cloud Cool / Cooling
cooling blanket how does it work,70,0,,Cloud Cool / Cooling
how cooling blanket works,70,0.22,,Cloud Cool / Cooling
dream valley cooling blanket,70,0.81,1,Cloud Cool / Cooling
can you put a cooling blanket in the dryer,70,0,,Cloud Cool / Cooling
cooling blanket at costco,70,0.62,,Cloud Cool / Cooling
best cooling blanket for sleeping,70,2.64,10,Cloud Cool / Cooling
large cooling blanket,70,1.52,8,Cloud Cool / Cooling
king size weighted blanket cooling,70,3.56,,Cloud Cool / Cooling
best cooling blanket for night sweats,70,3.38,10,Cloud Cool / Cooling
stryker cooling blanket,70,0.17,,Cloud Cool / Cooling
sleep cooling blanket,70,3.57,9,Cloud Cool / Cooling
pink cooling blanket,70,1.04,,Cloud Cool / Cooling
cooling blanket tiktok,70,2.34,,Cloud Cool / Cooling
best cooling duvet insert for hot sleepers,70,6.67,,Cloud Cool / Cooling
cooling duvet cover queen,70,4.85,,Cloud Cool / Cooling
hydrocool cooling down alternative duvet insert,70,9.29,,Cloud Cool / Cooling
cooling duvet insert queen,70,2.67,,Cloud Cool / Cooling
chunky knit blanket throw,70,1.35,3,Snug (Chunky Knit / Faux Fur)
chunky cable knit blanket pattern free,70,0.22,,Snug (Chunky Knit / Faux Fur)
step by step diy chunky knit blanket,70,0.45,8,Snug (Chunky Knit / Faux Fur)
how to finish chunky knit blanket,70,0,,Snug (Chunky Knit / Faux Fur)
cozy chunky knit blanket soft chenille home decor,70,0,,Snug (Chunky Knit / Faux Fur)
olive green chunky knit blanket,70,1.44,,Snug (Chunky Knit / Faux Fur)
best chunky knit blanket,70,1.61,4,Snug (Chunky Knit / Faux Fur)
chunky yarn knit blanket pattern,70,0,,Snug (Chunky Knit / Faux Fur)
throw chunky knit blanket,70,1.67,1,Snug (Chunky Knit / Faux Fur)
chunky knit navy blanket,70,0.73,,Snug (Chunky Knit / Faux Fur)
super chunky knit blanket,70,0.95,,Snug (Chunky Knit / Faux Fur)
fall chunky knit blanket,70,0,5,Snug (Chunky Knit / Faux Fur)
how to hand knit a blanket with chunky yarn,70,0,,Snug (Chunky Knit / Faux Fur)
chunky finger knit blanket pattern,70,0.18,,Snug (Chunky Knit / Faux Fur)
hand knit a chunky blanket,70,0.42,,Snug (Chunky Knit / Faux Fur)
chunky knit blanket size,70,0.14,,Snug (Chunky Knit / Faux Fur)
black chunky knit blanket,70,1.05,,Snug (Chunky Knit / Faux Fur)
casaluna chunky knit bed blanket,70,1.18,,Snug (Chunky Knit / Faux Fur)
chunky knit blanket how to make,70,0.49,5,Snug (Chunky Knit / Faux Fur)
chunky knit blanket workshop near me,70,1.03,,Snug (Chunky Knit / Faux Fur)
light blue chunky knit blanket,70,1.27,,Snug (Chunky Knit / Faux Fur)
chunky knit blanket navy,70,0.73,,Snug (Chunky Knit / Faux Fur)
navy chunky knit blanket,70,0.73,,Snug (Chunky Knit / Faux Fur)
how to cast off chunky knit blanket,70,0,,Snug (Chunky Knit / Faux Fur)
how to finish a hand knit chunky blanket,70,0,,Snug (Chunky Knit / Faux Fur)
oversized chunky knit throw blanket,70,0.18,,Snug (Chunky Knit / Faux Fur)
purple chunky knit blanket,70,0.68,,Snug (Chunky Knit / Faux Fur)
chunky knit blanket sizes,70,0.14,,Snug (Chunky Knit / Faux Fur)
samiah luxe chunky knit blanket,70,0.21,,Snug (Chunky Knit / Faux Fur)
chunky knit blanket purple,70,0.68,,Snug (Chunky Knit / Faux Fur)
how to make a chunky knit blanket with a fork,70,0,7,Snug (Chunky Knit / Faux Fur)
brookstone heated luxe faux fur throw,70,1.69,,Snug (Chunky Knit / Faux Fur)
red faux fur throw,70,0.26,,Snug (Chunky Knit / Faux Fur)
faux fur throw leopard,70,0.86,,Snug (Chunky Knit / Faux Fur)
brookstone luxe faux fur heated throw,70,0.8,,Snug (Chunky Knit / Faux Fur)
madison park ruched faux fur throw,70,0.8,,Snug (Chunky Knit / Faux Fur)
life comfort bubble faux fur throw costco,70,0.17,,Snug (Chunky Knit / Faux Fur)
ugg euphoria faux fur throw,70,1.75,,Snug (Chunky Knit / Faux Fur)
navy blue faux fur throw,70,0.27,,Snug (Chunky Knit / Faux Fur)
champagne faux fur throw,70,0,,Snug (Chunky Knit / Faux Fur)
faux fur oversized throw blanket,70,1.14,,Snug (Chunky Knit / Faux Fur)
faux fur throw blanket costco,70,0.43,,Snug (Chunky Knit / Faux Fur)
faux fur red throw,70,0.26,,Snug (Chunky Knit / Faux Fur)
white faux fur blanket throw,70,0.83,,Snug (Chunky Knit / Faux Fur)
anthropologie luxe faux fur throw blanket,70,1.92,,Snug (Chunky Knit / Faux Fur)
heated faux fur throw blanket,70,1.28,,Snug (Chunky Knit / Faux Fur)
pink faux fur throw blanket,70,2.21,,Snug (Chunky Knit / Faux Fur)
pottery barn luxe faux fur throw,70,1.95,,Snug (Chunky Knit / Faux Fur)
dark gray faux fur throw,70,2.39,,Snug (Chunky Knit / Faux Fur)
dark grey faux fur throw,70,2.39,,Snug (Chunky Knit / Faux Fur)
member's mark luxury faux fur throw,70,0.39,,Snug (Chunky Knit / Faux Fur)
tahari home faux fur throw,70,1.78,,Snug (Chunky Knit / Faux Fur)
faux fur throw walmart,70,0.21,,Snug (Chunky Knit / Faux Fur)
life comfort ultimate faux fur throw costco,70,0.32,,Snug (Chunky Knit / Faux Fur)
faux fur throw navy blue,70,0.27,,Snug (Chunky Knit / Faux Fur)
faux fur throw champagne,70,0,,Snug (Chunky Knit / Faux Fur)
faux fur leopard throw,70,0.86,,Snug (Chunky Knit / Faux Fur)
faux fur heated throw blanket,70,1.28,,Snug (Chunky Knit / Faux Fur)
heated luxe faux fur throw blanket,70,0.93,,Snug (Chunky Knit / Faux Fur)
koolaburra by ugg crystelle faux fur throw,70,0,,Snug (Chunky Knit / Faux Fur)
shaggy faux fur throw,70,0.55,,Snug (Chunky Knit / Faux Fur)
oversized throw blanket faux fur,70,1.14,,Snug (Chunky Knit / Faux Fur)
lilac faux fur throw,70,1.12,,Snug (Chunky Knit / Faux Fur)
heated throw blanket faux fur,70,1.28,,Snug (Chunky Knit / Faux Fur)
pendleton faux fur throw,70,0.22,1,Snug (Chunky Knit / Faux Fur)
walmart faux fur throw,70,0.21,,Snug (Chunky Knit / Faux Fur)
leopard faux fur throw,70,0.86,,Snug (Chunky Knit / Faux Fur)
faux fur throw red,70,0.26,,Snug (Chunky Knit / Faux Fur)
faux fur pink throw blanket,70,2.21,,Snug (Chunky Knit / Faux Fur)
brookstone coziest heated faux fur throw,70,0.44,,Snug (Chunky Knit / Faux Fur)
oversized faux fur throw blanket,70,1.14,,Snug (Chunky Knit / Faux Fur)
knit throw blanket target,70,0.75,,Snug (Chunky Knit / Faux Fur)
beige knit throw blanket,70,0.74,,Snug (Chunky Knit / Faux Fur)
knit throw blanket : target,70,0.75,,Snug (Chunky Knit / Faux Fur)
oversized knit throw blanket,70,1.44,,Snug (Chunky Knit / Faux Fur)
target knit throw blanket,70,0.75,,Snug (Chunky Knit / Faux Fur)
how to knit a throw blanket,70,0.45,,Snug (Chunky Knit / Faux Fur)
feather knit throw blanket,70,0.34,,Snug (Chunky Knit / Faux Fur)
jersey knit throw blanket,70,0.66,,Snug (Chunky Knit / Faux Fur)
how to knit throw blanket,70,0.45,,Snug (Chunky Knit / Faux Fur)
soft knit throw blanket,70,1.05,,Snug (Chunky Knit / Faux Fur)
white cable knit throw blanket,70,0.38,,Snug (Chunky Knit / Faux Fur)
birch organic cotton sheets,70,4.49,,Organic Cotton
organic cotton sheets sale,70,2.61,,Organic Cotton
100 organic cotton sheets queen,70,2.91,,Organic Cotton
crate and barrel organic cotton sheets,70,1.17,,Organic Cotton
purely organic turkish cotton sheets,70,1.21,,Organic Cotton
organic cotton earthing sheets,70,0,,Organic Cotton
organic cotton sheets on sale,70,2.61,,Organic Cotton
organic cotton flat sheets,70,3.04,,Organic Cotton
100 gots certified organic cotton sheets,70,2.26,,Organic Cotton
organic cotton crib bedding,70,1.31,,Organic Cotton
organic cotton twin bedding,70,2.08,,Organic Cotton
navy velvet quilt,70,2.39,,Velvet
velvet quilt bed,70,4.27,,Velvet
velvet quilt teal,70,1.82,,Velvet
washed velvet quilt,70,2.41,,Velvet
velvet and silk quilt,70,0.81,,Velvet
dark green velvet quilt,70,2.26,,Velvet
distant lands verona velvet reversible quilt,70,0.81,,Velvet
silk velvet quilt,70,0.81,,Velvet
teal velvet quilt,70,1.82,,Velvet
plush velvet quilt,70,0.5,,Velvet
threshold velvet diamond stitch quilt,70,0.37,,Velvet
velvet bedding quilt,70,4.27,,Velvet
gold velvet quilt,70,3.28,,Velvet
velvet quilt uk,70,0,,Velvet
velvet bed quilt,70,4.27,,Velvet
amazon velvet quilt,70,0.46,,Velvet
velvet medallion quilt,70,0.81,,Velvet
velvet duvet cover set,70,0.84,,Velvet
brown velvet duvet cover,70,1.87,,Velvet
velvet duvet cover sets,70,0.84,,Velvet
green velvet duvet,70,3.27,,Velvet
cotton velvet duvet cover,70,1.74,,Velvet
velvet duvet cover pink,70,0.86,,Velvet
duvet cover set velvet,70,0.84,,Velvet
pink velvet duvet cover,70,0.86,,Velvet
dark green velvet duvet cover,70,2.17,,Velvet
large turkish towels,70,1.95,,Bath / Towels
turkish towels hotel collection,70,1.46,,Bath / Towels
turkish hamam towels,70,2.68,,Bath / Towels
embroidered turkish towels,70,3.56,,Bath / Towels
coastal turkish towels,70,0,,Bath / Towels
parachute turkish towels,70,1.68,,Bath / Towels
buldano turkish towels,70,2.53,,Bath / Towels
lands end turkish towels,70,2.09,,Bath / Towels
personalized turkish beach towels,70,2.84,,Bath / Towels
turkish towels wrap,70,1.41,,Bath / Towels
gray turkish towels,70,0.81,,Bath / Towels
yellow turkish towels,70,0.52,,Bath / Towels
grey turkish towels,70,0.81,,Bath / Towels
egyptian or turkish cotton towels,70,1.97,,Bath / Towels
turkish waffle bath towels,70,3.79,,Bath / Towels
turkish beach towels nearby,70,0.4,,Bath / Towels
turkish towels without fringe,70,1.7,,Bath / Towels
crate and barrel turkish towels,70,0.72,,Bath / Towels
hotel collection turkish towels,70,1.46,,Bath / Towels
turkish towels reddit,70,0.94,,Bath / Towels
turkish vs egyptian towels,70,1.5,,Bath / Towels
oversized turkish beach towels,70,1.25,,Bath / Towels
softest turkish towels,70,6.51,2,Bath / Towels
hand loomed turkish towels,70,0,,Bath / Towels
turkish towels vs egyptian towels,70,1.5,,Bath / Towels
egyptian vs turkish towels,70,1.5,,Bath / Towels
turkish lace towels,70,0.19,,Bath / Towels
turkish style towels,70,0.53,,Bath / Towels
turkish or egyptian cotton towels,70,1.97,,Bath / Towels
soft turkish towels,70,6.51,,Bath / Towels
turkish cotton waffle towels,70,5.54,,Bath / Towels
turkish towels vs egyptian,70,1.5,,Bath / Towels
hotel collection towels turkish,70,1.46,,Bath / Towels
turkish towels embroidered,70,3.56,,Bath / Towels
turkish towels large,70,1.95,,Bath / Towels
bamboo ladder for towels,70,0.61,,Bath / Towels
caboo bamboo paper towels,70,2.51,,Bath / Towels
best bamboo bath towels,70,4.44,,Bath / Towels
unbleached bamboo paper towels,70,2.34,,Bath / Towels
betterway bamboo paper towels,70,1.76,,Bath / Towels
bamboo towels set,70,1.52,,Bath / Towels
bamboo towels sets,70,1.52,,Bath / Towels
purafide bamboo paper towels,70,1.9,,Bath / Towels
organic cotton towels target,70,0.81,,Bath / Towels
organic cotton waffle towels,70,3.29,,Bath / Towels
target organic cotton towels,70,0.81,,Bath / Towels
best organic cotton bath towels,70,6.54,,Bath / Towels
benefits of bamboo bedding,50,4.25,,Premium Lumière (Bamboo)
bamboo rayon bedding,50,2.21,,Premium Lumière (Bamboo)
bamboo bedding benefits,50,4.25,,Premium Lumière (Bamboo)
calvin klein bamboo flowers bedding,50,0.61,,Premium Lumière (Bamboo)
bamboo flowers calvin klein bedding,50,0.61,,Premium Lumière (Bamboo)
calvin klein bedding bamboo flowers,50,0.61,,Premium Lumière (Bamboo)
bamboo king duvet cover,50,4.08,,Premium Lumière (Bamboo)
bamboo duvet sets,50,3.96,,Premium Lumière (Bamboo)
bamboo duvet set,50,3.96,,Premium Lumière (Bamboo)
cozy earth bamboo duvet covers,50,2.43,,Premium Lumière (Bamboo)
cozy earth bamboo duvet,50,3.86,,Premium Lumière (Bamboo)
bamboo duvet covers king,50,4.08,,Premium Lumière (Bamboo)
is bamboo pillowcase good for hair,50,0.94,,Premium Lumière (Bamboo)
silk vs bamboo pillowcase,50,1.87,,Premium Lumière (Bamboo)
quince bamboo pillowcase,50,0.35,,Premium Lumière (Bamboo)
modal sheets bed bath and beyond,50,3.83,,Naked Modal
bed bath and beyond modal-sheets,50,3.83,,Naked Modal
bed bath and beyond modal sheets,50,3.83,,Naked Modal
modal sheets bed bath beyond,50,3.83,,Naked Modal
pure beech modal jersey sheets,50,2.83,,Naked Modal
tencel modal jersey sheets,50,2.97,,Naked Modal
pink modal pajamas,50,1.81,,Naked Modal
nordstrom modal pajamas,50,0.14,,Naked Modal
gap body modal pajamas,50,0.61,,Naked Modal
white modal pajamas,50,1.36,,Naked Modal
christmas modal pajamas,50,0,,Naked Modal
ribbed modal pajamas,50,1.19,,Naked Modal
bed threads linen duvet cover,50,4.73,,European Flax Linacel (Linen)
linen colored duvet cover,50,2.58,,European Flax Linacel (Linen)
linen duvet cover blush,50,5.17,,European Flax Linacel (Linen)
european linen stripe duvet cover set,50,2.19,,European Flax Linacel (Linen)
lightweight linen duvet cover,50,3.5,,European Flax Linacel (Linen)
duvet cover bed linen,50,1.7,,European Flax Linacel (Linen)
linen duvet cover set queen,50,5.19,,European Flax Linacel (Linen)
percale vs linen duvet cover,50,21.36,,European Flax Linacel (Linen)
restoration hardware duvet cover linen,50,6.26,,European Flax Linacel (Linen)
blush linen duvet cover,50,5.17,,European Flax Linacel (Linen)
brooklinen linen duvet cover king,50,0,,European Flax Linacel (Linen)
european linen duvet cover quince,50,0.66,,European Flax Linacel (Linen)
affordable linen duvet cover,50,3.72,,European Flax Linacel (Linen)
restoration hardware linen duvet cover,50,6.26,,European Flax Linacel (Linen)
linen sheets and duvet cover,50,9.06,,European Flax Linacel (Linen)
linen duvet cover restoration hardware,50,6.26,,European Flax Linacel (Linen)
queen linen duvet cover set,50,5.19,,European Flax Linacel (Linen)
dusty rose linen duvet cover,50,2.56,,European Flax Linacel (Linen)
welhome cotton linen relaxed duvet cover 3 piece set,50,1.73,,European Flax Linacel (Linen)
printed linen duvet cover,50,1.54,,European Flax Linacel (Linen)
sage linen duvet cover,50,6.82,,European Flax Linacel (Linen)
linen vs percale duvet cover,50,12.68,,European Flax Linacel (Linen)
linen color duvet cover,50,2.58,,European Flax Linacel (Linen)
etsy linen duvet cover,50,1.79,,European Flax Linacel (Linen)
linen duvet cover etsy,50,1.79,,European Flax Linacel (Linen)
bed linen duvet cover,50,1.7,,European Flax Linacel (Linen)
lavender linen duvet cover,50,4.05,,European Flax Linacel (Linen)
light linen duvet cover,50,3.5,,European Flax Linacel (Linen)
quince linen duvet cover reddit,50,2.6,,European Flax Linacel (Linen)
linen duvet cover pattern,50,1.67,,European Flax Linacel (Linen)
italian linen duvet cover,50,2.57,,European Flax Linacel (Linen)
linen queen duvet cover set,50,5.19,,European Flax Linacel (Linen)
brooklinen washed european linen duvet cover,50,5.66,,European Flax Linacel (Linen)
black muslin blanket,50,1.81,,Muslin
cloud island muslin blanket and frame set,50,0.17,,Muslin
summer muslin blanket,50,2.67,,Muslin
muslin blanket as nursing cover,50,0.33,,Muslin
tie dye muslin blanket,50,0.43,,Muslin
mushie muslin swaddle blanket,50,0.3,,Muslin
rainbow muslin blanket,50,0.64,,Muslin
ikea muslin blanket,50,0.38,,Muslin
unicorn muslin blanket,50,0.47,,Muslin
muslin blanket reviews,50,1.67,,Muslin
loulou lollipop muslin quilt blanket,50,1.98,,Muslin
muslin blanket review,50,1.67,,Muslin
muslin cloth blanket,50,1.07,,Muslin
muslin summer blanket,50,2.67,,Muslin
10 layer muslin blanket,50,3.02,,Muslin
green muslin blanket,50,1.37,,Muslin
blue muslin blanket,50,1.11,,Muslin
muslin blanket nursing cover,50,0.33,,Muslin
purple muslin blanket,50,0.9,,Muslin
how to swaddle with large muslin blanket,50,0.26,,Muslin
ikea muslin bedding,50,2.07,,Muslin
cotton muslin throw,50,1.15,,Muslin
muslin throw for adults,50,1.01,,Muslin
waffle knit blanket king,50,1.48,,Waffle
arhaus waffle blanket,50,0.92,,Waffle
eddie bauer waffle blanket,50,0.72,,Waffle
waffle king blanket,50,1.47,,Waffle
lands end waffle blanket,50,1.78,,Waffle
waffle blanket twin,50,1.18,,Waffle
waffle weave bed blanket,50,2.49,,Waffle
waffle weave blanket king size,50,2.61,,Waffle
bamboo waffle blanket,50,1.21,,Waffle
california king waffle blanket,50,2.44,,Waffle
crochet border for waffle stitch blanket,50,0,,Waffle
thick waffle blanket,50,1.61,,Waffle
navy waffle blanket,50,2.25,,Waffle
boll and branch waffle blanket reviews,50,2.81,,Waffle
beautyrest waffle weave cotton blanket,50,0.36,,Waffle
how to crochet a waffle stitch blanket,50,1.09,,Waffle
boll and branch waffle blanket review,50,2.81,,Waffle
vera wang waffle blanket,50,0.93,,Waffle
waffle-weave blanket pottery barn,50,3.8,,Waffle
waffle weave thermal blanket,50,4.17,,Waffle
boll branch waffle blanket,50,2.11,,Waffle
best cotton waffle blanket,50,5.74,,Waffle
bedsure cotton waffle blanket,50,1.67,,Waffle
ugg waffle blanket,50,1.04,,Waffle
waffle blanket walmart,50,0.46,,Waffle
boll and branch waffle bed blanket,50,2.01,,Waffle
waffle stitch blanket pattern free pdf,50,0.95,1,Waffle
waffle weave blanket pottery barn,50,3.8,,Waffle
lightweight cotton waffle weave blanket,50,0.69,,Waffle
plum waffle blanket,50,3.66,,Waffle
cotton waffle blanket king,50,2.4,,Waffle
organic waffle blanket,50,2.7,,Waffle
thermal waffle weave blanket,50,4.17,,Waffle
red waffle blanket,50,0.52,,Waffle
better homes and gardens waffle blanket,50,0.41,,Waffle
waffle face towel,50,0.97,,Waffle
waffle towel for car,50,0.71,,Waffle
waffle weave tea towel,50,0.43,,Waffle
best waffle weave towel,50,6.19,,Waffle
soft waffle towel,50,2.15,,Waffle
waffle towel car,50,0.71,,Waffle
onsen supima waffle bath towel,50,1.83,,Waffle
microfiber waffle golf towel,50,1.85,,Waffle
car waffle towel,50,0.71,,Waffle
waffle microfiber golf towel,50,1.85,,Waffle
waffle towel texture,50,0.33,,Waffle
cotton waffle weave bath towel,50,1.25,,Waffle
waffle drying towel,50,0.41,,Waffle
pottery barn waffle towel,50,8.77,,Waffle
black waffle bath towel,50,4.05,,Waffle
black waffle hand towel,50,0.79,,Waffle
short waffle knit robe,50,0.77,,Waffle
green waffle robe,50,1.83,,Waffle
waffle robe with hood,50,0.59,,Waffle
best waffle robe for women,50,6.2,,Waffle
wholesale waffle robe,50,5.48,,Waffle
ladies waffle weave robe,50,1.93,,Waffle
matouk waffle robe,50,6.12,,Waffle
waffle knit short robe,50,0.77,,Waffle
waffle knit robe plus size,50,0.75,,Waffle
best waffle robe for men,50,2.71,9,Waffle
best waffle-knit robe,50,5.27,,Waffle
lightweight waffle robe womens,50,1.96,,Waffle
hooded waffle robe,50,1.19,,Waffle
lightweight waffle robe women's,50,1.96,,Waffle
organic waffle robe,50,2.77,,Waffle
waffle robe near me,50,0.31,,Waffle
waffle bath robe mens,50,1.5,,Waffle
short waffle robe women's,50,0.95,,Waffle
waffle knit robe short,50,0.77,,Waffle
best women's waffle robe,50,2.91,,Waffle
white waffle knit robe,50,1.85,,Waffle
custom waffle robe,50,3.47,,Waffle
best waffle knit robe,50,5.27,,Waffle
thick waffle robe,50,1.5,,Waffle
waffle robe wholesale,50,5.48,,Waffle
plus size waffle knit robe,50,0.75,,Waffle
waffle duvet sets,50,4.67,,Waffle
best waffle duvet covers,50,3.78,,Waffle
waffle weave duvet cover king,50,1.78,,Waffle
king waffle duvet cover,50,2.26,,Waffle
waffle knit duvet,50,1.77,,Waffle
blue waffle duvet cover,50,2.64,,Waffle
bedsure waffle duvet,50,1.49,,Waffle
waffle duvet set,50,4.67,,Waffle
best waffle duvet cover,50,3.78,,Waffle
hotel signature sateen sheets 800 thread count,50,2.3,,Luce Cotton Sateen
softest cotton sateen sheets,50,4.53,,Luce Cotton Sateen
cotton sateen sheets vs egyptian cotton sheets,50,1.86,,Luce Cotton Sateen
peacock alley sateen sheets,50,7.51,,Luce Cotton Sateen
walmart sateen sheets,50,0.33,,Luce Cotton Sateen
sateen sheets vs silk,50,1.81,,Luce Cotton Sateen
how to wash sateen sheets,50,0,,Luce Cotton Sateen
pink sateen sheets,50,3.37,,Luce Cotton Sateen
garnet hill sateen sheets,50,4.67,,Luce Cotton Sateen
sateen sheets vs microfiber,50,0.59,,Luce Cotton Sateen
ralph lauren dunham sateen sheets 300 thread count,50,0.32,,Luce Cotton Sateen
microfiber vs sateen sheets,50,0.59,,Luce Cotton Sateen
brooklinen luxe sateen sheets review,50,3.82,,Luce Cotton Sateen
black sateen sheets,50,2.42,,Luce Cotton Sateen
egyptian cotton sheets vs sateen,50,1.86,,Luce Cotton Sateen
printed sateen sheets,50,2.51,,Luce Cotton Sateen
casaluna sateen sheets,50,0.69,,Luce Cotton Sateen
brooklinen luxe sateen sheets reviews,50,3.82,,Luce Cotton Sateen
cotton sateen fitted sheets,50,2.82,,Luce Cotton Sateen
best luxury sateen sheets,50,5.99,,Luce Cotton Sateen
bamboo vs sateen sheets,50,5.3,1,Luce Cotton Sateen
what do sateen sheets feel like,50,4.52,,Luce Cotton Sateen
what does sateen sheets feel like,50,4.52,,Luce Cotton Sateen
ll bean sateen sheets,50,6.35,,Luce Cotton Sateen
sateen sheets vs egyptian cotton,50,1.86,,Luce Cotton Sateen
sateen vs microfiber sheets,50,0.59,,Luce Cotton Sateen
egyptian cotton vs sateen sheets,50,1.86,,Luce Cotton Sateen
deep pocket sateen sheets,50,5.69,,Luce Cotton Sateen
sateen 600 thread count sheets,50,6.3,,Luce Cotton Sateen
california design den sateen sheets,50,2.05,,Luce Cotton Sateen
sateen sheets 600 thread count,50,6.3,,Luce Cotton Sateen
sateen sheets reddit,50,0.12,,Luce Cotton Sateen
600 thread count sateen sheets,50,6.3,,Luce Cotton Sateen
kirkland sateen sheets,50,5.07,,Luce Cotton Sateen
sateen vs silk sheets,50,1.81,,Luce Cotton Sateen
sateen printed sheets,50,2.51,,Luce Cotton Sateen
sateen sheets walmart,50,0.33,,Luce Cotton Sateen
sateen deep pocket sheets,50,5.69,,Luce Cotton Sateen
cotton sateen weave sheets,50,1.21,,Luce Cotton Sateen
cooling comforter full size,50,1.23,1,Cloud Cool / Cooling
costco sutton place cooling comforter,50,0,,Cloud Cool / Cooling
green cooling comforter,50,1.73,1,Cloud Cool / Cooling
rest ever cooling comforter,50,1.62,,Cloud Cool / Cooling
down cooling comforter,50,2.62,5,Cloud Cool / Cooling
slumber cloud cooling comforter,50,2.6,,Cloud Cool / Cooling
dream valley outlast cooling comforter,50,1.54,,Cloud Cool / Cooling
ugg down alternative comforter cooling technology,50,0.52,,Cloud Cool / Cooling
oeko tex cooling comforter,50,1.86,1,Cloud Cool / Cooling
king size comforter cooling,50,4.03,6,Cloud Cool / Cooling
cooling comforter amazon,50,0.47,,Cloud Cool / Cooling
cooling comforter twin xl,50,3.02,2,Cloud Cool / Cooling
cooling comforter set king,50,1.19,,Cloud Cool / Cooling
below zero cooling comforter king,50,0.62,,Cloud Cool / Cooling
allied home cooling comforter,50,1.88,,Cloud Cool / Cooling
cooling comforter king costco,50,0.82,,Cloud Cool / Cooling
breescape cooling comforter blanket,50,2.69,,Cloud Cool / Cooling
oversized cooling comforter,50,4.17,6,Cloud Cool / Cooling
bamboo comforter cooling,50,2.51,,Cloud Cool / Cooling
sutton place cooling comforter reviews,50,0,,Cloud Cool / Cooling
thin cooling comforter,50,3.31,5,Cloud Cool / Cooling
mellow cooling comforter washing instructions,50,5.03,,Cloud Cool / Cooling
cooling comforter target,50,0.08,,Cloud Cool / Cooling
bamboo cooling comforter king,50,3.75,,Cloud Cool / Cooling
how to wash rest cooling comforter,50,0,,Cloud Cool / Cooling
dosaze cooling comforter,50,2.45,,Cloud Cool / Cooling
cool pedic cooling comforter,50,0.23,6,Cloud Cool / Cooling
the best cooling comforter,50,5.38,10,Cloud Cool / Cooling
cloud cool cooling comforter,50,4.1,,Cloud Cool / Cooling
mellow cooling comforter reviews,50,3.35,,Cloud Cool / Cooling
walmart cooling comforter,50,0.33,,Cloud Cool / Cooling
columbia cooling comforter,50,0.6,,Cloud Cool / Cooling
serta cooling comforter,50,1.05,,Cloud Cool / Cooling
oeko-tex cooling comforter,50,1.86,,Cloud Cool / Cooling
best cooling sheets and comforter,50,7.28,,Cloud Cool / Cooling
elegear cooling comforter,50,1.66,,Cloud Cool / Cooling
cooling white comforter,50,2.03,,Cloud Cool / Cooling
fluffy duvet insert cooling,50,2.31,,Cloud Cool / Cooling
bedsure cooling duvet cover,50,2.07,,Cloud Cool / Cooling
cooling down alternative duvet insert,50,6.31,,Cloud Cool / Cooling
chunky knit crochet blanket,50,0.13,2,Snug (Chunky Knit / Faux Fur)
chunky yarn hand knit blanket,50,0.42,6,Snug (Chunky Knit / Faux Fur)
yarn for chunky hand knit blanket,50,0.52,,Snug (Chunky Knit / Faux Fur)
easy knit blanket chunky,50,0.13,2,Snug (Chunky Knit / Faux Fur)
best yarn for chunky knit blanket,50,0.49,,Snug (Chunky Knit / Faux Fur)
chunky knit throw blanket sage green,50,1.12,,Snug (Chunky Knit / Faux Fur)
how to tie off chunky knit blanket,50,0,,Snug (Chunky Knit / Faux Fur)
super chunky knit blanket patterns,50,1.03,,Snug (Chunky Knit / Faux Fur)
giant chunky knit blanket,50,0.6,2,Snug (Chunky Knit / Faux Fur)
how to add a border to a chunky knit blanket,50,0,,Snug (Chunky Knit / Faux Fur)
chunky knit blanket ugg,50,0.49,,Snug (Chunky Knit / Faux Fur)
easy knit chunky blanket,50,0.13,2,Snug (Chunky Knit / Faux Fur)
how to make hand knit chunky blanket,50,0.39,2,Snug (Chunky Knit / Faux Fur)
thick knit throw blanket,50,1.04,11,Snug (Chunky Knit / Faux Fur)
ivory knit throw blanket,50,1.48,,Snug (Chunky Knit / Faux Fur)
chunky knit throw blanket cream,50,0.89,,Snug (Chunky Knit / Faux Fur)
knit throw blanket pattern free,50,2.69,,Snug (Chunky Knit / Faux Fur)
better homes & gardens cozy knit throw blanket,50,0.84,,Snug (Chunky Knit / Faux Fur)
dark grey knit throw blanket,50,0.18,,Snug (Chunky Knit / Faux Fur)
organic cotton sheets queen size,50,4.27,,Organic Cotton
organic brushed cotton sheets,50,3.15,,Organic Cotton
long staple organic cotton sheets,50,7.01,,Organic Cotton
target threshold organic cotton sheets,50,0.74,,Organic Cotton
organic cotton queen size sheets,50,4.27,,Organic Cotton
organic cotton white sheets,50,7.05,,Organic Cotton
white organic cotton sheets,50,7.05,,Organic Cotton
organic cotton split king sheets,50,5.58,,Organic Cotton
best organic cotton percale sheets,50,6.34,,Organic Cotton
best 100 organic cotton sheets,50,3.55,,Organic Cotton
organic supima cotton sheets,50,2.87,,Organic Cotton
kohls organic cotton sheets,50,0.65,,Organic Cotton
purely organic cotton sheets,50,5.51,,Organic Cotton
organic cotton christmas sheets,50,0,,Organic Cotton
queen size organic cotton sheets,50,4.27,,Organic Cotton
best organic cotton crib sheets,50,2.54,,Organic Cotton
organic white cotton sheets,50,7.05,,Organic Cotton
burt's bees organic cotton crib sheets,50,0.71,,Organic Cotton
organic cotton floral sheets,50,1.86,,Organic Cotton
organic cotton twin bed sheets,50,3.51,,Organic Cotton
pure organic cotton sheets,50,5.51,,Organic Cotton
best organic cotton bedding,50,5.1,,Organic Cotton
organic cotton jersey bedding,50,4.55,,Organic Cotton
blue velvet king quilt,50,3.12,,Velvet
washed velvet quilt pottery barn,50,1.23,,Velvet
velvet channel stitch quilt,50,1.41,,Velvet
evergrace velvet quilt,50,0.98,,Velvet
kantha stitched velvet quilt,50,0.88,,Velvet
burgundy velvet quilt,50,1,,Velvet
pottery barn washed velvet quilt,50,1.23,,Velvet
vintage velvet patchwork quilt,50,0.13,,Velvet
harry potter velvet quilt,50,0.15,,Velvet
velvet tufted quilt,50,0.94,,Velvet
threshold ruched velvet quilt,50,0.48,,Velvet
blue velvet quilt king,50,3.12,,Velvet
floral velvet quilt,50,0.75,,Velvet
orange velvet quilt,50,0.97,,Velvet
tufted velvet quilt,50,0.94,,Velvet
ethereal home living velvet quilt,50,1.08,,Velvet
kantha-stitched velvet quilt,50,0.88,,Velvet
100 cotton velvet quilt,50,1.04,,Velvet
west elm duvet velvet,50,2.28,,Velvet
velvet duvet west elm,50,2.28,,Velvet
luxury velvet duvet cover,50,1.53,,Velvet
west elm velvet duvet,50,2.28,,Velvet
velvet duvet cover white,50,2.17,,Velvet
white velvet duvet cover,50,2.17,,Velvet
gold velvet duvet cover,50,1.26,,Velvet
crinkle velvet duvet cover west elm,50,1.85,,Velvet
velvet duvet set,50,1.51,,Velvet
west elm crinkle velvet duvet cover,50,1.85,,Velvet
turkish towels company,50,0.77,18,Bath / Towels
turkish hand towels bathroom,50,0.58,,Bath / Towels
wirecutter turkish towels,50,3.66,15,Bath / Towels
fringeless turkish towels,50,1.31,,Bath / Towels
are turkish towels absorbent,50,0.76,,Bath / Towels
custom turkish beach towels,50,3.84,3,Bath / Towels
what are turkish towels made of,50,0,,Bath / Towels
turkish quick dry towels,50,2.12,1,Bath / Towels
turkish towels no fringe,50,1.21,,Bath / Towels
turkish cotton dish towels,50,1.52,,Bath / Towels
where can i buy turkish towels,50,1.67,,Bath / Towels
mandalina turkish towels,50,0.73,,Bath / Towels
pottery barn turkish towels,50,4.75,,Bath / Towels
coyuchi turkish towels,50,2.43,,Bath / Towels
what is turkish towels,50,0.97,2,Bath / Towels
loomia turkish towels,50,1.66,,Bath / Towels
turkish towels vs regular towels,50,1.52,,Bath / Towels
demmex turkish towels,50,1.51,5,Bath / Towels
ikea turkish towels,50,0.31,,Bath / Towels
wamsutta classic turkish towels,50,2.13,,Bath / Towels
best turkish towels on amazon,50,1.63,11,Bath / Towels
macy's turkish towels,50,0.49,,Bath / Towels
frontgate turkish towels,50,1.22,,Bath / Towels
where to buy turkish towels,50,1.67,,Bath / Towels
cacala turkish bath towels,50,1.33,,Bath / Towels
turkish towels as curtains,50,0,,Bath / Towels
is turkish cotton good for towels,50,0.47,,Bath / Towels
red turkish towels,50,5.12,,Bath / Towels
macys turkish towels,50,0.49,,Bath / Towels
turkish luxury collection modal towels,50,3.86,,Bath / Towels
bamboo paper towels amazon,50,1.28,,Bath / Towels
rayon bamboo towels,50,0.93,,Bath / Towels
amazon bamboo paper towels,50,1.28,,Bath / Towels
eco melange bamboo towels,50,0.81,,Bath / Towels
rayon from bamboo towels,50,0.93,,Bath / Towels
bamboo dish towels,50,1.05,,Bath / Towels
bamboo rayon towels,50,0.93,,Bath / Towels
bamboo organic towels,50,3.46,,Bath / Towels
organic bamboo towels,50,3.46,,Bath / Towels
100 bamboo bath towels,50,1.49,,Bath / Towels
bamboo towels organic,50,3.46,,Bath / Towels
bamboo paper towels costco,50,3.97,,Bath / Towels
bamboo cleaning towels,50,1.97,,Bath / Towels
common thread bamboo towels,50,0.8,,Bath / Towels
are bamboo towels good,50,1.9,,Bath / Towels
fomin clean facial towels bamboo,50,0.81,,Bath / Towels
bamboo fiber towels,50,1.2,,Bath / Towels
organic cotton flour sack towels,50,1.02,,Bath / Towels
bamboo cooling bedding,40,3.75,,Premium Lumière (Bamboo)
bamboo bedding near me,40,1.15,,Premium Lumière (Bamboo)
bamboo silk bedding,40,6.6,,Premium Lumière (Bamboo)
quince bedding bamboo,40,0.84,,Premium Lumière (Bamboo)
is bamboo bedding good,40,6.04,,Premium Lumière (Bamboo)
bamboo bedding king size,40,7.39,,Premium Lumière (Bamboo)
bamboo lyocell duvet cover,40,5.46,,Premium Lumière (Bamboo)
cozy earth linen bamboo duvet cover,40,4.53,,Premium Lumière (Bamboo)
bamboo lyocell pillowcase,40,3.25,,Premium Lumière (Bamboo)
100-percent modal sheets,40,1.76,,Naked Modal
100 percent modal sheets,40,1.76,,Naked Modal
100 modal jersey sheets,40,2.68,,Naked Modal
100 modal jersey knit sheets,40,2.68,,Naked Modal
what is modal sheets,40,1.15,,Naked Modal
best modal sheets,40,4.01,,Naked Modal
what are modal sheets,40,1.15,,Naked Modal
womens modal christmas pajamas,40,0,,Naked Modal
modal family christmas pajamas,40,0,,Naked Modal
lake pajamas dream modal,40,1.28,,Naked Modal
gap pajamas modal,40,1.02,,Naked Modal
women's modal christmas pajamas,40,0,,Naked Modal
men modal pajamas,40,1.77,,Naked Modal
brown modal pajamas,40,0.85,,Naked Modal
modal christmas pajamas family,40,0,,Naked Modal
green modal pajamas,40,1.24,,Naked Modal
linen ruffle pillowcase,40,0.84,,European Flax Linacel (Linen)
parachute linen pillowcase,40,3.45,4,European Flax Linacel (Linen)
checkered muslin blanket,40,0.68,,Muslin
how to wash muslin blanket,40,0,,Muslin
muslin blanket uses,40,0.09,,Muslin
california king muslin blanket,40,2.33,,Muslin
mushie organic cotton muslin swaddle blanket,40,1.66,,Muslin
teddy bear muslin blanket,40,0.78,,Muslin
burt's bees muslin blanket,40,0.7,,Muslin
cotton muslin blanket for adults,40,1.28,,Muslin
brown muslin blanket,40,0.69,,Muslin
mud pie muslin swaddle blanket,40,0.39,,Muslin
muslin cotton throw blanket,40,0.91,,Muslin
harry potter muslin blanket,40,0.6,,Muslin
how to use muslin swaddle blanket,40,0,,Muslin
muslin bedding for adults,40,1,,Muslin
king size waffle knit blanket,40,1.96,,Waffle
madison park waffle weave cotton blanket,40,1.4,,Waffle
bedsure waffle weave blanket,40,1.16,,Waffle
waffle weave linen blanket,40,8.46,,Waffle
waffle knit crochet blanket,40,0.35,,Waffle
purple waffle blanket,40,1.09,,Waffle
waffle queen blanket,40,1.25,,Waffle
waffle thermal blanket,40,0.6,,Waffle
boll and branch waffle blanket dupe,40,1.78,,Waffle
ralph lauren waffle blanket,40,1.14,,Waffle
phf waffle blanket,40,0.49,,Waffle
waffle blanket boll and branch,40,1.4,,Waffle
cozy earth waffle blanket,40,3.25,,Waffle
what is a waffle blanket,40,2.25,,Waffle
waffle stitch blanket border,40,0,,Waffle
king waffle weave blanket,40,0.94,,Waffle
parachute waffle blanket,40,4.64,,Waffle
double waffle stitch crochet blanket,40,0,,Waffle
waffle texture blanket,40,0.56,,Waffle
king size cotton waffle blanket,40,2.43,,Waffle
waffle bed blanket king,40,2.64,,Waffle
west elm waffle blanket,40,4.08,,Waffle
waffle weave blanket king,40,0.94,,Waffle
barefoot dreams waffle blanket,40,1.09,,Waffle
cream waffle blanket,40,1.09,,Waffle
costco waffle blanket,40,0.34,,Waffle
cotton waffle weave blanket queen size,40,1.02,,Waffle
light blue waffle blanket,40,2,,Waffle
cotton waffle blanket king size,40,2.43,,Waffle
waffle blanket near me,40,0.32,,Waffle
utopia bedding cotton waffle blanket,40,3.4,,Waffle
waffle stitch granny square blanket,40,0.04,,Waffle
cotton waffle weave bed blanket,40,0.65,,Waffle
thermal waffle blanket,40,0.6,,Waffle
waffle weave glass cleaning towel,40,0.72,,Waffle
waffle towel with hanging loop,40,1.15,,Waffle
waffle knit microfiber hair towel,40,0.8,,Waffle
waffle texture towel,40,1.14,,Waffle
casaluna decorative waffle bath towel,40,0.43,,Waffle
waffle towel wrap,40,1.87,,Waffle
waffle turkish towel,40,2.14,,Waffle
sublimation waffle towel,40,1.77,,Waffle
casaluna waffle hand towel,40,0.74,,Waffle
geometry waffle hand towel,40,2.73,,Waffle
grey waffle towel,40,2.79,,Waffle
waffle weave linen towel,40,2.09,,Waffle
terry lined waffle robe,40,4.33,,Waffle
waffle robe with terry lining,40,4.33,,Waffle
pink waffle knit robe,40,0.71,,Waffle
auden waffle robe,40,1.1,,Waffle
linen waffle robe,40,1.13,,Waffle
women's long waffle robe,40,1.32,,Waffle
waffle pattern robe,40,1.21,,Waffle
waffle print robe,40,0.51,,Waffle
long waffle knit robe,40,0.82,,Waffle
brooklinen robe waffle,40,1.6,,Waffle
line & dot waffle knit robe,40,0,,Waffle
brown waffle robe,40,1.24,,Waffle
hotel collection waffle robe,40,1.06,,Waffle
women's waffle robe long,40,1.37,,Waffle
turquaz waffle robe,40,1.13,,Waffle
pottery barn waffle weave robe,40,7.55,,Waffle
green waffle duvet cover,40,2.01,,Waffle
waffle duvet cover set,40,3.33,,Waffle
cotton waffle weave duvet cover,40,2.4,,Waffle
waffle knit duvet cover king,40,4.56,,Waffle
quince organic luxe waffle duvet cover,40,0.02,,Waffle
pottery barn waffle duvet,40,4.91,,Waffle
target waffle duvet cover,40,0.2,,Waffle
brown waffle duvet cover,40,1.46,,Waffle
queen waffle duvet cover,40,1.15,,Waffle
cream waffle duvet cover,40,2.02,,Waffle
waffle duvet cover cream,40,2.02,,Waffle
cotton sheets not sateen,40,1.83,3,Luce Cotton Sateen
egyptian cotton sateen bed sheets,40,3.41,2,Luce Cotton Sateen
amazon sateen sheets,40,0.42,1,Luce Cotton Sateen
sateen white sheets,40,9.89,,Luce Cotton Sateen
bed bath beyond sateen sheets,40,2.36,,Luce Cotton Sateen
sateen sheets white,40,9.89,,Luce Cotton Sateen
full sateen sheets,40,3.07,,Luce Cotton Sateen
the company store sateen sheets,40,4.8,,Luce Cotton Sateen
sateen sheets full,40,3.07,,Luce Cotton Sateen
sateen split king sheets,40,4.99,,Luce Cotton Sateen
boll and branch sateen sheets,40,4.13,,Luce Cotton Sateen
bed bath and beyond sateen sheets,40,2.36,,Luce Cotton Sateen
sateen sheets near me,40,1.43,,Luce Cotton Sateen
what's the difference between sateen and percale sheets,40,9.75,,Luce Cotton Sateen
cotton blend sateen sheets,40,7.32,,Luce Cotton Sateen
non sateen cotton sheets,40,1.83,3,Luce Cotton Sateen
sferra sateen sheets,40,6.25,,Luce Cotton Sateen
sateen sheets bed bath and beyond,40,2.36,,Luce Cotton Sateen
100 cotton sateen bed sheets,40,6.04,,Luce Cotton Sateen
calvin klein sheets sateen,40,2.5,,Luce Cotton Sateen
high thread count sateen sheets,40,2.43,,Luce Cotton Sateen
giza cotton sateen sheets,40,4.82,,Luce Cotton Sateen
sateen sheets definition,40,2.25,8,Luce Cotton Sateen
linen vs sateen sheets,40,10.86,1,Luce Cotton Sateen
split king sateen sheets,40,4.99,,Luce Cotton Sateen
400 thread count cotton sateen sheets,40,3.33,,Luce Cotton Sateen
split king sheets sateen,40,4.99,,Luce Cotton Sateen
300 thread count sateen sheets,40,4.47,,Luce Cotton Sateen
white sateen sheets,40,9.89,,Luce Cotton Sateen
frette sateen sheets,40,9.23,,Luce Cotton Sateen
calvin klein sateen sheets,40,2.5,,Luce Cotton Sateen
are sateen sheets slippery,40,2.23,,Luce Cotton Sateen
wirecutter sateen sheets,40,11.21,21,Luce Cotton Sateen
sateen sheets amazon,40,0.42,1,Luce Cotton Sateen
sateen sheets pros and cons,40,0.41,,Luce Cotton Sateen
sateen sheets meaning,40,2.25,8,Luce Cotton Sateen
miracle made cooling comforter,40,3.32,8,Cloud Cool / Cooling
hudson & main cooling comforter,40,0,,Cloud Cool / Cooling
best cooling comforter on amazon,40,2.93,,Cloud Cool / Cooling
homfine cooling comforter,40,1.12,,Cloud Cool / Cooling
best lightweight cooling comforter,40,4.19,,Cloud Cool / Cooling
pink cooling comforter,40,1.43,,Cloud Cool / Cooling
tempur-pedic lightweight cooling comforter,40,0,,Cloud Cool / Cooling
alaskan king cooling comforter,40,2.05,,Cloud Cool / Cooling
sunday citizen cooling comforter,40,3.61,,Cloud Cool / Cooling
elegear revolutionary cooling comforter,40,2.6,,Cloud Cool / Cooling
outlast cooling comforter,40,2.07,,Cloud Cool / Cooling
cooling comforter king nearby,40,0.47,4,Cloud Cool / Cooling
queen comforter cooling,40,2.5,7,Cloud Cool / Cooling
hypoallergenic cooling comforter,40,2.04,6,Cloud Cool / Cooling
arlee cooling comforter costco,40,2.77,,Cloud Cool / Cooling
how does a cooling comforter work,40,0.44,,Cloud Cool / Cooling
best rated cooling comforter,40,5.19,3,Cloud Cool / Cooling
cooling comforter for night sweats,40,4.4,10,Cloud Cool / Cooling
arlee cooling comforter king,40,0,,Cloud Cool / Cooling
tempur pedic lightweight cooling comforter,40,0,,Cloud Cool / Cooling
casaluna cooling comforter,40,0.86,4,Cloud Cool / Cooling
cooling oversized king comforter,40,2,,Cloud Cool / Cooling
oversized cooling king comforter,40,3.29,,Cloud Cool / Cooling
oversized king comforter cooling,40,1.82,,Cloud Cool / Cooling
twin xl cooling comforter,40,4.47,1,Cloud Cool / Cooling
rest duvet cooling comforter,40,1.05,6,Cloud Cool / Cooling
soft cooling duvet cover,40,5.04,,Cloud Cool / Cooling
cooling cotton duvet cover,40,4.53,,Cloud Cool / Cooling
cooling fluffy duvet insert,40,2.45,,Cloud Cool / Cooling
king cooling duvet cover,40,3.56,,Cloud Cool / Cooling
duvet insert queen cooling,40,3.57,,Cloud Cool / Cooling
king duvet insert cooling,40,5.29,,Cloud Cool / Cooling
cooling duvet for hot sleepers,40,8.37,,Cloud Cool / Cooling
west elm cooling down alternative duvet insert,40,1.58,,Cloud Cool / Cooling
yellow knit throw blanket,40,1,,Snug (Chunky Knit / Faux Fur)
ugg knit throw blanket,40,0.8,,Snug (Chunky Knit / Faux Fur)
thick cable knit throw blanket,40,1.13,,Snug (Chunky Knit / Faux Fur)
king size knit throw blanket,40,0.67,,Snug (Chunky Knit / Faux Fur)
navy knit throw blanket,40,0.73,,Snug (Chunky Knit / Faux Fur)
demdaco chunky knit throw blanket,40,0.89,,Snug (Chunky Knit / Faux Fur)
light blue knit throw blanket,40,0.43,,Snug (Chunky Knit / Faux Fur)
organic cotton sheets high thread count,40,8.08,,Organic Cotton
100 organic cotton flannel sheets,40,2.83,,Organic Cotton
macys organic cotton sheets,40,0.5,,Organic Cotton
organic cotton linen sheets,40,4.26,,Organic Cotton
organic pima cotton sheets,40,5.03,,Organic Cotton
organic cotton striped sheets,40,3.21,,Organic Cotton
ikea organic cotton sheets,40,0.57,14,Organic Cotton
high thread count organic cotton sheets,40,8.08,,Organic Cotton
luxury organic cotton sheets,40,8.94,,Organic Cotton
organic cotton gingham sheets,40,3,,Organic Cotton
pure earth organic cotton sheets,40,2.43,,Organic Cotton
organic cotton pack and play sheets,40,2.27,,Organic Cotton
boll and branch organic cotton sheets,40,1.99,,Organic Cotton
high quality organic cotton sheets,40,8.03,,Organic Cotton
100 organic cotton king sheets,40,2.74,,Organic Cotton
100 organic cotton twin sheets,40,1.65,,Organic Cotton
macy's organic cotton sheets,40,0.5,,Organic Cotton
organic muslin cotton crib sheets,40,1.44,,Organic Cotton
purity home organic cotton sheets,40,1.26,,Organic Cotton
certified organic cotton sheets,40,3.98,,Organic Cotton
dark brown velvet quilt,40,2.05,,Velvet
velvet lattice quilt pottery barn,40,7.05,,Velvet
vintage velvet quilt,40,2.27,,Velvet
evergrace velvet quilt set king size,40,0.51,,Velvet
cream velvet quilt,40,3.02,,Velvet
opalhouse velvet tufted stitch quilt,40,0.16,,Velvet
sage green velvet quilt,40,1.33,,Velvet
cal king velvet quilt,40,0.5,,Velvet
fable collection ultra soft velvet quilt,40,0,,Velvet
rust velvet quilt,40,2.92,,Velvet
target velvet diamond stitch quilt,40,0.05,2,Velvet
velvet quilt set queen,40,1.01,,Velvet
velvet quilt blanket,40,0.91,,Velvet
harry potter magical velvet quilt,40,0.18,,Velvet
navy blue velvet quilt,40,0.77,,Velvet
threshold lofty velvet quilt,40,0.44,,Velvet
blush velvet quilt,40,2.21,,Velvet
taupe velvet quilt,40,1.07,,Velvet
tahari home velvet quilt,40,0.81,,Velvet
burnt orange velvet quilt,40,0.74,,Velvet
levtex home velvet stitch quilt set,40,1.03,,Velvet
chocolate brown velvet quilt,40,2.18,,Velvet
lofty velvet quilt,40,0.14,,Velvet
california king velvet quilt,40,0.5,,Velvet
crushed velvet duvet,40,0.55,,Velvet
velvet duvet king,40,0.68,,Velvet
king velvet duvet,40,0.68,,Velvet
gray velvet duvet cover,40,1.35,,Velvet
velvet duvet cover twin,40,2.24,,Velvet
black velvet duvet,40,1.09,,Velvet
west elm velvet duvet cover,40,2.53,,Velvet
velvet twin duvet cover,40,2.24,,Velvet
pink velvet duvet,40,1.39,,Velvet
grey velvet duvet covers,40,1.35,,Velvet
velvet duvet cover grey,40,1.35,,Velvet
velvet duvet pink,40,1.39,,Velvet
blue velvet duvet,40,2.17,,Velvet
crinkle velvet duvet cover,40,1.5,,Velvet
grey velvet duvet cover,40,1.35,,Velvet
velvet duvet cover west elm,40,2.53,,Velvet
west elm crinkle velvet duvet,40,2.08,,Velvet
velvet grey duvet cover,40,1.35,,Velvet
bamboo towels review,40,0.92,,Bath / Towels
bamboo towels reviews,40,0.92,,Bath / Towels
bamboo fiber towels review,40,0.92,,Bath / Towels
alfred sung bamboo bath towels,40,0.73,,Bath / Towels
bamboo paper towels reusable,40,1.67,,Bath / Towels
are bamboo towels better than cotton,40,0.72,,Bath / Towels
organic cotton kitchen towels made in usa,40,1.58,,Bath / Towels
gots organic cotton towels,40,2.68,,Bath / Towels
100 percent organic cotton towels,40,3.55,,Bath / Towels
bamboo bedding australia,30,5.36,,Premium Lumière (Bamboo)
bamboo comforter bedding,30,6.11,,Premium Lumière (Bamboo)
panda bamboo bedding,30,0,,Premium Lumière (Bamboo)
calvin klein bedding bamboo,30,0.35,,Premium Lumière (Bamboo)
calvin klein bamboo bedding,30,0.35,,Premium Lumière (Bamboo)
bamboo bliss bedding,30,1.06,,Premium Lumière (Bamboo)
nest bedding bamboo sheets,30,3.49,,Premium Lumière (Bamboo)
powers bedding bamboo sheets,30,1.05,,Premium Lumière (Bamboo)
bamboo bedding comforter,30,6.11,,Premium Lumière (Bamboo)
bamboo fabric bedding,30,3.27,,Premium Lumière (Bamboo)
quince bamboo deluxe bedding bundle,30,0.8,,Premium Lumière (Bamboo)
brooklyn bedding bamboo sheets,30,3.52,23,Premium Lumière (Bamboo)
100 bamboo duvet cover,30,6.06,,Premium Lumière (Bamboo)
calvin klein bamboo flowers duvet,30,0.48,,Premium Lumière (Bamboo)
cariloha bamboo duvet,30,14,,Premium Lumière (Bamboo)
bamboo viscose duvet,30,7.03,,Premium Lumière (Bamboo)
best bamboo duvet,30,7.65,,Premium Lumière (Bamboo)
bamboo cooling duvet cover,30,4.18,,Premium Lumière (Bamboo)
black bamboo duvet cover,30,3.77,,Premium Lumière (Bamboo)
bamboo linen duvet cover,30,5.62,,Premium Lumière (Bamboo)
bamboo sateen duvet cover,30,4.94,,Premium Lumière (Bamboo)
pure bamboo duvet cover,30,3.24,,Premium Lumière (Bamboo)
quince bamboo duvet cover set,30,0.68,,Premium Lumière (Bamboo)
best bamboo duvet insert,30,5.44,,Premium Lumière (Bamboo)
bamboo pillowcase set,30,3.22,,Premium Lumière (Bamboo)
organic bamboo pillowcase,30,4.05,,Premium Lumière (Bamboo)
best bamboo pillowcase,30,2.02,,Premium Lumière (Bamboo)
bamboo satin pillowcase,30,2.58,,Premium Lumière (Bamboo)
bamboo vs silk pillowcase for hair,30,0,,Premium Lumière (Bamboo)
beech sheets modal,30,3.07,,Naked Modal
pure beech 100 modal sheets,30,2.98,,Naked Modal
100 modal sheets pure beech,30,2.98,,Naked Modal
52 polyester 48 modal sheets,30,4.46,,Naked Modal
valeron tencel modal sheets,30,1.5,,Naked Modal
modal beech sheets,30,3.07,,Naked Modal
micro modal sheets,30,5.79,,Naked Modal
beech modal sheets,30,3.07,,Naked Modal
brielle modal sheets,30,2.29,,Naked Modal
90 modal 10 elastane pajamas,30,1.09,,Naked Modal
modal button down pajamas,30,1.92,,Naked Modal
pj salvage modal pajamas,30,2.57,,Naked Modal
modal fabric pajamas womens,30,2.54,,Naked Modal
born modal pajamas,30,0.82,,Naked Modal
dream modal pajamas,30,5.57,,Naked Modal
calvin klein modal pajamas,30,1.32,18,Naked Modal
modal ribbed pajamas,30,1.21,,Naked Modal
macy's modal pajamas,30,0.49,,Naked Modal
christmas pajamas modal,30,0,,Naked Modal
what are modal pajamas,30,4.56,,Naked Modal
modal gap pajamas,30,0.79,,Naked Modal
short sleeve modal pajamas,30,1.84,,Naked Modal
modal holiday pajamas,30,0,,Naked Modal
petite modal pajamas,30,1.89,,Naked Modal
100 modal pajamas,30,1.21,,Naked Modal
linen vs silk pillowcase,30,9.27,,European Flax Linacel (Linen)
linen european pillowcase,30,3.61,,European Flax Linacel (Linen)
pink linen pillowcase,30,1.33,,European Flax Linacel (Linen)
white linen pillowcase,30,5.3,,European Flax Linacel (Linen)
bamboo muslin swaddle blanket,30,1.81,,Muslin
thin muslin blanket,30,0.81,,Muslin
muslin cotton blanket king size,30,2.29,,Muslin
heavy muslin blanket,30,1.77,,Muslin
gauze muslin blanket,30,1.11,,Muslin
muslin 365 blanket,30,1.61,,Muslin
cotton muslin blanket queen,30,0.81,31,Muslin
muslin cotton blanket queen size,30,1.59,,Muslin
120x120 muslin blanket,30,1.64,,Muslin
butterfly muslin blanket,30,0.79,,Muslin
muslin cotton 365 blanket,30,5.83,,Muslin
red muslin blanket,30,1.02,,Muslin
muslin fabric blanket,30,1.06,40,Muslin
quilted muslin blanket,30,1.89,,Muslin
bear muslin blanket,30,0.63,,Muslin
emme cotton muslin blanket,30,1.2,,Muslin
christmas muslin blanket,30,0.72,,Muslin
white muslin swaddle blanket,30,1.14,,Muslin
muslin stroller blanket,30,0.89,,Muslin
365 blanket muslin comfort,30,2.24,2,Muslin
layered muslin blanket,30,2.44,,Muslin
muslin and fleece blanket,30,0.7,,Muslin
strawberry muslin blanket,30,1.44,,Muslin
halloween muslin blanket,30,0.89,,Muslin
small muslin blanket,30,0.88,,Muslin
large muslin swaddle blanket,30,1.11,47,Muslin
yellow muslin blanket,30,1.11,,Muslin
cotton muslin receiving blanket,30,0.62,,Muslin
aden muslin blanket,30,0.28,,Muslin
mushie muslin blanket,30,0.64,,Muslin
organic cotton muslin bedding,30,0.83,,Muslin
muslin bedding king,30,2.08,,Muslin
muslin bedding queen,30,1.03,,Muslin
cotton muslin bedding,30,1.57,,Muslin
muslin throw pillow,30,1.22,,Muslin
muslin throw pillows,30,1.22,,Muslin
waffle crochet stitch blanket,30,0,1,Waffle
brown waffle throw blanket,30,0.89,,Waffle
phf cotton waffle weave blanket,30,1.05,,Waffle
waffle weave blanket target,30,0.17,,Waffle
waffle blanket nearby,30,0.28,,Waffle
queen waffle weave blanket,30,0.92,,Waffle
waffle stitch with bernat blanket yarn,30,0.02,,Waffle
waffle heated blanket,30,0.65,,Waffle
waffle knit cotton blanket,30,1.25,,Waffle
dark brown waffle blanket,30,1.34,,Waffle
organic waffle bed blanket,30,3.34,,Waffle
sage green waffle blanket,30,1.66,,Waffle
waffle weave blanket : target,30,0.17,,Waffle
olive green waffle blanket,30,2.7,,Waffle
zigzag waffle blanket,30,0.02,,Waffle
waffle cotton blanket king,30,1.27,,Waffle
waffle house blanket,30,0.82,,Waffle
waffle knit bed blanket,30,1.01,,Waffle
knit waffle blanket,30,1.71,,Waffle
phf waffle blanket king,30,0,,Waffle
waffle swaddle blanket,30,1.46,,Waffle
target waffle weave blanket,30,0.17,,Waffle
c2c waffle stitch blanket,30,0,,Waffle
twin xl waffle blanket,30,2.23,,Waffle
bed waffle blanket,30,1.45,,Waffle
weighted waffle blanket,30,1.74,,Waffle
rainbow waffle stitch blanket,30,0.01,,Waffle
waffle king size blanket,30,0.94,,Waffle
waffle blanket full size,30,1.22,,Waffle
best waffle blanket for bed,30,2.39,,Waffle
waffle knit king blanket,30,1.37,,Waffle
waffle stitch crochet blanket pattern free,30,0.15,7,Waffle
king cotton waffle blanket,30,1.27,,Waffle
macy's waffle blanket,30,0.59,,Waffle
waffle blanket on bed,30,1.18,,Waffle
best yarn for waffle stitch blanket,30,0.95,,Waffle
full size waffle blanket,30,1.09,,Waffle
taupe waffle blanket,30,1.8,,Waffle
ll bean waffle blanket,30,2.01,,Waffle
best waffle blanket reddit,30,2.82,,Waffle
tan waffle blanket,30,1.33,,Waffle
waffle stitch crochet blanket patterns free,30,0.15,4,Waffle
waffle weave king blanket,30,1.45,,Waffle
waffle stitch crochet blanket in the round,30,0,,Waffle
striped waffle stitch blanket,30,0,,Waffle
waffle bath sheet towel,30,2.84,,Waffle
microfiber waffle weave drying towel,30,0.71,,Waffle
brown waffle hand towel,30,1.56,,Waffle
waffle terry towel,30,1.12,,Waffle
nutrafol waffle towel,30,1.05,2,Waffle
bamboo waffle towel,30,2.69,,Waffle
linen waffle bath towel,30,1.42,,Waffle
waffle weave microfiber drying towel,30,0.71,,Waffle
waffle weave glass and window microfiber towel,30,1.76,,Waffle
boll & branch waffle terry bath towel,30,4.58,,Waffle
waffle weave hair towel,30,1.09,,Waffle
waffle linen bath towel,30,1.42,,Waffle
waffle knit golf towel,30,8.29,,Waffle
waffle knit towel set,30,0.82,,Waffle
chemical guys waffle weave towel,30,0.63,,Waffle
hay giant waffle towel,30,0.29,,Waffle
onsen waffle hand towel,30,1.54,,Waffle
what is a waffle towel,30,0.42,,Waffle
waffle knit hair towel,30,0.79,,Waffle
target waffle hand towel,30,0.28,,Waffle
waffle terry bath towel,30,1.82,,Waffle
waffle key for paper towel dispenser,30,1.75,,Waffle
best waffle weave robe,30,3.48,2,Waffle
onsen hooded waffle robe,30,3.67,,Waffle
long waffle robe womens,30,1.35,,Waffle
pottery barn waffle weave resort robe reviews,30,4.71,,Waffle
best men's waffle robe,30,2.23,,Waffle
white waffle robe womens,30,1.88,,Waffle
pottery barn waffle robe review,30,3.84,5,Waffle
thin waffle robe,30,2.81,,Waffle
parachute home waffle robe,30,0.96,,Waffle
long waffle robe women's,30,1.35,,Waffle
walmart waffle robe,30,0.21,,Waffle
purple waffle robe,30,0.88,,Waffle
hay waffle robe,30,3.94,,Waffle
blue waffle robe,30,1.89,,Waffle
womens robe waffle knit,30,1.96,,Waffle
soft waffle knit robe,30,1.43,,Waffle
full-length waffle robe,30,0.79,,Waffle
kohls waffle robe,30,0.15,,Waffle
sunday citizen snug waffle robe,30,0.74,,Waffle
what is a waffle robe,30,0,,Waffle
happy place waffle robe,30,0.89,,Waffle
full length waffle robe,30,0.79,,Waffle
waffle terry cloth robe,30,1.45,,Waffle
macy's waffle robe,30,0.4,,Waffle
kohl's waffle robe,30,0.15,,Waffle
waffle robe walmart,30,0.21,,Waffle
frette waffle robe,30,1.57,,Waffle
women's short waffle robe,30,1.75,,Waffle
quince duvet cover waffle,30,0.78,,Waffle
waffle linen duvet cover,30,4.39,,Waffle
linen waffle duvet cover,30,4.71,,Waffle
waffle king duvet cover,30,1.65,,Waffle
west elm waffle duvet,30,9.05,,Waffle
pink waffle duvet cover,30,1.68,,Waffle
waffle knit duvet cover queen,30,1.71,,Waffle
bedsure waffle weave duvet cover,30,1.92,,Waffle
waffle weave duvet cover queen,30,2.14,,Waffle
white waffle duvet,30,7.11,,Waffle
pottery barn waffle duvet cover,30,6.27,,Waffle
waffle duvet cover full,30,1.65,,Waffle
waffle duvet white,30,7.11,,Waffle
are cotton sateen sheets good,30,1.07,,Luce Cotton Sateen
egyptian cotton sateen sheets king,30,8.85,19,Luce Cotton Sateen
ralph lauren organic cotton sateen sheets,30,3.83,,Luce Cotton Sateen
egyptian cotton sateen king sheets,30,8.85,19,Luce Cotton Sateen
are cotton sateen sheets cool,30,1.12,,Luce Cotton Sateen
hotel signature sateen egyptian cotton sheets,30,1.56,,Luce Cotton Sateen
300 thread count cotton sateen sheets,30,0.76,,Luce Cotton Sateen
100 percent cotton sateen sheets,30,3.79,,Luce Cotton Sateen
cotton sateen twin xl sheets,30,1.94,,Luce Cotton Sateen
nestwell pima cotton sateen sheets,30,3.45,,Luce Cotton Sateen
laura ashley down alternative comforter cooling technology,30,0,,Cloud Cool / Cooling
down alternative comforter cooling,30,4.7,2,Cloud Cool / Cooling
light cooling comforter,30,2.82,3,Cloud Cool / Cooling
plush cooling comforter,30,3.51,,Cloud Cool / Cooling
cooling duvet comforter,30,6.35,7,Cloud Cool / Cooling
cozy earth cooling comforter,30,4.56,,Cloud Cool / Cooling
organic cooling comforter,30,5.46,,Cloud Cool / Cooling
below zero cooling comforter washing instructions,30,0,,Cloud Cool / Cooling
king size cooling comforter sets,30,2.59,16,Cloud Cool / Cooling
fluffiest cooling comforter,30,2.28,4,Cloud Cool / Cooling
cooling comforter fsa eligible,30,5.32,,Cloud Cool / Cooling
best cooling comforter set,30,3.63,7,Cloud Cool / Cooling
cooling comforter blanket,30,3.49,7,Cloud Cool / Cooling
bedsure breescape cooling comforter,30,6.29,,Cloud Cool / Cooling
luxury cooling comforter,30,5.96,3,Cloud Cool / Cooling
pottery barn cooling comforter,30,4.3,,Cloud Cool / Cooling
tencel cooling comforter,30,2.12,,Cloud Cool / Cooling
reddit cooling comforter,30,6.21,3,Cloud Cool / Cooling
koolaburra oasis cooling technology comforter,30,0.38,,Cloud Cool / Cooling
cooling comforter cover,30,4.79,,Cloud Cool / Cooling
cooling queen comforter sets,30,1.01,1,Cloud Cool / Cooling
down alternative cooling comforter,30,2.93,8,Cloud Cool / Cooling
rest cooling comforter washing instructions,30,0,,Cloud Cool / Cooling
hsa cooling comforter,30,8.94,,Cloud Cool / Cooling
coma inducer comforter cooling,30,1.96,,Cloud Cool / Cooling
sutton place cooling comforter review,30,0.43,,Cloud Cool / Cooling
full cooling comforter,30,2.69,3,Cloud Cool / Cooling
elegear arc-chill 3.0 cooling comforter,30,1.31,,Cloud Cool / Cooling
lightweight cooling comforter king,30,4.56,6,Cloud Cool / Cooling
weighted comforter cooling,30,4.06,3,Cloud Cool / Cooling
bedtter cooling comforter,30,2.39,,Cloud Cool / Cooling
ella jayne cooling jersey comforter,30,0.76,,Cloud Cool / Cooling
cooling comforter oversized king,30,1.48,,Cloud Cool / Cooling
cooling comforter walmart,30,0.66,,Cloud Cool / Cooling
how to wash a cooling comforter,30,0.04,,Cloud Cool / Cooling
koolaburra by ugg oasis cooling technology comforter,30,0.27,,Cloud Cool / Cooling
elegear arc chill 3.0 cooling comforter,30,1.31,,Cloud Cool / Cooling
accuratex cooling comforter,30,1.78,,Cloud Cool / Cooling
cooling comforter insert,30,4,5,Cloud Cool / Cooling
cooling king comforter set,30,2.96,,Cloud Cool / Cooling
airyweight cooling eucalyptus comforter,30,5.93,,Cloud Cool / Cooling
sleep number cooling comforter,30,5.63,,Cloud Cool / Cooling
cooling comforter queen nearby,30,0.43,,Cloud Cool / Cooling
cooling duvet insert reddit,30,0.4,,Cloud Cool / Cooling
cooling duvet set,30,3.15,,Cloud Cool / Cooling
queen cooling duvet cover,30,1.81,,Cloud Cool / Cooling
cooling duvet insert for hot sleepers,30,5.1,26,Cloud Cool / Cooling
muji cooling duvet,30,6.8,,Cloud Cool / Cooling
fluffy cooling duvet,30,3.55,,Cloud Cool / Cooling
cooling down duvet insert,30,2.78,,Cloud Cool / Cooling
wool knit throw blanket,30,1.53,,Snug (Chunky Knit / Faux Fur)
sweater knit throw blanket,30,1.62,,Snug (Chunky Knit / Faux Fur)
taupe knit throw blanket,30,1.17,,Snug (Chunky Knit / Faux Fur)
throw blanket chunky knit,30,0.63,,Snug (Chunky Knit / Faux Fur)
heavy knit throw blanket,30,1.16,,Snug (Chunky Knit / Faux Fur)
knit throw blanket for bed,30,1.35,3,Snug (Chunky Knit / Faux Fur)
white chunky knit throw blanket,30,2.37,,Snug (Chunky Knit / Faux Fur)
dark brown knit throw blanket,30,0.91,,Snug (Chunky Knit / Faux Fur)
l agraty chunky knit blanket throw,30,0.21,,Snug (Chunky Knit / Faux Fur)
cream chunky knit throw blanket,30,0.62,,Snug (Chunky Knit / Faux Fur)
christmas knit throw blanket,30,0,,Snug (Chunky Knit / Faux Fur)
knit wool throw blanket,30,1.53,,Snug (Chunky Knit / Faux Fur)
chunky knit throw blanket white,30,2.37,,Snug (Chunky Knit / Faux Fur)
cotton cable knit throw blanket,30,0.72,,Snug (Chunky Knit / Faux Fur)
l'agraty chunky knit blanket throw,30,0.21,,Snug (Chunky Knit / Faux Fur)
tan knit throw blanket,30,0.86,,Snug (Chunky Knit / Faux Fur)
target cozy knit throw blanket,30,0,,Snug (Chunky Knit / Faux Fur)
affordable organic cotton sheets,30,2.63,,Organic Cotton
organic cotton flannel crib sheets,30,2.27,,Organic Cotton
organic cotton sheets for hot sleepers,30,5.1,,Organic Cotton
organic bamboo cotton sheets,30,6.87,,Organic Cotton
pink organic cotton sheets,30,3.5,,Organic Cotton
organic cotton printed sheets,30,3.27,,Organic Cotton
ll bean organic cotton sheets,30,3.21,2,Organic Cotton
llbean organic cotton sheets,30,3.21,23,Organic Cotton
organic cotton percale crib sheets,30,0,,Organic Cotton
organic cotton vs bamboo sheets,30,5.77,,Organic Cotton
parachute organic cotton sheets,30,2.25,9,Organic Cotton
organic cotton sheets reddit,30,5.75,,Organic Cotton
gots certified organic cotton sheets king,30,0,,Organic Cotton
400 thread count organic cotton sheets,30,4.87,,Organic Cotton
organic turkish cotton sheets,30,1.41,,Organic Cotton
organic cotton sheets nearby,30,0.43,,Organic Cotton
best organic cotton sheets on amazon,30,3.03,,Organic Cotton
organic cotton bamboo sheets,30,6.87,,Organic Cotton
organic cotton pack n play sheets,30,0.64,,Organic Cotton
bamboo sheets vs organic cotton,30,5.77,,Organic Cotton
how to wash organic cotton sheets,30,0.2,,Organic Cotton
organic cotton massage table sheets,30,2.3,,Organic Cotton
organic cotton sheets walmart,30,0.32,,Organic Cotton
organic cotton sheets 400 thread count,30,4.87,,Organic Cotton
turkish organic cotton sheets,30,1.24,,Organic Cotton
walmart organic cotton sheets,30,0.32,,Organic Cotton
twin sheets organic cotton,30,3.22,,Organic Cotton
organic cotton zipper bedding,30,2.63,,Organic Cotton
quince organic cotton bedding,30,0.94,,Organic Cotton
organic cotton gauze bedding,30,0,,Organic Cotton
moss green velvet quilt,30,0.49,,Velvet
queen size velvet quilt,30,0.49,,Velvet
velvet quilt comforter,30,0.78,,Velvet
fable collection velvet quilt shams,30,0,,Velvet
red velvet quilt king,30,0,,Velvet
serena and lily velvet quilt,30,1.42,,Velvet
tribeca living lugano honeycomb velvet oversized quilt set,30,0.73,,Velvet
crushed velvet quilt,30,0.64,,Velvet
vera wang velvet quilt,30,0.93,,Velvet
green velvet king quilt,30,1.32,,Velvet
lightweight velvet quilt,30,3.59,,Velvet
washed velvet handcrafted quilt,30,2.67,,Velvet
ivory velvet quilt,30,3,,Velvet
velvet quilt amazon,30,2.25,,Velvet
green velvet quilt queen,30,1.13,,Velvet
oversized king velvet quilt,30,0.3,,Velvet
plum velvet quilt,30,1.25,,Velvet
red velvet king quilt,30,0,,Velvet
cotton velvet channel quilt,30,3.38,,Velvet
pottery barn velvet cross stitch quilt,30,1.11,,Velvet
luxury velvet quilt,30,1.68,,Velvet
velvet scallop edge reversible quilt,30,0.94,,Velvet
lustered velvet alastair quilt,30,0.91,,Velvet
stella faux silk velvet quilt,30,2.65,,Velvet
brown velvet quilt king,30,3.15,,Velvet
fable velvet quilt,30,0,,Velvet
cotton velvet quilt king,30,3.71,,Velvet
forest green velvet quilt,30,1.47,,Velvet
velvet quilt sham,30,2.91,,Velvet
yellow velvet quilt,30,0.75,,Velvet
parachute velvet quilt,30,4.27,,Velvet
velvet quilt and sham,30,2.91,,Velvet
lofty velvet quilt threshold,30,0.49,,Velvet
anthropologie velvet quilt,30,0.55,,Velvet
tahari velvet quilt,30,0.71,,Velvet
emerald green velvet quilt,30,1.23,,Velvet
best velvet quilt,30,5.49,,Velvet
martha stewart velvet quilt,30,0.11,,Velvet
fable ultra soft velvet quilt,30,0.93,,Velvet
opalhouse velvet quilt,30,0.29,,Velvet
oversized velvet quilt king,30,1.04,,Velvet
harry potter mystical velvet quilt,30,0,,Velvet
velvet quilt queen size,30,0.49,,Velvet
velvet quilt and shams,30,2.91,,Velvet
pottery barn velvet medallion quilt,30,0.97,,Velvet
velvet quilt bedding,30,2.44,,Velvet
kip and co velvet quilt cover,30,0,,Velvet
crate and barrel velvet quilt,30,1.78,,Velvet
levtex velvet quilt,30,0.93,,Velvet
rachel zoe velvet quilt,30,0.55,,Velvet
target threshold velvet quilt,30,0.12,,Velvet
recyco velvet quilt,30,0.45,,Velvet
pottery barn velvet lattice quilt,30,0.6,,Velvet
silk velvet duvet cover,30,1.32,,Velvet
burgundy velvet duvet cover,30,0.38,,Velvet
purple velvet duvet,30,1.22,,Velvet
pottery barn velvet duvet,30,2.12,,Velvet
beige velvet duvet cover,30,0.51,14,Velvet
mustard velvet duvet cover,30,0.51,,Velvet
emerald green velvet duvet cover,30,0.48,,Velvet
red velvet duvet,30,1.12,,Velvet
navy velvet duvet cover,30,2.32,,Velvet
shark tank bamboo paper towels,30,0.33,,Bath / Towels
bamboo turkish towels,30,0.82,,Bath / Towels
common thread eco melange bamboo towels,30,0.68,,Bath / Towels
bamboo bliss towels,30,0.84,,Bath / Towels
naturezway bamboo paper towels,30,0.02,,Bath / Towels
bamboo waffle towels,30,2.69,,Bath / Towels
reusable bamboo kitchen towels,30,0,,Bath / Towels
bamboo paper towels shark tank,30,0.33,,Bath / Towels
jml bamboo towels,30,1.26,,Bath / Towels
are bamboo towels absorbent,30,7.7,,Bath / Towels
bamboo panda towels,30,0.29,,Bath / Towels
bedvoyage bamboo towels,30,1.31,14,Bath / Towels
turkish bamboo towels,30,0.82,,Bath / Towels
bamboo paper towels nearby,30,0.6,,Bath / Towels
brondell bamboo bidet towels,30,0.1,,Bath / Towels
bamboo paper towels near me,30,0.67,,Bath / Towels
100 percent bamboo bath towels,30,0.93,17,Bath / Towels
bamboo compressed towels,30,0.32,,Bath / Towels
bamboo towels near me,30,2.76,,Bath / Towels
100 organic cotton kitchen towels,30,1.38,,Bath / Towels
organic cotton towels costco,30,1.84,,Bath / Towels
golden quality bedding bamboo pillow,20,0.16,,Premium Lumière (Bamboo)
bamboo bedding king,20,4,,Premium Lumière (Bamboo)
bamboo bedding bundle,20,5.09,,Premium Lumière (Bamboo)
sheets bamboo bedding sets,20,13.62,,Premium Lumière (Bamboo)
bedding bamboo sheets,20,13.62,,Premium Lumière (Bamboo)
is bamboo good for bedding,20,1.13,,Premium Lumière (Bamboo)
bamboo sheets and bedding,20,13.62,,Premium Lumière (Bamboo)
bamboo linen bedding,20,6.68,,Premium Lumière (Bamboo)
is bamboo bedding cooling,20,2.23,,Premium Lumière (Bamboo)
bamboo vs linen bedding,20,2.65,,Premium Lumière (Bamboo)
utopia bedding bamboo mattress protector,20,0.59,22,Premium Lumière (Bamboo)
is bamboo bedding toxic,20,1.38,,Premium Lumière (Bamboo)
bamboo cotton bedding,20,3.76,,Premium Lumière (Bamboo)
bamboo vs cotton bedding,20,15.98,,Premium Lumière (Bamboo)
bamboo essence bedding,20,2.08,,Premium Lumière (Bamboo)
bamboo duvet cover pattern,20,2.28,47,Premium Lumière (Bamboo)
bamboo sheets and duvet covers,20,4.15,,Premium Lumière (Bamboo)
bamboo king duvet,20,7.33,,Premium Lumière (Bamboo)
bamboo duvet insert king,20,4.73,,Premium Lumière (Bamboo)
calvin klein bamboo flowers duvet cover,20,1,,Premium Lumière (Bamboo)
bamboo duvet king,20,7.33,,Premium Lumière (Bamboo)
bamboo duvet comforter,20,4.8,,Premium Lumière (Bamboo)
linen bamboo duvet cover,20,2.6,,Premium Lumière (Bamboo)
bamboo cotton duvet cover,20,3.33,16,Premium Lumière (Bamboo)
best bamboo duvet covers,20,5.98,,Premium Lumière (Bamboo)
bamboo king size duvet,20,6.76,47,Premium Lumière (Bamboo)
bamboo duvet cover reddit,20,3.54,,Premium Lumière (Bamboo)
100 bamboo duvet,20,1.44,,Premium Lumière (Bamboo)
calvin klein duvet cover bamboo flower,20,1,,Premium Lumière (Bamboo)
quince duvet cover bamboo,20,0.18,,Premium Lumière (Bamboo)
bedsure bamboo duvet cover,20,3.45,,Premium Lumière (Bamboo)
bamboo duvet cover quince,20,0.67,,Premium Lumière (Bamboo)
sunday citizen snug bamboo duvet cover,20,4.17,,Premium Lumière (Bamboo)
pink bamboo duvet cover,20,4,,Premium Lumière (Bamboo)
king size bamboo duvet,20,6.76,47,Premium Lumière (Bamboo)
cooling bamboo duvet cover,20,4.14,18,Premium Lumière (Bamboo)
bamboo duvet king size,20,6.76,47,Premium Lumière (Bamboo)
cariloha bamboo duvet cover,20,0.34,47,Premium Lumière (Bamboo)
bamboo or silk pillowcase,20,0,,Premium Lumière (Bamboo)
pure bamboo pillowcase,20,2.22,,Premium Lumière (Bamboo)
is bamboo pillowcase good for skin,20,2.28,,Premium Lumière (Bamboo)
silk vs bamboo pillowcase for hair,20,1.57,40,Premium Lumière (Bamboo)
bamboo pillowcase vs silk,20,10.61,,Premium Lumière (Bamboo)
100 tencel modal sheets,20,4.95,,Naked Modal
calvin klein modal sheets,20,1.52,,Naked Modal
pure beech 400t modal sheets,20,6.7,,Naked Modal
pure beech 100 modal jersey sheets,20,1.76,,Naked Modal
modal king size sheets,20,2.84,,Naked Modal
pure beech 100 modal jersey knit sheets,20,1.76,,Naked Modal
superior modal sheets,20,3.21,,Naked Modal
jersey tencel modal sheets,20,3.03,,Naked Modal
modal sheets amazon,20,0,19,Naked Modal
modal sheets king size,20,2.84,,Naked Modal
west elm tencel modal sheets,20,0.01,,Naked Modal
west elm modal sheets,20,2.07,,Naked Modal
bamboo modal sheets,20,4.53,,Naked Modal
bleubully modal sheets,20,1.23,,Naked Modal
modal vs cotton pajamas,20,0.03,,Naked Modal
modal capri pajamas,20,0.64,,Naked Modal
modal footie pajamas,20,2.56,,Naked Modal
modal christmas pajamas women,20,0,,Naked Modal
kate spade modal pajamas,20,1.98,18,Naked Modal
modal pajamas sale,20,1.19,,Naked Modal
matching modal pajamas,20,3.89,,Naked Modal
modal valentines day pajamas,20,0,,Naked Modal
modal matching pajamas,20,0.44,,Naked Modal
modal pajamas target,20,0.18,,Naked Modal
modal jersey pajamas,20,4.21,13,Naked Modal
j crew modal pajamas,20,2.04,,Naked Modal
is modal good for pajamas,20,0.62,,Naked Modal
modal and elastane pajamas,20,1.07,,Naked Modal
blue modal pajamas,20,1.87,,Naked Modal
modal family pajamas,20,0,,Naked Modal
91 modal / 9 elastane pajamas,20,0.84,,Naked Modal
mens red modal pajamas,20,0,,Naked Modal
91 modal 9 elastane pajamas,20,0.84,,Naked Modal
modal jogger pajamas women,20,2.92,,Naked Modal
lake dream modal pajamas,20,1.13,,Naked Modal
modal bamboo pajamas,20,5.83,,Naked Modal
black modal pajamas,20,0.68,,Naked Modal
cloud knit modal pajamas,20,1.27,,Naked Modal
modal pajamas christmas,20,0,,Naked Modal
cloud island modal pajamas,20,0.61,,Naked Modal
modal pajamas near me,20,0.36,,Naked Modal
bed threads 100 french flax linen bedding set,20,0,,European Flax Linacel (Linen)
linen vs cotton pillowcase,20,0.08,,European Flax Linacel (Linen)
linen pillowcase benefits,20,0.19,,European Flax Linacel (Linen)
is linen pillowcase good for hair,20,3.94,,European Flax Linacel (Linen)
blue linen pillowcase,20,3.26,16,European Flax Linacel (Linen)
100 linen pillowcase,20,2.3,,European Flax Linacel (Linen)
natural linen pillowcase,20,1.88,42,European Flax Linacel (Linen)
french linen pillowcase,20,0.12,14,European Flax Linacel (Linen)
silk vs linen pillowcase,20,2.82,,European Flax Linacel (Linen)
square linen pillowcase,20,5.4,,European Flax Linacel (Linen)
red linen pillowcase,20,1.26,,European Flax Linacel (Linen)
navy muslin blanket,20,1.21,16,Muslin
cotton muslin king blanket,20,1.79,48,Muslin
muslin weighted blanket,20,0.64,16,Muslin
cars muslin blanket,20,0.47,,Muslin
olive green muslin blanket,20,1.02,,Muslin
gray heron muslin blanket,20,1.82,,Muslin
catholic muslin blanket,20,0.74,,Muslin
cotton muslin gauze blanket,20,0.84,,Muslin
embroidered muslin blanket,20,1.24,,Muslin
kyle & deena muslin blanket,20,0.13,,Muslin
muslin cotton king size blanket,20,1.07,,Muslin
grey heron muslin blanket,20,1.46,,Muslin
bluey muslin blanket,20,0.42,,Muslin
boho muslin blanket,20,1.4,,Muslin
muslin cooling blanket,20,1.38,,Muslin
le petit muslin blanket,20,0,,Muslin
mickey mouse muslin blanket,20,0.3,,Muslin
100 muslin blanket,20,1.55,,Muslin
bebe au lait muslin blanket,20,0.39,5,Muslin
muslin lovey blanket,20,0.66,,Muslin
what is a muslin blanket used for,20,0,,Muslin
how to make a muslin blanket,20,0.38,,Muslin
muslin wearable blanket,20,1.11,,Muslin
muslin blanket diy,20,0,,Muslin
minnie mouse muslin blanket,20,0.74,,Muslin
baseball muslin blanket,20,0.57,31,Muslin
how to use muslin blanket as nursing cover,20,0,22,Muslin
muslin swaddle blanket how to,20,0,,Muslin
car muslin blanket,20,0.47,,Muslin
elephant muslin blanket,20,0.59,,Muslin
swaddle designs muslin blanket,20,0.76,,Muslin
cotton muslin security blanket,20,0.59,47,Muslin
the muslin blanket reviews,20,4.24,,Muslin
what is a muslin swaddle blanket,20,1.37,28,Muslin
star wars muslin blanket,20,1.11,,Muslin
bee muslin blanket,20,0.63,,Muslin
muslin blanket throw,20,1.91,,Muslin
lulu moon muslin blanket,20,0.21,,Muslin
turkish muslin blanket,20,3,,Muslin
organic muslin cotton blanket,20,1.64,,Muslin
2 layer muslin blanket,20,1.74,,Muslin
light muslin blanket,20,2.32,,Muslin
muslin blanket reddit,20,0,,Muslin
giant muslin blanket,20,4.77,,Muslin
adult muslin swaddle blanket,20,1.53,,Muslin
100 cotton muslin blanket for adults,20,0,,Muslin
receiving blanket vs swaddle vs muslin,20,0,,Muslin
striped muslin blanket,20,1.04,,Muslin
muslin waffle blanket,20,2.97,,Muslin
muslin comfort bedding,20,1.34,,Muslin
muslin king size bedding,20,1.74,,Muslin
muslin cotton throw,20,0.34,,Muslin
cal king waffle blanket,20,1.82,,Waffle
waffle blanket with silk trim,20,0.59,,Waffle
inup home waffle blanket,20,0.24,,Waffle
bernat blanket yarn waffle stitch,20,0.44,,Waffle
zig zag waffle blanket,20,0,,Waffle
waffle wool blanket,20,2.76,,Waffle
waffle weave blanket threshold,20,1.33,16,Waffle
thermal waffle weave blanket with satin trim,20,0.58,18,Waffle
summer waffle blanket,20,1.75,17,Waffle
waffle weave acrylic blanket,20,2,,Waffle
twin waffle weave blanket,20,1.26,47,Waffle
waffle print blanket,20,0.6,,Waffle
microfiber waffle hair towel,20,1.14,,Waffle
the rag company waffle weave towel,20,1.12,,Waffle
uchino waffle towel,20,1.51,,Waffle
waffle weave towel pattern,20,0.47,,Waffle
microfiber waffle weave car drying towel,20,0,,Waffle
west elm waffle towel review,20,6.78,6,Waffle
hay waffle towel,20,0.71,,Waffle
waffle glass towel,20,0.4,,Waffle
waffle towel vs regular,20,1.43,,Waffle
waffle towel reviews,20,3.89,,Waffle
waffle towel review,20,3.89,,Waffle
casaluna waffle towel review,20,0.23,,Waffle
brooklinen waffle towel review,20,3.01,,Waffle
the rag company waffle-weave towel,20,1.12,,Waffle
waffle towel casaluna,20,0.39,,Waffle
chemical guys waffle weave glass towel,20,0.44,,Waffle
waffle towel sale,20,1.33,,Waffle
what is a waffle weave towel,20,0.15,,Waffle
chemical guys waffle weave drying towel,20,0.58,,Waffle
welspun waffle towel,20,0.81,,Waffle
waffle weave dish towel pattern,20,0.47,,Waffle
microfiber waffle weave golf towel,20,0,,Waffle
terry waffle towel,20,8.86,,Waffle
aquis waffle towel,20,0.51,7,Waffle
waffle hand towel with loop,20,1.4,,Waffle
navy waffle towel,20,3.19,,Waffle
waffle towel fabric,20,0.62,,Waffle
waffle style robe,20,8.63,26,Waffle
waffle robe womens short,20,1.9,,Waffle
cheap waffle robe,20,1.5,,Waffle
waffle robe pottery barn,20,3.06,,Waffle
short white waffle robe,20,2.02,,Waffle
diamond waffle robe,20,3.31,,Waffle
men's waffle robe 100 cotton,20,3.73,,Waffle
mens hooded waffle robe,20,3.13,,Waffle
waffle robe quince,20,0.55,,Waffle
100 cotton waffle weave robe,20,5.37,,Waffle
h&m waffle robe,20,3.9,13,Waffle
waffle robe bridesmaid,20,2.33,,Waffle
short waffle weave robe,20,1.3,,Waffle
pottery barn robe waffle,20,0.81,,Waffle
bridesmaid waffle robe,20,2.33,,Waffle
eberjey waffle robe,20,6.32,,Waffle
best waffle robe reddit,20,4.44,,Waffle
waffle house robe,20,1.73,,Waffle
big and tall waffle robe,20,1.42,14,Waffle
brooklinen waffle robe review,20,0,1,Waffle
ikea waffle duvet cover,20,2.84,,Waffle
organic waffle duvet cover,20,4.65,,Waffle
grey waffle duvet cover,20,3.79,,Waffle
soft waffle duvet cover,20,4.17,,Waffle
king size duvet cover waffle,20,1.56,,Waffle
waffle duvet cover grey,20,3.79,,Waffle
black waffle duvet cover,20,0.98,,Waffle
waffle duvet cover twin,20,0.48,,Waffle
levtex waffle duvet cover,20,1.8,,Waffle
waffle queen duvet cover,20,2.9,,Waffle
100 cotton waffle duvet cover,20,1.64,,Waffle
twin waffle duvet cover,20,1.85,,Waffle
vera wang waffle pique duvet,20,0.47,44,Waffle
king size waffle duvet cover,20,1.56,,Waffle
waffle pattern duvet cover,20,2.12,,Waffle
brooklinen waffle duvet cover,20,6.56,,Waffle
european flax linen waffle duvet cover,20,7.11,,Waffle
organic geo waffle jacquard duvet cover,20,0.38,,Waffle
threshold waffle duvet cover,20,0.83,,Waffle
navy waffle duvet cover,20,2.15,,Waffle
oversized king waffle duvet cover,20,1.28,,Waffle
micro waffle duvet cover,20,2.32,,Waffle
boll and branch waffle duvet,20,2.4,,Waffle
ralph lauren cotton sateen sheets,20,1.13,,Luce Cotton Sateen
what is 100 cotton sateen sheets,20,0.63,,Luce Cotton Sateen
luxury cotton sateen sheets,20,4.22,,Luce Cotton Sateen
sateen 100 cotton sheets,20,2.11,,Luce Cotton Sateen
cotton percale sheets vs sateen,20,0.11,,Luce Cotton Sateen
cotton sateen sheets reddit,20,3.29,,Luce Cotton Sateen
king size cotton sateen sheets,20,0.18,47,Luce Cotton Sateen
organic sateen cotton sheets,20,5.73,,Luce Cotton Sateen
1000 thread count egyptian cotton sateen sheets,20,0.86,49,Luce Cotton Sateen
percale vs sateen cotton sheets,20,1.34,,Luce Cotton Sateen
500 thread count egyptian cotton sateen sheets,20,11.69,,Luce Cotton Sateen
cotton sateen sheets king size,20,0.18,47,Luce Cotton Sateen
is sateen cotton good for sheets,20,1.11,,Luce Cotton Sateen
twin cotton sateen sheets,20,4.01,47,Luce Cotton Sateen
sateen or cotton sheets,20,0,,Luce Cotton Sateen
600 thread count cotton sateen sheets,20,6.81,,Luce Cotton Sateen
cotton sateen twin sheets,20,4.01,,Luce Cotton Sateen
royal sateen egyptian cotton sheets,20,5.51,,Luce Cotton Sateen
egyptian cotton sateen sheets 1000 thread count,20,0.86,49,Luce Cotton Sateen
best egyptian cotton sateen sheets,20,3.73,3,Luce Cotton Sateen
black cotton sateen sheets,20,1.6,44,Luce Cotton Sateen
royal sateen sheets egyptian cotton,20,5.51,,Luce Cotton Sateen
how to wash cooling comforter,20,0,,Cloud Cool / Cooling
cozy bliss cooling comforter reviews,20,2.52,,Cloud Cool / Cooling
best cooling comforter amazon,20,0.6,,Cloud Cool / Cooling
cooling comforter sam's club,20,1.05,,Cloud Cool / Cooling
best material for cooling comforter,20,2.14,,Cloud Cool / Cooling
best cooling down alternative comforter,20,3.11,,Cloud Cool / Cooling
best cooling summer comforter,20,6.09,,Cloud Cool / Cooling
comforter cooling king,20,5.46,2,Cloud Cool / Cooling
dark green cooling comforter,20,2.58,,Cloud Cool / Cooling
best cooling comforter queen,20,2.6,,Cloud Cool / Cooling
hombys lightweight cooling comforter,20,1.21,,Cloud Cool / Cooling
king comforter sets cooling,20,1.52,,Cloud Cool / Cooling
best cooling comforter for hot sleepers reddit,20,5.79,,Cloud Cool / Cooling
electric cooling comforter,20,0.86,,Cloud Cool / Cooling
king duvet cover cooling,20,5.93,5,Cloud Cool / Cooling
queen duvet insert cooling,20,2.74,,Cloud Cool / Cooling
duvet cooling insert,20,0.76,3,Cloud Cool / Cooling
lightweight cooling duvet,20,11.61,,Cloud Cool / Cooling
cooling king duvet cover,20,4.77,5,Cloud Cool / Cooling
cooling duvet ikea,20,0.24,,Cloud Cool / Cooling
cooling duvet cover material,20,3.84,,Cloud Cool / Cooling
casaluna cooling duvet insert,20,0.85,,Cloud Cool / Cooling
cooling duvet cover set,20,6.7,,Cloud Cool / Cooling
thin cooling duvet insert,20,3.06,,Cloud Cool / Cooling
ikea duvet cooling,20,0.43,,Cloud Cool / Cooling
best fluffy cooling duvet insert,20,5.11,,Cloud Cool / Cooling
brooklinen cooling duvet insert,20,11.45,,Cloud Cool / Cooling
duvet cooling cover,20,2.83,,Cloud Cool / Cooling
cooling duvet cover reddit,20,6.83,,Cloud Cool / Cooling
lightweight cooling duvet cover,20,4.72,,Cloud Cool / Cooling
cooling duvet cover for weighted blanket,20,1.14,,Cloud Cool / Cooling
best duvet insert cooling,20,7,,Cloud Cool / Cooling
cooling duvet king,20,3.33,21,Cloud Cool / Cooling
best cooling duvet insert reddit,20,2.98,,Cloud Cool / Cooling
how to make chunky knit throw blanket,20,0,54,Snug (Chunky Knit / Faux Fur)
ralph lauren cable knit throw blanket,20,0.95,13,Snug (Chunky Knit / Faux Fur)
sage green knit throw blanket,20,1.64,,Snug (Chunky Knit / Faux Fur)
best knit throw blanket,20,1.48,3,Snug (Chunky Knit / Faux Fur)
berkshire chenille knit throw blanket,20,0.38,,Snug (Chunky Knit / Faux Fur)
orange knit throw blanket,20,0.9,,Snug (Chunky Knit / Faux Fur)
best chunky knit throw blanket,20,1.37,33,Snug (Chunky Knit / Faux Fur)
purple knit throw blanket,20,0,,Snug (Chunky Knit / Faux Fur)
red cable knit throw blanket,20,1.77,,Snug (Chunky Knit / Faux Fur)
knit throw blanket for couch,20,2.05,6,Snug (Chunky Knit / Faux Fur)
knit chunky throw blanket,20,1.96,4,Snug (Chunky Knit / Faux Fur)
hello kitty knit throw blanket,20,0.09,,Snug (Chunky Knit / Faux Fur)
threshold throw blanket knit,20,0.38,,Snug (Chunky Knit / Faux Fur)
chunky knit throw blanket yarn,20,0,,Snug (Chunky Knit / Faux Fur)
brown chunky knit throw blanket,20,0.96,,Snug (Chunky Knit / Faux Fur)
how to make a chunky knit throw blanket,20,0,54,Snug (Chunky Knit / Faux Fur)
burgundy knit throw blanket,20,1.57,17,Snug (Chunky Knit / Faux Fur)
martha stewart knit throw blanket,20,0,,Snug (Chunky Knit / Faux Fur)
threshold knit throw blanket,20,0.23,,Snug (Chunky Knit / Faux Fur)
how to knit a throw blanket step-by-step,20,1.2,,Snug (Chunky Knit / Faux Fur)
hand knit chenille chunky throw blanket,20,0.16,4,Snug (Chunky Knit / Faux Fur)
knit throw blanket with tassels,20,0.76,,Snug (Chunky Knit / Faux Fur)
ralph lauren cable-knit throw blanket,20,0.95,,Snug (Chunky Knit / Faux Fur)
navy cable knit throw blanket,20,1.52,,Snug (Chunky Knit / Faux Fur)
how to knit a throw blanket step by step,20,1.2,,Snug (Chunky Knit / Faux Fur)
chenille chunky knit throw blanket,20,2.38,22,Snug (Chunky Knit / Faux Fur)
target chunky knit throw blanket,20,0.48,9,Snug (Chunky Knit / Faux Fur)
cable knit throw blanket pattern,20,0.51,42,Snug (Chunky Knit / Faux Fur)
chunky knit cream throw blanket,20,1.47,,Snug (Chunky Knit / Faux Fur)
huaca chenille chunky knit throw blanket,20,0,,Snug (Chunky Knit / Faux Fur)
adyrescia chunky knit blanket throw,20,0,,Snug (Chunky Knit / Faux Fur)
dark green knit throw blanket,20,0.92,,Snug (Chunky Knit / Faux Fur)
easy knit throw blanket pattern,20,0.5,,Snug (Chunky Knit / Faux Fur)
purely organic turkish cotton sheets costco,20,0.79,,Organic Cotton
organic cotton dinosaur sheets,20,1.66,,Organic Cotton
quince organic cotton percale sheets,20,1.88,,Organic Cotton
floral organic cotton sheets,20,1.15,,Organic Cotton
are organic cotton sheets good,20,0,,Organic Cotton
are organic cotton sheets worth it,20,0.76,,Organic Cotton
target's threshold organic cotton percale sheets,20,1.35,,Organic Cotton
organic cotton flannel sheets queen,20,0.78,26,Organic Cotton
organic cotton sheets 1000 thread count,20,4.05,,Organic Cotton
under the canopy organic cotton sheets,20,0.58,43,Organic Cotton
oeko tex certified organic cotton sheets,20,1.81,,Organic Cotton
oeko tex organic cotton sheets,20,4.2,2,Organic Cotton
best organic cotton sheets reddit,20,4.65,,Organic Cotton
threshold 100 organic cotton sheets,20,0.16,,Organic Cotton
striped organic cotton sheets,20,3.94,,Organic Cotton
garnet hill organic-cotton sheets,20,3.06,,Organic Cotton
1000 thread count organic cotton sheets,20,4.05,48,Organic Cotton
organic cotton sheets gots certified,20,6.27,,Organic Cotton
100 organic egyptian cotton sheets,20,4.54,,Organic Cotton
black organic cotton sheets,20,2.48,,Organic Cotton
split king organic cotton sheets,20,4.23,,Organic Cotton
oeko-tex organic cotton sheets,20,4.2,3,Organic Cotton
garnet hill organic cotton sheets,20,3.06,,Organic Cotton
organic cotton vs linen sheets,20,1.09,,Organic Cotton
cotton vs organic cotton sheets,20,2.96,,Organic Cotton
organic cotton crib sheets amazon,20,0.33,,Organic Cotton
organic cotton sheets reviews,20,2.29,1,Organic Cotton
organic cotton sheets review,20,2.29,1,Organic Cotton
where to buy organic cotton sheets,20,4.6,50,Organic Cotton
what is organic cotton sheets,20,0.17,,Organic Cotton
600 thread count organic cotton sheets,20,6.14,,Organic Cotton
organic cotton pink sheets,20,3.67,,Organic Cotton
organic cotton sheets 600 thread count,20,6.14,,Organic Cotton
organic brushed cotton deluxe bedding bundle,20,3.68,,Organic Cotton
organic cotton nursery bedding,20,0.33,,Organic Cotton
organic cotton bedding made in usa,20,3.15,,Organic Cotton
organic cotton bedding king,20,2.79,,Organic Cotton
velvet reversible quilt,20,0.46,,Velvet
pottery barn cross stitch velvet quilt,20,1.12,,Velvet
pottery barn velvet heirloom quilt,20,6.03,,Velvet
target velvet channel stitch quilt,20,0.05,,Velvet
velvet stitched quilt,20,0.53,,Velvet
beige velvet quilt,20,1.91,,Velvet
mauve velvet quilt,20,0.38,,Velvet
velvet quilt coverlet,20,5.59,,Velvet
terracotta velvet quilt,20,3.86,,Velvet
west elm lush velvet tack stitch quilt,20,1.95,,Velvet
velvet lattice quilt,20,2.61,,Velvet
velvet heirloom quilt,20,5.6,,Velvet
tribeca living florence velvet oversized solid quilt set,20,0.49,,Velvet
velvet diamond quilt,20,1.35,,Velvet
velvet quilt cover,20,0.65,,Velvet
sutter velvet quilt,20,2.75,,Velvet
cross stitch velvet quilt,20,1.36,,Velvet
company store velvet quilt,20,1.17,,Velvet
lush velvet tack stitch quilt & shams,20,3.4,,Velvet
levtex velvet stitch quilt,20,1.24,,Velvet
reversible velvet quilt,20,0.31,,Velvet
green velvet quilt set,20,0.18,,Velvet
velvet channel quilt,20,3.34,,Velvet
vera wang diamond velvet quilt set,20,0.72,,Velvet
tan velvet quilt,20,0.51,,Velvet
member's mark velvet quilt set,20,0.11,,Velvet
velvet quilt covers,20,0.65,,Velvet
velvet floral quilt,20,0.41,,Velvet
john robshaw velvet quilt,20,3.17,,Velvet
olive velvet quilt,20,2.01,,Velvet
target opalhouse velvet quilt,20,0,14,Velvet
loveshackfancy velvet palace quilt,20,1.16,,Velvet
lavender velvet quilt,20,0.25,,Velvet
pottery barn blue velvet quilt,20,0.7,,Velvet
target lofty velvet quilt,20,0.44,,Velvet
dark blue velvet quilt,20,3.75,,Velvet
velvet stitch quilt,20,0.53,,Velvet
charcoal velvet quilt,20,2.01,,Velvet
pottery barn green velvet quilt,20,1.39,,Velvet
velvet coverlet quilt,20,5.59,,Velvet
quilt cover velvet,20,0.65,,Velvet
target velvet quilt threshold,20,0.27,,Velvet
velvet king size quilt cover,20,0.89,,Velvet
blue velvet quilt queen,20,2.14,13,Velvet
restoration hardware velvet quilt,20,1.02,,Velvet
cb2 velvet quilt,20,0.49,,Velvet
lush velvet tack stitch quilt,20,1.14,,Velvet
sage velvet quilt,20,2.69,,Velvet
velvet quilt california king,20,0.89,,Velvet
pottery barn velvet quilt dupe,20,7.28,,Velvet
organic velvet quilt,20,9.02,,Velvet
velvet lattice handcrafted quilt,20,2.88,,Velvet
martha stewart tufted velvet quilt,20,0.37,48,Velvet
threshold channel stitch velvet quilt,20,0.17,,Velvet
velvet diamond stitch quilt threshold,20,0.59,,Velvet
diamond velvet quilt,20,1.35,,Velvet
luxe diamond stitch velvet quilt,20,0.1,,Velvet
velvet quilt and sham set,20,1.01,,Velvet
quilt covers velvet,20,0.65,,Velvet
pottery barn red velvet quilt,20,2.22,,Velvet
tribeca living capri medallion velvet oversized quilt set,20,0.79,13,Velvet
royal velvet duvet insert,20,0.57,16,Velvet
olive green velvet duvet cover,20,0.69,,Velvet
velvet duvet covers king size,20,1.56,,Velvet
red velvet duvet set,20,0.24,48,Velvet
cream velvet duvet cover,20,3.62,,Velvet
king size velvet duvet cover,20,0.89,,Velvet
green velvet duvet cover king,20,0.86,,Velvet
brown velvet duvet,20,0.62,,Velvet
west elm crushed velvet duvet,20,2.89,,Velvet
cotton velvet duvet,20,1.04,,Velvet
pottery barn velvet duvet cover,20,5.68,,Velvet
target velvet duvet cover,20,0.19,14,Velvet
wamsutta velvet duvet cover,20,0.14,47,Velvet
royal velvet duvet,20,0.79,,Velvet
white velvet duvet,20,4.22,,Velvet
moss green velvet duvet cover,20,0.76,,Velvet
royal velvet duvet covers,20,2.17,,Velvet
crinkle velvet duvet,20,0,,Velvet
orange velvet duvet cover,20,1.29,,Velvet
teal velvet duvet cover,20,1.73,,Velvet
twin velvet duvet cover,20,0.7,,Velvet
velvet king size duvet cover,20,0.89,,Velvet
navy blue velvet duvet cover,20,1.15,,Velvet
velvet duvet cover king size,20,1.56,,Velvet
plum velvet duvet cover,20,0.6,14,Velvet
royal velvet duvet cover,20,2.17,,Velvet
skye velvet duvet cover,20,1.05,13,Velvet
gold velvet duvet,20,0.89,,Velvet
cozy earth bamboo towels,20,3.26,,Bath / Towels
rayon made from bamboo towels,20,0.65,,Bath / Towels
bamboo paper towels washable,20,1.82,,Bath / Towels
are bamboo paper towels compostable,20,0,19,Bath / Towels
bamboo towels on sale,20,0.56,44,Bath / Towels
organic bamboo paper towels,20,6.8,,Bath / Towels
bamboo cotton bath towels,20,0.97,,Bath / Towels
bamboo paper towels unbleached,20,4.5,,Bath / Towels
bamboo bath towels review,20,1.78,32,Bath / Towels
bamboo towels : target,20,0.76,14,Bath / Towels
bamboo disposable towels,20,1.91,32,Bath / Towels
clean skin club bamboo towels,20,1.38,,Bath / Towels
eco bamboo towels,20,0,,Bath / Towels
bamboo queen towels,20,1.93,,Bath / Towels
are bamboo paper towels better,20,0.08,,Bath / Towels
bamboo towels target,20,0.76,14,Bath / Towels
bamboo towels benefits,20,0.97,21,Bath / Towels
disposable bamboo paper towels,20,0,37,Bath / Towels
bamboo towels for sale,20,0.56,44,Bath / Towels
luxury bamboo towels,20,5.07,,Bath / Towels
daisy house bamboo towels,20,1.21,,Bath / Towels
common thread eco melange towels bamboo,20,0.01,,Bath / Towels
cuddledown bamboo towels,20,2.48,5,Bath / Towels
benefits of bamboo towels,20,0.97,21,Bath / Towels
cotton bamboo bath towels,20,0.97,19,Bath / Towels
alfred sung bamboo towels reviews,20,0.14,,Bath / Towels
seek bamboo paper towels,20,3.77,,Bath / Towels
washable bamboo paper towels,20,1.82,11,Bath / Towels
alfred sung bamboo towels review,20,0.14,,Bath / Towels
bamboo towels sale,20,0.56,44,Bath / Towels
bamboo disposable face towels,20,4.37,,Bath / Towels
disposable bamboo towels,20,1.91,,Bath / Towels
bamboo luxury towels,20,5.07,,Bath / Towels
bamboo toilet paper and paper towels,20,19.23,,Bath / Towels
disposable bamboo face towels,20,3.41,,Bath / Towels
are bamboo paper towels better for the environment,20,0,12,Bath / Towels
organic cotton bath towels made in usa,20,7.66,19,Bath / Towels
100 organic cotton dish towels,20,1.22,,Bath / Towels
organic cotton towels sale,20,4.09,,Bath / Towels
organic cotton paper towels,20,1.2,,Bath / Towels
pottery barn organic cotton towels,20,6.8,,Bath / Towels
organic cotton towels on sale,20,4.09,,Bath / Towels
organic cotton terry towels,20,2.48,,Bath / Towels
organic egyptian cotton towels,20,4.98,,Bath / Towels
