domain,category,keywords_in_space,etv_in_space,traffic_share_pct,avg_position,visibility
thecompanystore.com,brand/retail,970,316145,1.64,16.5,243.4
nytimes.com,publisher,608,172977,0.9,11.5,240.0
ikea.com,brand/retail,642,155920,0.81,13.9,219.7
potterybarn.com,brand/retail,868,142378,0.74,18.5,152.9
hancocks-paducah.com,brand/retail,29,123330,0.64,9.4,14.2
latestbedding.com,brand/retail,242,121767,0.63,14.8,87.3
sleepfoundation.org,publisher,408,113145,0.59,16.5,105.2
forbes.com,publisher,302,107004,0.55,18.4,95.4
tempurpedic.com,brand/retail,100,102064,0.53,13.5,42.0
beddys.com,brand/retail,140,100442,0.52,20.0,36.9
bedsurehome.com,brand/retail,208,98423,0.51,17.3,62.3
us.pigletinbed.com,brand/retail,205,95455,0.49,17.1,80.4
sheetsociety.com,brand/retail,176,91692,0.48,16.4,73.2
fatquartershop.com,brand/retail,96,84932,0.44,15.2,32.6
sandcloud.com,brand/retail,20,83861,0.43,14.5,6.8
marshalldrygoods.com,brand/retail,14,75933,0.39,9.6,8.4
cottoneerfabrics.com,brand/retail,19,71447,0.37,25.1,3.7
lolablankets.com,brand/retail,79,69901,0.36,9.7,43.1
linensandhutch.com,brand/retail,178,68925,0.36,19.4,43.8
softminkyblankets.com,brand/retail,136,68586,0.36,14.4,54.5
cariloha.com,brand/retail,42,67567,0.35,13.4,19.0
mattressclarity.com,publisher,185,65286,0.34,27.6,33.8
mattressnerd.com,publisher,112,60491,0.31,22.4,24.3
peacockalley.com,brand/retail,300,59006,0.31,18.7,53.9
connectingthreads.com,brand/retail,65,58809,0.3,22.3,16.0
keepsakequilting.com,brand/retail,29,58276,0.3,16.3,11.4
notperfectlinen.com,brand/retail,97,56267,0.29,22.2,28.9
dreamcloudsleep.com,brand/retail,40,56255,0.29,27.0,3.6
pureparima.com,brand/retail,66,54762,0.28,21.5,19.0
coopsleepgoods.com,brand/retail,146,53561,0.28,19.5,40.9
magiclinen.com,brand/retail,284,51452,0.27,20.6,70.6
thespruce.com,publisher,494,50363,0.26,21.2,96.4
parachutehome.com,brand/retail,207,47974,0.25,22.5,44.6
purple.com,brand/retail,101,45013,0.23,21.1,20.4
accuquilt.com,brand/retail,29,44619,0.23,12.1,12.5
casper.com,brand/retail,179,44572,0.23,21.3,33.7
sleepopolis.com,publisher,290,44464,0.23,15.7,64.1
westelm.com,brand/retail,675,44433,0.23,20.9,84.6
coyuchi.com,brand/retail,202,44287,0.23,22.2,38.8
fortune.com,publisher,2,44129,0.23,13.0,0.3
tableclothsfactory.com,brand/retail,26,43298,0.22,6.2,16.3
balooliving.com,brand/retail,16,43010,0.22,13.9,6.1
doraihome.com,brand/retail,21,42830,0.22,4.5,17.0
cubavera.com,brand/retail,90,42761,0.22,12.4,46.8
www2.hm.com,brand/retail,451,42505,0.22,17.8,95.8
egyptianlinens.com,brand/retail,138,42468,0.22,18.8,37.1
ugg.com,brand/retail,31,40910,0.21,9.3,19.6
luxome.com,brand/retail,74,40410,0.21,18.0,22.2
simplyorganicbamboo.com,brand/retail,40,40115,0.21,14.5,13.6
3hlinen.com,brand/retail,94,39176,0.2,25.6,20.1
boppy.com,brand/retail,40,38761,0.2,9.5,24.8
hobbylobby.com,brand/retail,180,38670,0.2,21.8,28.7
lushdecor.com,brand/retail,161,37396,0.19,23.2,26.1
quiettownhome.com,brand/retail,25,36880,0.19,20.7,8.5
michaels.com,brand/retail,220,36117,0.19,29.7,18.9
redlandcotton.com,brand/retail,110,35982,0.19,17.3,31.6
shop.moen.com,brand/retail,19,34997,0.18,8.2,10.6
eileenwest.com,brand/retail,18,34940,0.18,18.9,7.0
quince.com,brand/retail,320,34822,0.18,24.4,31.0
barefootdreams.com,brand/retail,96,34778,0.18,12.8,36.3
avocadogreenmattress.com,brand/retail,89,34749,0.18,17.4,28.4
missouriquiltco.com,brand/retail,103,34637,0.18,17.8,17.2
cozyearth.com,brand/retail,215,34566,0.18,23.4,38.5
anthropologie.com,brand/retail,567,34366,0.18,25.1,57.3
pbteen.com,brand/retail,246,33744,0.17,12.9,79.5
daisyfarmcrafts.com,brand/retail,36,33533,0.17,9.8,18.8
athome.com,brand/retail,463,33122,0.17,19.4,72.9
chappywrap.com,brand/retail,1,32562,0.17,2.0,0.9
linentablecloth.com,brand/retail,17,31882,0.17,8.9,9.5
mulberryparksilks.com,brand/retail,60,31620,0.16,9.2,30.5
shop.americantextile.com,brand/retail,20,31445,0.16,12.1,13.7
pacourts.us,brand/retail,3,31118,0.16,4.7,2.0
barehome.com,brand/retail,107,31087,0.16,21.2,26.7
thepillowbar.com,brand/retail,11,30273,0.16,25.0,3.5
ettitude.com,brand/retail,45,30238,0.16,13.2,18.8
cnn.com,publisher,160,30056,0.16,20.4,27.0
pinkblushmaternity.com,brand/retail,10,29175,0.15,14.7,4.7
linenfoxclothes.com,brand/retail,94,29011,0.15,15.2,34.8
superiorbrand.com,brand/retail,165,28642,0.15,25.5,22.8
earthing.com,brand/retail,8,28485,0.15,1.0,8.0
quickzip.com,brand/retail,50,28323,0.15,16.1,17.3
yarnspirations.com,brand/retail,47,28100,0.15,10.7,22.5
charlestyrwhitt.com,brand/retail,61,27867,0.14,13.8,16.2
geometry.house,brand/retail,8,27697,0.14,5.4,5.1
crateandbarrel.com,brand/retail,641,27067,0.14,20.9,59.8
sijohome.com,brand/retail,57,26833,0.14,20.6,16.4
everlastingfabric.com,brand/retail,124,26691,0.14,15.3,39.1
needletravel.com,brand/retail,10,26113,0.14,17.9,2.1
meshki.us,brand/retail,67,25936,0.13,20.2,21.8
instructables.com,brand/retail,66,25724,0.13,15.8,25.9
daisycottagedesigns.net,brand/retail,37,25707,0.13,9.5,16.0
bountytowels.com,brand/retail,6,25357,0.13,12.0,3.2
underthecanopy.com,brand/retail,111,25276,0.13,21.7,32.4
royalegyptianbedding.com,brand/retail,50,24616,0.13,20.8,15.7
gravityblankets.com,brand/retail,18,24546,0.13,8.1,10.6
bigblanket.com,brand/retail,59,24076,0.12,15.2,24.4
pendleton-usa.com,brand/retail,83,24015,0.12,21.2,17.2
k5learning.com,brand/retail,10,23917,0.12,4.9,7.0
wildbird.co,brand/retail,8,23739,0.12,14.5,3.7
pillowpets.com,brand/retail,6,23712,0.12,14.0,4.3
wovennook.com,brand/retail,54,22931,0.12,19.2,18.1
shop.jazwares.com,brand/retail,4,22800,0.12,17.2,2.3
seams-sew-right.com,brand/retail,1,22496,0.12,1.0,1.0
llbean.com,brand/retail,349,21728,0.11,23.4,36.9
potterybarnkids.com,brand/retail,196,21679,0.11,13.0,55.8
faribaultmill.com,brand/retail,32,21648,0.11,5.3,22.8
levtexhome.com,brand/retail,98,21493,0.11,17.5,29.9
premiertablelinens.com,brand/retail,30,21260,0.11,5.3,18.9
miraclebrand.co,brand/retail,46,20902,0.11,35.1,4.2
thereformation.com,brand/retail,83,20832,0.11,13.8,31.8
hawkinsnewyork.com,brand/retail,30,20755,0.11,18.3,6.5
goodhousekeeping.com,publisher,364,20583,0.11,27.2,33.1
linenhandmadestudio.com,brand/retail,107,20391,0.11,16.9,46.0
aquateak.com,brand/retail,9,19960,0.1,12.3,6.0
sheex.com,brand/retail,27,19861,0.1,13.9,13.2
landsend.com,brand/retail,687,19837,0.1,22.2,58.6
saranoni.com,brand/retail,25,19598,0.1,5.2,17.1
us.theoodie.com,brand/retail,28,19431,0.1,4.7,19.7
weezietowels.com,brand/retail,57,19374,0.1,22.7,15.2
dillards.com,brand/retail,744,19297,0.1,28.4,25.4
quiltmuseum.org,brand/retail,8,19289,0.1,5.6,5.8
trustpilot.com,brand/retail,54,19281,0.1,9.7,20.2
mellowsleep.com,brand/retail,13,19188,0.1,11.7,7.3
downandfeathercompany.com,brand/retail,44,19072,0.1,24.3,9.2
shopflax.com,brand/retail,87,19038,0.1,16.3,33.8
ncoa.org,brand/retail,50,18997,0.1,16.5,15.8
mainequilts.org,brand/retail,2,18821,0.1,6.5,1.0
relaxtheback.com,brand/retail,121,18812,0.1,19.0,28.0
jqueen-ny.com,brand/retail,58,18364,0.1,18.5,18.0
craneandcanopy.com,brand/retail,167,18277,0.09,22.9,36.3
kimandono.com,brand/retail,31,18174,0.09,11.3,19.8
allpeoplequilt.com,brand/retail,63,18139,0.09,17.0,14.1
nordstromrack.com,brand/retail,440,17797,0.09,22.7,42.9
solutionbased.com,brand/retail,13,17377,0.09,14.9,4.2
bollandbranch.com,brand/retail,52,17155,0.09,20.6,15.2
thegoodtrade.com,brand/retail,106,17027,0.09,14.3,33.6
merriam-webster.com,brand/retail,29,16968,0.09,16.1,9.2
consumerreports.org,brand/retail,142,16955,0.09,18.4,27.0
thecushionlab.com,brand/retail,93,16015,0.08,18.9,25.6
littleunicorn.com,brand/retail,13,16006,0.08,14.2,6.0
juicycouture.com,brand/retail,20,15921,0.08,10.9,9.7
linenme.com,brand/retail,74,15796,0.08,28.4,17.7
thehouseofnoa.com,brand/retail,94,15789,0.08,20.1,31.1
victoriassecret.com,brand/retail,111,15770,0.08,12.3,56.1
tempurpillows.com,brand/retail,26,15714,0.08,12.1,14.0
byourbed.com,brand/retail,69,15697,0.08,18.4,15.3
ellesilk.com,brand/retail,62,15523,0.08,27.3,12.7
nestig.com,brand/retail,14,15268,0.08,16.3,3.8
urbanoutfitters.com,brand/retail,356,15250,0.08,30.0,19.1
bumpsuit.com,brand/retail,3,15167,0.08,5.7,1.9
nymag.com,publisher,342,15161,0.08,25.5,30.0
shabbyfabrics.com,brand/retail,61,15127,0.08,25.2,8.0
cozyquilt.com,brand/retail,2,15123,0.08,3.0,1.6
mattressfirm.com,brand/retail,312,14992,0.08,25.5,20.5
frontgate.com,brand/retail,127,14775,0.08,24.0,16.3
twopagescurtains.com,brand/retail,21,14696,0.08,13.9,9.9
express.com,brand/retail,77,14627,0.08,26.4,11.5
signaturehardware.com,brand/retail,30,14625,0.08,12.7,8.6
garnethill.com,brand/retail,280,14539,0.08,24.1,33.6
twinxl.com,brand/retail,91,14400,0.07,21.3,22.1
sferra.com,brand/retail,94,14094,0.07,19.9,23.8
loandbeholdstitchery.com,brand/retail,34,14058,0.07,10.7,14.6
photos3.walmart.com,brand/retail,12,14043,0.07,11.1,7.0
ronatheribbiter.com,brand/retail,5,14002,0.07,11.0,1.4
fabricdepot.com,brand/retail,22,13977,0.07,22.9,3.3
sleepnumber.com,brand/retail,115,13793,0.07,20.3,19.8
ecosa.com,brand/retail,7,13725,0.07,12.1,3.2
society6.com,brand/retail,95,13524,0.07,21.0,29.1
ruggable.com,brand/retail,153,13314,0.07,19.4,36.8
mamainastitch.com,brand/retail,54,13273,0.07,13.3,18.6
thebathoutlet.com,brand/retail,19,13225,0.07,10.9,9.2
birchlane.com,brand/retail,219,13222,0.07,21.0,29.9
tech.yahoo.com,brand/retail,1,13216,0.07,13.0,0.1
rumpl.com,brand/retail,17,13202,0.07,13.3,9.0
luluandgeorgia.com,brand/retail,89,13189,0.07,21.8,26.7
walgreens.com,brand/retail,96,13187,0.07,18.0,15.5
selfieleslie.com,brand/retail,32,13135,0.07,19.8,7.4
luxurysparobes.com,brand/retail,82,13031,0.07,20.5,23.9
worldmarket.com,brand/retail,165,12992,0.07,18.0,28.4
californiadesignden.com,brand/retail,94,12958,0.07,23.7,10.2
dormco.com,brand/retail,49,12899,0.07,16.8,14.3
blueq.com,brand/retail,4,12891,0.07,1.5,3.8
featheredfriends.com,brand/retail,7,12785,0.07,8.0,4.3
shop.marriott.com,brand/retail,61,12778,0.07,19.4,18.2
jordanfabrics.com,brand/retail,39,12685,0.07,21.2,7.6
portandbay.com,brand/retail,9,12604,0.07,16.4,3.8
sondeflor.com,brand/retail,73,12601,0.07,18.3,16.9
techtarget.com,brand/retail,1,12544,0.06,14.0,0.1
thequiltplace.com,brand/retail,6,12409,0.06,7.3,2.6
trtltravel.com,brand/retail,20,12363,0.06,8.8,11.1
laweekly.com,brand/retail,3,12316,0.06,3.0,2.4
weddinglinensdirect.com,brand/retail,14,12203,0.06,9.8,7.6
quiltyloveshop.com,brand/retail,16,12051,0.06,22.6,4.9
memorystitch.com,brand/retail,7,11981,0.06,2.9,5.7
dickssportinggoods.com,brand/retail,51,11965,0.06,23.9,7.3
cb2.com,brand/retail,266,11962,0.06,24.0,26.5
medcline.com,brand/retail,38,11858,0.06,15.7,14.7
myfavoritequiltstore.com,brand/retail,19,11623,0.06,17.9,4.8
seriouseats.com,brand/retail,33,11597,0.06,11.0,15.8
prairiepoint.com,brand/retail,4,11581,0.06,24.0,1.8
sewcanshe.com,brand/retail,78,11534,0.06,17.8,15.0
anniesattic.com,brand/retail,38,11508,0.06,21.4,6.0
sininlinen.com,brand/retail,81,11485,0.06,22.8,22.9
queenrose.com,brand/retail,6,11471,0.06,3.3,4.6
packhacker.com,brand/retail,23,11404,0.06,5.5,15.1
suzyquilts.com,brand/retail,58,11351,0.06,16.4,13.7
southshorefinelinens.com,brand/retail,100,11317,0.06,25.8,15.7
rugs.com,brand/retail,23,11294,0.06,7.3,14.2
menique.com,brand/retail,89,11137,0.06,21.4,19.0
stitchberryblog.com,brand/retail,9,10973,0.06,8.6,4.5
imaginethatnmore.com,brand/retail,3,10928,0.06,33.7,0.8
earthbreeze.com,brand/retail,3,10914,0.06,1.0,3.0
lauralhome.com,brand/retail,15,10819,0.06,16.8,6.4
health.com,brand/retail,50,10817,0.06,21.6,9.6
comainducer.com,brand/retail,43,10809,0.06,11.6,22.0
peachskinsheets.com,brand/retail,45,10747,0.06,19.8,13.3
cuddledown.com,brand/retail,100,10725,0.06,22.2,17.2
aprilcornell.com,brand/retail,6,10715,0.06,4.7,3.9
blockshoptextiles.com,brand/retail,2,10707,0.06,7.0,0.9
nomadix.co,brand/retail,7,10630,0.06,9.1,4.2
natlallergy.com,brand/retail,7,10547,0.05,4.3,4.8
sleepadvisor.org,brand/retail,104,10539,0.05,25.9,12.0
magnushomeproducts.com,brand/retail,20,10456,0.05,21.2,3.1
spanishdict.com,brand/retail,3,10438,0.05,1.7,2.8
cosyhousecollection.com,brand/retail,35,10424,0.05,12.7,12.5
bananarepublic.gap.com,brand/retail,172,10327,0.05,16.1,43.1
missjessies.com,brand/retail,3,10306,0.05,1.0,3.0
comfrt.com,brand/retail,7,10304,0.05,15.3,4.0
lovecrafts.com,brand/retail,61,10262,0.05,22.5,10.8
vacilandostudios.com,brand/retail,1,10062,0.05,1.0,1.0
quartersheetspizza.com,brand/retail,1,10062,0.05,1.0,1.0
hgtv.com,brand/retail,102,10011,0.05,36.2,4.8
roughlinen.com,brand/retail,94,9836,0.05,26.6,16.7
projectrepat.com,brand/retail,4,9820,0.05,2.0,3.6
getnuzzle.com,brand/retail,1,9801,0.05,2.0,0.9
pepper-home.com,brand/retail,12,9673,0.05,13.3,4.7
thequiltshow.com,brand/retail,26,9633,0.05,12.1,8.8
getapp.com,brand/retail,1,9632,0.05,16.0,0.1
sleepsutera.com,brand/retail,14,9601,0.05,9.9,5.6
hiendaccents.com,brand/retail,67,9573,0.05,18.4,21.9
pillowcube.com,brand/retail,43,9546,0.05,21.7,7.8
husbandpillow.com,brand/retail,93,9518,0.05,23.4,17.8
shop.tiktok.com,brand/retail,123,9506,0.05,11.2,36.6
thecomfy.com,brand/retail,13,9498,0.05,4.2,9.1
frette.com,brand/retail,76,9491,0.05,18.8,16.8
samsclub.com,brand/retail,123,9479,0.05,20.9,15.1
officedepot.com,brand/retail,72,9359,0.05,21.8,9.2
us.gethommey.com,brand/retail,18,9338,0.05,23.6,4.1
coreproducts.com,brand/retail,86,9315,0.05,23.6,14.2
shop.berninausa.com,brand/retail,3,9294,0.05,1.7,2.8
annsilvers.com,brand/retail,5,9276,0.05,11.8,2.4
nestbedding.com,brand/retail,50,9243,0.05,24.3,9.6
karleys.com,brand/retail,6,9242,0.05,1.0,6.0
hermes.com,brand/retail,6,9199,0.05,20.8,3.0
hawesandcurtis.com,brand/retail,59,9135,0.05,16.4,22.4
minkydesigns.com,brand/retail,7,9111,0.05,13.3,2.4
batesmillstore.com,brand/retail,22,9105,0.05,11.1,12.2
scissortailquilting.com,brand/retail,21,9070,0.05,10.7,9.7
americanblossomlinens.com,brand/retail,60,9061,0.05,27.3,5.7
hacknerhome.com,brand/retail,27,8963,0.05,16.8,10.5
rest.com,brand/retail,31,8934,0.05,20.9,10.4
brentwoodhome.com,brand/retail,16,8892,0.05,11.6,7.2
delarahome.com,brand/retail,66,8827,0.05,22.8,8.4
next.us,brand/retail,187,8759,0.05,26.2,15.4
rejuvenation.com,brand/retail,57,8733,0.05,18.6,16.3
bbjlatavola.com,brand/retail,10,8662,0.04,2.6,8.4
menards.com,brand/retail,124,8658,0.04,27.3,10.6
jozmakesquilts.com,brand/retail,14,8655,0.04,2.8,11.5
word.cloud.microsoft,brand/retail,3,8556,0.04,1.3,2.9
saffronmarigold.com,brand/retail,35,8528,0.04,18.2,12.1
untuckit.com,brand/retail,48,8486,0.04,16.6,15.7
freedomshowers.com,brand/retail,22,8457,0.04,14.2,9.8
contourliving.com,brand/retail,26,8455,0.04,15.2,9.7
vermontcountrystore.com,brand/retail,98,8421,0.04,19.9,18.9
allure.com,brand/retail,40,8414,0.04,12.9,20.6
puredown.com,brand/retail,31,8403,0.04,21.1,8.1
superteacherworksheets.com,brand/retail,10,8378,0.04,15.3,2.9
michaelsphotogifts.com,brand/retail,10,8343,0.04,14.5,2.4
quiltinaday.com,brand/retail,13,8292,0.04,19.1,3.8
theragcompany.com,brand/retail,2,8162,0.04,2.0,1.8
americanblanketcompany.com,brand/retail,92,8145,0.04,19.2,14.5
helixsleep.com,brand/retail,29,8141,0.04,17.9,9.8
nosleeplessnights.com,brand/retail,26,8137,0.04,9.6,8.8
teacherspayteachers.com,brand/retail,25,8121,0.04,11.6,10.2
teakworks4u.com,brand/retail,13,8121,0.04,8.5,8.2
rugsusa.com,brand/retail,46,8118,0.04,24.1,12.7
crochet365knittoo.com,brand/retail,19,8085,0.04,16.6,5.4
poshmark.com,brand/retail,463,8051,0.04,29.5,20.7
kanudausa.com,brand/retail,41,7958,0.04,22.4,8.2
paducah.travel,brand/retail,6,7922,0.04,7.5,3.7
wired.com,publisher,94,7917,0.04,34.8,7.9
blissy.com,brand/retail,54,7862,0.04,19.3,11.8
stringandstory.com,brand/retail,14,7848,0.04,6.7,9.1
quiltwoman.com,brand/retail,23,7837,0.04,16.2,7.5
lulus.com,brand/retail,118,7830,0.04,30.0,12.5
quiltbatting.com,brand/retail,4,7798,0.04,1.2,3.9
usa.yvesdelorme.com,brand/retail,43,7748,0.04,14.2,14.1
canva.com,brand/retail,21,7743,0.04,10.2,10.6
dissh.com,brand/retail,79,7729,0.04,21.7,16.8
altardstate.com,brand/retail,48,7725,0.04,15.7,11.3
qcnys.org,brand/retail,3,7711,0.04,53.3,0.7
pillowdecor.com,brand/retail,57,7689,0.04,24.2,13.9
brawny.com,brand/retail,5,7632,0.04,3.4,3.8
fabricwholesaledirect.com,brand/retail,28,7562,0.04,17.1,8.9
sewing.net,brand/retail,2,7480,0.04,43.0,0.7
cvlinens.com,brand/retail,25,7413,0.04,7.9,10.9
dictionary.cambridge.org,brand/retail,14,7401,0.04,6.9,9.2
cnet.com,publisher,141,7394,0.04,27.5,12.4
slow-roads.com,brand/retail,2,7357,0.04,1.0,2.0
benfranklinonline.com,brand/retail,2,7349,0.04,2.5,1.7
barnquiltheadquarters.com,brand/retail,3,7322,0.04,1.3,2.9
petalandpup.com,brand/retail,79,7308,0.04,17.9,17.8
jossandmain.com,brand/retail,306,7270,0.04,26.0,13.7
abercrombie.com,brand/retail,84,7267,0.04,16.7,19.4
cottonweeds.square.site,brand/retail,1,7249,0.04,4.0,0.7
sleepdoctor.com,brand/retail,129,7140,0.04,27.4,10.3
gorillagrip.com,brand/retail,58,7130,0.04,13.5,24.3
legendarywhitetails.com,brand/retail,6,7092,0.04,8.0,3.8
hsn.com,brand/retail,119,7038,0.04,35.0,0.3
holylamborganics.com,brand/retail,27,7007,0.04,12.9,10.2
architecturaldigest.com,publisher,180,6991,0.04,22.4,19.9
jackmansfabrics.com,brand/retail,7,6981,0.04,20.7,1.4
zara.com,brand/retail,136,6971,0.04,19.6,23.8
moores-sew.com,brand/retail,3,6946,0.04,7.0,2.0
overstocksheetclub.com,brand/retail,11,6923,0.04,4.3,7.6
nordicware.com,brand/retail,6,6886,0.04,7.5,3.5
businessinsider.com,publisher,144,6871,0.04,27.9,12.5
anyutacouture.com,brand/retail,4,6849,0.04,4.0,2.8
matouk.com,brand/retail,42,6847,0.04,22.8,11.1
slip.com,brand/retail,21,6836,0.04,12.6,9.8
retrobarn.com,brand/retail,15,6790,0.04,11.9,5.8
freshlypieced.com,brand/retail,8,6773,0.04,8.5,4.6
fishersfinery.com,brand/retail,44,6755,0.03,23.6,16.8
perigold.com,brand/retail,309,6719,0.03,24.5,18.9
uniqlo.com,brand/retail,76,6700,0.03,14.8,22.8
laundrybasketquilts.com,brand/retail,6,6610,0.03,12.3,3.1
buffy.co,brand/retail,12,6593,0.03,7.7,7.7
tableclothfactory.com,brand/retail,3,6586,0.03,27.0,0.9
mybrestfriend.com,brand/retail,15,6581,0.03,3.7,11.7
showmeyourmumu.com,brand/retail,39,6574,0.03,19.0,10.7
shopcaterpillar.com,brand/retail,1,6561,0.03,2.0,0.9
mypillow.com,brand/retail,25,6528,0.03,35.2,0.7
serenaandlily.com,brand/retail,117,6500,0.03,24.5,12.1
seatosummit.com,brand/retail,13,6486,0.03,8.7,6.2
viscosoft.com,brand/retail,42,6460,0.03,20.5,6.6
premieryarns.com,brand/retail,12,6438,0.03,10.8,6.1
stonemountainfabric.com,brand/retail,29,6390,0.03,23.0,8.1
printerpix.com,brand/retail,8,6370,0.03,20.5,2.4
ostrichpillow.com,brand/retail,13,6349,0.03,9.3,6.7
robemart.com,brand/retail,107,6349,0.03,23.9,27.6
jjill.com,brand/retail,20,6338,0.03,16.2,6.7
eliandelm.com,brand/retail,66,6329,0.03,27.7,7.5
slowtide.co,brand/retail,14,6322,0.03,10.4,6.3
solinohome.com,brand/retail,10,6205,0.03,17.2,3.1
western-linens.com,brand/retail,8,6153,0.03,13.1,3.1
shoplerose.com,brand/retail,26,6075,0.03,14.4,11.8
kashwere.com,brand/retail,16,6060,0.03,27.0,2.7
sheetsgiggles.com,brand/retail,1,6048,0.03,19.0,0.1
annieselke.com,brand/retail,84,6025,0.03,20.3,16.5
dreamfit.com,brand/retail,35,6018,0.03,21.8,8.2
hartlandquiltshop.square.site,brand/retail,4,5995,0.03,20.8,0.7
reelpaper.com,brand/retail,8,5989,0.03,8.4,3.9
webmd.com,publisher,50,5935,0.03,18.2,5.6
gap.com,brand/retail,88,5933,0.03,17.7,22.2
badesofa.com,brand/retail,3,5898,0.03,1.0,3.0
contoursbaby.com,brand/retail,2,5896,0.03,7.0,0.9
quilterscandy.com,brand/retail,11,5881,0.03,9.1,6.1
qovf.org,brand/retail,3,5836,0.03,8.0,1.4
sweetjojodesigns.com,brand/retail,21,5800,0.03,20.6,4.7
thequiltkitco.com,brand/retail,13,5799,0.03,20.6,4.2
caregiverproducts.com,brand/retail,16,5791,0.03,11.2,6.7
anntaylor.com,brand/retail,127,5789,0.03,26.0,18.2
hamvay-lang.com,brand/retail,11,5768,0.03,11.8,6.2
doityourself.com,brand/retail,12,5766,0.03,33.8,1.4
babylock.com,brand/retail,7,5762,0.03,12.0,2.3
brownhealth.org,brand/retail,3,5719,0.03,7.0,1.4
nestl.com,brand/retail,14,5674,0.03,14.1,2.8
global.llbean.com,brand/retail,7,5674,0.03,2.4,6.0
apartmenttherapy.com,publisher,230,5657,0.03,29.7,15.8
jlifeinternational.com,brand/retail,4,5637,0.03,12.0,1.7
southernliving.com,brand/retail,116,5622,0.03,32.0,9.1
rei.com,brand/retail,54,5587,0.03,23.5,9.0
worksheetworks.com,brand/retail,8,5573,0.03,4.4,6.0
cabeau.com,brand/retail,10,5572,0.03,9.9,3.4
eucalypsohome.com,brand/retail,4,5570,0.03,9.0,2.5
bassettfurniture.com,brand/retail,12,5557,0.03,8.5,7.6
kennyflowers.com,brand/retail,32,5553,0.03,13.0,15.8
astrthelabel.com,brand/retail,32,5547,0.03,16.7,9.6
ynmhome.com,brand/retail,25,5534,0.03,16.4,10.8
linennaive.com,brand/retail,33,5522,0.03,17.2,10.1
shop.fourseasons.com,brand/retail,32,5514,0.03,15.3,13.7
cheatography.com,brand/retail,1,5502,0.03,1.0,1.0
infinitypillow.co,brand/retail,1,5502,0.03,1.0,1.0
jacobspillow.org,brand/retail,1,5502,0.03,1.0,1.0
momcozy.com,brand/retail,26,5493,0.03,12.0,7.7
faithfullthebrand.com,brand/retail,13,5459,0.03,16.8,4.9
yayaandco.com,brand/retail,28,5449,0.03,28.2,3.2
itssewemma.com,brand/retail,21,5447,0.03,19.4,5.0
gerberchildrenswear.com,brand/retail,3,5433,0.03,1.7,2.8
shoplittledesignco.com,brand/retail,4,5425,0.03,2.2,3.5
cleanskinclub.com,brand/retail,2,5407,0.03,1.5,1.9
pillows.com,brand/retail,93,5403,0.03,30.2,8.5
ratfactor.com,brand/retail,2,5402,0.03,3.5,1.5
collinsdictionary.com,brand/retail,17,5401,0.03,18.9,3.8
bettymcknit.com,brand/retail,11,5377,0.03,5.8,7.2
diaryofaquilter.com,brand/retail,41,5362,0.03,18.4,8.8
jessmeany.com,brand/retail,1,5362,0.03,2.0,0.9
cvs.com,brand/retail,72,5285,0.03,22.8,11.1
bearaby.com,brand/retail,48,5261,0.03,22.2,7.7
nebraskaquiltcompany.com,brand/retail,12,5237,0.03,19.1,2.0
asos.com,brand/retail,132,5201,0.03,21.3,10.4
natori.com,brand/retail,44,5158,0.03,15.8,13.8
madeinoregon.com,brand/retail,5,5153,0.03,11.4,2.0
lexnetcg.com,brand/retail,1,5152,0.03,21.0,0.0
frommers.com,brand/retail,16,5130,0.03,5.9,8.2
allmodern.com,brand/retail,261,5123,0.03,28.0,9.9
mycursive.com,brand/retail,3,5123,0.03,3.7,2.2
stitchedincolor.com,brand/retail,8,5116,0.03,3.4,6.1
carex.com,brand/retail,58,5111,0.03,18.1,12.8
silksilky.com,brand/retail,52,5107,0.03,22.6,10.4
boutiquerugs.com,brand/retail,53,5107,0.03,26.9,5.0
anne-de-solene.com,brand/retail,43,5060,0.03,17.9,7.1
gomuskox.com,brand/retail,6,5052,0.03,14.8,3.3
usapan.com,brand/retail,5,5049,0.03,9.0,2.6
organicbeautylover.com,brand/retail,9,5027,0.03,5.6,4.9
microfiberwholesale.com,brand/retail,3,5018,0.03,4.3,2.0
vintageandvogue.com,brand/retail,15,5014,0.03,16.7,3.6
bhg.com,publisher,175,5011,0.03,37.3,3.9
quiltingdaily.com,brand/retail,35,5008,0.03,18.5,8.6
the-citizenry.com,brand/retail,60,5003,0.03,17.0,16.8
spoonflower.com,brand/retail,47,4992,0.03,22.3,5.8
canvaschamp.com,brand/retail,15,4959,0.03,10.2,6.8
naturepedic.com,brand/retail,73,4908,0.03,14.8,18.2
accessibilitymedical.org,brand/retail,14,4886,0.03,20.5,2.0
fabrics-store.com,brand/retail,8,4849,0.03,12.1,4.9
amanawoolenmill.com,brand/retail,6,4825,0.03,8.2,3.3
picnictime.com,brand/retail,3,4822,0.02,14.3,0.9
marleysmonsters.com,brand/retail,7,4821,0.02,17.6,2.5
all-clad.com,brand/retail,3,4819,0.02,5.0,1.9
earthingharmony.com,brand/retail,8,4812,0.02,6.1,4.3
halfpricedrapes.com,brand/retail,9,4797,0.02,5.3,5.5
loveshackfancy.com,brand/retail,28,4769,0.02,32.1,4.3
pastryshopquilts.com,brand/retail,7,4761,0.02,4.7,4.4
allcottonandlinen.com,brand/retail,88,4752,0.02,37.7,5.5
backsidefabrics.com,brand/retail,3,4742,0.02,1.0,3.0
mondaymandala.com,brand/retail,6,4720,0.02,8.8,4.9
imdb.com,brand/retail,8,4709,0.02,4.4,5.6
tjmaxx.tjx.com,brand/retail,99,4705,0.02,22.1,18.4
pregnancypillow.com,brand/retail,6,4704,0.02,22.0,0.7
yourfleece.com,brand/retail,14,4633,0.02,25.1,4.8
stitchesnsuch.com,brand/retail,9,4630,0.02,28.9,2.3
cozybliss.com,brand/retail,37,4628,0.02,16.9,8.6
vivatowels.com,brand/retail,3,4628,0.02,4.0,2.1
anjimountain.com,brand/retail,5,4617,0.02,2.0,4.5
wearpact.com,brand/retail,65,4608,0.02,25.5,9.9
wholesalebeddings.com,brand/retail,132,4607,0.02,28.9,10.8
sparkletowels.com,brand/retail,2,4565,0.02,3.0,1.6
ingles.com,brand/retail,3,4561,0.02,31.3,1.0
cfaortho.com,brand/retail,9,4552,0.02,9.1,3.9
us.peppermayo.com,brand/retail,55,4527,0.02,15.9,15.3
quilterscache.com,brand/retail,18,4518,0.02,20.7,4.4
sleeponlatex.com,brand/retail,7,4517,0.02,9.1,4.3
in2green.com,brand/retail,23,4501,0.02,10.6,8.8
higherdose.com,brand/retail,1,4499,0.02,1.0,1.0
amishstoreiowa.com,brand/retail,1,4499,0.02,1.0,1.0
turkishtowelcompany.com,brand/retail,1,4499,0.02,1.0,1.0
comfycomfy.com,brand/retail,5,4497,0.02,5.4,3.5
suryascursive.com,brand/retail,2,4482,0.02,4.0,1.4
quahogbaybedding.com,brand/retail,46,4472,0.02,25.4,7.0
verabradley.com,brand/retail,22,4472,0.02,12.4,9.8
uline.com,brand/retail,40,4457,0.02,15.9,8.5
mungo.us,brand/retail,4,4452,0.02,9.5,1.8
roomstogo.com,brand/retail,89,4435,0.02,27.1,3.1
jcrew.com,brand/retail,201,4428,0.02,21.4,20.7
illinicountrystitchers.com,brand/retail,3,4422,0.02,34.3,0.6
burtsbeesbaby.com,brand/retail,9,4419,0.02,9.4,4.8
americansoftlinen.com,brand/retail,75,4413,0.02,30.3,8.2
shopping.yahoo.com,brand/retail,93,4394,0.02,35.6,7.2
bouncefresh.com,brand/retail,6,4392,0.02,4.8,4.3
connect.mayoclinic.org,brand/retail,49,4388,0.02,18.1,4.6
bestbuy.com,brand/retail,176,4373,0.02,34.9,2.9
alashancashmere.com,brand/retail,3,4361,0.02,1.3,2.9
urquidlinen.com,brand/retail,11,4350,0.02,6.5,5.3
thequiltstore.com,brand/retail,7,4347,0.02,16.3,1.1
acoveredaffair.com,brand/retail,6,4332,0.02,2.2,5.3
lazyone.com,brand/retail,13,4323,0.02,8.5,5.8
wamsutta.com,brand/retail,17,4317,0.02,22.2,4.3
familydollar.com,brand/retail,32,4255,0.02,14.1,7.3
health.harvard.edu,brand/retail,7,4242,0.02,21.4,1.1
pypi.org,brand/retail,1,4224,0.02,7.0,0.4
internationalquiltmuseum.org,brand/retail,3,4210,0.02,2.7,2.5
travelandleisure.com,brand/retail,81,4208,0.02,22.5,13.0
livingspaces.com,brand/retail,204,4203,0.02,28.6,5.4
plushnecessities.com,brand/retail,55,4202,0.02,26.2,10.5
efavormart.com,brand/retail,15,4190,0.02,11.9,4.5
moderndane.com,brand/retail,31,4189,0.02,18.0,9.0
littlesandysquiltshop.com,brand/retail,3,4180,0.02,34.7,0.5
vintagetub.com,brand/retail,7,4172,0.02,13.6,3.0
leeleeknits.com,brand/retail,26,4170,0.02,12.8,6.1
skims.com,brand/retail,12,4164,0.02,14.2,5.1
daisysilk.com,brand/retail,16,4125,0.02,19.0,2.4
ellajayne.com,brand/retail,9,4124,0.02,12.8,4.1
bananarepublicfactory.gapfactory.com,brand/retail,126,4120,0.02,26.7,17.4
us.princesspolly.com,brand/retail,97,4106,0.02,27.9,7.9
berkshirehomeco.com,brand/retail,34,4101,0.02,28.8,3.0
loomdecor.com,brand/retail,21,4082,0.02,16.5,4.2
myt-shirtblanket.com,brand/retail,3,4057,0.02,2.7,2.5
gingerlily.com,brand/retail,12,4046,0.02,6.8,7.2
stitchinheaven.com,brand/retail,24,4026,0.02,20.0,2.9
sewsweetminkydesigns.com,brand/retail,4,4019,0.02,10.2,1.0
sertasimmons.com,brand/retail,2,4013,0.02,1.0,2.0
snugglemeorganic.com,brand/retail,11,3952,0.02,25.1,2.7
images.creativetemplate.net,brand/retail,2,3947,0.02,2.5,1.7
120percento.com,brand/retail,47,3939,0.02,30.0,2.9
adriannapapell.com,brand/retail,33,3936,0.02,15.2,9.6
flandb.com,brand/retail,90,3927,0.02,23.7,12.6
nickishomemadecrafts.com,brand/retail,10,3915,0.02,10.4,6.1
equilter.com,brand/retail,17,3899,0.02,24.2,1.4
greatbayhome.com,brand/retail,45,3899,0.02,26.4,7.0
propercloth.com,brand/retail,43,3891,0.02,22.1,10.1
backsupportsystems.com,brand/retail,44,3876,0.02,27.0,5.9
ashleyfurniture.com,brand/retail,133,3865,0.02,27.2,5.3
bonobos.com,brand/retail,44,3863,0.02,18.7,12.7
kohler.com,brand/retail,19,3808,0.02,8.3,8.8
campusquilt.com,brand/retail,4,3786,0.02,5.5,2.2
farmplasticsupply.com,brand/retail,3,3772,0.02,1.7,2.8
sleepmoonlight.com,brand/retail,4,3763,0.02,3.5,3.0
hullopillow.com,brand/retail,31,3753,0.02,26.9,7.5
menswearhouse.com,brand/retail,74,3752,0.02,25.7,9.8
ralphlauren.com,brand/retail,100,3744,0.02,23.3,14.0
libertyfabric.com,brand/retail,5,3736,0.02,12.8,1.9
personalcreations.com,brand/retail,9,3735,0.02,8.2,5.3
cpapnation.com,brand/retail,3,3729,0.02,11.3,1.4
getfrye.com,brand/retail,3,3729,0.02,41.3,1.0
cleverhiker.com,brand/retail,10,3727,0.02,7.5,6.7
quiltlovershangout.com,brand/retail,1,3718,0.02,6.0,0.5
bedscrunchie.com,brand/retail,7,3717,0.02,2.9,5.7
finance.yahoo.com,brand/retail,9,3709,0.02,18.4,2.0
bonappetit.com,brand/retail,4,3701,0.02,5.0,2.4
designerliving.com,brand/retail,9,3699,0.02,15.8,3.8
nordicteak.com,brand/retail,6,3696,0.02,1.3,5.8
plutopillow.com,brand/retail,3,3686,0.02,18.3,1.1
thebump.com,brand/retail,31,3682,0.02,14.9,5.5
soulsgrowndeep.org,brand/retail,1,3678,0.02,1.0,1.0
toothpillow.com,brand/retail,1,3678,0.02,1.0,1.0
cozysblankets.com,brand/retail,1,3678,0.02,1.0,1.0
pandemoniumhats.com,brand/retail,1,3678,0.02,1.0,1.0
sleepcrown.com,brand/retail,5,3666,0.02,2.0,4.5
thepeanutshell.com,brand/retail,5,3663,0.02,5.4,3.5
surviveoutdoorslonger.com,brand/retail,2,3662,0.02,2.5,1.7
shabbychic.com,brand/retail,2,3648,0.02,1.0,2.0
papermart.com,brand/retail,7,3648,0.02,5.4,4.5
alphatextileco.com,brand/retail,2,3643,0.02,14.5,0.9
dosaze.com,brand/retail,49,3635,0.02,24.0,5.5
werentlinens.com,brand/retail,5,3619,0.02,3.0,4.0
papayareusables.com,brand/retail,7,3607,0.02,3.9,5.0
laminator.com,brand/retail,1,3596,0.02,2.0,0.9
shop.mango.com,brand/retail,35,3587,0.02,25.2,5.9
tampamattress.com,brand/retail,2,3576,0.02,4.5,1.3
cgklinens.com,brand/retail,23,3573,0.02,20.2,4.1
brookstone.com,brand/retail,21,3572,0.02,20.1,2.1
beanproducts.com,brand/retail,25,3560,0.02,20.2,5.2
disneystore.com,brand/retail,36,3552,0.02,7.2,21.5
saksfifthavenue.com,brand/retail,249,3551,0.02,32.5,5.6
lauraashleyusa.com,brand/retail,5,3546,0.02,10.8,2.8
shop-confete.com,brand/retail,21,3539,0.02,35.5,4.0
blog.fatquartershop.com,brand/retail,11,3518,0.02,11.4,3.5
tractorsupply.com,brand/retail,19,3496,0.02,23.6,5.5
cluckclucksewshop.com,brand/retail,9,3496,0.02,15.7,2.0
yahoo.com,brand/retail,150,3488,0.02,42.0,3.2
quilts-n-fabrics.com,brand/retail,1,3471,0.02,5.0,0.6
tasteofhome.com,brand/retail,44,3462,0.02,23.8,7.1
heidicarey.com,brand/retail,38,3436,0.02,29.6,3.2
woolovers.us,brand/retail,10,3435,0.02,11.4,3.2
mapquest.com,brand/retail,43,3428,0.02,19.0,9.2
birdygrey.com,brand/retail,20,3428,0.02,13.7,8.1
manitosilk.com,brand/retail,25,3426,0.02,22.6,3.9
suitsupply.com,brand/retail,63,3421,0.02,16.6,12.6
aeptom.com,brand/retail,9,3419,0.02,9.6,3.1
realsimple.com,publisher,156,3419,0.02,38.5,4.5
thediyplaybook.com,brand/retail,6,3414,0.02,12.2,2.7
foodandwine.com,brand/retail,26,3388,0.02,18.2,5.8
autofiber.com,brand/retail,2,3384,0.02,5.0,1.2
kleenex.com,brand/retail,6,3377,0.02,4.0,4.2
wrightbedding.com,brand/retail,12,3368,0.02,16.8,4.1
marymaxim.com,brand/retail,18,3359,0.02,12.5,5.2
paseoroad.com,brand/retail,12,3354,0.02,8.5,7.2
americanfloormats.com,brand/retail,23,3342,0.02,13.3,8.5
purlsoho.com,brand/retail,10,3320,0.02,17.6,3.0
wikihow.com,brand/retail,59,3318,0.02,29.8,4.7
lionbrand.com,brand/retail,33,3306,0.02,21.3,4.5
zigzagzurich.com,brand/retail,5,3302,0.02,6.8,2.8
rossvillequilts.com,brand/retail,2,3290,0.02,19.5,0.8
bambooisbetter.com,brand/retail,16,3285,0.02,20.4,2.8
delilahhome.com,brand/retail,18,3276,0.02,29.1,3.2
acgmedical.com,brand/retail,17,3266,0.02,20.3,3.8
thesaltymare.com,brand/retail,2,3249,0.02,16.0,0.5
snuggiestore.com,brand/retail,2,3243,0.02,2.0,1.8
yellowdoorquiltstore.com,brand/retail,2,3239,0.02,7.5,0.9
theguardian.com,brand/retail,24,3238,0.02,17.7,4.8
byannie.com,brand/retail,1,3221,0.02,3.0,0.8
ballmasonjars.com,brand/retail,2,3220,0.02,1.5,1.9
williams-sonoma.com,brand/retail,94,3209,0.02,21.4,12.0
thedowncomforterstore.com,brand/retail,31,3199,0.02,18.2,11.1
rugs-direct.com,brand/retail,39,3179,0.02,14.0,11.8
vivehealth.com,brand/retail,92,3165,0.02,18.4,16.8
huddleson.com,brand/retail,11,3163,0.02,12.8,3.8
limitlesspts.com,brand/retail,12,3162,0.02,7.9,7.4
quilthavenonmain.com,brand/retail,5,3156,0.02,20.0,2.7
oliviabottega.com,brand/retail,21,3154,0.02,36.7,2.5
binsons.com,brand/retail,2,3150,0.02,8.0,0.6
theardentthread.com,brand/retail,2,3138,0.02,2.5,1.7
staples.com,brand/retail,67,3132,0.02,21.0,9.1
womenshealthmag.com,brand/retail,84,3129,0.02,36.2,8.7
juliannarae.com,brand/retail,12,3126,0.02,24.0,2.4
cottoncreations.com,brand/retail,11,3125,0.02,23.5,3.6
healthline.com,publisher,83,3099,0.02,31.8,5.4
vermontflannel.com,brand/retail,17,3073,0.02,15.7,6.4
100capri.com,brand/retail,11,3072,0.02,9.1,4.7
filson.com,brand/retail,5,3068,0.02,14.0,2.4
destination-adrift.com,brand/retail,1,3059,0.02,6.0,0.5
keababies.com,brand/retail,5,3048,0.02,3.6,3.7
bloomeriefabrics.com,brand/retail,5,3042,0.02,35.2,0.4
istockphoto.com,brand/retail,17,3042,0.02,13.4,7.2
3sheetsnyc.com,brand/retail,2,3041,0.02,7.0,1.1
woolandcompany.com,brand/retail,4,3034,0.02,6.2,1.9
gettyimages.com,brand/retail,20,3032,0.02,16.8,6.8
kelty.com,brand/retail,1,3015,0.02,9.0,0.2
tatatowels.com,brand/retail,1,3010,0.02,1.0,1.0
cricut.com,brand/retail,4,3007,0.02,1.2,3.9
allaboutfabricsok.com,brand/retail,5,2992,0.02,49.4,0.2
animatedknots.com,brand/retail,2,2979,0.02,1.0,2.0
shutterfly.com,brand/retail,17,2958,0.02,17.2,4.8
luxuryegyptianlinens.com,brand/retail,81,2957,0.02,23.6,8.7
downlitebedding.com,brand/retail,63,2953,0.02,23.1,10.4
getsprints.com,brand/retail,4,2949,0.02,1.0,4.0
marthastewart.com,publisher,79,2947,0.02,37.2,3.0
cheatsheet.com,brand/retail,1,2932,0.02,2.0,0.9
gingiber.com,brand/retail,1,2932,0.02,2.0,0.9
furbishstudio.com,brand/retail,2,2932,0.02,1.5,1.9
housebeautiful.com,publisher,112,2921,0.02,36.6,4.4
yellowpages.com,brand/retail,19,2917,0.02,44.5,0.4
bamboobaysheets.com,brand/retail,11,2915,0.02,17.4,2.2
sleepinnovations.com,brand/retail,37,2904,0.02,22.2,6.1
matchymatchysewingclub.com,brand/retail,3,2901,0.02,3.0,2.4
icancrochetthat.com,brand/retail,7,2862,0.01,14.6,2.5
nuagedesigns.com,brand/retail,9,2858,0.01,7.1,5.3
modernquiltstudio.com,brand/retail,3,2858,0.01,2.7,2.5
homefurn.com,brand/retail,9,2852,0.01,18.7,4.1
us.amazon.com,brand/retail,13,2850,0.01,17.5,4.7
freequiltpatterns.info,brand/retail,4,2836,0.01,15.0,1.1
lilysilk.com,brand/retail,39,2832,0.01,22.0,6.4
quiltfabriccloseouts.com,brand/retail,5,2825,0.01,19.8,0.3
denvermetromodernquiltguild.org,brand/retail,1,2816,0.01,7.0,0.4
patbravo.com,brand/retail,1,2816,0.01,7.0,0.4
saatva.com,brand/retail,66,2810,0.01,26.9,3.7
cozylinehomefashions.com,brand/retail,15,2803,0.01,16.3,3.5
bambaw.com,brand/retail,15,2802,0.01,15.0,2.3
naturallife.com,brand/retail,38,2789,0.01,24.1,9.4
health.clevelandclinic.org,brand/retail,24,2778,0.01,21.9,3.8
purewow.com,brand/retail,32,2776,0.01,32.5,1.7
pinetales.com,brand/retail,16,2774,0.01,16.0,5.0
outdoorgearlab.com,brand/retail,9,2763,0.01,7.4,5.3
faxburner.com,brand/retail,2,2743,0.01,2.5,1.7
sleepgram.com,brand/retail,22,2737,0.01,25.3,3.0
qbedding.com,brand/retail,12,2736,0.01,22.7,3.7
madisonpark2010.com,brand/retail,2,2736,0.01,1.0,2.0
reveriesocial.com,brand/retail,11,2734,0.01,7.4,5.7
silkandsnow.com,brand/retail,43,2730,0.01,27.6,3.9
mercari.com,brand/retail,181,2729,0.01,25.9,9.1
sewtreasuredquiltshop.com,brand/retail,3,2717,0.01,17.0,0.2
brooklynbedding.com,brand/retail,21,2716,0.01,19.7,5.5
henigfurs.com,brand/retail,3,2709,0.01,2.0,2.7
today.com,publisher,87,2700,0.01,34.7,4.9
downetc.com,brand/retail,23,2700,0.01,25.2,3.7
healthcentral.com,brand/retail,15,2699,0.01,9.7,5.6
qvc.com,brand/retail,130,2696,0.01,32.9,2.4
contrado.com,brand/retail,37,2693,0.01,26.5,1.3
splashblanket.us,brand/retail,2,2690,0.01,1.5,1.9
quilterslodge.com,brand/retail,9,2688,0.01,17.4,2.9
gq.com,brand/retail,52,2687,0.01,22.9,8.8
huggalugs.com,brand/retail,2,2675,0.01,1.0,2.0
glamour.com,brand/retail,29,2672,0.01,23.7,3.9
keiandmolly.com,brand/retail,3,2669,0.01,1.0,3.0
floursacktowels.com,brand/retail,10,2667,0.01,19.0,3.4
linenwoman.com,brand/retail,19,2664,0.01,22.9,6.2
froggtoggs.com,brand/retail,2,2661,0.01,3.0,1.6
mission.com,brand/retail,2,2660,0.01,10.0,0.9
maisoncashmere.com,brand/retail,5,2658,0.01,3.6,3.7
bownoflondonusa.com,brand/retail,11,2658,0.01,14.1,4.9
ghostbed.com,brand/retail,35,2648,0.01,26.0,5.7
sonomawoolcompany.com,brand/retail,8,2644,0.01,10.4,4.9
blockpartyquiltco.com,brand/retail,7,2643,0.01,12.7,3.9
nypost.com,brand/retail,42,2632,0.01,44.4,3.3
jototheworld.com,brand/retail,12,2621,0.01,11.1,4.8
plushbeds.com,brand/retail,34,2619,0.01,27.1,1.9
camixa.com,brand/retail,46,2607,0.01,29.2,11.8
harrypottershop.com,brand/retail,7,2604,0.01,2.0,6.3
home-med-equip.com,brand/retail,7,2593,0.01,10.0,4.1
markandgraham.com,brand/retail,29,2591,0.01,21.6,8.1
oursleepguide.com,brand/retail,18,2577,0.01,19.2,4.8
homesandgardens.com,brand/retail,50,2577,0.01,28.1,4.2
angelmaternity.com,brand/retail,7,2573,0.01,13.6,2.4
byrdie.com,brand/retail,46,2573,0.01,25.5,9.1
loungedoctor.com,brand/retail,6,2572,0.01,4.5,3.9
nbcnews.com,publisher,69,2570,0.01,42.3,3.7
moodfabrics.com,brand/retail,21,2551,0.01,28.3,2.6
sewport.com,brand/retail,9,2542,0.01,10.7,4.2
latexmattressfactory.com,brand/retail,6,2540,0.01,10.7,3.3
melissarobertsinteriors.com,brand/retail,3,2532,0.01,13.7,1.5
us.boden.com,brand/retail,85,2530,0.01,21.8,7.0
americanquilt.co,brand/retail,5,2527,0.01,8.6,2.0
rehab-store.com,brand/retail,77,2526,0.01,21.8,11.2
revivalrugs.com,brand/retail,14,2524,0.01,27.4,4.6
accio.com,brand/retail,225,2517,0.01,44.5,0.2
altaunited.com,brand/retail,294,2512,0.01,42.7,0.5
thespruceeats.com,publisher,17,2511,0.01,10.6,6.6
ballchain.com,brand/retail,2,2509,0.01,7.0,1.0
studiosuits.com,brand/retail,37,2492,0.01,13.2,13.4
canopybedcurtain.com,brand/retail,4,2483,0.01,3.5,3.0
instacart.com,brand/retail,138,2482,0.01,32.3,3.3
canvasdiscount.com,brand/retail,12,2480,0.01,20.6,2.9
duderobe.com,brand/retail,2,2478,0.01,11.0,1.0
avanacomfort.com,brand/retail,9,2476,0.01,11.3,3.6
tuesdaymorning.com,brand/retail,22,2468,0.01,24.7,2.3
chemicalsafety.com,brand/retail,1,2462,0.01,1.0,1.0
thequilt.net,brand/retail,1,2462,0.01,1.0,1.0
wildflower.org,brand/retail,1,2462,0.01,1.0,1.0
ogeerecovery.com,brand/retail,1,2462,0.01,1.0,1.0
adaptivemall.com,brand/retail,1,2462,0.01,1.0,1.0
greenfairyquilts.com,brand/retail,1,2462,0.01,1.0,1.0
baublebar.com,brand/retail,5,2448,0.01,2.4,4.3
bobrick.com,brand/retail,2,2447,0.01,1.5,1.9
people.com,publisher,36,2430,0.01,26.0,4.8
patsloanquilts.com,brand/retail,2,2425,0.01,30.0,0.6
gooselings.com,brand/retail,12,2409,0.01,29.1,0.8
flaxandtwine.com,brand/retail,3,2402,0.01,1.0,3.0
businessandpleasureco.com,brand/retail,1,2398,0.01,2.0,0.9
oddbirdco.com,brand/retail,1,2398,0.01,2.0,0.9
ahtowels.com,brand/retail,3,2391,0.01,6.3,1.9
bokserhome.com,brand/retail,6,2377,0.01,21.2,1.1
resilite.com,brand/retail,3,2375,0.01,1.3,2.9
loft.com,brand/retail,147,2365,0.01,28.0,8.2
visibleartshop.com,brand/retail,23,2365,0.01,25.0,4.2
strikegently.co,brand/retail,4,2360,0.01,9.2,2.4
touchofclass.com,brand/retail,98,2353,0.01,23.2,6.6
etonshirts.com,brand/retail,25,2348,0.01,25.3,3.9
showpo.com,brand/retail,40,2346,0.01,24.6,3.3
adamspolishes.com,brand/retail,2,2342,0.01,9.5,0.7
eberjey.com,brand/retail,18,2337,0.01,30.8,2.0
thestreet.com,brand/retail,8,2323,0.01,6.5,3.9
alderwood-studio.com,brand/retail,5,2320,0.01,2.6,4.2
verabradleyoutlet.com,brand/retail,17,2317,0.01,13.4,6.2
crayola.com,brand/retail,5,2310,0.01,6.6,3.1
bostitchoffice.com,brand/retail,2,2309,0.01,4.5,1.3
bucky.com,brand/retail,7,2303,0.01,14.6,2.9
oldnavy.gap.com,brand/retail,44,2295,0.01,22.3,8.0
directtextilestore.com,brand/retail,56,2291,0.01,24.7,4.2
mariasbluecrayon.com,brand/retail,5,2291,0.01,14.0,2.8
pillowspecialist.com,brand/retail,26,2278,0.01,16.9,10.1
mattressdepotusa.com,brand/retail,12,2271,0.01,25.1,1.1
dzeeusa.com,brand/retail,21,2269,0.01,20.9,4.2
tomsguide.com,publisher,66,2262,0.01,35.2,3.4
crane-baby.com,brand/retail,3,2259,0.01,2.3,2.6
fahertybrand.com,brand/retail,53,2242,0.01,20.5,9.0
catstudio.com,brand/retail,2,2242,0.01,2.5,1.7
theloveblanket.co,brand/retail,4,2241,0.01,2.8,3.3
aloriam.com,brand/retail,23,2232,0.01,14.6,9.2
sitnsleep.com,brand/retail,48,2221,0.01,28.7,3.0
getmechanism.com,brand/retail,2,2189,0.01,1.0,2.0
marimekko.com,brand/retail,2,2189,0.01,1.0,2.0
sheets.flechs.net,brand/retail,2,2189,0.01,1.0,2.0
peekaboopillow.com,brand/retail,3,2182,0.01,4.3,2.0
studio-wallflower.com,brand/retail,1,2181,0.01,4.0,0.7
resy.com,brand/retail,1,2181,0.01,4.0,0.7
myfabricaddiction.com,brand/retail,4,2176,0.01,2.5,3.4
dollartree.com,brand/retail,14,2175,0.01,19.0,2.8
upnorthquiltshop.com,brand/retail,1,2167,0.01,8.0,0.3
snapfish.com,brand/retail,12,2162,0.01,18.3,1.4
peakeventservices.com,brand/retail,3,2161,0.01,4.7,2.0
aol.com,brand/retail,78,2160,0.01,41.5,2.0
denverfabrics.com,brand/retail,4,2160,0.01,17.8,1.7
in.pinterest.com,brand/retail,32,2160,0.01,17.2,5.7
vogue.com,publisher,67,2156,0.01,30.3,7.0
matteola.com,brand/retail,22,2155,0.01,26.2,2.2
fabriccafe.com,brand/retail,12,2152,0.01,16.5,3.2
lucykatecrochet.com,brand/retail,6,2149,0.01,6.7,2.6
mayoclinic.org,brand/retail,8,2147,0.01,24.5,1.1
vayasleep.com,brand/retail,9,2145,0.01,19.1,2.4
thelittlemushroomcap.com,brand/retail,2,2134,0.01,4.0,1.4
twinznursingpillow.com,brand/retail,3,2134,0.01,4.0,2.1
blog.society6.com,brand/retail,8,2126,0.01,6.1,4.5
rinse.com,brand/retail,8,2125,0.01,9.1,4.4
guides.jenkinslaw.org,brand/retail,2,2123,0.01,5.5,1.1
mckenziemethod.com,brand/retail,3,2118,0.01,2.0,2.7
cottontailquiltshop.com,brand/retail,4,2108,0.01,24.8,0.7
packagingsupplies.com,brand/retail,3,2104,0.01,13.3,1.7
pomegranateinc.com,brand/retail,2,2082,0.01,5.5,1.1
sheetslaundryclub.com,brand/retail,2,2071,0.01,7.0,1.0
farmandfolk.com,brand/retail,8,2065,0.01,6.4,4.6
acehardware.com,brand/retail,16,2061,0.01,21.2,2.1
amerisleep.com,brand/retail,80,2058,0.01,47.3,0.8
nectarsleep.com,brand/retail,36,2058,0.01,29.1,3.2
sailrite.com,brand/retail,11,2046,0.01,14.0,3.5
ocochi.com,brand/retail,22,2045,0.01,18.0,5.0
hushblankets.com,brand/retail,42,2043,0.01,29.3,4.5
roomandboard.com,brand/retail,33,2039,0.01,28.2,3.3
comfortbeddings.com,brand/retail,94,2034,0.01,26.5,3.9
iseestarsquilting.com,brand/retail,12,2034,0.01,24.7,1.5
my.modafabrics.com,brand/retail,10,2033,0.01,21.7,2.6
quiltingbookspatternsandnotions.com,brand/retail,32,2032,0.01,29.1,4.9
schweitzerlinen.com,brand/retail,34,2030,0.01,20.5,7.8
foamorder.com,brand/retail,13,2019,0.01,17.3,4.3
thequalityedit.com,brand/retail,11,2015,0.01,8.3,3.3
linkedin.com,brand/retail,15,2013,0.01,18.4,5.2
aritzia.com,brand/retail,52,2008,0.01,26.6,7.5
theknot.com,brand/retail,44,2007,0.01,15.8,11.2
aidsmemorial.org,brand/retail,1,2006,0.01,1.0,1.0
createabed.com,brand/retail,12,1997,0.01,12.9,6.2
bluebirdgardens.com,brand/retail,5,1994,0.01,13.6,2.6
sitnsewfabrics.com,brand/retail,7,1992,0.01,30.1,1.0
reviewed.com,brand/retail,67,1982,0.01,29.2,5.4
tempurpedicoutlet.com,brand/retail,14,1982,0.01,7.1,7.9
babylist.com,brand/retail,34,1978,0.01,16.5,3.6
hofdeco.com,brand/retail,6,1977,0.01,10.2,3.0
ubiehealth.com,brand/retail,2,1975,0.01,5.5,1.1
medline.com,brand/retail,5,1972,0.01,3.2,3.9
shop.safavieh.com,brand/retail,6,1970,0.01,10.5,3.0
citymattress.com,brand/retail,65,1966,0.01,28.3,3.0
pioneerlinens.com,brand/retail,27,1962,0.01,24.3,6.1
theairwaydentists.com,brand/retail,1,1960,0.01,2.0,0.9
bookbeau.com,brand/retail,1,1960,0.01,2.0,0.9
magnetshop.com,brand/retail,1,1960,0.01,2.0,0.9
southerncharmquilts.com,brand/retail,7,1957,0.01,26.0,1.9
revolve.com,brand/retail,124,1953,0.01,30.1,7.4
lorenauriarte.com,brand/retail,2,1948,0.01,3.0,1.6
roomfortuesday.com,brand/retail,7,1943,0.01,4.4,4.8
paulfredrick.com,brand/retail,35,1940,0.01,21.3,6.0
yourchaircovers.com,brand/retail,9,1935,0.01,22.2,1.8
whirlpool.com,brand/retail,16,1934,0.01,22.5,3.4
marchingnorth.com,brand/retail,12,1926,0.01,15.7,2.0
quiltshopatmillers.com,brand/retail,3,1923,0.01,3.7,2.2
maloufhome.com,brand/retail,8,1922,0.01,15.8,1.4
downcotton.com,brand/retail,15,1921,0.01,21.7,1.6
rusticreddoor.com,brand/retail,2,1921,0.01,1.5,1.9
greenrow.com,brand/retail,19,1918,0.01,19.2,5.7
soaringheart.com,brand/retail,16,1915,0.01,17.2,3.0
pmc.ncbi.nlm.nih.gov,brand/retail,11,1905,0.01,7.0,5.9
clubllondon.us,brand/retail,7,1902,0.01,32.1,1.3
netflix.com,brand/retail,4,1901,0.01,9.5,1.8
pgpro.com,brand/retail,1,1899,0.01,5.0,0.6
alittlepillowcompany.com,brand/retail,6,1896,0.01,14.5,2.9
finnstyle.com,brand/retail,3,1896,0.01,1.7,2.8
veritiv.com,brand/retail,1,1894,0.01,7.0,0.4
sciencedirect.com,brand/retail,6,1890,0.01,9.3,2.0
puffy.com,brand/retail,111,1886,0.01,39.9,0.6
magnific.com,brand/retail,8,1878,0.01,9.4,3.9
thepillowcollection.com,brand/retail,11,1873,0.01,22.6,1.9
purecare.com,brand/retail,28,1872,0.01,20.3,4.3
hockerty.com,brand/retail,34,1870,0.01,16.3,6.7
tablelinensforless.com,brand/retail,10,1863,0.01,18.0,2.2
whisper-organics.com,brand/retail,26,1861,0.01,25.4,4.8
modernquiltpatterns.com,brand/retail,4,1859,0.01,11.5,1.8
leustowels.com,brand/retail,2,1848,0.01,10.5,1.0
modobath.com,brand/retail,5,1846,0.01,28.4,0.8
toocooltshirtquilts.com,brand/retail,5,1843,0.01,8.6,2.0
vistaprint.com,brand/retail,9,1838,0.01,19.4,1.4
us.dockandbay.com,brand/retail,4,1838,0.01,9.0,1.7
modernquiltco.com,brand/retail,25,1836,0.01,19.0,3.5
icefabrics.com,brand/retail,4,1820,0.01,11.2,2.0
jmclaughlin.com,brand/retail,13,1817,0.01,12.7,6.0
monsuri.com,brand/retail,6,1816,0.01,4.5,3.9
snowehome.com,brand/retail,98,1814,0.01,33.3,3.0
theskimm.com,brand/retail,12,1814,0.01,7.2,5.1
shop.samsonite.com,brand/retail,2,1805,0.01,6.5,0.9
teakculture.com,brand/retail,5,1805,0.01,23.8,1.1
singer.com,brand/retail,5,1804,0.01,15.2,1.5
cntraveler.com,brand/retail,47,1800,0.01,18.9,8.7
croscill.com,brand/retail,21,1798,0.01,21.4,2.9
wisecrafthandmade.com,brand/retail,6,1792,0.01,7.3,3.0
mediflow.com,brand/retail,4,1791,0.01,6.8,1.9
wordreference.com,brand/retail,8,1789,0.01,19.9,1.6
sofiacashmere.com,brand/retail,5,1781,0.01,4.6,3.2
lauraparkdesigns.com,brand/retail,13,1778,0.01,16.9,5.0
the-weekendquilter.com,brand/retail,2,1777,0.01,28.0,0.5
linentales.com,brand/retail,12,1774,0.01,23.8,2.5
eighthgeneration.com,brand/retail,8,1772,0.01,12.4,3.9
slumbercloud.com,brand/retail,19,1771,0.01,23.9,3.6
us.saboskirt.com,brand/retail,17,1769,0.01,10.0,7.5
eaglehealth.com,brand/retail,7,1769,0.01,10.6,2.5
serenelifehome.com,brand/retail,16,1766,0.01,10.1,8.4
berkshireblanket.com,brand/retail,4,1766,0.01,2.2,3.5
brooksbrothers.com,brand/retail,132,1765,0.01,24.3,9.1
slumberland.com,brand/retail,31,1764,0.01,28.1,2.1
travelonthereg.com,brand/retail,1,1761,0.01,3.0,0.8
aaefs.com,brand/retail,1,1761,0.01,3.0,0.8
beautiful-robes.com,brand/retail,12,1760,0.01,9.2,8.1
radco.com,brand/retail,3,1759,0.01,1.7,2.8
qualitytapestries.com,brand/retail,2,1756,0.01,1.5,1.9
rileyhome.com,brand/retail,25,1753,0.01,22.1,3.4
barclayproducts.com,brand/retail,6,1750,0.01,18.7,0.9
treelinereview.com,brand/retail,7,1750,0.01,12.1,2.0
kaitlinmadden.com,brand/retail,4,1748,0.01,8.8,1.2
papertraildesign.com,brand/retail,2,1746,0.01,12.0,0.6
kokkafabrics.com,brand/retail,9,1742,0.01,16.1,3.4
open.spotify.com,brand/retail,6,1737,0.01,5.0,3.9
jamesfurnituredeals.com,brand/retail,103,1723,0.01,34.8,1.3
shop.app,brand/retail,63,1720,0.01,32.2,2.0
bedvoyage.com,brand/retail,13,1718,0.01,21.8,2.6
tuftandneedle.com,brand/retail,64,1717,0.01,28.4,2.8
makemakeorganics.com,brand/retail,9,1715,0.01,21.0,2.5
graceloveslace.com,brand/retail,30,1714,0.01,29.3,5.9
honeybegood.com,brand/retail,9,1708,0.01,18.4,1.7
thecrochetcrowd.com,brand/retail,36,1707,0.01,22.8,2.5
goodsstores.com,brand/retail,2,1706,0.01,4.5,1.3
hotelcollection.com,brand/retail,9,1705,0.01,20.6,1.5
christaquilts.com,brand/retail,3,1702,0.01,5.0,1.8
babymoov.us,brand/retail,3,1702,0.01,7.0,1.6
kytebaby.com,brand/retail,13,1692,0.01,11.8,3.1
jellyrollfabric.net,brand/retail,7,1691,0.01,5.7,3.7
easternaccents.com,brand/retail,56,1688,0.01,20.6,12.4
ablifestyles.net,brand/retail,8,1677,0.01,16.1,4.3
penandpaperpatterns.com,brand/retail,1,1673,0.01,6.0,0.5
linoto.com,brand/retail,24,1673,0.01,21.7,4.3
figlinensandhome.com,brand/retail,37,1672,0.01,21.6,4.3
blank.page,brand/retail,2,1672,0.01,1.0,2.0
sleepwithclementine.com,brand/retail,10,1669,0.01,17.8,2.9
muji.us,brand/retail,26,1667,0.01,20.6,5.2
quiltkeepsake.com,brand/retail,4,1657,0.01,20.8,1.7
rehabmart.com,brand/retail,121,1652,0.01,25.8,6.3
havertys.com,brand/retail,3,1643,0.01,23.3,1.1
monami-designs.com,brand/retail,1,1642,0.01,1.0,1.0
tubotowels.com,brand/retail,1,1642,0.01,1.0,1.0
chegg.com,brand/retail,1,1642,0.01,1.0,1.0
neatmethod.com,brand/retail,1,1642,0.01,1.0,1.0
vfwquilts.com,brand/retail,1,1642,0.01,1.0,1.0
quiltwines.com,brand/retail,1,1642,0.01,1.0,1.0
dreamerssleep.com,brand/retail,1,1642,0.01,1.0,1.0
atozpartyrental.com,brand/retail,1,1642,0.01,1.0,1.0
mccarthyevents.com,brand/retail,1,1642,0.01,1.0,1.0
shophazelmade.com,brand/retail,2,1637,0.01,4.0,1.4
us.tbco.com,brand/retail,10,1634,0.01,15.9,3.1
noblepillow.com,brand/retail,4,1633,0.01,7.8,2.0
scotlandshop.com,brand/retail,6,1632,0.01,5.3,3.7
1stopbedrooms.com,brand/retail,20,1630,0.01,24.1,2.8
blackficus.com,brand/retail,19,1630,0.01,18.1,7.2
fiftyfourtenstudio.com,brand/retail,6,1627,0.01,12.0,2.4
nakedcashmere.com,brand/retail,4,1626,0.01,5.5,2.6
adobe.com,brand/retail,10,1620,0.01,12.4,2.8
dormify.com,brand/retail,4,1620,0.01,11.0,2.0
hillhousehome.com,brand/retail,27,1616,0.01,17.4,7.0
thenorthwest.com,brand/retail,23,1615,0.01,11.4,7.0
honeydewsleep.com,brand/retail,85,1613,0.01,34.7,2.8
chem.libretexts.org,brand/retail,5,1612,0.01,3.2,3.9
sephora.com,brand/retail,10,1611,0.01,24.8,4.2
flannelamerica.com,brand/retail,2,1611,0.01,1.0,2.0
threebluebirds.com,brand/retail,2,1611,0.01,1.0,2.0
sierra.com,brand/retail,77,1610,0.01,35.6,3.2
shouldersleeper.com,brand/retail,11,1609,0.01,13.5,4.4
titansurvival.com,brand/retail,1,1604,0.01,2.0,0.9
theseasonalhomestead.com,brand/retail,1,1604,0.01,2.0,0.9
westernlinenll.com,brand/retail,1,1604,0.01,2.0,0.9
gauthmath.com,brand/retail,2,1604,0.01,1.5,1.9
eileenfisher.com,brand/retail,53,1599,0.01,26.2,6.4
cozywinters.com,brand/retail,14,1598,0.01,15.6,3.9
bellacoastaldecor.com,brand/retail,12,1598,0.01,6.6,7.1
simulinen.com,brand/retail,7,1595,0.01,5.6,4.7
frankierosefabrics.com,brand/retail,5,1593,0.01,21.8,1.8
ariannabelle.com,brand/retail,14,1593,0.01,9.3,6.6
frankieprintco.com,brand/retail,7,1592,0.01,15.0,1.8
ceceswool.com,brand/retail,4,1590,0.01,13.2,1.8
bedthreads.com,brand/retail,38,1587,0.01,24.5,7.2
qualitysewing.com,brand/retail,6,1580,0.01,5.7,3.2
realtree.com,brand/retail,5,1571,0.01,2.4,4.3
allaboutfabrics.com,brand/retail,8,1562,0.01,23.1,2.2
eddiebauer.com,brand/retail,6,1561,0.01,8.2,4.2
support.microsoft.com,brand/retail,2,1555,0.01,5.5,1.1
sleepapnea.org,brand/retail,2,1554,0.01,8.0,0.8
homemadeemilyjane.com,brand/retail,13,1553,0.01,22.4,1.8
jaycoowners.com,brand/retail,1,1552,0.01,5.0,0.6
quarter-sheets.square.site,brand/retail,1,1552,0.01,5.0,0.6
chanasya.com,brand/retail,22,1551,0.01,22.2,3.0
cosmopolitan.com,brand/retail,49,1547,0.01,44.8,2.0
woolrich.com,brand/retail,8,1544,0.01,26.0,1.6
scooms.com,brand/retail,37,1543,0.01,26.7,3.3
prevention.com,brand/retail,28,1538,0.01,32.0,2.6
alexorthopedic.com,brand/retail,25,1537,0.01,19.6,4.4
us.luxmii.com,brand/retail,22,1532,0.01,20.5,3.3
quiltingtutorials.com,brand/retail,8,1532,0.01,12.9,3.2
downy.com,brand/retail,3,1530,0.01,17.7,1.8
linensnthings.com,brand/retail,3,1529,0.01,13.3,1.1
marleylilly.com,brand/retail,10,1527,0.01,16.9,2.7
linktr.ee,brand/retail,2,1527,0.01,3.0,1.6
weddingtropics.com,brand/retail,33,1526,0.01,22.9,6.5
houzz.com,brand/retail,75,1524,0.01,22.8,5.2
everemblem.com,brand/retail,3,1524,0.01,1.3,2.9
fabdivine.com,brand/retail,23,1522,0.01,21.2,4.0
tonicliving.com,brand/retail,7,1519,0.01,16.9,2.5
misselaine.com,brand/retail,37,1516,0.01,23.7,7.2
us.boohoo.com,brand/retail,15,1515,0.01,26.4,1.1
brandclub.com,brand/retail,138,1515,0.01,25.4,5.1
tempflow.com,brand/retail,3,1506,0.01,2.0,2.7
fivebelow.com,brand/retail,39,1505,0.01,36.2,2.7
okiegirlblingnthings.com,brand/retail,8,1503,0.01,10.8,2.6
hugsleep.com,brand/retail,15,1502,0.01,22.9,3.0
fabricmill.com,brand/retail,5,1502,0.01,35.0,1.4
westpointhome.com,brand/retail,13,1501,0.01,23.2,2.9
babyletto.com,brand/retail,2,1494,0.01,4.5,1.3
nationalquilterscircle.com,brand/retail,35,1490,0.01,29.5,2.3
neqm.org,brand/retail,2,1487,0.01,5.0,1.2
buttahskin.com,brand/retail,3,1486,0.01,11.3,0.9
dictionary.com,brand/retail,16,1480,0.01,27.3,3.8
bagsinbulk.com,brand/retail,12,1478,0.01,14.6,3.8
abeautifulmess.com,brand/retail,8,1476,0.01,14.9,2.2
benartex.com,brand/retail,3,1475,0.01,23.0,0.4
deepl.com,brand/retail,2,1471,0.01,24.5,0.8
pjsalvage.com,brand/retail,5,1469,0.01,4.0,3.5
serta.com,brand/retail,13,1463,0.01,37.2,0.9
amityhome.com,brand/retail,4,1462,0.01,12.8,1.8
groovepillows.com,brand/retail,53,1458,0.01,29.5,6.6
jonathanadler.com,brand/retail,8,1458,0.01,24.6,2.0
rileyblakedesigns.com,brand/retail,15,1456,0.01,22.7,2.2
zappos.com,brand/retail,93,1456,0.01,36.4,1.5
zulaykitchen.com,brand/retail,3,1451,0.01,5.7,1.8
matsupplier.com,brand/retail,5,1448,0.01,3.8,3.6
lanzofsalzburg.com,brand/retail,2,1445,0.01,2.0,1.8
myblusleep.com,brand/retail,9,1444,0.01,20.2,2.2
talbots.com,brand/retail,74,1444,0.01,19.6,9.4
comingsoonnewyork.com,brand/retail,1,1440,0.01,3.0,0.8
anatolico.co,brand/retail,1,1440,0.01,3.0,0.8
ulivarylife.com,brand/retail,26,1437,0.01,20.3,5.4
aquiltinglife.com,brand/retail,35,1430,0.01,24.3,3.7
mykitsch.com,brand/retail,10,1430,0.01,21.3,3.0
sundaycitizen.co,brand/retail,15,1427,0.01,13.7,4.5
magnolia.com,brand/retail,51,1426,0.01,19.5,8.0
mojitocollection.com,brand/retail,2,1426,0.01,2.0,1.8
lunaandluca.com,brand/retail,2,1426,0.01,2.0,1.8
bulklinensupply.com,brand/retail,40,1425,0.01,27.1,3.0
autozone.com,brand/retail,5,1423,0.01,14.6,1.9
scottbrand.com,brand/retail,2,1423,0.01,2.5,1.7
munkeboelinens.com,brand/retail,2,1423,0.01,6.0,1.8
tapplastics.com,brand/retail,5,1421,0.01,7.4,2.8
factorydirectlinen.com,brand/retail,4,1420,0.01,18.0,0.8
standardtextilehome.com,brand/retail,41,1419,0.01,34.9,2.4
kindredbravely.com,brand/retail,6,1418,0.01,10.2,3.5
naturallinens.com,brand/retail,31,1413,0.01,22.8,4.9
shoreandmore.com,brand/retail,2,1412,0.01,13.0,0.2
us.laperla.com,brand/retail,31,1408,0.01,19.0,8.0
shop.kingarthurbaking.com,brand/retail,6,1405,0.01,5.2,3.5
groundingwell.com,brand/retail,7,1398,0.01,10.0,2.0
amourlinen.com,brand/retail,42,1396,0.01,32.8,4.8
sewnikki.com,brand/retail,9,1395,0.01,14.7,2.2
egyptianhomelinens.com,brand/retail,47,1394,0.01,30.1,0.7
mscmedicalshop.com,brand/retail,8,1393,0.01,13.2,3.3
quiltedsquare.com,brand/retail,6,1389,0.01,40.5,0.4
masterclass.com,brand/retail,13,1386,0.01,22.6,2.0
the-independent.com,brand/retail,11,1383,0.01,24.3,3.8
weavvehome.com,brand/retail,26,1382,0.01,27.8,3.6
mysistermademebuyit.com,brand/retail,3,1374,0.01,5.3,1.7
polkadotchair.com,brand/retail,36,1372,0.01,26.2,1.8
chloeandolive.com,brand/retail,14,1372,0.01,18.4,3.6
derila.com,brand/retail,1,1369,0.01,6.0,0.5
vitrazza.com,brand/retail,2,1368,0.01,1.0,2.0
tommybahama.com,brand/retail,6,1367,0.01,11.2,2.3
sleepandglow.com,brand/retail,3,1366,0.01,2.7,2.5
ladyblacktie.com,brand/retail,20,1365,0.01,19.2,3.4
christinelingerie.com,brand/retail,9,1365,0.01,19.3,1.9
slipxsolutions.com,brand/retail,59,1362,0.01,14.2,14.2
nationalautismresources.com,brand/retail,2,1362,0.01,5.0,1.2
thewarmingstore.com,brand/retail,10,1360,0.01,18.1,1.5
elysandco.com,brand/retail,3,1360,0.01,6.7,1.9
karmanhealthcare.com,brand/retail,1,1358,0.01,9.0,0.2
foodinjars.com,brand/retail,2,1358,0.01,2.0,1.8
myvegantravels.com,brand/retail,5,1355,0.01,4.0,3.5
teklafabrics.com,brand/retail,24,1351,0.01,21.1,4.2
robertkaufman.com,brand/retail,7,1345,0.01,15.7,1.2
libecohomestores.com,brand/retail,2,1338,0.01,4.5,1.3
thefeltstore.com,brand/retail,3,1338,0.01,2.3,2.6
hiccapop.com,brand/retail,1,1338,0.01,1.0,1.0
maidenhome.com,brand/retail,1,1338,0.01,1.0,1.0
craehome.com,brand/retail,1,1338,0.01,1.0,1.0
navajorug.com,brand/retail,1,1338,0.01,1.0,1.0
biliblanketbaby.com,brand/retail,1,1338,0.01,1.0,1.0
poultrykeeper.com,brand/retail,1,1338,0.01,1.0,1.0
nucorskyline.com,brand/retail,1,1338,0.01,1.0,1.0
sheetlabels.com,brand/retail,1,1338,0.01,1.0,1.0
bathandbodyworks.com,brand/retail,2,1337,0.01,1.5,1.9
freepeople.com,brand/retail,65,1336,0.01,35.4,3.0
jerrysfoods.com,brand/retail,4,1334,0.01,8.0,1.2
customwoventowels.com,brand/retail,2,1332,0.01,2.5,1.7
earthlite.com,brand/retail,14,1331,0.01,26.6,3.8
easycrochet.com,brand/retail,33,1330,0.01,21.3,3.1
hotelluxurycollection.com,brand/retail,21,1330,0.01,25.8,5.6
organiccottonplus.com,brand/retail,12,1329,0.01,25.3,2.8
curlfriendcollective.com,brand/retail,3,1329,0.01,26.0,1.0
luxelinen.org,brand/retail,7,1326,0.01,6.7,3.5
apartmentno3.com,brand/retail,12,1319,0.01,17.3,5.0
belladonnaua.com,brand/retail,20,1319,0.01,17.6,5.4
shopuniversal.com,brand/retail,7,1314,0.01,13.4,5.2
osha.gov,brand/retail,1,1312,0.01,2.0,0.9
seedsource.com,brand/retail,1,1312,0.01,2.0,0.9
petsupermarket.com,brand/retail,1,1312,0.01,2.0,0.9
greenfairyquiltsblog.com,brand/retail,1,1312,0.01,2.0,0.9
originalgranitebracket.com,brand/retail,3,1309,0.01,6.0,1.9
studiopatro.com,brand/retail,3,1309,0.01,3.7,2.2
patagonia.com,brand/retail,5,1308,0.01,5.0,3.0
printfresh.com,brand/retail,16,1300,0.01,16.1,4.4
purebamboosheets.com,brand/retail,13,1299,0.01,15.2,2.8
wool-bedding.com,brand/retail,4,1296,0.01,2.2,3.5
beachwoodthelabel.com,brand/retail,14,1293,0.01,27.5,4.1
thesleepjudge.com,brand/retail,17,1290,0.01,8.8,6.2
buyplastic.com,brand/retail,2,1289,0.01,4.5,1.3
villagequiltshop.com,brand/retail,3,1287,0.01,41.3,0.1
mattresswarehouse.com,brand/retail,21,1287,0.01,31.6,2.1
stylebyemilyhenderson.com,brand/retail,11,1287,0.01,11.4,4.2
boardco.com,brand/retail,3,1285,0.01,15.3,0.2
rushimprint.com,brand/retail,9,1285,0.01,23.1,1.1
quiltylove.com,brand/retail,12,1285,0.01,10.6,3.5
stock.adobe.com,brand/retail,13,1282,0.01,17.8,3.4
pelegon.com,brand/retail,5,1278,0.01,3.4,3.8
theloomia.com,brand/retail,15,1277,0.01,22.7,2.9
thewoolroom.com,brand/retail,15,1276,0.01,19.1,1.6
photo.walgreens.com,brand/retail,7,1275,0.01,12.0,1.9
arcticcool.com,brand/retail,2,1272,0.01,5.0,1.2
quiltcrossing.com,brand/retail,4,1271,0.01,48.8,1.0
chrislovesjulia.com,brand/retail,11,1271,0.01,12.5,3.1
vocabulary.com,brand/retail,9,1270,0.01,12.4,4.0
lunafide.com,brand/retail,5,1269,0.01,15.6,1.6
haikudesigns.com,brand/retail,5,1269,0.01,6.4,2.6
chemicalguys.com,brand/retail,1,1267,0.01,7.0,0.4
indiantraders.com,brand/retail,1,1267,0.01,7.0,0.4
realtruck.com,brand/retail,3,1265,0.01,2.3,2.6
bluebungalow.com,brand/retail,40,1262,0.01,26.5,3.1
arcturusgear.com,brand/retail,5,1262,0.01,21.2,2.6
neimanmarcus.com,brand/retail,141,1261,0.01,31.2,3.1
oed.com,brand/retail,7,1260,0.01,19.3,1.5
genius.com,brand/retail,4,1258,0.01,3.8,2.9
deltafaucet.com,brand/retail,14,1253,0.01,9.1,4.6
redbubble.com,brand/retail,28,1252,0.01,18.6,3.0
alaskankingbeds.com,brand/retail,19,1246,0.01,18.4,3.6
zgallerie.com,brand/retail,26,1246,0.01,12.9,8.0
store.mayoclinic.com,brand/retail,20,1243,0.01,21.8,3.3
dadabc.com,brand/retail,2,1242,0.01,15.5,0.1
overland.com,brand/retail,6,1242,0.01,14.7,1.9
shopbedside.com,brand/retail,3,1237,0.01,3.7,2.2
thehomecentric.com,brand/retail,51,1236,0.01,31.6,4.3
neenahpaper.com,brand/retail,4,1234,0.01,2.8,3.3
lovingstitches.net,brand/retail,2,1232,0.01,55.0,0.1
bestfabricstore.com,brand/retail,12,1230,0.01,28.8,1.2
vevor.com,brand/retail,27,1226,0.01,31.5,1.0
dozebedding.com,brand/retail,15,1224,0.01,18.5,1.7
boscovs.com,brand/retail,87,1224,0.01,28.2,2.7
acmeplastics.com,brand/retail,2,1222,0.01,2.5,1.7
ethicalbedding.com,brand/retail,23,1216,0.01,35.3,1.3
saintbernard.com,brand/retail,2,1215,0.01,11.0,0.8
soma.com,brand/retail,59,1212,0.01,23.5,5.5
calvinklein.us,brand/retail,32,1208,0.01,33.8,1.1
buzzfeed.com,brand/retail,28,1208,0.01,33.9,1.9
familyhandyman.com,brand/retail,27,1204,0.01,33.0,0.8
regalo-baby.com,brand/retail,3,1203,0.01,9.3,1.4
confessionsofahomeschooler.com,brand/retail,3,1203,0.01,13.7,1.0
4imprint.com,brand/retail,16,1197,0.01,17.7,1.4
theonebed.com,brand/retail,12,1197,0.01,13.4,3.1
papersizes.io,brand/retail,3,1196,0.01,4.0,2.1
lakepajamas.com,brand/retail,27,1194,0.01,22.7,6.0
cheatsheets.zip,brand/retail,1,1193,0.01,4.0,0.7
quiltcountry.com,brand/retail,3,1192,0.01,29.0,1.0
containerstore.com,brand/retail,27,1192,0.01,20.9,2.3
nautica.com,brand/retail,39,1190,0.01,30.6,2.1
mollyssuds.com,brand/retail,3,1190,0.01,13.0,1.6
kidsroomtreasures.com,brand/retail,8,1187,0.01,15.6,2.0
wonderfultt.com,brand/retail,21,1186,0.01,28.9,1.2
featheredfarmhouse.com,brand/retail,4,1185,0.01,20.0,1.1
fursource.com,brand/retail,4,1184,0.01,17.5,1.4
aanyalinen.com,brand/retail,100,1182,0.01,29.9,2.5
newtonbaby.com,brand/retail,9,1182,0.01,15.1,2.4
josbank.com,brand/retail,29,1182,0.01,17.5,5.4
mondayswimwear.com,brand/retail,4,1181,0.01,11.2,2.7
barnquiltinfo.com,brand/retail,3,1179,0.01,6.7,1.4
thesnorinator.com,brand/retail,2,1178,0.01,7.5,0.7
kcprofessional.com,brand/retail,6,1178,0.01,5.7,3.2
mcgeeandco.com,brand/retail,61,1177,0.01,27.2,3.9
geesbend.org,brand/retail,1,1177,0.01,3.0,0.8
eshop.resmed.com,brand/retail,1,1177,0.01,3.0,0.8
usmagnetix.com,brand/retail,1,1177,0.01,3.0,0.8
sanicosolutions.com,brand/retail,1,1177,0.01,3.0,0.8
napkins2go.com,brand/retail,4,1176,0.01,2.2,3.5
forum.missouriquiltco.com,brand/retail,17,1169,0.01,17.4,1.8
comphy.com,brand/retail,3,1166,0.01,3.7,2.2
linenbee.com,brand/retail,38,1165,0.01,32.3,7.0
grabbarspecialists.com,brand/retail,9,1163,0.01,15.4,2.0
garagegymreviews.com,brand/retail,3,1162,0.01,4.3,2.0
elledecor.com,brand/retail,47,1161,0.01,42.4,1.1
superstarworksheets.com,brand/retail,13,1158,0.01,16.8,3.9
leveret.com,brand/retail,11,1154,0.01,16.0,4.8
waterworks.com,brand/retail,15,1152,0.01,19.1,2.8
pippandjune.com,brand/retail,7,1152,0.01,17.3,3.6
hotels4humanity.com,brand/retail,10,1146,0.01,19.2,1.5
cpartyrentals.com,brand/retail,9,1145,0.01,36.8,1.7
fluff.co,brand/retail,5,1145,0.01,13.4,2.8
fabricworm.com,brand/retail,8,1143,0.01,57.1,0.0
optp.com,brand/retail,3,1142,0.01,5.0,1.9
bigfigmattress.com,brand/retail,6,1136,0.01,18.0,0.6
sj-mqt.org,brand/retail,2,1135,0.01,5.0,1.2
shepherdsdream.com,brand/retail,14,1133,0.01,26.8,2.5
sandsurf.co,brand/retail,3,1131,0.01,17.0,0.1
selectfurniturestore.com,brand/retail,99,1129,0.01,30.4,1.6
lyonsquilting.com,brand/retail,3,1126,0.01,27.0,0.1
sunbeamhome.com,brand/retail,4,1126,0.01,5.8,2.1
cocoonusa.com,brand/retail,6,1126,0.01,11.2,2.7
ravelry.com,brand/retail,16,1123,0.01,16.9,4.3
verolinens.com,brand/retail,34,1123,0.01,31.5,4.8
online-translator.com,brand/retail,3,1122,0.01,10.0,1.1
bryanhousequilts.com,brand/retail,17,1122,0.01,18.6,1.8
stitchersjoy.com,brand/retail,1,1119,0.01,6.0,0.5
shopclovercottons.com,brand/retail,1,1119,0.01,6.0,0.5
sistersquiltshop.com,brand/retail,4,1118,0.01,12.5,1.1
capturingwonderland.com,brand/retail,10,1117,0.01,11.3,4.2
shoptweetledee.com,brand/retail,3,1115,0.01,7.0,1.2
swansislandcompany.com,brand/retail,6,1114,0.01,22.8,1.6
metroshowercurtains.com,brand/retail,4,1114,0.01,13.5,1.0
thepostmansknock.com,brand/retail,2,1114,0.01,5.0,1.2
yourwesterndecorating.com,brand/retail,16,1113,0.01,12.7,4.6
mysilvery.com,brand/retail,4,1112,0.01,8.0,2.1
blog.originalmattress.com,brand/retail,1,1110,0.01,9.0,0.2
kroger.com,brand/retail,30,1110,0.01,21.1,2.2
organiccottonmart.com,brand/retail,41,1108,0.01,31.1,1.4
huffpost.com,brand/retail,67,1105,0.01,47.0,1.2
adventuresofadiymom.com,brand/retail,25,1101,0.01,29.6,1.2
createprintables.com,brand/retail,6,1100,0.01,16.8,2.5
coralandtusk.com,brand/retail,3,1097,0.01,8.7,1.4
quiltedstrait.com,brand/retail,7,1096,0.01,45.7,0.1
birdschoice.com,brand/retail,1,1094,0.01,1.0,1.0
cobblehillpuzzles.com,brand/retail,1,1094,0.01,1.0,1.0
spot.pcc.edu,brand/retail,1,1094,0.01,1.0,1.0
homecarehospitalbeds.com,brand/retail,1,1094,0.01,1.0,1.0
storeny.perrotin.com,brand/retail,1,1094,0.01,1.0,1.0
us.zwift.com,brand/retail,1,1094,0.01,1.0,1.0
battlefordreamisland.fandom.com,brand/retail,1,1094,0.01,1.0,1.0
heytabu.com,brand/retail,1,1094,0.01,1.0,1.0
vocalboothtogo.com,brand/retail,1,1094,0.01,1.0,1.0
mainecottage.com,brand/retail,1,1094,0.01,1.0,1.0
weaverequine.com,brand/retail,1,1094,0.01,1.0,1.0
quilthangers.com,brand/retail,1,1094,0.01,1.0,1.0
ilovegain.com,brand/retail,1,1094,0.01,1.0,1.0
ksmetals.com,brand/retail,1,1094,0.01,1.0,1.0
sewwhatquiltshop.com,brand/retail,1,1094,0.01,1.0,1.0
matantequilting.com,brand/retail,1,1094,0.01,1.0,1.0
hoodedtowels.com,brand/retail,1,1094,0.01,1.0,1.0
arancrafts.com,brand/retail,1,1094,0.01,1.0,1.0
quill.com,brand/retail,30,1091,0.01,23.8,2.1
qehomelinens.com,brand/retail,91,1090,0.01,33.1,1.1
thelaundryguru.net,brand/retail,3,1088,0.01,10.0,1.4
sylviasquiltdepot.com,brand/retail,2,1087,0.01,10.5,1.0
projectlinus.org,brand/retail,3,1087,0.01,4.7,2.0
vividlinen.com,brand/retail,10,1086,0.01,18.4,4.7
gurlgonegreen.com,brand/retail,2,1081,0.01,4.0,1.4
sealy.com,brand/retail,4,1081,0.01,9.0,1.4
baturina-homewear.com,brand/retail,6,1081,0.01,7.2,3.0
pillowcase.net,brand/retail,4,1078,0.01,13.8,1.2
amazerbath.com,brand/retail,12,1077,0.01,17.2,1.2
summershinesupply.com,brand/retail,2,1077,0.01,3.5,1.5
accessibleconstruction.com,brand/retail,3,1077,0.01,17.3,0.9
maisondelasoie.com,brand/retail,22,1071,0.01,29.7,2.3
netflix.shop,brand/retail,1,1069,0.01,2.0,0.9
woolx.com,brand/retail,1,1069,0.01,2.0,0.9
northern-feather.com,brand/retail,1,1069,0.01,2.0,0.9
lippillow.com,brand/retail,1,1069,0.01,2.0,0.9
thebuttresspillow.com,brand/retail,1,1069,0.01,2.0,0.9
max-ability.com,brand/retail,1,1069,0.01,2.0,0.9
shoutitout.com,brand/retail,2,1069,0.01,3.0,1.6
minkymamas.com,brand/retail,2,1065,0.01,11.5,0.5
bedjet.com,brand/retail,3,1062,0.01,2.3,2.6
propowerwash.com,brand/retail,2,1060,0.01,18.5,0.3
sleepagainpillows.com,brand/retail,21,1059,0.01,33.3,3.5
shutterstock.com,brand/retail,42,1055,0.01,27.3,4.2
lonestarwesterndecor.com,brand/retail,11,1053,0.01,11.9,5.7
mambeblankets.com,brand/retail,5,1052,0.01,5.6,2.9
staplesadvantage.com,brand/retail,5,1048,0.01,11.4,2.0
unisonhome.com,brand/retail,17,1044,0.01,21.9,2.8
personalizationmall.com,brand/retail,23,1044,0.01,23.6,2.6
mommesilk.com,brand/retail,12,1043,0.01,25.5,2.2
coastalcompasshomedecor.com,brand/retail,8,1042,0.01,5.6,4.4
houseofu.com,brand/retail,3,1042,0.01,3.3,2.3
ringcentral.com,brand/retail,1,1041,0.01,5.0,0.6
lillaandcharles.com,brand/retail,8,1041,0.01,24.2,1.1
blissbury.com,brand/retail,23,1040,0.01,27.3,2.4
itsalwaysautumn.com,brand/retail,12,1040,0.01,10.9,2.8
wrangler.com,brand/retail,8,1039,0.01,30.1,2.0
geisinger.org,brand/retail,1,1037,0.01,7.0,0.4
bellanottelinens.com,brand/retail,10,1037,0.01,11.3,4.0
coleyhome.com,brand/retail,7,1036,0.01,23.6,1.1
allmanproducts.com,brand/retail,8,1036,0.01,9.4,3.5
sewtogethernm.com,brand/retail,3,1035,0.01,32.0,0.1
littlegiraffe.com,brand/retail,10,1033,0.01,26.8,2.9
raymourflanigan.com,brand/retail,27,1032,0.01,35.8,0.6
thesprucecrafts.com,brand/retail,52,1030,0.01,31.6,1.2
sharperimage.com,brand/retail,7,1030,0.01,17.1,1.1
buffalojackson.com,brand/retail,4,1030,0.01,13.5,1.3
rhteen.rh.com,brand/retail,6,1029,0.01,10.5,3.2
bocogear.com,brand/retail,3,1027,0.01,2.3,2.6
benziedesign.com,brand/retail,3,1026,0.01,5.3,1.9
officesupply.com,brand/retail,8,1023,0.01,25.4,0.5
skygardenstx.com,brand/retail,1,1023,0.01,10.0,0.1
geekdad.com,brand/retail,1,1023,0.01,10.0,0.1
memotherearthbrand.com,brand/retail,3,1023,0.01,24.0,1.5
laurelandblush.com,brand/retail,12,1022,0.01,16.2,3.4
greenpan.us,brand/retail,2,1021,0.01,4.5,1.3
thecpapshop.com,brand/retail,4,1020,0.01,5.0,2.4
stitchsupplyco.com,brand/retail,7,1019,0.01,31.3,1.1
oxo.com,brand/retail,6,1019,0.01,4.8,3.7
thejoint.com,brand/retail,19,1018,0.01,23.3,2.7
nomadthelabel.com,brand/retail,48,1017,0.01,28.4,2.5
linenhouse.com,brand/retail,36,1015,0.01,34.6,0.1
aptapelvichealth.org,brand/retail,5,1015,0.01,5.8,3.3
flashsewandquilt.com,brand/retail,8,1014,0.01,32.0,0.2
lovesac.com,brand/retail,8,1012,0.01,19.8,2.7
elegantbaby.com,brand/retail,5,1010,0.01,11.6,1.9
michiganfineyarns.com,brand/retail,5,1010,0.01,11.0,2.8
cuddlduds.com,brand/retail,5,1010,0.01,4.0,3.5
us.dryrobe.com,brand/retail,6,1009,0.01,3.7,4.4
webstaurantstore.com,brand/retail,41,1007,0.01,25.3,2.1
vitalitymedical.com,brand/retail,54,1007,0.01,23.7,5.1
prettylittlething.us,brand/retail,50,1006,0.01,28.9,4.8
gapfactory.com,brand/retail,70,1004,0.01,29.2,3.9
jinnybeyer.com,brand/retail,3,1004,0.01,5.3,1.7
amishbaskets.com,brand/retail,3,1003,0.01,5.7,1.6
weareknitters.com,brand/retail,5,1003,0.01,32.0,0.9
thewoodlandstx.com,brand/retail,1,1001,0.01,11.0,0.1
nuzzie.com,brand/retail,5,1000,0.01,14.2,0.8
onequietmind.com,brand/retail,4,999,0.01,8.8,1.9
icelandicdown.com,brand/retail,10,998,0.01,11.5,1.9
utopiadeals.com,brand/retail,21,996,0.01,21.9,2.9
patchworkandpoodles.com,brand/retail,4,995,0.01,7.5,2.0
unsplash.com,brand/retail,5,995,0.01,8.6,2.5
biomodel.uah.es,brand/retail,5,995,0.01,3.6,3.7
thxsilk.com,brand/retail,12,993,0.01,18.2,2.2
ifyoucare.com,brand/retail,3,993,0.01,5.3,1.7
cultiver.com,brand/retail,20,988,0.01,26.4,2.1
cabooproducts.com,brand/retail,2,987,0.01,2.5,1.7
yarn.com,brand/retail,9,982,0.01,12.6,2.6
rottentomatoes.com,brand/retail,3,982,0.01,4.0,2.1
counterculturediy.com,brand/retail,2,980,0.01,3.5,1.5
mothers.com,brand/retail,1,975,0.01,8.0,0.3
mystrollers.com,brand/retail,1,975,0.01,8.0,0.3
toadandsew.com,brand/retail,1,975,0.01,8.0,0.3
customsleeptech.com,brand/retail,1,975,0.01,4.0,0.7
us.currentbody.com,brand/retail,1,975,0.01,4.0,0.7
rd.com,brand/retail,28,974,0.01,48.5,0.4
scotchbrand.com,brand/retail,3,973,0.01,7.0,1.5
crownlinen.net,brand/retail,1,973,0.01,1.0,2.0
linenspa.com,brand/retail,3,971,0.01,2.7,2.5
bosssupply.com,brand/retail,2,969,0.01,12.5,0.8
m.jcpenney.com,brand/retail,2,966,0.01,1.5,1.9
share.upmc.com,brand/retail,1,963,0.0,3.0,0.8
kempusa.com,brand/retail,1,963,0.0,3.0,0.8
women.com,brand/retail,1,963,0.0,3.0,0.8
reedfamilylinen.com,brand/retail,7,961,0.0,28.4,1.1
thomasleesheets.com,brand/retail,17,960,0.0,25.4,1.7
sleeperhold.com,brand/retail,11,959,0.0,10.4,4.2
delrossa.com,brand/retail,20,958,0.0,15.6,7.0
mellanni.com,brand/retail,17,956,0.0,30.9,0.3
ubbiworld.com,brand/retail,10,956,0.0,26.9,3.3
linensandevents.com,brand/retail,2,955,0.0,9.5,1.2
ballastgear.com,brand/retail,2,953,0.0,3.5,1.5
sandsnowlinen.com,brand/retail,41,952,0.0,31.3,2.3
techgearlab.com,brand/retail,16,951,0.0,25.3,2.8
sarahmaker.com,brand/retail,47,948,0.0,39.8,0.2
rubbermaidcommercial.com,brand/retail,16,948,0.0,22.6,6.7
fortworthfabricstudio.com,brand/retail,5,947,0.0,15.0,0.6
pimacott.com,brand/retail,6,947,0.0,18.7,1.6
generations-quilt-patterns.com,brand/retail,36,946,0.0,30.7,1.3
garvee.com,brand/retail,3,941,0.0,10.0,1.4
harborfreight.com,brand/retail,6,939,0.0,9.2,2.4
downtowndrygoods.com,brand/retail,3,935,0.0,39.7,0.1
feltpaperscissors.com,brand/retail,2,933,0.0,2.5,1.7
medium.com,brand/retail,7,932,0.0,15.1,2.2
babygearlab.com,brand/retail,16,932,0.0,18.4,2.0
comis.med.uvm.edu,brand/retail,4,928,0.0,3.8,2.9
notyourmamasquiltstore.com,brand/retail,5,927,0.0,30.4,0.1
ladiablalv.com,brand/retail,99,926,0.0,48.1,0.2
konmari.com,brand/retail,2,926,0.0,7.0,0.8
coversandall.com,brand/retail,4,925,0.0,14.8,1.6
homegrownhomesewn.com,brand/retail,4,924,0.0,57.0,0.0
rockingchairquilts.com,brand/retail,7,923,0.0,16.9,2.6
foter.com,brand/retail,54,921,0.0,23.1,4.6
tlycblog.com,brand/retail,6,921,0.0,12.8,2.1
linenandcloth.com,brand/retail,7,917,0.0,11.7,3.8
oneaffirmation.com,brand/retail,12,913,0.0,20.1,4.6
countryvillageshoppe.com,brand/retail,20,906,0.0,27.2,2.1
imbho.com,brand/retail,4,904,0.0,6.2,2.0
azazie.com,brand/retail,39,903,0.0,24.9,3.0
tarpsnow.com,brand/retail,2,903,0.0,5.5,1.1
califabrics.com,brand/retail,5,903,0.0,18.0,1.8
oxiclean.com,brand/retail,3,901,0.0,5.0,1.8
windsorstore.com,brand/retail,51,900,0.0,33.7,2.0
photoaffections.com,brand/retail,6,899,0.0,26.3,0.6
paw.com,brand/retail,4,899,0.0,13.8,1.9
americancotton.com,brand/retail,13,898,0.0,21.5,2.8
herrschners.com,brand/retail,6,897,0.0,15.2,0.5
quiltfabrication.com,brand/retail,4,895,0.0,16.2,1.9
kristineinbetween.com,brand/retail,6,894,0.0,19.3,1.1
yellowbrickhome.com,brand/retail,4,893,0.0,12.8,0.9
goesanywhere.com,brand/retail,6,893,0.0,18.0,1.9
rmqm.org,brand/retail,2,888,0.0,8.0,0.8
ameraproducts.com,brand/retail,4,888,0.0,23.5,1.0
dtfsheet.com,brand/retail,2,888,0.0,14.0,1.0
noskidding.com,brand/retail,26,887,0.0,20.5,5.0
fashionnova.com,brand/retail,104,886,0.0,43.2,1.4
asaplinen.com,brand/retail,1,886,0.0,32.0,0.9
faire.com,brand/retail,39,884,0.0,26.9,1.9
slipsilkpillowcase.eu,brand/retail,4,883,0.0,4.8,2.5
deltachildren.com,brand/retail,29,882,0.0,23.8,1.9
onuia.com,brand/retail,1,882,0.0,1.0,1.0
fightpfc.com,brand/retail,1,882,0.0,1.0,1.0
premiercopperproducts.com,brand/retail,1,882,0.0,1.0,1.0
baseball-reference.com,brand/retail,1,882,0.0,1.0,1.0
graduationsource.com,brand/retail,1,882,0.0,1.0,1.0
sawdustsisters.com,brand/retail,1,882,0.0,1.0,1.0
caliquiltco.com,brand/retail,1,882,0.0,1.0,1.0
petapixel.com,brand/retail,1,882,0.0,1.0,1.0
ecarpetgallery.com,brand/retail,1,882,0.0,1.0,1.0
sherwin-williams.com,brand/retail,1,882,0.0,1.0,1.0
lifescomfort.com,brand/retail,1,882,0.0,1.0,1.0
sewvacauthority.com,brand/retail,1,882,0.0,1.0,1.0
kovifabrics.com,brand/retail,2,882,0.0,1.0,2.0
mathishome.com,brand/retail,23,881,0.0,29.7,1.6
design-craft.com,brand/retail,2,881,0.0,9.5,0.6
handwritingpractice.net,brand/retail,3,878,0.0,4.7,1.9
pressbooks.cuny.edu,brand/retail,2,877,0.0,10.0,0.2
softiespjs.com,brand/retail,42,876,0.0,33.6,4.9
mysleepscience.com,brand/retail,1,875,0.0,2.0,0.9
holdthemagic.com,brand/retail,1,875,0.0,2.0,0.9
mypetsies.com,brand/retail,1,875,0.0,2.0,0.9
stencilease.com,brand/retail,1,875,0.0,2.0,0.9
quiltandco.com,brand/retail,1,875,0.0,2.0,0.9
thesmartbaker.com,brand/retail,1,875,0.0,2.0,0.9
thebedroomstore.com,brand/retail,1,875,0.0,2.0,0.9
oreateai.com,brand/retail,36,874,0.0,43.8,0.2
tempurpedictoppers.com,brand/retail,3,874,0.0,10.0,1.4
nadinestay.com,brand/retail,4,872,0.0,4.5,2.6
madamsew.com,brand/retail,12,871,0.0,20.5,0.3
telegraph.co.uk,brand/retail,54,871,0.0,33.4,1.3
hostandhome.com,brand/retail,10,869,0.0,24.5,0.5
threadart.com,brand/retail,14,867,0.0,25.4,2.0
linguee.com,brand/retail,3,860,0.0,32.3,0.7
gathered.how,brand/retail,44,859,0.0,23.8,1.3
drinkpod.com,brand/retail,2,859,0.0,1.5,1.9
manhattanrugs.com,brand/retail,2,859,0.0,2.0,1.8
beddley.com,brand/retail,30,858,0.0,33.8,2.1
dreamalittlebigger.com,brand/retail,6,856,0.0,13.3,1.4
texas-standard.com,brand/retail,2,856,0.0,3.0,1.6
wyldflowercrochet.com,brand/retail,2,855,0.0,2.5,1.7
shop.japanobjects.com,brand/retail,6,852,0.0,13.5,1.1
livegrund.com,brand/retail,12,852,0.0,19.2,3.7
unwind.studio,brand/retail,2,851,0.0,5.0,1.2
cocoandlolas.com,brand/retail,4,851,0.0,5.2,2.8
onlinefabricstore.com,brand/retail,23,850,0.0,30.6,1.6
clothworks.com,brand/retail,3,849,0.0,28.3,1.1
cataloniastore.com,brand/retail,25,849,0.0,20.2,3.4
girlknowstech.com,brand/retail,1,849,0.0,5.0,0.6
shopemmies.com,brand/retail,1,849,0.0,5.0,0.6
buzzfeednews.com,brand/retail,1,849,0.0,5.0,0.6
enlightenedequipment.com,brand/retail,3,849,0.0,5.0,1.9
sewwhatwyandotte.com,brand/retail,4,848,0.0,39.8,0.0
pensacolafabricworks.com,brand/retail,4,848,0.0,60.0,0.0
travelrest.net,brand/retail,14,848,0.0,27.1,1.6
costamesapt.com,brand/retail,3,848,0.0,8.0,1.4
aroyalquiltshoppe.com,brand/retail,2,847,0.0,28.5,0.1
quiltlizzyjax.com,brand/retail,2,847,0.0,47.0,0.1
hapticlab.com,brand/retail,1,847,0.0,7.0,0.4
yumerest.com,brand/retail,13,845,0.0,17.4,3.3
turmerry.com,brand/retail,63,843,0.0,32.8,1.9
patchworkposse.com,brand/retail,26,840,0.0,31.4,1.3
spinlife.com,brand/retail,7,839,0.0,22.0,0.2
homeofwool.com,brand/retail,14,838,0.0,23.6,1.9
cjdesignblog.com,brand/retail,11,836,0.0,19.8,1.2
energypelletsamerica.com,brand/retail,3,836,0.0,2.3,2.6
365daysofdana.com,brand/retail,2,835,0.0,4.0,1.4
leilagardunia.com,brand/retail,4,835,0.0,8.5,1.6
flawlessfacepillow.com,brand/retail,3,834,0.0,3.0,2.4
resurfacesolutions.com,brand/retail,10,833,0.0,9.8,5.0
outerknown.com,brand/retail,2,828,0.0,3.5,1.5
wordhippo.com,brand/retail,3,826,0.0,11.7,0.8
endlessrose.com,brand/retail,3,826,0.0,18.3,1.8
pollybarks.com,brand/retail,2,825,0.0,5.5,1.1
sigonimacaroni.com,brand/retail,11,825,0.0,12.8,2.6
wolfandbadger.com,brand/retail,78,823,0.0,32.1,1.2
jenniferadams.com,brand/retail,8,821,0.0,29.4,1.1
kristinblandforddesigns.com,brand/retail,15,820,0.0,25.6,1.5
jeromes.com,brand/retail,4,819,0.0,27.2,0.0
nala.ie,brand/retail,2,819,0.0,3.0,1.6
mollyandmama.com.au,brand/retail,5,818,0.0,7.6,1.8
bed-lam.com,brand/retail,6,818,0.0,14.8,3.1
fabricwarehouse.com,brand/retail,6,817,0.0,41.7,0.7
allfreecrochetafghanpatterns.com,brand/retail,5,816,0.0,16.2,1.1
gelpro.com,brand/retail,6,816,0.0,5.7,3.5
lindas.com,brand/retail,9,811,0.0,18.8,1.4
cottonandjoy.com,brand/retail,9,808,0.0,18.7,0.5
shop.ergomotion.com,brand/retail,2,808,0.0,5.0,1.2
grohe.us,brand/retail,4,808,0.0,7.2,2.0
protowels.com,brand/retail,5,808,0.0,14.4,2.0
shop-foglinen.com,brand/retail,4,807,0.0,7.0,1.6
bucklemecoats.com,brand/retail,2,804,0.0,4.0,1.4
cambridgeuncommon.com,brand/retail,2,802,0.0,31.0,0.8
bridaltablecloths.com,brand/retail,4,802,0.0,16.8,1.1
merrymaids.com,brand/retail,7,802,0.0,13.9,2.6
plankroad.com,brand/retail,21,799,0.0,26.1,2.5
hotelsupplydepot.com,brand/retail,2,798,0.0,16.5,0.7
colinandfinn.com,brand/retail,5,798,0.0,12.2,1.3
arts.gov,brand/retail,1,797,0.0,4.0,0.7
mibocadentistry.com,brand/retail,1,797,0.0,4.0,0.7
shop.travelyosemite.com,brand/retail,1,797,0.0,4.0,0.7
store.ricksteves.com,brand/retail,3,797,0.0,2.7,2.5
performancehealth.com,brand/retail,25,793,0.0,22.8,3.8
serenityquiltshop.com,brand/retail,2,792,0.0,29.0,0.1
thecut.com,brand/retail,8,792,0.0,19.2,1.7
birchliving.com,brand/retail,8,791,0.0,19.4,1.8
ownkoti.com,brand/retail,14,790,0.0,34.7,1.4
tsarcarpets.com,brand/retail,4,790,0.0,5.0,2.4
officecrave.com,brand/retail,10,790,0.0,22.9,2.0
doona.com,brand/retail,2,790,0.0,1.0,2.0
sdsmanager.com,brand/retail,1,788,0.0,3.0,0.8
burritoblanket.com,brand/retail,1,788,0.0,3.0,0.8
contourmd.com,brand/retail,1,788,0.0,3.0,0.8
lindystitches.com,brand/retail,1,788,0.0,3.0,0.8
kaomisleep.com,brand/retail,1,788,0.0,3.0,0.8
tshirtquilts.com,brand/retail,1,788,0.0,3.0,0.8
athriftynotion.com,brand/retail,4,787,0.0,33.5,0.1
cleanhealthyliving.net,brand/retail,3,787,0.0,15.3,0.9
zipitbedding.com,brand/retail,8,787,0.0,3.6,5.9
momo-lifestyle.com,brand/retail,4,786,0.0,18.2,0.3
mansfieldschools.org,brand/retail,2,784,0.0,6.5,0.9
finelinens.com,brand/retail,26,784,0.0,18.6,3.8
cindwoodlooms.com,brand/retail,2,784,0.0,3.5,1.5
katabaticgear.com,brand/retail,2,784,0.0,1.5,1.9
healthierhomes.com,brand/retail,12,783,0.0,26.6,1.3
melaniekham.com,brand/retail,10,783,0.0,13.0,2.7
thekitchn.com,brand/retail,6,781,0.0,16.5,1.2
abcmouse.com,brand/retail,9,780,0.0,23.4,1.8
support.fabrics-store.com,brand/retail,2,778,0.0,2.0,1.8
leatherhidestore.com,brand/retail,1,777,0.0,4.5,1.3
peelaways.com,brand/retail,4,777,0.0,6.5,2.8
bearcreekquiltingcompany.com,brand/retail,12,776,0.0,29.8,0.7
love-sew.com,brand/retail,7,776,0.0,19.1,1.3
pacificcoast.com,brand/retail,2,774,0.0,8.5,0.5
arthritis.org,brand/retail,10,772,0.0,15.9,0.5
studenthandouts.com,brand/retail,2,772,0.0,3.5,1.5
authenticity50.com,brand/retail,5,772,0.0,21.2,2.0
kassatex.com,brand/retail,5,772,0.0,8.4,2.4
materialgirlquilts.com,brand/retail,3,771,0.0,23.3,1.0
tablewraps.com,brand/retail,5,771,0.0,12.8,1.4
tarasartoria.com,brand/retail,12,770,0.0,21.0,2.8
ferodo.com,brand/retail,2,769,0.0,3.0,1.6
retailmenot.com,brand/retail,29,768,0.0,28.7,0.4
quiltedjoy.com,brand/retail,7,766,0.0,30.0,0.4
gequiltdesigns.com,brand/retail,8,765,0.0,17.0,2.5
fabricresource.com,brand/retail,5,764,0.0,30.6,0.5
fenwickfabrics.com,brand/retail,3,762,0.0,30.3,0.1
buttermilkbasin.com,brand/retail,2,762,0.0,7.5,1.0
comfydown.com,brand/retail,4,762,0.0,9.5,1.9
thymes.com,brand/retail,2,760,0.0,2.5,1.7
memoriesbytheyard.com,brand/retail,3,759,0.0,36.7,0.1
ballarddesigns.com,brand/retail,57,758,0.0,31.9,1.9
fashionwindowtreatments.com,brand/retail,4,758,0.0,11.8,1.1
sidneysleep.com,brand/retail,6,758,0.0,19.3,1.9
weallsew.com,brand/retail,7,758,0.0,12.0,1.5
snuggle.com,brand/retail,2,758,0.0,8.5,1.1
higgsandhiggs.com,brand/retail,6,756,0.0,51.2,0.0
charlotteobserver.com,brand/retail,1,756,0.0,14.0,0.1
paulshomefashions.com,brand/retail,16,756,0.0,19.4,3.2
rawganique.com,brand/retail,25,755,0.0,23.1,2.3
iseefabric.com,brand/retail,10,754,0.0,26.3,2.5
community.sleepdoctor.com,brand/retail,7,753,0.0,11.1,1.0
ezable.com,brand/retail,6,753,0.0,14.8,1.0
oliveandcrate.com,brand/retail,12,752,0.0,35.2,1.5
the-katha.com,brand/retail,2,752,0.0,7.0,0.9
beddingbag.com,brand/retail,30,750,0.0,42.1,0.8
sleepline.com,brand/retail,6,750,0.0,50.8,0.1
hipaa.uams.edu,brand/retail,1,750,0.0,6.0,0.5
urbandictionary.com,brand/retail,3,748,0.0,18.7,1.1
katiegetscreative.com,brand/retail,4,747,0.0,6.5,1.9
doctorbutlers.com,brand/retail,2,745,0.0,3.0,1.6
naplab.com,brand/retail,9,742,0.0,13.9,2.3
massagewarehouse.com,brand/retail,26,741,0.0,26.3,2.9
flobeds.com,brand/retail,4,741,0.0,5.2,2.4
zoro.com,brand/retail,12,740,0.0,31.4,0.1
thequiltshack.com,brand/retail,3,740,0.0,27.0,0.1
mymassagepillow.com,brand/retail,2,739,0.0,2.5,1.7
djerfavenue.com,brand/retail,10,738,0.0,14.2,2.5
cottonfabric.com,brand/retail,7,737,0.0,44.4,0.0
musicnotes.com,brand/retail,3,737,0.0,14.3,1.8
nathosp.com,brand/retail,12,736,0.0,19.7,2.4
milksnob.com,brand/retail,5,736,0.0,10.2,2.6
delmex.com,brand/retail,2,735,0.0,3.5,1.5
customcomfortmattress.com,brand/retail,5,734,0.0,27.4,0.1
broadwayfabrics.com,brand/retail,3,734,0.0,24.3,0.9
versace.com,brand/retail,12,733,0.0,28.1,3.4
pillowperfect.com,brand/retail,8,732,0.0,18.2,2.4
parade.com,brand/retail,19,731,0.0,28.2,2.6
majesticwaterspouts.com,brand/retail,1,730,0.0,1.0,1.0
allswelll.com,brand/retail,1,730,0.0,1.0,1.0
mvmisleep.com,brand/retail,1,730,0.0,1.0,1.0
theleatherguy.org,brand/retail,1,730,0.0,1.0,1.0
us.louisvuitton.com,brand/retail,1,730,0.0,1.0,1.0
stokke.com,brand/retail,1,730,0.0,1.0,1.0
marshmalloo.com,brand/retail,1,730,0.0,1.0,1.0
thecomfortrevolution.com,brand/retail,1,730,0.0,1.0,1.0
pillowslides.com,brand/retail,1,730,0.0,1.0,1.0
simplehuman.com,brand/retail,1,730,0.0,1.0,1.0
mexicaliblues.com,brand/retail,1,730,0.0,1.0,1.0
sewsteady.com,brand/retail,1,730,0.0,1.0,1.0
edhardyoriginals.com,brand/retail,1,730,0.0,1.0,1.0
winstoncollection.com,brand/retail,1,730,0.0,1.0,1.0
nationalbalsa.com,brand/retail,1,730,0.0,1.0,1.0
therugcompany.com,brand/retail,1,730,0.0,1.0,1.0
pillowguy.com,brand/retail,1,730,0.0,1.0,1.0
finalparsec.com,brand/retail,1,730,0.0,1.0,1.0
clubfugazisf.com,brand/retail,1,730,0.0,1.0,1.0
tombolocompany.com,brand/retail,1,730,0.0,1.0,1.0
pariaoutdoorproducts.com,brand/retail,1,730,0.0,1.0,1.0
bellamihair.com,brand/retail,1,730,0.0,1.0,1.0
cdc.gov,brand/retail,1,730,0.0,1.0,1.0
soqs.org,brand/retail,1,730,0.0,1.0,1.0
excel.cloud.microsoft,brand/retail,1,730,0.0,1.0,1.0
woolino.com,brand/retail,18,729,0.0,23.4,2.5
forestlandlinen.com,brand/retail,5,728,0.0,20.6,0.5
healthproductsforyou.com,brand/retail,40,728,0.0,32.8,1.7
buyfabrics.com,brand/retail,4,726,0.0,67.5,0.0
biglovie.com,brand/retail,4,725,0.0,12.2,2.0
thefabrichut.com,brand/retail,12,724,0.0,33.2,1.0
epidastudio.com,brand/retail,8,724,0.0,13.8,2.0
industrialmetalsupply.com,brand/retail,2,724,0.0,2.5,1.7
nakedlab.com,brand/retail,5,723,0.0,12.2,0.9
pwrphysio.com,brand/retail,11,722,0.0,14.8,1.2
azquilts.com,brand/retail,2,722,0.0,28.0,0.3
spoonfulofcomfort.com,brand/retail,2,722,0.0,14.0,0.4
jukiquilting.com,brand/retail,3,722,0.0,10.0,0.6
onekingslane.com,brand/retail,16,722,0.0,14.6,3.9
fabric406.com,brand/retail,18,720,0.0,23.3,1.5
hellomiz.com,brand/retail,3,719,0.0,11.3,0.2
sqtmuseum.org,brand/retail,2,719,0.0,6.5,0.9
quiltworksabq.com,brand/retail,2,716,0.0,29.0,0.1
fadfay.com,brand/retail,30,716,0.0,36.7,0.7
owlanddrum.com,brand/retail,3,715,0.0,44.7,0.0
spiffyspools.com,brand/retail,4,715,0.0,14.5,1.0
wanderingthreadsembroidery.com,brand/retail,3,715,0.0,5.7,1.6
yogibo.com,brand/retail,3,714,0.0,3.7,2.2
orezon.co,brand/retail,16,713,0.0,33.6,0.2
canr.msu.edu,brand/retail,2,713,0.0,4.5,1.3
uprootclean.com,brand/retail,1,713,0.0,2.0,0.9
vintageluxeup.com,brand/retail,1,713,0.0,2.0,0.9
fosmon.com,brand/retail,1,713,0.0,2.0,0.9
knots-studio.com,brand/retail,1,713,0.0,2.0,0.9
neckhaven.store,brand/retail,1,713,0.0,2.0,0.9
shiprocksantafe.com,brand/retail,1,713,0.0,2.0,0.9
totterandtumble.com,brand/retail,1,713,0.0,2.0,0.9
butlerspecialty.net,brand/retail,1,713,0.0,2.0,0.9
autismparentingmagazine.com,brand/retail,1,713,0.0,2.0,0.9
errandup.com,brand/retail,1,713,0.0,2.0,0.9
rotometals.com,brand/retail,1,713,0.0,2.0,0.9
needlework-tips-and-techniques.com,brand/retail,1,713,0.0,2.0,0.9
bbjlinen.com,brand/retail,1,713,0.0,2.0,0.9
keller-na.com,brand/retail,1,713,0.0,2.0,0.9
labelsbythesheet.com,brand/retail,1,713,0.0,2.0,0.9
donahona.com,brand/retail,11,712,0.0,30.2,0.2
vitafutura.com,brand/retail,48,709,0.0,23.6,1.6
primitivestarquiltshop.com,brand/retail,14,708,0.0,28.7,1.6
robesnmore.com,brand/retail,22,708,0.0,29.6,2.4
blankslate.io,brand/retail,2,708,0.0,3.0,1.6
alliedbrass.com,brand/retail,3,706,0.0,7.0,2.0
nps.gov,brand/retail,6,702,0.0,10.2,1.2
zazzle.com,brand/retail,44,701,0.0,21.2,2.9
blackforestdecor.com,brand/retail,6,701,0.0,6.8,2.5
substack.com,brand/retail,3,701,0.0,3.0,2.4
theory.com,brand/retail,15,699,0.0,24.9,3.6
quiltersparadiseesc.com,brand/retail,2,699,0.0,1.0,2.0
thehomesihavemade.com,brand/retail,3,698,0.0,10.3,1.0
pillowflex.com,brand/retail,10,698,0.0,18.5,2.7
makeanddocrew.com,brand/retail,31,697,0.0,24.6,1.2
us.whogivesacrap.org,brand/retail,2,697,0.0,1.5,1.9
mushie.com,brand/retail,7,696,0.0,13.1,2.7
boncharge.com,brand/retail,1,694,0.0,5.0,0.6
heritagesteel.us,brand/retail,1,694,0.0,5.0,0.6
barnquiltsmn.org,brand/retail,1,694,0.0,5.0,0.6
amagicalmess.com,brand/retail,1,694,0.0,5.0,0.6
sharonsatticquiltshop.com,brand/retail,3,693,0.0,51.0,0.0
thequilttree.com,brand/retail,3,693,0.0,62.0,0.0
cottonwoodquiltshop.com,brand/retail,3,693,0.0,65.7,0.0
everydayhealth.com,brand/retail,12,693,0.0,38.8,1.6
everlastingcomfort.com,brand/retail,16,691,0.0,20.8,0.9
shopmy.us,brand/retail,39,688,0.0,51.9,0.2
carolinacoops.com,brand/retail,2,687,0.0,2.5,1.7
onlycurls.com,brand/retail,7,686,0.0,30.0,1.8
thresholdbuy.com,brand/retail,3,685,0.0,8.0,1.5
katecollerandesigns.com,brand/retail,4,683,0.0,10.0,1.8
campingworld.com,brand/retail,4,683,0.0,4.5,2.6
red-equipment.us,brand/retail,5,682,0.0,3.6,3.7
avetcoinc.com,brand/retail,2,681,0.0,3.0,1.6
heathertaylorhome.com,brand/retail,4,678,0.0,12.5,1.8
ulta.com,brand/retail,13,678,0.0,12.7,4.4
home.woot.com,brand/retail,16,677,0.0,45.4,0.0
homedics.com,brand/retail,4,675,0.0,8.5,2.2
bdtailormade.com,brand/retail,18,675,0.0,23.8,3.2
musescore.com,brand/retail,3,675,0.0,12.7,1.8
theethicalsilkco.com,brand/retail,8,674,0.0,24.9,2.0
lunderg.com,brand/retail,3,673,0.0,9.0,1.2
ssys.com,brand/retail,6,673,0.0,5.7,3.6
totallypromotional.com,brand/retail,7,672,0.0,17.0,1.5
spirithalloween.com,brand/retail,18,672,0.0,11.4,5.2
alibaba.com,brand/retail,152,668,0.0,39.3,0.7
shop.poosh.com,brand/retail,3,668,0.0,4.3,2.0
pulse.berklee.edu,brand/retail,2,667,0.0,3.0,1.6
merch.acidbathofficial.com,brand/retail,2,666,0.0,1.0,2.0
innstyle.com,brand/retail,37,665,0.0,31.8,0.7
sewyeahquilting.com,brand/retail,5,664,0.0,35.8,0.0
thatcrochetlife.com,brand/retail,8,663,0.0,22.2,1.2
johnlewis.com,brand/retail,55,662,0.0,36.4,1.1
merlinshideout.com,brand/retail,3,661,0.0,3.7,2.2
ameswalker.com,brand/retail,3,660,0.0,6.7,1.6
fayettevillefurnituregallery.com,brand/retail,5,659,0.0,10.0,1.7
mag.wcoomd.org,brand/retail,2,658,0.0,2.5,1.7
matstores.com,brand/retail,6,654,0.0,25.8,1.6
discountmagnet.com,brand/retail,2,653,0.0,4.5,1.3
onegoodthingbyjillee.com,brand/retail,6,653,0.0,15.8,1.8
zonlihome.com,brand/retail,2,653,0.0,8.5,0.9
mountainhighoutfitters.com,brand/retail,2,652,0.0,19.0,0.1
guide.michelin.com,brand/retail,1,652,0.0,8.0,0.3
mountaincreekquilters.com,brand/retail,1,652,0.0,4.0,0.7
beebeedesigns.com,brand/retail,2,652,0.0,5.0,1.2
benjaminmoore.com,brand/retail,2,652,0.0,4.0,1.4
decoteak.com,brand/retail,9,652,0.0,13.9,2.2
backcountry.com,brand/retail,11,650,0.0,22.5,0.3
hhqsewingcenter.com,brand/retail,1,649,0.0,13.0,0.1
stitchersquest.com,brand/retail,1,649,0.0,13.0,0.1
quiltcornerstudio.com,brand/retail,1,649,0.0,13.0,0.1
skil-care.com,brand/retail,2,648,0.0,2.0,1.8
aller-ease.com,brand/retail,2,648,0.0,1.5,1.9
foambymail.com,brand/retail,9,646,0.0,17.0,1.5
theminkyblanket.com,brand/retail,2,645,0.0,8.5,0.5
allsetthealth.com,brand/retail,21,645,0.0,28.8,1.7
bakerssecret.com,brand/retail,2,643,0.0,21.0,0.5
cadenlane.com,brand/retail,16,643,0.0,23.2,2.7
shop.hanrousa.com,brand/retail,2,643,0.0,13.0,0.8
uprinting.com,brand/retail,3,643,0.0,7.0,1.5
smithyhomecouture.com,brand/retail,9,643,0.0,15.8,2.4
swobbit.com,brand/retail,1,642,0.0,3.0,0.8
template.wps.com,brand/retail,1,642,0.0,3.0,0.8
appellate.nccourts.org,brand/retail,1,642,0.0,3.0,0.8
coloringbunny.com,brand/retail,1,642,0.0,3.0,0.8
artmuseum.williams.edu,brand/retail,1,642,0.0,3.0,0.8
thebellacottage.com,brand/retail,1,642,0.0,3.0,0.8
islandimporter.com,brand/retail,10,641,0.0,13.0,3.0
hunker.com,brand/retail,14,641,0.0,46.0,0.4
adventurealan.com,brand/retail,4,641,0.0,13.0,2.2
kingsize.com,brand/retail,48,639,0.0,28.0,2.1
theneighborgoods.com,brand/retail,2,639,0.0,8.0,1.1
anayahome.com,brand/retail,7,638,0.0,12.1,1.6
carhartt.com,brand/retail,5,637,0.0,21.4,2.0
sachiorganics.com,brand/retail,4,636,0.0,15.0,2.0
catalystaustin.com,brand/retail,3,635,0.0,21.0,1.4
everydayyoga.com,brand/retail,2,635,0.0,3.5,1.5
dfhealthybedding.com,brand/retail,6,633,0.0,50.2,0.0
oliviavonhalle.com,brand/retail,17,631,0.0,21.5,3.5
shop.crackerbarrel.com,brand/retail,19,631,0.0,25.4,2.1
sanrio.com,brand/retail,8,627,0.0,8.1,3.2
poetryfashion.com,brand/retail,5,627,0.0,10.8,2.5
pavilions.com,brand/retail,4,624,0.0,13.8,0.8
egohome.com,brand/retail,17,624,0.0,22.8,0.3
missionallergy.com,brand/retail,5,624,0.0,15.6,0.7
fabricdirect.com,brand/retail,9,623,0.0,46.0,0.0
timbercreekmercantile.com,brand/retail,7,619,0.0,12.7,2.9
wellnessmats.com,brand/retail,5,618,0.0,17.6,1.2
floridaquiltnetwork.com,brand/retail,3,617,0.0,43.3,0.0
myquiltingloft.myshopify.com,brand/retail,3,617,0.0,66.0,0.0
foodnetwork.com,brand/retail,5,617,0.0,16.4,1.0
sewwithlaura.com,brand/retail,1,616,0.0,14.0,0.1
babybub.com,brand/retail,8,616,0.0,25.0,0.3
bedplanet.com,brand/retail,3,616,0.0,26.3,0.5
blanksheetmusic.net,brand/retail,2,616,0.0,2.0,1.8
aulitfinelinens.com,brand/retail,38,614,0.0,31.2,0.9
us.katthelabel.com,brand/retail,14,614,0.0,28.7,1.8
mattressmiracle.ca,brand/retail,16,614,0.0,42.7,0.7
fundacionblazer.org,brand/retail,15,613,0.0,47.6,0.0
static.musictheory.net,brand/retail,3,613,0.0,3.3,2.3
le-jacquard-francais.com,brand/retail,1,612,0.0,6.0,0.5
drsnooze.com,brand/retail,4,612,0.0,18.8,0.7
stoneberry.com,brand/retail,7,611,0.0,33.7,0.1
crochet.com,brand/retail,9,611,0.0,22.8,1.6
downinc.com,brand/retail,15,610,0.0,26.4,0.9
fax.plus,brand/retail,2,609,0.0,8.5,0.5
muslincomfort.com,brand/retail,3,609,0.0,7.0,1.8
law.indiana.libguides.com,brand/retail,1,608,0.0,9.0,0.2
lovedbaby.com,brand/retail,1,608,0.0,9.0,0.2
leesa.com,brand/retail,2,607,0.0,11.5,0.8
dusendusen.com,brand/retail,4,607,0.0,8.8,1.9
watermillexpress.com,brand/retail,3,606,0.0,47.0,0.0
heveaplanet.com,brand/retail,5,604,0.0,17.6,1.2
leahday.com,brand/retail,14,602,0.0,21.9,1.4
shannonfraserdesigns.ca,brand/retail,2,601,0.0,6.0,1.0
showerofcurtains.com,brand/retail,20,600,0.0,23.4,0.6
coteriebrooklyn.com,brand/retail,17,600,0.0,29.1,2.8
dobell.com,brand/retail,26,600,0.0,26.9,4.1
kirrinfinch.com,brand/retail,3,599,0.0,3.0,2.4
fabric-fabric.com,brand/retail,5,598,0.0,50.0,0.0
norwex.com,brand/retail,5,598,0.0,27.6,1.2
linensalvage.com,brand/retail,4,597,0.0,8.5,2.6
giantex.com,brand/retail,4,595,0.0,8.5,2.0
quiltershq.com,brand/retail,2,594,0.0,23.5,0.1
nutsandboltsfabric.com,brand/retail,2,594,0.0,4.0,1.4
chiroflow.com,brand/retail,2,594,0.0,2.5,1.7
mykitchenandbath.com,brand/retail,2,593,0.0,17.5,0.6
aloha-nutrition.com,brand/retail,2,593,0.0,4.0,1.4
pajamagram.com,brand/retail,6,593,0.0,12.2,2.4
aran.com,brand/retail,2,593,0.0,5.0,1.2
homegoods.com,brand/retail,14,592,0.0,48.6,1.1
matadorequipment.com,brand/retail,2,591,0.0,26.0,0.3
hippainhelp.com,brand/retail,2,591,0.0,3.5,1.5
contourproducts.com,brand/retail,4,590,0.0,7.8,1.8
liberator.com,brand/retail,3,590,0.0,34.3,0.9
angelcarebaby.com,brand/retail,2,589,0.0,11.5,1.0
nursejamie.com,brand/retail,2,589,0.0,9.0,1.0
montgomerycountypa.gov,brand/retail,2,588,0.0,9.0,0.4
guestsupply.com,brand/retail,7,587,0.0,19.9,1.6
bedgear.com,brand/retail,19,585,0.0,25.2,1.5
rollingstone.com,publisher,28,585,0.0,29.4,3.1
forum.mattressunderground.com,brand/retail,23,584,0.0,32.4,1.3
funnyfuzzy.com,brand/retail,10,584,0.0,17.9,1.6
menshealth.com,brand/retail,20,584,0.0,30.4,1.4
showerrods.com,brand/retail,6,584,0.0,19.3,0.2
beaufortccc.edu,brand/retail,1,583,0.0,2.0,0.9
dope.gallery,brand/retail,1,583,0.0,2.0,0.9
thesweetspotpillow.com,brand/retail,1,583,0.0,2.0,0.9
bluemountainhay.com,brand/retail,1,583,0.0,2.0,0.9
customtowelsnow.com,brand/retail,1,583,0.0,2.0,0.9
towelsandblankets.com,brand/retail,1,583,0.0,2.0,0.9
ourkindra.com,brand/retail,1,583,0.0,2.0,0.9
thegamer.com,brand/retail,1,583,0.0,2.0,0.9
secondskinaudio.com,brand/retail,1,583,0.0,2.0,0.9
hookandloom.com,brand/retail,1,583,0.0,2.0,0.9
mayatex.com,brand/retail,1,583,0.0,2.0,0.9
bigskyquilts.com,brand/retail,1,583,0.0,2.0,0.9
finfunmermaid.com,brand/retail,1,583,0.0,2.0,0.9
snugglewarm.com,brand/retail,2,582,0.0,19.5,1.0
oprahdaily.com,brand/retail,41,581,0.0,39.1,1.2
beyondbeds.com,brand/retail,11,580,0.0,46.5,0.0
newsobserver.com,brand/retail,1,580,0.0,16.0,0.1
heyrowan.com,brand/retail,2,580,0.0,3.0,1.6
yawnder.com,brand/retail,48,579,0.0,42.5,0.2
baytowel.com,brand/retail,2,579,0.0,6.0,1.0
linenhouse.co.nz,brand/retail,2,578,0.0,57.0,0.0
myalpaca-luxurycraft.com,brand/retail,2,578,0.0,61.5,0.0
peekaboopatternshop.com,brand/retail,4,578,0.0,10.0,0.8
aldi.us,brand/retail,2,578,0.0,15.0,1.0
bestbath.com,brand/retail,1,578,0.0,1.0,1.0
betseyjohnsonbedding.com,brand/retail,1,578,0.0,1.0,1.0
thepineconehill.com,brand/retail,1,578,0.0,1.0,1.0
mauiquiltshop.com,brand/retail,1,578,0.0,1.0,1.0
solventum.com,brand/retail,1,578,0.0,1.0,1.0
southerngeosupplyllc.com,brand/retail,1,578,0.0,1.0,1.0
barnwoodusa.com,brand/retail,1,578,0.0,1.0,1.0
alwayshomeconnected.com,brand/retail,1,578,0.0,1.0,1.0
us.bbhugme.com,brand/retail,1,578,0.0,1.0,1.0
bedfans-usa.com,brand/retail,1,578,0.0,1.0,1.0
skinandme.com,brand/retail,1,578,0.0,1.0,1.0
images.pcmac.org,brand/retail,1,578,0.0,1.0,1.0
titleboxing.com,brand/retail,1,578,0.0,1.0,1.0
wordfinder.yourdictionary.com,brand/retail,1,578,0.0,1.0,1.0
sabsstuffies.com,brand/retail,1,578,0.0,1.0,1.0
shop.dc.com,brand/retail,1,578,0.0,1.0,1.0
papersplease.fandom.com,brand/retail,1,578,0.0,1.0,1.0
ucanr.edu,brand/retail,1,578,0.0,1.0,1.0
mosaicweightedblankets.com,brand/retail,13,577,0.0,23.7,1.1
cabinplace.com,brand/retail,25,576,0.0,28.0,2.6
shopterrain.com,brand/retail,3,576,0.0,18.0,0.9
canadiandownandfeather.com,brand/retail,5,575,0.0,20.8,1.4
kohlershowers.com,brand/retail,4,574,0.0,19.8,0.5
dnkmobile.com,brand/retail,8,574,0.0,16.0,2.7
loulouandcompany.com,brand/retail,5,572,0.0,12.6,2.4
supercoloring.com,brand/retail,4,572,0.0,6.2,2.1
moonlightquilters.com,brand/retail,3,570,0.0,37.0,0.0
cpaptalk.com,brand/retail,4,570,0.0,30.0,0.1
terrytown.com,brand/retail,16,569,0.0,28.8,2.2
independentliving.com,brand/retail,2,569,0.0,3.5,1.5
rockymountainhardware.com,brand/retail,1,568,0.0,7.0,0.4
cascadedesigns.com,brand/retail,3,568,0.0,8.7,1.7
geesbendquiltingretreats.com,brand/retail,1,567,0.0,5.0,0.6
westernsleepsolutions.com,brand/retail,1,567,0.0,5.0,0.6
lambandloomfabrics.com,brand/retail,1,567,0.0,5.0,0.6
pioneerquiltshop.com,brand/retail,2,566,0.0,23.0,0.2
madewell.com,brand/retail,37,566,0.0,32.5,2.1
featherstitchny.com,brand/retail,5,566,0.0,10.6,2.3
scottjeffrey.com,brand/retail,4,566,0.0,13.2,0.4
livelinen.us,brand/retail,19,565,0.0,44.9,0.1
bedlinensetc.com,brand/retail,43,565,0.0,34.3,0.2
linenchest.com,brand/retail,26,565,0.0,43.1,1.0
indeed.com,brand/retail,3,564,0.0,5.7,1.6
beehivequiltshop.com,brand/retail,4,564,0.0,18.0,1.3
supplyleader.com,brand/retail,45,563,0.0,38.4,0.2
popsugar.com,brand/retail,14,563,0.0,49.7,0.7
knots3d.com,brand/retail,2,562,0.0,4.5,1.3
hvmag.com,brand/retail,1,561,0.0,15.0,0.1
towelhub.com,brand/retail,21,561,0.0,22.2,2.8
inthegardenandmore.com,brand/retail,2,561,0.0,2.5,1.7
popshelf.com,brand/retail,16,560,0.0,34.2,0.1
weddingwire.com,brand/retail,4,560,0.0,18.2,0.9
universalstandard.com,brand/retail,7,560,0.0,23.1,1.9
lessontutor.com,brand/retail,1,559,0.0,10.0,0.1
davidsbridal.com,brand/retail,42,559,0.0,28.0,2.0
marketonoak.shop,brand/retail,4,559,0.0,11.0,1.1
1800wheelchair.com,brand/retail,13,559,0.0,19.4,1.5
word.tips,brand/retail,3,557,0.0,10.7,0.9
laylasleep.com,brand/retail,9,556,0.0,25.1,1.4
community.sleepfoundation.org,brand/retail,7,556,0.0,12.9,0.7
worldlinen.com,brand/retail,8,556,0.0,28.6,1.1
marianos.com,brand/retail,4,555,0.0,17.5,0.5
sartorbohemia.com,brand/retail,5,555,0.0,30.4,0.7
quiltingquarters.net,brand/retail,2,554,0.0,11.0,0.8
southerntide.com,brand/retail,3,554,0.0,14.7,0.9
tildasworld.com,brand/retail,2,553,0.0,10.5,0.2
cpapsupplies.com,brand/retail,5,552,0.0,12.8,1.8
twingocarrier.com,brand/retail,2,551,0.0,2.0,1.8
sweethomecollection.com,brand/retail,12,550,0.0,21.2,1.0
clrclr.com,brand/retail,4,549,0.0,25.5,1.5
liveartgalleryfabrics.com,brand/retail,8,548,0.0,16.0,1.2
scheels.com,brand/retail,11,548,0.0,29.8,0.2
buybuybaby.bedbathandbeyond.com,brand/retail,7,548,0.0,18.1,0.3
maps.apple.com,brand/retail,13,548,0.0,11.6,2.7
quizlet.com,brand/retail,5,548,0.0,30.2,0.9
en.pons.com,brand/retail,2,546,0.0,8.5,0.5
themomedit.com,brand/retail,5,546,0.0,6.4,2.3
pyleusa.com,brand/retail,14,546,0.0,8.1,5.8
orangemud.com,brand/retail,4,546,0.0,6.2,1.9
lilialessandra.com,brand/retail,12,546,0.0,18.8,2.5
hoogahealth.com,brand/retail,2,544,0.0,6.5,0.9
oatmealfarm-uploads.s3.amazonaws.com,brand/retail,3,543,0.0,33.3,0.0
towelsupercenter.com,brand/retail,12,539,0.0,22.2,2.0
laundrysheets.com,brand/retail,2,539,0.0,13.5,0.8
ispot.tv,brand/retail,8,538,0.0,19.0,0.2
westernpassion.com,brand/retail,3,538,0.0,6.7,1.6
favequilts.com,brand/retail,41,537,0.0,38.2,0.0
heytherehome.com,brand/retail,5,537,0.0,16.6,1.3
thecommense.com,brand/retail,3,537,0.0,4.3,2.0
vecteezy.com,brand/retail,11,537,0.0,12.0,3.5
thefoldline.com,brand/retail,4,536,0.0,25.2,1.6
therobeua.com,brand/retail,19,536,0.0,22.9,4.5
sleepoutfitters.com,brand/retail,12,535,0.0,23.4,0.8
macrobaby.com,brand/retail,11,534,0.0,32.9,0.1
tinystitches.com,brand/retail,3,534,0.0,28.3,0.6
us.framacph.com,brand/retail,1,534,0.0,13.0,0.1
moodygardens.com,brand/retail,1,534,0.0,13.0,0.1
us.alpkit.com,brand/retail,1,534,0.0,4.0,0.7
ors.od.nih.gov,brand/retail,1,534,0.0,4.0,0.7
michaelianhome.com,brand/retail,1,534,0.0,4.0,0.7
hamsterwelfare.com,brand/retail,1,534,0.0,4.0,0.7
suepellanddesigns.com,brand/retail,2,534,0.0,5.5,1.1
seekbamboo.com,brand/retail,2,533,0.0,9.0,1.0
thegranaryquilts.com,brand/retail,3,532,0.0,38.3,0.0
glamixmaternity.com,brand/retail,6,532,0.0,41.7,0.0
quiltique.com,brand/retail,3,532,0.0,43.0,0.0
coolbamboostore.com,brand/retail,11,531,0.0,30.4,0.8
linensnow.com,brand/retail,10,531,0.0,21.3,1.2
linguee.cl,brand/retail,2,531,0.0,28.0,0.5
everlane.com,brand/retail,79,530,0.0,30.9,0.8
bulkofficesupply.com,brand/retail,9,529,0.0,29.9,0.7
shop-jubi.com,brand/retail,5,529,0.0,19.4,1.8
shopskinnyconfidential.com,brand/retail,2,528,0.0,10.5,0.7
keterbathseat.com,brand/retail,1,525,0.0,3.0,0.8
displays2go.com,brand/retail,1,525,0.0,3.0,0.8
elegantlinensandrentals.com,brand/retail,1,525,0.0,3.0,0.8
blackstallion.com,brand/retail,1,525,0.0,3.0,0.8
cuddleclones.com,brand/retail,1,525,0.0,3.0,0.8
inspiredtaste.net,brand/retail,1,525,0.0,3.0,0.8
totalwine.com,brand/retail,1,525,0.0,3.0,0.8
luxurypillows.co,brand/retail,1,525,0.0,3.0,0.8
apexeventrentalsor.com,brand/retail,1,525,0.0,3.0,0.8
shophouzz.com,brand/retail,51,524,0.0,33.8,0.5
greenleaflinens.com,brand/retail,8,523,0.0,30.1,0.1
ezflexmats.com,brand/retail,2,523,0.0,3.5,1.5
blog.bellacococrochet.com,brand/retail,21,522,0.0,24.6,0.7
johnnywas.com,brand/retail,12,522,0.0,28.1,2.4
slowdownstudio.com,brand/retail,6,522,0.0,37.0,1.0
livingcaring.com,brand/retail,4,520,0.0,18.8,0.2
lyst.com,brand/retail,77,520,0.0,33.7,1.7
hudsonchildrenswear.com,brand/retail,3,520,0.0,11.7,1.2
rollerrabbit.com,brand/retail,3,520,0.0,11.7,1.4
us.ohpolly.com,brand/retail,33,519,0.0,34.1,0.5
saybrooksleep.com,brand/retail,2,519,0.0,10.5,1.0
britannica.com,brand/retail,19,519,0.0,27.7,2.0
spinealign.com,brand/retail,2,518,0.0,2.0,1.8
crownlinen.com,brand/retail,2,518,0.0,2.0,1.8
mybestmattress.com,brand/retail,10,517,0.0,54.4,0.0
honeybeequiltstore.com,brand/retail,3,515,0.0,9.3,1.2
context.reverso.net,brand/retail,3,514,0.0,10.7,0.4
us.drowsysleepco.com,brand/retail,3,514,0.0,8.0,1.2
usatoday.com,publisher,17,513,0.0,42.3,0.2
petco.com,brand/retail,5,513,0.0,36.4,1.0
suitshop.com,brand/retail,16,513,0.0,23.9,3.5
heb.com,brand/retail,15,510,0.0,21.2,0.3
keatonquilts.com,brand/retail,4,510,0.0,18.2,0.5
oeko-tex.com,brand/retail,3,508,0.0,4.3,2.0
cloudmattressco.com,brand/retail,5,507,0.0,13.2,1.1
sumissura.com,brand/retail,20,506,0.0,21.6,2.6
jennifermaker.com,brand/retail,3,505,0.0,6.7,1.5
downrightltd.com,brand/retail,4,504,0.0,4.8,2.5
dewoolfsonlinens.com,brand/retail,7,504,0.0,14.0,2.4
oliveandloom.com,brand/retail,4,504,0.0,19.0,1.0
crochetleaf.com,brand/retail,4,502,0.0,20.8,0.1
sleep-yoga.com,brand/retail,11,502,0.0,31.4,0.8
prwe.com,brand/retail,28,501,0.0,60.5,0.0
amishcountrylanes.com,brand/retail,4,501,0.0,8.5,1.1
lavenderfieldsonline.com,brand/retail,12,501,0.0,23.9,1.3
sleep-hero.co.uk,brand/retail,1,500,0.0,6.0,0.5
rattlesnakeridgebarnquilts.com,brand/retail,1,500,0.0,6.0,0.5
grainger.com,brand/retail,15,500,0.0,21.6,2.1
inkpx.com,brand/retail,2,498,0.0,9.5,1.0
castlery.com,brand/retail,9,498,0.0,13.7,3.5
quiltsbyjen.ca,brand/retail,6,497,0.0,20.3,1.3
plateandcompass.com,brand/retail,1,496,0.0,9.0,0.2
creameryinn.com,brand/retail,1,496,0.0,9.0,0.2
brother-usa.com,brand/retail,4,496,0.0,12.5,0.3
antiquefarmhouse.com,brand/retail,25,496,0.0,30.2,1.6
thehumboldtmercantile.com,brand/retail,4,496,0.0,13.8,1.6
yanasleep.com,brand/retail,6,495,0.0,24.8,0.8
superiorthreads.com,brand/retail,3,494,0.0,5.7,1.6
themodernquiltguild.com,brand/retail,2,494,0.0,6.0,1.0
dryrobe.com,brand/retail,3,493,0.0,18.7,0.1
stephanieslinens.com,brand/retail,3,493,0.0,15.0,1.0
printablepaper.net,brand/retail,3,493,0.0,5.0,1.8
sewguide.com,brand/retail,3,493,0.0,24.0,1.0
columbiapikelaundry.com,brand/retail,5,492,0.0,13.6,1.9
spine-health.com,brand/retail,16,491,0.0,21.0,1.5
efax.com,brand/retail,2,491,0.0,8.5,0.5
naturallymakayla.com,brand/retail,2,491,0.0,7.0,0.8
rentalstoremember.com,brand/retail,5,491,0.0,21.6,0.9
medicalsupplypros.com,brand/retail,2,490,0.0,11.0,0.8
marksandspencer.com,brand/retail,60,490,0.0,40.0,0.3
norfolkhardware.com,brand/retail,3,490,0.0,16.3,0.2
roomtery.com,brand/retail,29,489,0.0,27.9,2.3
us.happyfluffycloud.com,brand/retail,2,489,0.0,2.0,1.8
metmuseum.org,brand/retail,5,488,0.0,12.0,1.6
surpluscenter.com,brand/retail,1,486,0.0,1.0,1.0
cowellextrusion.com,brand/retail,1,486,0.0,1.0,1.0
closetcorepatterns.com,brand/retail,1,486,0.0,1.0,1.0
hoodiepillow.com,brand/retail,1,486,0.0,1.0,1.0
bigpillowbrewing.com,brand/retail,1,486,0.0,1.0,1.0
affordablewipers.com,brand/retail,1,486,0.0,1.0,1.0
ecualama.com,brand/retail,1,486,0.0,1.0,1.0
poppyquiltnsew.com,brand/retail,1,486,0.0,1.0,1.0
wholesaleinabox.com,brand/retail,1,486,0.0,1.0,1.0
karensgreencleaning.com,brand/retail,1,486,0.0,1.0,1.0
midcenturymoderngal.com,brand/retail,1,486,0.0,1.0,1.0
usmint.gov,brand/retail,1,486,0.0,1.0,1.0
westlakedimex.com,brand/retail,1,486,0.0,1.0,1.0
patchanddot.com,brand/retail,1,486,0.0,1.0,1.0
jerasjamboree.co.uk,brand/retail,1,486,0.0,1.0,1.0
elizabethhartman.com,brand/retail,1,486,0.0,1.0,1.0
store.usps.com,brand/retail,1,486,0.0,1.0,1.0
sanyorkfairtrade.com,brand/retail,1,486,0.0,1.0,1.0
bohoblanket.com,brand/retail,1,486,0.0,1.0,1.0
quilts.com,brand/retail,1,486,0.0,1.0,1.0
aqualilypad.com,brand/retail,1,486,0.0,1.0,1.0
toadandco.com,brand/retail,1,486,0.0,1.0,1.0
clockify.me,brand/retail,1,486,0.0,1.0,1.0
bradylinen.com,brand/retail,1,486,0.0,1.0,1.0
thesheetnews.com,brand/retail,1,486,0.0,1.0,1.0
lodgecastiron.com,brand/retail,1,486,0.0,1.0,1.0
modernlymorgan.com,brand/retail,3,485,0.0,10.3,0.6
yarnique.com,brand/retail,3,485,0.0,14.3,1.0
snailax.com,brand/retail,7,484,0.0,10.9,2.3
casparionline.com,brand/retail,3,484,0.0,4.0,2.1
jbrulee.com,brand/retail,29,482,0.0,42.3,0.2
vertex42.com,brand/retail,2,482,0.0,14.5,0.7
easyrest.com,brand/retail,12,482,0.0,26.6,1.6
blarney.com,brand/retail,3,482,0.0,10.3,1.0
ask.metafilter.com,brand/retail,9,481,0.0,25.3,0.4
bathdepot.com,brand/retail,6,480,0.0,28.2,0.2
linenandflax.com,brand/retail,8,480,0.0,12.6,2.0
casagear.com,brand/retail,9,479,0.0,27.0,1.0
mom.com,brand/retail,3,478,0.0,27.7,0.3
lofta.com,brand/retail,4,478,0.0,9.2,1.6
temperature-blanket.com,brand/retail,2,478,0.0,3.5,1.5
tablelinenandmore.com,brand/retail,3,477,0.0,19.0,0.9
oldsouthfabrics.com,brand/retail,3,476,0.0,28.0,0.6
originalpenguin.com,brand/retail,2,476,0.0,18.5,0.2
atlantavinylstore.com,brand/retail,2,476,0.0,13.0,0.9
wearlila.com,brand/retail,4,476,0.0,3.5,3.0
furn.com,brand/retail,62,475,0.0,28.2,2.3
dollamur.com,brand/retail,2,475,0.0,5.0,1.2
lineneffects.com,brand/retail,3,475,0.0,7.7,1.1
spaceaidhome.com,brand/retail,4,474,0.0,19.8,0.9
copperpearl.com,brand/retail,8,474,0.0,24.2,1.1
cocoon.at,brand/retail,2,474,0.0,4.0,1.4
refsheet.net,brand/retail,3,474,0.0,4.0,2.1
cinnamonsquilts.com,brand/retail,1,473,0.0,16.0,0.1
visitoverlandpark.com,brand/retail,1,473,0.0,16.0,0.1
coastalstitchesinc.com,brand/retail,1,473,0.0,17.0,0.1
ninjatransfers.com,brand/retail,2,473,0.0,3.5,1.5
americana-fabrics.com,brand/retail,3,472,0.0,45.3,0.1
dreamfoambedding.com,brand/retail,5,472,0.0,20.0,1.0
bbb.org,brand/retail,11,471,0.0,15.1,1.7
hdis.com,brand/retail,5,471,0.0,15.4,1.1
ergobaby.com,brand/retail,1,470,0.0,2.0,0.9
easydomepoolcovers.com,brand/retail,1,470,0.0,2.0,0.9
memoryquiltsbymolly.com,brand/retail,1,470,0.0,2.0,0.9
jostens.com,brand/retail,1,470,0.0,2.0,0.9
doradoes.co.uk,brand/retail,1,470,0.0,2.0,0.9
decomomo.com,brand/retail,1,470,0.0,2.0,0.9
truetexasmerch.com,brand/retail,1,470,0.0,2.0,0.9
mlbshop.com,brand/retail,1,470,0.0,2.0,0.9
homesewingdepot.com,brand/retail,1,470,0.0,2.0,0.9
contactsheetmaker.com,brand/retail,1,470,0.0,2.0,0.9
monogramsetc.net,brand/retail,1,470,0.0,2.0,0.9
tnstateparks.com,brand/retail,1,470,0.0,2.0,0.9
consciouscoterie.com,brand/retail,1,470,0.0,2.0,0.9
lookatwhatimade.net,brand/retail,1,470,0.0,2.0,0.9
charismaathome.com,brand/retail,1,470,0.0,2.0,0.9
stitchamerica.com,brand/retail,1,470,0.0,2.0,0.9
gorilladirt.com,brand/retail,1,470,0.0,2.0,0.9
pratesi.com,brand/retail,1,470,0.0,2.0,0.9
litesmith.com,brand/retail,1,470,0.0,2.0,0.9
sewing.patternreview.com,brand/retail,4,470,0.0,14.5,1.6
kickymats.com,brand/retail,2,470,0.0,2.0,1.8
quiltingbeespokane.com,brand/retail,4,469,0.0,33.2,0.0
sewnhandmade.com,brand/retail,10,467,0.0,22.5,0.9
jamesperse.com,brand/retail,7,467,0.0,10.9,2.3
eforms.com,brand/retail,2,467,0.0,3.0,1.6
belfurniture.com,brand/retail,5,466,0.0,33.6,0.1
allrecipes.com,brand/retail,3,466,0.0,37.7,0.9
thebrainandthebrawn.com,brand/retail,5,466,0.0,9.4,1.9
elpasosaddleblanket.com,brand/retail,3,466,0.0,3.7,2.2
duluthtrading.com,brand/retail,23,465,0.0,14.5,2.6
broadclothstudio.com,brand/retail,5,465,0.0,8.4,1.9
minimalisticlinen.com,brand/retail,15,465,0.0,32.4,2.0
mpix.com,brand/retail,2,464,0.0,11.0,0.2
cushii.com,brand/retail,1,464,0.0,5.0,0.6
vickiehowell.com,brand/retail,1,464,0.0,5.0,0.6
shopaurifil.com,brand/retail,1,464,0.0,5.0,0.6
medicaleshop.com,brand/retail,13,463,0.0,22.7,0.9
sleepworld.com,brand/retail,8,463,0.0,27.1,1.2
lolliesquiltshop.com,brand/retail,2,462,0.0,24.5,0.0
thequiltcorner.biz,brand/retail,2,462,0.0,30.0,0.0
trquiltshop.com,brand/retail,2,462,0.0,31.0,0.0
sewspecialsa.com,brand/retail,2,462,0.0,32.0,0.0
boltsandquartersquiltshop.com,brand/retail,2,462,0.0,38.5,0.0
tomorrowstreasures.info,brand/retail,2,462,0.0,39.5,0.0
quiltersstation.com,brand/retail,2,462,0.0,41.5,0.0
quiltfoundry.com,brand/retail,2,462,0.0,45.5,0.0
fabrichut.com,brand/retail,2,462,0.0,50.5,0.0
mylittlequiltshop.online,brand/retail,2,462,0.0,51.5,0.0
bouldermqg.com,brand/retail,2,462,0.0,52.5,0.0
itchntobestitchn.com,brand/retail,2,462,0.0,56.5,0.0
quiltsupplyco.com,brand/retail,1,462,0.0,15.0,0.1
libraryguides.centennialcollege.ca,brand/retail,3,462,0.0,10.0,0.8
rainbowsendquilting.com,brand/retail,2,462,0.0,58.0,0.0
oldecityquilts.com,brand/retail,2,462,0.0,59.0,0.0
fabricstores.org,brand/retail,2,462,0.0,59.0,0.0
christmasgoose.com,brand/retail,2,462,0.0,64.0,0.0
sleepandbeyond.com,brand/retail,17,462,0.0,40.3,0.4
battiloshop.com,brand/retail,16,462,0.0,21.4,1.2
hallmark.com,brand/retail,5,462,0.0,24.8,1.1
m.shein.com,brand/retail,8,462,0.0,15.5,2.8
halohealthcare.com,brand/retail,8,461,0.0,37.9,0.0
platinumhealthllc.com,brand/retail,9,461,0.0,12.6,1.9
niluu.com,brand/retail,2,460,0.0,2.0,1.8
solorganix.com,brand/retail,21,459,0.0,31.9,0.3
ewg.org,brand/retail,2,459,0.0,6.0,1.0
newsnetwork.mayoclinic.org,brand/retail,1,458,0.0,10.0,0.1
bedinabox.com,brand/retail,3,458,0.0,8.0,1.4
ingridandisabel.com,brand/retail,4,458,0.0,13.2,1.0
fiestafactorydirect.com,brand/retail,1,458,0.0,10.0,0.1
zola.com,brand/retail,25,458,0.0,35.6,0.2
turbietwist.com,brand/retail,24,458,0.0,25.6,2.5
klymit.com,brand/retail,2,457,0.0,11.0,0.8
plumbingsupply.com,brand/retail,8,455,0.0,23.9,0.7
wyomingkingbeds.com,brand/retail,15,455,0.0,25.0,0.3
huggermugger.com,brand/retail,2,455,0.0,5.5,1.1
uk.pinterest.com,brand/retail,3,454,0.0,14.0,0.6
plumeriabay.com,brand/retail,9,453,0.0,11.2,2.8
johnsonwoolenmills.com,brand/retail,10,452,0.0,22.6,2.3
overthetopinc.com,brand/retail,3,452,0.0,6.7,1.3
tumbleliving.com,brand/retail,25,452,0.0,26.4,2.1
plumbworld.co.uk,brand/retail,2,451,0.0,19.0,0.3
eu.frette.com,brand/retail,2,451,0.0,12.0,0.8
shower-curtain.org,brand/retail,11,450,0.0,45.7,0.0
en.bab.la,brand/retail,6,450,0.0,34.0,0.3
talesofcloth.com,brand/retail,3,450,0.0,8.0,1.2
kmiddletondesignstudios.com,brand/retail,2,450,0.0,3.5,1.5
cinereplicas.com,brand/retail,4,449,0.0,7.2,2.1
shop.simoniz.com,brand/retail,2,448,0.0,8.0,0.9
bedtech.com,brand/retail,7,448,0.0,22.4,1.1
livingetc.com,brand/retail,24,448,0.0,27.3,3.2
magicweightedblanket.com,brand/retail,4,447,0.0,30.5,0.5
bobvila.com,brand/retail,13,447,0.0,33.5,0.1
bagsoflove.com,brand/retail,6,446,0.0,20.2,0.4
continentalbedding.com,brand/retail,3,446,0.0,4.7,1.9
mudpie.com,brand/retail,7,445,0.0,18.6,1.1
americanquilter.com,brand/retail,5,443,0.0,31.2,0.7
desky.com,brand/retail,2,443,0.0,10.5,0.6
powerstop.com,brand/retail,2,443,0.0,8.5,0.8
au.pinterest.com,brand/retail,4,443,0.0,5.5,2.2
custommatshop.com,brand/retail,3,442,0.0,7.7,1.2
doublestitch.com,brand/retail,6,442,0.0,12.7,1.8
coldwatercreek.com,brand/retail,7,442,0.0,18.9,2.4
a1foamandfabrics.com,brand/retail,2,439,0.0,19.5,0.8
bn-link.com,brand/retail,2,438,0.0,5.0,1.2
sleepandsinuscenters.com,brand/retail,1,437,0.0,8.0,0.3
nauticalluxuries.com,brand/retail,10,437,0.0,16.7,3.0
crownandpaw.com,brand/retail,2,437,0.0,5.0,1.2
ontimesupplies.com,brand/retail,2,437,0.0,17.0,0.8
topknobsdecor.com,brand/retail,4,437,0.0,20.8,1.3
morningbird.com,brand/retail,5,437,0.0,7.8,2.9
boxlunch.com,brand/retail,15,436,0.0,15.5,1.1
superiorsaunas.com,brand/retail,2,436,0.0,2.5,1.7
dingledanglebaby.com,brand/retail,1,435,0.0,4.0,0.7
thetravelpockets.com,brand/retail,1,435,0.0,4.0,0.7
pacer.uscourts.gov,brand/retail,1,435,0.0,4.0,0.7
kissykissy.com,brand/retail,1,435,0.0,4.0,0.7
lcm.loc.gov,brand/retail,1,435,0.0,4.0,0.7
clearalif.com,brand/retail,1,435,0.0,4.0,0.7
rugandhome.com,brand/retail,10,434,0.0,18.2,1.4
vivcrochets.com,brand/retail,3,434,0.0,14.0,1.0
buymymagiccarpet.com,brand/retail,3,434,0.0,30.7,0.8
norvegr.com,brand/retail,2,434,0.0,2.5,1.7
truevalue.com,brand/retail,5,433,0.0,20.0,0.2
maddafella.com,brand/retail,10,433,0.0,21.6,2.3
backyardchickens.com,brand/retail,3,432,0.0,4.3,2.0
bedwettingstore.com,brand/retail,3,430,0.0,4.7,1.9
macduggal.com,brand/retail,23,429,0.0,34.7,1.1
thequaliscollection.com,brand/retail,5,428,0.0,20.4,0.2
kirklands.com,brand/retail,30,428,0.0,25.7,1.4
thenotsodramaticlife.com,brand/retail,4,428,0.0,11.2,0.2
penobscotbayporchswings.com,brand/retail,1,428,0.0,3.0,0.8
rusticstrengthwholesale.com,brand/retail,1,428,0.0,3.0,0.8
anime-body-pillow.com,brand/retail,1,428,0.0,3.0,0.8
shoplovebella.com,brand/retail,1,428,0.0,3.0,0.8
medicinemangallery.com,brand/retail,1,428,0.0,3.0,0.8
westpath.com,brand/retail,1,428,0.0,3.0,0.8
cigna.com,brand/retail,1,428,0.0,3.0,0.8
uscourts.gov,brand/retail,1,428,0.0,3.0,0.8
triviamafia.com,brand/retail,1,428,0.0,3.0,0.8
poorhousequiltdesigns.com,brand/retail,1,428,0.0,3.0,0.8
leadshielding.com,brand/retail,1,428,0.0,3.0,0.8
mrsalice.com,brand/retail,1,428,0.0,3.0,0.8
specialtylinensutah.com,brand/retail,1,428,0.0,3.0,0.8
nucor.com,brand/retail,1,428,0.0,3.0,0.8
onlinelabels.com,brand/retail,1,428,0.0,3.0,0.8
jenyu.net,brand/retail,1,428,0.0,3.0,0.8
homziedesigns.com,brand/retail,4,427,0.0,4.2,2.7
luxepillow.com,brand/retail,4,426,0.0,25.0,1.1
stashfabrics.com,brand/retail,10,426,0.0,23.9,1.6
touchoffinland.com,brand/retail,3,426,0.0,5.7,1.6
hellosewing.com,brand/retail,31,425,0.0,34.1,1.3
colonialpatterns.com,brand/retail,4,425,0.0,14.8,1.8
pillowfever.com,brand/retail,8,425,0.0,16.6,2.1
torkglobal.com,brand/retail,2,424,0.0,10.5,1.1
ibena.com,brand/retail,4,423,0.0,9.2,1.3
breadtopia.com,brand/retail,2,422,0.0,6.0,1.0
mattressdoctoronline.com,brand/retail,3,421,0.0,29.3,0.1
hartsfabric.com,brand/retail,7,421,0.0,41.3,0.1
cos.com,brand/retail,15,421,0.0,39.3,1.2
milliardbrands.com,brand/retail,4,421,0.0,11.2,2.2
todayshomeowner.com,brand/retail,3,420,0.0,18.0,0.1
notifyre.com,brand/retail,2,420,0.0,7.5,0.7
carolinacottons.net,brand/retail,5,420,0.0,9.0,1.8
therealreal.com,brand/retail,6,419,0.0,13.0,0.7
tamarasjoy.com,brand/retail,2,419,0.0,6.5,0.9
colchestermillfabricsandquilting.com,brand/retail,3,419,0.0,6.7,1.3
lapdesk.com,brand/retail,2,419,0.0,5.0,1.2
pushplinen.com,brand/retail,26,418,0.0,32.7,0.3
lehmans.com,brand/retail,4,418,0.0,9.0,1.1
carohome.com,brand/retail,4,418,0.0,17.0,1.3
crosswordsolver.org,brand/retail,2,417,0.0,2.5,1.7
houseofhawthornes.com,brand/retail,3,416,0.0,9.7,0.6
tapestrygirls.com,brand/retail,15,416,0.0,23.7,1.0
mybobs.com,brand/retail,19,416,0.0,21.1,2.1
sewsenoia.com,brand/retail,1,414,0.0,14.0,0.1
pexels.com,brand/retail,3,414,0.0,14.7,1.3
sweetgrasshome.com,brand/retail,3,414,0.0,19.7,1.3
doxdirect.com,brand/retail,2,414,0.0,4.5,1.3
greatermarylandpainmanagement.com,brand/retail,7,413,0.0,19.4,0.2
corefabricstore.com,brand/retail,5,413,0.0,20.6,0.7
greatmats.com,brand/retail,9,413,0.0,16.8,1.5
createwhimsy.com,brand/retail,12,411,0.0,24.5,0.9
zerowastestore.com,brand/retail,7,410,0.0,22.9,0.5
mayfairsilk.com,brand/retail,14,410,0.0,18.1,2.8
petite-plume.com,brand/retail,11,410,0.0,18.0,2.7
thecosplaypros.com,brand/retail,2,410,0.0,5.0,1.2
justtheinserts.com,brand/retail,1,409,0.0,6.0,0.5
kindlaundry.com,brand/retail,1,409,0.0,6.0,0.5
pinkheartquilting.com,brand/retail,1,409,0.0,6.0,0.5
swpea.com,brand/retail,1,409,0.0,6.0,0.5
touchfreeconcepts.com,brand/retail,1,409,0.0,6.0,0.5
flylordsmag.com,brand/retail,1,409,0.0,6.0,0.5
wawak.com,brand/retail,4,409,0.0,9.0,1.6
bright.com,brand/retail,3,408,0.0,31.3,0.8
universalcompanies.com,brand/retail,2,408,0.0,5.5,1.1
themayfairhall.com,brand/retail,4,407,0.0,43.2,0.9
alleghenycounty.us,brand/retail,2,406,0.0,12.5,0.1
bernina.com,brand/retail,4,406,0.0,13.0,1.0
ign.com,brand/retail,2,406,0.0,4.5,1.3
couleurnature.com,brand/retail,2,405,0.0,16.0,0.6
hdsupplysolutions.com,brand/retail,2,405,0.0,6.0,1.0
stuartrental.com,brand/retail,2,405,0.0,7.5,0.8
hbyfrette.com,brand/retail,5,405,0.0,5.8,2.6
us.drakes.com,brand/retail,5,404,0.0,14.2,1.9
lush.com,brand/retail,4,404,0.0,12.8,1.9
twinklebeds.com,brand/retail,7,403,0.0,21.4,0.3
hestanculinary.com,brand/retail,2,403,0.0,10.0,0.3
food52.com,brand/retail,12,403,0.0,18.8,1.8
pennersinc.com,brand/retail,2,403,0.0,5.5,1.1
perlis.com,brand/retail,2,403,0.0,7.5,1.0
dottiesdelights.com,brand/retail,2,403,0.0,2.0,1.8
secretlinenstore.com,brand/retail,51,402,0.0,33.7,0.6
beautypillow.com,brand/retail,2,402,0.0,7.5,1.1
allergyasthmatech.com,brand/retail,4,401,0.0,17.0,0.4
travelonbags.com,brand/retail,8,399,0.0,25.2,1.1
advantagemedical.com,brand/retail,28,399,0.0,33.5,0.4
truenorthfurs.com,brand/retail,2,399,0.0,5.0,1.2
advan-ergo.com,brand/retail,3,399,0.0,28.3,0.9
shopcuup.com,brand/retail,54,398,0.0,38.2,0.6
spencersonline.com,brand/retail,15,398,0.0,32.9,0.7
texontowel.com,brand/retail,7,398,0.0,12.9,2.0
americantall.com,brand/retail,10,398,0.0,26.9,2.1
collegecovers.com,brand/retail,2,398,0.0,7.5,1.1
toddsnyder.com,brand/retail,32,397,0.0,25.3,3.0
renttherunway.com,brand/retail,24,396,0.0,36.8,0.9
refinery29.com,brand/retail,39,396,0.0,38.3,0.5
rainbowmedicalsupplies.com,brand/retail,2,396,0.0,7.0,1.0
fewmoda.com,brand/retail,4,396,0.0,30.8,0.9
amerockforless.com,brand/retail,4,396,0.0,42.8,0.9
doitbest.com,brand/retail,4,395,0.0,48.2,0.0
residentessentials.com,brand/retail,3,395,0.0,23.3,0.0
us.loropiana.com,brand/retail,10,395,0.0,24.8,2.0
chewy.com,brand/retail,7,395,0.0,21.7,1.2
quiltcompany.com,brand/retail,2,395,0.0,7.5,0.7
bambooswitch.com,brand/retail,4,395,0.0,17.8,0.9
macksearplugs.com,brand/retail,1,395,0.0,1.0,1.0
bittersweetquiltshop.com,brand/retail,1,395,0.0,1.0,1.0
thistlefarms.org,brand/retail,1,395,0.0,1.0,1.0
shopjarbo.com,brand/retail,1,395,0.0,1.0,1.0
battlesports.com,brand/retail,1,395,0.0,1.0,1.0
softtexsleep.com,brand/retail,1,395,0.0,1.0,1.0
littlepillowny.com,brand/retail,1,395,0.0,1.0,1.0
drycleanusa.us,brand/retail,1,395,0.0,1.0,1.0
thelaundrystationks.com,brand/retail,1,395,0.0,1.0,1.0
candfhome.store,brand/retail,1,395,0.0,1.0,1.0
trueorangeboutique.com,brand/retail,1,395,0.0,1.0,1.0
bloomtowel.com,brand/retail,1,395,0.0,1.0,1.0
theaterseatstore.com,brand/retail,1,395,0.0,1.0,1.0
redroosterquilts.com,brand/retail,1,395,0.0,1.0,1.0
develop-your-oc.tumblr.com,brand/retail,1,395,0.0,1.0,1.0
mariettasquiltandsew.com,brand/retail,1,395,0.0,1.0,1.0
southpark.fandom.com,brand/retail,1,395,0.0,1.0,1.0
breathe-zy.com,brand/retail,1,395,0.0,1.0,1.0
burleyclay.com,brand/retail,1,395,0.0,1.0,1.0
shopamericanthreads.com,brand/retail,1,395,0.0,1.0,1.0
selectblinds.com,brand/retail,1,395,0.0,1.0,1.0
mariechantal.com,brand/retail,1,395,0.0,1.0,1.0
cordaroys.com,brand/retail,1,395,0.0,1.0,1.0
post-it.com,brand/retail,1,395,0.0,1.0,1.0
irishlinenvictoria.com,brand/retail,1,395,0.0,1.0,1.0
scentair.com,brand/retail,1,395,0.0,1.0,1.0
hookandloop.com,brand/retail,1,395,0.0,1.0,1.0
jerrysartarama.com,brand/retail,1,395,0.0,1.0,1.0
elderscrolls.fandom.com,brand/retail,1,395,0.0,1.0,1.0
seaboardbedding.com,brand/retail,1,395,0.0,1.0,1.0
intimia.com,brand/retail,1,395,0.0,1.0,1.0
bdkmint.com,brand/retail,1,395,0.0,1.0,1.0
betches.com,brand/retail,1,395,0.0,1.0,1.0
counter-couture.com,brand/retail,3,394,0.0,4.3,2.0
neutralcurtains.com,brand/retail,3,393,0.0,6.7,1.4
getcleanpeople.com,brand/retail,5,393,0.0,12.4,0.8
en.wiktionary.org,brand/retail,14,392,0.0,26.3,1.3
pierstbarth.com,brand/retail,7,392,0.0,7.7,3.3
repeatcrafterme.com,brand/retail,3,392,0.0,5.3,1.7
sherriquiltsalot.com,brand/retail,2,392,0.0,3.5,1.5
elviros.com,brand/retail,4,391,0.0,19.0,0.9
gokottalifestyle.com,brand/retail,6,391,0.0,8.2,1.9
northcott.com,brand/retail,2,390,0.0,25.5,0.1
denvermattress.furniturerow.com,brand/retail,1,389,0.0,16.0,0.1
staydrysystems.com,brand/retail,3,389,0.0,23.3,0.8
nwl.me,brand/retail,2,389,0.0,14.5,0.8
shopjaus.com,brand/retail,13,389,0.0,27.5,2.7
meganacollins.com,brand/retail,4,389,0.0,12.2,1.5
nappaleather.ca,brand/retail,1,389,0.0,2.0,0.9
bearingsdirect.com,brand/retail,1,389,0.0,2.0,0.9
royalcraftwood.com,brand/retail,1,389,0.0,2.0,0.9
edmundbell.com,brand/retail,1,389,0.0,2.0,0.9
fulllinestencil.com,brand/retail,1,389,0.0,2.0,0.9
paperpieces.com,brand/retail,1,389,0.0,2.0,0.9
hugimalsworld.com,brand/retail,1,389,0.0,2.0,0.9
clubglove.com,brand/retail,1,389,0.0,2.0,0.9
thepapermillstore.com,brand/retail,1,389,0.0,2.0,0.9
youmakeitsimple.com,brand/retail,1,389,0.0,2.0,0.9
americas.elizabethbradley.com,brand/retail,1,389,0.0,2.0,0.9
thescotlandkiltcompany.us,brand/retail,1,389,0.0,2.0,0.9
theslanket.com,brand/retail,1,389,0.0,2.0,0.9
spritesheetgenerator.online,brand/retail,1,389,0.0,2.0,0.9
powerfulmothering.com,brand/retail,1,389,0.0,2.0,0.9
sealyhome.com,brand/retail,2,389,0.0,4.0,1.4
shop.hbo.com,brand/retail,1,389,0.0,2.0,0.9
duckhead.com,brand/retail,1,389,0.0,2.0,0.9
lilyeve.store,brand/retail,1,389,0.0,2.0,0.9
lax.hzpt.com,brand/retail,1,389,0.0,2.0,0.9
nestwellhome.com,brand/retail,1,389,0.0,2.0,0.9
zenbivy.com,brand/retail,1,389,0.0,2.0,0.9
kelbournewoolens.com,brand/retail,1,389,0.0,2.0,0.9
bindertek.com,brand/retail,1,389,0.0,2.0,0.9
immunize.org,brand/retail,1,389,0.0,2.0,0.9
crazytights.ovh,brand/retail,1,389,0.0,2.0,0.9
sustainablesupply.com,brand/retail,8,388,0.0,34.5,0.4
necksolutions.com,brand/retail,42,388,0.0,35.7,0.4
foamforyou.com,brand/retail,12,388,0.0,14.8,2.2
glasschairmats.com,brand/retail,2,388,0.0,3.5,1.5
quiltersquest.com,brand/retail,2,386,0.0,45.0,0.0
zeliasquiltingstudio.com,brand/retail,2,386,0.0,49.0,0.0
quiltbasketncreations.com,brand/retail,2,386,0.0,56.5,0.0
sewsewstudio.com,brand/retail,2,386,0.0,58.0,0.0
gonesewin.com,brand/retail,2,386,0.0,61.0,0.0
fabricgardenquiltshop.com,brand/retail,2,386,0.0,62.0,0.0
thesewnquiltco.com,brand/retail,2,386,0.0,63.5,0.0
sewmuchmoore.com,brand/retail,2,385,0.0,3.5,1.5
sobelathome.com,brand/retail,23,384,0.0,23.3,5.1
studiokohler.com,brand/retail,4,384,0.0,3.5,3.0
harpersbazaar.com,brand/retail,6,383,0.0,17.7,0.5
pbslearningmedia.org,brand/retail,2,383,0.0,9.5,0.5
housedigest.com,brand/retail,13,382,0.0,35.1,1.4
linensociety.com,brand/retail,13,382,0.0,17.2,1.9
shower-buddy.com,brand/retail,2,382,0.0,4.5,1.3
lovebrand.com,brand/retail,2,382,0.0,1.5,1.9
bbhugme.com,brand/retail,4,381,0.0,22.0,0.1
fluffyslip.com,brand/retail,12,381,0.0,36.8,1.1
gflesch.com,brand/retail,3,381,0.0,5.0,1.8
wpp.solutions,brand/retail,2,380,0.0,26.5,0.0
halfmoonoutfitters.com,brand/retail,2,380,0.0,27.0,0.0
shophightide30a.com,brand/retail,2,380,0.0,38.5,0.0
midwest-textiles.com,brand/retail,2,380,0.0,45.0,0.0
inspireuplift.com,brand/retail,46,380,0.0,36.9,0.2
werkshoppe.com,brand/retail,3,380,0.0,9.3,1.1
scullyandscully.com,brand/retail,1,380,0.0,5.0,0.6
westerlindoutdoor.com,brand/retail,1,380,0.0,5.0,0.6
turnerseed.com,brand/retail,1,380,0.0,5.0,0.6
cloudpillo.com,brand/retail,1,380,0.0,5.0,0.6
shopbop.com,brand/retail,36,380,0.0,29.7,0.9
keepsakesquiltshop.com,brand/retail,1,380,0.0,5.0,0.6
360cookware.com,brand/retail,1,379,0.0,7.0,0.4
theoodie.com,brand/retail,3,379,0.0,10.3,0.9
janomejunkies.com,brand/retail,1,379,0.0,7.0,0.4
nectarsleep.co.uk,brand/retail,1,379,0.0,7.0,0.4
assistedliving.org,brand/retail,2,379,0.0,5.5,1.1
potterybarn.ca,brand/retail,17,378,0.0,21.7,0.2
bydawnnicole.com,brand/retail,2,377,0.0,14.5,0.1
mondanohome.com,brand/retail,4,377,0.0,19.2,0.1
slipintosoft.com,brand/retail,37,377,0.0,29.0,1.1
freepik.com,brand/retail,10,377,0.0,18.5,2.5
thedailybeast.com,brand/retail,13,376,0.0,28.9,1.2
panchosblanket.com,brand/retail,3,376,0.0,6.7,1.3
doordash.com,brand/retail,21,375,0.0,33.0,0.2
thegrounding.co,brand/retail,7,375,0.0,18.0,0.2
katiecouric.com,brand/retail,4,375,0.0,9.2,1.4
gracobaby.com,brand/retail,2,375,0.0,5.0,1.2
washingtonpost.com,brand/retail,20,374,0.0,34.2,0.5
kileysquiltroom.com,brand/retail,1,374,0.0,10.0,0.1
avery.com,brand/retail,6,374,0.0,22.0,1.7
drivenbydecor.com,brand/retail,4,373,0.0,8.2,1.5
keepsakes-etc.com,brand/retail,5,373,0.0,11.6,1.6
manchestercollection.com.au,brand/retail,2,372,0.0,7.5,0.8
bakersplus.com,brand/retail,7,371,0.0,25.9,0.7
helpsleeps.com,brand/retail,2,369,0.0,49.5,0.0
massagetools.com,brand/retail,3,369,0.0,11.0,0.9
simplybysimone.com,brand/retail,2,367,0.0,11.0,0.9
deviantart.com,brand/retail,5,367,0.0,7.2,2.0
brylanehome.com,brand/retail,6,366,0.0,23.3,0.2
thecurtainshop.com,brand/retail,2,366,0.0,17.0,0.6
exped.com,brand/retail,2,366,0.0,5.5,1.1
carawayhome.com,brand/retail,2,366,0.0,5.5,1.1
shantima.com,brand/retail,9,366,0.0,18.4,2.4
sugarfeather.com,brand/retail,2,366,0.0,2.5,1.7
shop.nikkibeach.com,brand/retail,2,365,0.0,3.0,1.6
braintan.com,brand/retail,2,365,0.0,3.0,1.6
shopstyle.com,brand/retail,59,364,0.0,36.4,1.0
rods.com,brand/retail,5,363,0.0,13.6,0.9
x.com,brand/retail,17,362,0.0,32.2,1.2
madeformums.com,brand/retail,4,361,0.0,17.0,0.2
albeebaby.com,brand/retail,4,361,0.0,18.5,0.9
3m.com,brand/retail,2,359,0.0,11.5,0.9
tuck.com,brand/retail,38,359,0.0,53.6,0.1
goodbed.com,brand/retail,12,359,0.0,18.8,3.1
noblemount.com,brand/retail,7,359,0.0,23.6,1.6
quiltednursery.com,brand/retail,2,359,0.0,11.5,0.9
shopgoodproducts.com,brand/retail,6,358,0.0,51.5,0.0
kids.marleylilly.com,brand/retail,2,358,0.0,13.0,0.8
codecademy.com,brand/retail,1,357,0.0,8.0,0.3
radicalteatowel.com,brand/retail,1,357,0.0,8.0,0.3
massmoca.org,brand/retail,1,357,0.0,8.0,0.3
cbsnews.com,brand/retail,2,357,0.0,6.5,0.9
quiltingroomwithmel.com,brand/retail,2,357,0.0,10.0,0.2
quiltingboard.com,brand/retail,19,357,0.0,17.6,1.6
blueridgehome.com,brand/retail,3,356,0.0,21.0,0.1
dickblick.com,brand/retail,10,356,0.0,22.2,1.1
girlandaseriousdream.com,brand/retail,10,356,0.0,21.0,2.5
snugzy.com,brand/retail,5,356,0.0,8.0,1.7
mollygreen.com,brand/retail,1,356,0.0,4.0,0.7
brainly.com,brand/retail,1,356,0.0,4.0,0.7
stencilsonline.com,brand/retail,1,356,0.0,4.0,0.7
soeos.com,brand/retail,1,356,0.0,4.0,0.7
redwineplease.com,brand/retail,1,356,0.0,4.0,0.7
kianao.com,brand/retail,1,356,0.0,4.0,0.7
plushible.com,brand/retail,1,356,0.0,4.0,0.7
donnasharp.com,brand/retail,8,356,0.0,16.6,1.7
soakandsleep.com,brand/retail,31,355,0.0,30.4,0.5
intimissimi.com,brand/retail,34,355,0.0,24.9,1.4
preparedhero.com,brand/retail,2,355,0.0,17.0,0.5
theorganicmattress.com,brand/retail,2,355,0.0,5.5,1.1
the-quilt-rack.com,brand/retail,3,354,0.0,7.7,1.0
thredup.com,brand/retail,12,353,0.0,26.7,0.9
baggu.com,brand/retail,2,353,0.0,55.5,0.1
quiltdom.com,brand/retail,44,353,0.0,42.3,0.1
lesschwab.com,brand/retail,2,353,0.0,5.5,1.1
childrensplace.com,brand/retail,2,353,0.0,9.5,0.9
quiltfolk.com,brand/retail,2,352,0.0,4.0,1.4
rsnstitchbank.org,brand/retail,3,351,0.0,5.7,1.6
6pm.com,brand/retail,23,350,0.0,39.8,0.9
drivemedical.com,brand/retail,2,350,0.0,18.0,0.3
stonewallkitchen.com,brand/retail,8,350,0.0,20.4,0.2
bigideasmath.com,brand/retail,1,350,0.0,3.0,0.8
ghostbedretail.com,brand/retail,1,350,0.0,3.0,0.8
artsy.net,brand/retail,1,350,0.0,3.0,0.8
theorthofitstore.com,brand/retail,1,350,0.0,3.0,0.8
arcraiders.wiki,brand/retail,1,350,0.0,3.0,0.8
store.thresholdx.net,brand/retail,1,350,0.0,3.0,0.8
bigonebedding.com,brand/retail,1,350,0.0,3.0,0.8
paperwishes.com,brand/retail,1,350,0.0,3.0,0.8
selinaveronique.com,brand/retail,1,350,0.0,3.0,0.8
rodeohome.com,brand/retail,1,350,0.0,3.0,0.8
pohlarfabrics.com,brand/retail,1,350,0.0,3.0,0.8
oilostudio.com,brand/retail,3,350,0.0,5.3,1.7
floormatcompany.com,brand/retail,5,350,0.0,16.4,1.6
vince.com,brand/retail,5,349,0.0,8.4,1.9
prairiepointjunction.com,brand/retail,2,349,0.0,4.5,1.3
hobbii.com,brand/retail,2,348,0.0,11.5,0.2
easeeasecurtains.com,brand/retail,4,348,0.0,11.0,1.4
master-furrier.com,brand/retail,2,348,0.0,5.0,1.2
arbteak.com,brand/retail,3,348,0.0,5.0,1.8
berls.com,brand/retail,2,347,0.0,6.5,0.9
kahohardware.com,brand/retail,2,347,0.0,2.5,1.7
yourpillow.com,brand/retail,1,346,0.0,27.0,0.0
eachnight.com,brand/retail,11,346,0.0,57.1,0.0
wildandstone.com,brand/retail,2,346,0.0,8.0,0.6
modernquilting.com,brand/retail,2,345,0.0,55.5,0.0
self.com,brand/retail,32,345,0.0,38.8,0.4
thefutonshop.com,brand/retail,12,345,0.0,17.8,1.5
citychiconline.com,brand/retail,2,345,0.0,5.0,1.2
thepillowhome.com,brand/retail,15,344,0.0,25.8,1.8
unitedtextilesupply.com,brand/retail,10,343,0.0,44.8,0.0
dove.com,brand/retail,5,343,0.0,8.0,1.5
directsinks.com,brand/retail,8,341,0.0,31.8,0.1
ergodyne.com,brand/retail,2,341,0.0,9.5,0.5
blog.wholecirclestudio.com,brand/retail,3,341,0.0,11.0,0.8
schoolspecialty.com,brand/retail,6,340,0.0,16.5,0.6
darkwhite.co,brand/retail,2,340,0.0,5.5,1.1
knittingboard.com,brand/retail,2,340,0.0,4.0,1.4
lunalullaby.com,brand/retail,5,339,0.0,19.0,0.8
openrecords.pa.gov,brand/retail,2,337,0.0,13.5,0.1
organictextiles.com,brand/retail,26,337,0.0,36.7,0.6
bintabeautyorganics.com,brand/retail,2,337,0.0,9.5,0.3
next.co.uk,brand/retail,102,337,0.0,36.7,1.1
dxl.com,brand/retail,17,336,0.0,32.9,1.2
vollrathfoodservice.com,brand/retail,2,335,0.0,12.5,0.2
knobs.co,brand/retail,1,335,0.0,6.0,0.5
travel-blue.com,brand/retail,1,335,0.0,6.0,0.5
ellasleeps.com,brand/retail,1,335,0.0,6.0,0.5
mrswages.com,brand/retail,1,335,0.0,6.0,0.5
rapiddrytowels.com,brand/retail,1,335,0.0,6.0,0.5
sealy.com.au,brand/retail,2,335,0.0,8.0,0.6
caronsbeachhouse.com,brand/retail,10,335,0.0,12.7,2.7
trailfx.com,brand/retail,2,333,0.0,4.5,1.3
costway.com,brand/retail,4,332,0.0,13.8,0.9
hanjancrochet.com,brand/retail,9,332,0.0,17.8,0.7
smartsheet.com,brand/retail,3,332,0.0,6.0,1.5
shop.dallascowboys.com,brand/retail,3,332,0.0,7.3,1.5
asket.com,brand/retail,7,331,0.0,16.7,1.6
sleepez.com,brand/retail,4,330,0.0,10.8,1.5
everydaycozyliving.com,brand/retail,2,329,0.0,18.5,0.1
ultimateback.com,brand/retail,2,329,0.0,11.0,0.3
lakeshorelearning.com,brand/retail,2,329,0.0,17.0,1.0
bedsidemanor.com,brand/retail,3,329,0.0,18.3,1.0
layeredblankets.com,brand/retail,2,328,0.0,9.5,0.5
abcnews.com,brand/retail,7,328,0.0,18.9,1.5
ercwipe.com,brand/retail,4,328,0.0,15.8,1.3
overtheriverfelt.com,brand/retail,2,328,0.0,5.0,1.2
theduvallhomestead.com,brand/retail,3,328,0.0,4.7,1.9
perupima.com,brand/retail,2,328,0.0,2.5,1.7
mjsoffthehookdesigns.com,brand/retail,10,327,0.0,17.8,1.6
pubmed.ncbi.nlm.nih.gov,brand/retail,3,326,0.0,6.0,1.5
apresparty.com,brand/retail,2,326,0.0,4.5,1.3
seyante.com,brand/retail,28,326,0.0,29.1,1.8
redcamp.com,brand/retail,2,323,0.0,15.5,1.0
tablecloth.com,brand/retail,6,323,0.0,28.5,0.2
jaipurrugs.com,brand/retail,4,323,0.0,9.8,1.4
crochetpedia.com,brand/retail,7,323,0.0,11.6,1.4
scribd.com,brand/retail,18,322,0.0,25.2,2.1
us.societylimonta.com,brand/retail,2,322,0.0,7.0,1.0
lightinthebox.com,brand/retail,27,321,0.0,41.0,0.7
fabritual.com,brand/retail,2,320,0.0,3.5,1.5
us.lounge.com,brand/retail,8,319,0.0,34.0,1.1
order.homelandstores.com,brand/retail,1,318,0.0,17.0,0.1
specialneedstoys.com,brand/retail,3,318,0.0,7.3,1.3
onsentowel.com,brand/retail,2,317,0.0,14.5,0.8
us.figaret.com,brand/retail,3,317,0.0,6.0,1.9
lemonthistle.com,brand/retail,2,316,0.0,4.0,1.4
protectivebedding.com,brand/retail,2,316,0.0,3.0,1.6
medicalnewstoday.com,brand/retail,28,315,0.0,41.1,0.8
moreprepared.com,brand/retail,2,315,0.0,8.0,1.0
a1tablecloth.com,brand/retail,5,314,0.0,38.0,0.1
derek-rose.com,brand/retail,17,314,0.0,26.6,1.8
linenweddingdress.com,brand/retail,3,314,0.0,18.7,1.0
karenmillen.com,brand/retail,38,313,0.0,33.3,1.4
imaginariumandco.com,brand/retail,2,313,0.0,32.5,0.9
yogaaccessories.com,brand/retail,2,313,0.0,4.0,1.4
proswimwear.com,brand/retail,2,313,0.0,4.5,1.3
store.directsupply.com,brand/retail,2,312,0.0,14.5,0.4
quiltsbytaylor.com,brand/retail,2,312,0.0,4.5,1.3
couplegifts.com,brand/retail,2,311,0.0,3.0,1.6
vmfa.museum,brand/retail,1,310,0.0,7.0,0.4
praderadental.com,brand/retail,1,310,0.0,7.0,0.4
shop.aeroflowsleep.com,brand/retail,1,310,0.0,7.0,0.4
julieblanner.com,brand/retail,1,310,0.0,7.0,0.4
wexnermedical.osu.edu,brand/retail,1,310,0.0,7.0,0.4
sherpers.com,brand/retail,1,310,0.0,7.0,0.4
probahome.com,brand/retail,1,310,0.0,5.0,0.6
thevintagent.com,brand/retail,1,310,0.0,5.0,0.6
music.apple.com,brand/retail,1,310,0.0,5.0,0.6
professionaldetailingproducts.com,brand/retail,1,310,0.0,5.0,0.6
cpdocket.cp.cuyahogacounty.gov,brand/retail,1,310,0.0,5.0,0.6
creativekidscolor.com,brand/retail,1,310,0.0,5.0,0.6
siarchives.si.edu,brand/retail,1,310,0.0,5.0,0.6
ellasbubbles.com,brand/retail,1,310,0.0,5.0,0.6
cottonwoodinthepark.com,brand/retail,3,309,0.0,40.7,0.1
newquilters.com,brand/retail,11,309,0.0,20.5,0.5
racetechnologies.com,brand/retail,2,309,0.0,5.0,1.2
akathletics.com,brand/retail,3,309,0.0,7.0,1.2
levi.com,brand/retail,40,308,0.0,34.1,0.8
nobodyschild.com,brand/retail,23,308,0.0,32.8,1.1
byjus.com,brand/retail,5,308,0.0,11.2,0.9
washroominc.com,brand/retail,3,308,0.0,12.0,0.9
store.uprightpose.com,brand/retail,2,308,0.0,6.0,1.0
hemptique.com,brand/retail,5,308,0.0,12.2,1.2
cdonepricecleaners.com,brand/retail,2,308,0.0,6.0,1.0
janitorialsuperstore.com,brand/retail,1,308,0.0,2.0,0.9
bestbathshop.com,brand/retail,1,308,0.0,2.0,0.9
fatiguesarmynavy.com,brand/retail,1,308,0.0,2.0,0.9
verawang.com,brand/retail,1,308,0.0,2.0,0.9
newstitchaday.com,brand/retail,1,308,0.0,2.0,0.9
poakalani.net,brand/retail,1,308,0.0,2.0,0.9
universaldesign.org,brand/retail,1,308,0.0,2.0,0.9
images.template.net,brand/retail,1,308,0.0,2.0,0.9
eastperry.com,brand/retail,1,308,0.0,2.0,0.9
mathworksheets.com,brand/retail,1,308,0.0,2.0,0.9
ie.pinterest.com,brand/retail,1,308,0.0,2.0,0.9
shopgoosebumps.com,brand/retail,1,308,0.0,2.0,0.9
mobilitywithease.com,brand/retail,1,308,0.0,2.0,0.9
rizzihome.com,brand/retail,1,308,0.0,2.0,0.9
expressionsvinyl.com,brand/retail,1,308,0.0,2.0,0.9
longviewsupply.com,brand/retail,1,308,0.0,2.0,0.9
evergreenscalemodels.com,brand/retail,1,308,0.0,2.0,0.9
gradescope-static-assets.s3.amazonaws.com,brand/retail,1,308,0.0,2.0,0.9
customguide.com,brand/retail,1,308,0.0,2.0,0.9
shopmgmgrand.com,brand/retail,1,308,0.0,2.0,0.9
olivebranchtreasures.com,brand/retail,1,308,0.0,2.0,0.9
long-weekends.com,brand/retail,4,307,0.0,26.2,0.3
seamsfriendly.com,brand/retail,7,307,0.0,26.1,0.9
flaxdesigns.com,brand/retail,2,307,0.0,8.5,1.1
ultimatelongevity.com,brand/retail,3,306,0.0,18.7,0.5
gbslinens.com,brand/retail,3,306,0.0,8.0,0.9
dollargeneral.com,brand/retail,25,306,0.0,28.8,1.9
morrowsoftgoods.com,brand/retail,2,306,0.0,12.0,1.0
ornatera.com,brand/retail,2,306,0.0,14.5,1.0
kevinkrusemd.com,brand/retail,2,306,0.0,15.0,1.0
divinityclergywear.com,brand/retail,4,306,0.0,12.2,2.1
knitfabric.com,brand/retail,2,305,0.0,15.0,0.1
anitagoodesign.com,brand/retail,2,305,0.0,19.5,0.5
waverles.com,brand/retail,2,305,0.0,10.0,1.1
njctl.org,brand/retail,1,304,0.0,12.0,0.1
kindermats.com,brand/retail,1,304,0.0,12.0,0.1
terratherapy.co,brand/retail,5,304,0.0,20.0,0.2
vam.ac.uk,brand/retail,5,304,0.0,16.4,1.0
coccyx.org,brand/retail,2,304,0.0,4.5,1.3
yala.shop,brand/retail,5,304,0.0,19.6,2.2
swaddledesigns.com,brand/retail,4,304,0.0,23.5,1.6
paxisplace.com,brand/retail,1,304,0.0,1.0,1.0
sofloprimeapparel.com,brand/retail,1,304,0.0,1.0,1.0
8sheep.com,brand/retail,1,304,0.0,1.0,1.0
clearbags.com,brand/retail,1,304,0.0,1.0,1.0
pleasurebedding.com,brand/retail,1,304,0.0,1.0,1.0
anchorwipingcloth.com,brand/retail,1,304,0.0,1.0,1.0
valari.gg,brand/retail,1,304,0.0,1.0,1.0
shop.agricover.com,brand/retail,1,304,0.0,1.0,1.0
worldninjasport.com,brand/retail,1,304,0.0,1.0,1.0
nativenectarbotanicals.com,brand/retail,1,304,0.0,1.0,1.0
sheetschryslerdodge.net,brand/retail,1,304,0.0,1.0,1.0
johnrobshaw.com,brand/retail,1,304,0.0,1.0,1.0
bigtowelspa.com,brand/retail,1,304,0.0,1.0,1.0
autoparts.toyotadirect.com,brand/retail,1,304,0.0,1.0,1.0
migraineagain.com,brand/retail,1,304,0.0,1.0,1.0
mushroompillow.com,brand/retail,1,304,0.0,1.0,1.0
pillsbury.com,brand/retail,1,304,0.0,1.0,1.0
comfysacks.com,brand/retail,1,304,0.0,1.0,1.0
frontierathome.com,brand/retail,1,304,0.0,1.0,1.0
frenchmeadows.com,brand/retail,1,304,0.0,1.0,1.0
candccalifornia.com,brand/retail,1,304,0.0,1.0,1.0
proshop.seahawks.com,brand/retail,1,304,0.0,1.0,1.0
hazelandolive.com,brand/retail,18,303,0.0,21.8,1.7
iheartcraftythings.com,brand/retail,4,303,0.0,13.0,1.1
blesserhouse.com,brand/retail,4,303,0.0,11.8,1.0
theotherquiltshop.com,brand/retail,2,301,0.0,29.0,0.0
tempur-pedic.us.com,brand/retail,1,301,0.0,11.0,0.1
shopkatsch.com,brand/retail,1,301,0.0,11.0,0.1
tumblr.com,brand/retail,6,301,0.0,14.7,1.3
gosupps.com,brand/retail,48,300,0.0,40.1,0.1
heatherhandmade.com,brand/retail,5,300,0.0,9.8,0.9
mattressnut.com,brand/retail,18,299,0.0,59.4,0.0
linen-shed.com,brand/retail,9,299,0.0,31.7,0.5
talk.clinicadvisor.com,brand/retail,1,299,0.0,18.0,0.1
superiorcustomlinens.com,brand/retail,23,299,0.0,30.5,2.0
elegear.com,brand/retail,5,299,0.0,28.0,0.6
seventhgeneration.com,brand/retail,5,299,0.0,10.0,1.5
linenhorse.com,brand/retail,2,299,0.0,14.5,0.7
surlatable.com,brand/retail,9,298,0.0,22.8,0.3
hysupplies.net,brand/retail,20,298,0.0,30.1,1.2
blanksusa.com,brand/retail,2,298,0.0,12.5,0.7
mangelsens.com,brand/retail,1,297,0.0,19.0,0.1
amysquiltroom.com,brand/retail,1,297,0.0,19.0,0.1
visitstpeteclearwater.com,brand/retail,1,297,0.0,19.0,0.1
womanwithin.com,brand/retail,31,297,0.0,27.9,0.9
talasonline.com,brand/retail,2,297,0.0,5.5,1.1
amtexsys.com,brand/retail,2,297,0.0,9.0,0.8
henstoothhomestead.com,brand/retail,2,297,0.0,4.0,1.4
floandfrankie.com,brand/retail,38,296,0.0,49.7,0.0
southerntickingco.com,brand/retail,8,296,0.0,16.6,1.0
mygiantstrawberry.com,brand/retail,2,296,0.0,10.0,0.2
thegoldenconcepts.com,brand/retail,9,295,0.0,19.6,0.3
arhaus.com,brand/retail,11,295,0.0,25.7,1.1
darcyquilts.com,brand/retail,7,295,0.0,19.4,0.4
lacolon.com,brand/retail,2,295,0.0,5.5,1.1
harkla.co,brand/retail,3,294,0.0,8.0,0.9
curiouslyconscious.com,brand/retail,2,294,0.0,4.5,1.3
themadisoncollection.com,brand/retail,5,294,0.0,10.6,2.2
maisieandruth.com,brand/retail,9,293,0.0,32.8,0.0
tosorohome.com,brand/retail,4,293,0.0,22.8,0.1
brides.com,brand/retail,10,293,0.0,21.1,1.8
bedzzzexpress.com,brand/retail,4,293,0.0,12.0,0.8
mintarrow.com,brand/retail,3,293,0.0,9.7,1.1
natiboutique.com,brand/retail,5,293,0.0,21.4,1.7
beachbumoutdoors.com,brand/retail,1,292,0.0,13.0,0.1
handybeachgoods.com,brand/retail,1,292,0.0,8.0,0.3
barnquilts.com,brand/retail,1,292,0.0,8.0,0.3
gammill.com,brand/retail,1,292,0.0,8.0,0.3
community.withairbnb.com,brand/retail,1,292,0.0,8.0,0.3
avantilinens.com,brand/retail,3,292,0.0,17.3,0.3
shoplotuslinen.com,brand/retail,9,292,0.0,23.4,1.5
vandykes.com,brand/retail,4,291,0.0,24.2,0.1
breescape.com,brand/retail,2,291,0.0,7.5,1.0
wiquiltmuseum.com,brand/retail,2,290,0.0,12.5,0.3
myorganicsleep.com,brand/retail,21,290,0.0,27.0,1.2
uprootclean.co,brand/retail,1,290,0.0,4.0,0.7
thehues.com,brand/retail,1,290,0.0,4.0,0.7
greensheet.com,brand/retail,1,290,0.0,4.0,0.7
designhousestockholm.com,brand/retail,1,290,0.0,4.0,0.7
monasterystore.org,brand/retail,1,290,0.0,4.0,0.7
toddlekind.com,brand/retail,1,290,0.0,4.0,0.7
mexicanblankets.com,brand/retail,1,290,0.0,4.0,0.7
motifmedical.com,brand/retail,1,290,0.0,4.0,0.7
cdnvideo.dolimg.com,brand/retail,1,290,0.0,4.0,0.7
sameday.costcobusinessdelivery.com,brand/retail,1,290,0.0,4.0,0.7
overezchickencoop.com,brand/retail,1,290,0.0,4.0,0.7
amishdirectfurniture.com,brand/retail,1,290,0.0,4.0,0.7
help.beautyrest.com,brand/retail,1,290,0.0,4.0,0.7
truckaccessorystore.com,brand/retail,1,290,0.0,4.0,0.7
pilebuck.com,brand/retail,1,290,0.0,4.0,0.7
stitchedbyalexis.com,brand/retail,1,290,0.0,4.0,0.7
thepicketfence.com,brand/retail,7,289,0.0,10.9,1.7
theorganiccompanydk.com,brand/retail,2,289,0.0,5.5,1.1
kristamoser.com,brand/retail,4,288,0.0,8.2,1.9
thebuffalowoolco.com,brand/retail,2,288,0.0,2.5,1.7
ecobrands.us,brand/retail,5,287,0.0,31.8,0.7
3sheetsbrewing.com,brand/retail,2,287,0.0,8.0,0.6
blessmybucket.com,brand/retail,46,287,0.0,42.3,0.0
livingspinal.com,brand/retail,4,287,0.0,8.5,1.5
prairieedge.com,brand/retail,2,287,0.0,5.5,1.1
customwovenblankets.com,brand/retail,2,286,0.0,8.0,0.7
potatoparcel.com,brand/retail,2,286,0.0,6.5,1.0
makervalleybrand.com,brand/retail,3,285,0.0,23.3,0.5
theglobalstitch.com,brand/retail,5,285,0.0,9.6,1.2
souverhome.com,brand/retail,10,285,0.0,51.3,0.6
simpleopulence.com,brand/retail,11,285,0.0,24.3,1.0
studio-mcgee.com,brand/retail,2,285,0.0,3.5,1.5
allaboutvibe.com,brand/retail,6,284,0.0,24.7,1.1
bearmattress.com,brand/retail,12,284,0.0,27.5,0.5
studio41.com,brand/retail,2,284,0.0,8.5,0.9
bodyassist.com,brand/retail,3,283,0.0,10.0,0.6
manduka.com,brand/retail,3,283,0.0,6.3,1.4
highway-robery.com,brand/retail,5,283,0.0,14.6,1.8
fiddleheadartisansupply.com,brand/retail,2,282,0.0,9.5,1.0
poolsupplies.com,brand/retail,1,282,0.0,3.0,0.8
lasportshall.com,brand/retail,1,282,0.0,3.0,0.8
graduationmall.com,brand/retail,1,282,0.0,3.0,0.8
texassnax.com,brand/retail,1,282,0.0,3.0,0.8
nufunactivities.com,brand/retail,1,282,0.0,3.0,0.8
jerseystreetstore.com,brand/retail,1,282,0.0,3.0,0.8
gilderlehrman.org,brand/retail,1,282,0.0,3.0,0.8
catalinarug.com,brand/retail,1,282,0.0,3.0,0.8
elversonpuzzle.com,brand/retail,1,282,0.0,3.0,0.8
waywardblog.com,brand/retail,1,282,0.0,3.0,0.8
cascorp.com,brand/retail,1,282,0.0,3.0,0.8
dailysplendor.com,brand/retail,1,282,0.0,3.0,0.8
singer-featherweight.com,brand/retail,1,282,0.0,3.0,0.8
annaplexisinenglish.wordpress.com,brand/retail,1,282,0.0,3.0,0.8
crafttownfabrics.com,brand/retail,1,282,0.0,3.0,0.8
alexcrane.co,brand/retail,1,282,0.0,3.0,0.8
rockpaperscissor.com,brand/retail,1,282,0.0,3.0,0.8
beantownbedding.com,brand/retail,2,282,0.0,3.0,1.6
beddingsuperstore.com,brand/retail,31,281,0.0,29.9,1.2
myhookless.com,brand/retail,2,281,0.0,9.0,0.5
luxmii.com,brand/retail,3,281,0.0,24.3,0.5
stitchinpost.com,brand/retail,3,281,0.0,13.0,1.0
busbeestyle.com,brand/retail,2,280,0.0,13.5,0.1
handsonforhomemade.com,brand/retail,4,280,0.0,16.2,0.6
dudejellies.com,brand/retail,2,280,0.0,6.5,1.1
eventstable.com,brand/retail,3,280,0.0,10.7,0.6
poshpeanut.com,brand/retail,8,280,0.0,18.1,1.6
chiropractorsarasotaflorida.com,brand/retail,3,280,0.0,14.3,1.6
happiestbaby.com,brand/retail,4,279,0.0,11.5,1.7
papinelle.us,brand/retail,13,279,0.0,26.3,1.9
blankets.com,brand/retail,12,279,0.0,22.4,2.2
logobrands.com,brand/retail,4,279,0.0,3.2,3.1
app.houseofcb.com,brand/retail,2,278,0.0,17.5,0.1
villageboundquilts.com,brand/retail,4,278,0.0,8.8,1.4
thestripe.com,brand/retail,4,278,0.0,6.2,1.9
lunya.co,brand/retail,10,278,0.0,20.7,2.5
venus.com,brand/retail,12,277,0.0,44.2,0.8
basketlady.com,brand/retail,2,277,0.0,11.5,0.9
abeeinthebonnet.com,brand/retail,4,277,0.0,10.8,1.1
cheat-sheets.org,brand/retail,2,276,0.0,9.0,0.7
westinghouse.com,brand/retail,10,276,0.0,20.1,1.4
lewisandclark.travel,brand/retail,4,276,0.0,14.2,0.2
colorandchic.com,brand/retail,2,275,0.0,14.5,0.1
lambsivy.com,brand/retail,7,275,0.0,18.3,1.5
mattressexpressonline.com,brand/retail,4,275,0.0,12.2,1.0
tomthumb.com,brand/retail,6,274,0.0,24.0,0.1
chicos.com,brand/retail,11,274,0.0,22.2,0.4
sleepjunkie.com,brand/retail,24,274,0.0,64.3,0.0
royalelinens.com,brand/retail,22,274,0.0,29.5,0.4
trueprepper.com,brand/retail,2,274,0.0,15.0,0.4
botanicapaper.com,brand/retail,1,274,0.0,6.0,0.5
naturehike.com,brand/retail,1,274,0.0,6.0,0.5
missouribotanicalgarden.org,brand/retail,1,274,0.0,6.0,0.5
najeraplasticsurgery.com,brand/retail,1,274,0.0,6.0,0.5
judimadsen.com,brand/retail,1,274,0.0,6.0,0.5
alpacawarehouse.us,brand/retail,2,274,0.0,5.5,1.1
kottonculture.com,brand/retail,20,273,0.0,35.7,0.6
nourishandnestle.com,brand/retail,9,273,0.0,16.1,0.7
esquire.com,brand/retail,27,273,0.0,50.0,0.7
lillianvernon.com,brand/retail,7,273,0.0,18.0,1.6
blaynk.com,brand/retail,3,272,0.0,25.3,0.2
zerotomastery.io,brand/retail,1,272,0.0,9.0,0.2
junedecember.com,brand/retail,1,272,0.0,9.0,0.2
sabrinaendsley.com,brand/retail,1,272,0.0,9.0,0.2
hearthsidecomforts.com,brand/retail,3,271,0.0,11.3,0.8
countryliving.com,brand/retail,12,271,0.0,21.8,1.3
vonmaur.com,brand/retail,4,270,0.0,15.8,0.2
lofarisbackdrop.com,brand/retail,7,270,0.0,19.3,0.2
mamageek.co.uk,brand/retail,3,269,0.0,14.7,0.7
blog.treasurie.com,brand/retail,27,269,0.0,39.2,0.0
community.whattoexpect.com,brand/retail,8,269,0.0,14.8,1.0
rmg.co.uk,brand/retail,2,269,0.0,7.0,0.8
halosleep.com,brand/retail,9,268,0.0,22.0,1.4
bestphysicaltherapistnyc.com,brand/retail,2,268,0.0,7.0,0.8
muddymats.com,brand/retail,1,268,0.0,1.0,1.0
blacklinecarcare.com,brand/retail,1,268,0.0,1.0,1.0
orientalfurnishings.com,brand/retail,1,268,0.0,1.0,1.0
expertphotography.com,brand/retail,1,268,0.0,1.0,1.0
mlilyusa.com,brand/retail,1,268,0.0,1.0,1.0
shapesdecor.com,brand/retail,1,268,0.0,1.0,1.0
lacylinen.com,brand/retail,1,268,0.0,1.0,1.0
epicurious.com,brand/retail,7,267,0.0,23.4,0.9
savvyrest.com,brand/retail,13,267,0.0,32.5,0.8
dtcetc.com,brand/retail,3,266,0.0,32.0,0.0
sliiip.com,brand/retail,2,266,0.0,14.5,0.3
signwarehouse.com,brand/retail,2,266,0.0,7.0,0.9
marygoroundquilts.com,brand/retail,3,266,0.0,7.3,1.4
minecraftshop.com,brand/retail,2,266,0.0,2.5,1.7
willowandpinemarket.com,brand/retail,2,265,0.0,19.0,0.1
qantas.com,brand/retail,10,265,0.0,34.9,0.6
wal-mart.com,brand/retail,5,265,0.0,21.6,0.8
linenshed.store,brand/retail,3,265,0.0,24.0,1.0
thequiltingsquares.com,brand/retail,1,264,0.0,20.0,0.1
happyquiltingmelissa.com,brand/retail,1,264,0.0,20.0,0.1
restockit.com,brand/retail,7,264,0.0,19.1,0.7
throwblanket.org,brand/retail,37,264,0.0,41.5,0.1
gildentree.com,brand/retail,5,264,0.0,8.6,1.7
ca.pinterest.com,brand/retail,23,263,0.0,24.8,2.2
littlebirdiehome.com,brand/retail,2,263,0.0,17.0,0.9
coloring-pages-for-kids.rvappstudios.com,brand/retail,2,263,0.0,14.0,0.9
fwd.iws.edu,brand/retail,8,262,0.0,26.1,0.2
template.net,brand/retail,6,262,0.0,14.3,0.8
voirbride.com,brand/retail,5,262,0.0,25.0,0.4
nickoftimefabric.com,brand/retail,2,262,0.0,9.5,0.6
ilovelinen.com.au,brand/retail,5,262,0.0,14.6,1.2
duroflexworld.com,brand/retail,11,261,0.0,46.8,0.0
nuzzlepillow.alboompro.com,brand/retail,1,260,0.0,17.0,0.1
love-blanket.com,brand/retail,3,260,0.0,34.7,0.6
painfreeaussies.com.au,brand/retail,3,260,0.0,30.0,0.6
sohohome.com,brand/retail,2,260,0.0,19.5,0.9
lestyleparfait.com,brand/retail,5,259,0.0,50.6,0.0
mebiebaby.com,brand/retail,3,259,0.0,31.7,0.4
pubs.acs.org,brand/retail,4,259,0.0,7.0,1.6
bastiansolutions.com,brand/retail,1,259,0.0,2.0,0.9
gigisthimble.com,brand/retail,1,259,0.0,2.0,0.9
shoppe.amberinteriordesign.com,brand/retail,1,259,0.0,2.0,0.9
nearzero.co,brand/retail,1,259,0.0,2.0,0.9
wizkidproducts.com,brand/retail,1,259,0.0,2.0,0.9
kochind.scene7.com,brand/retail,1,259,0.0,2.0,0.9
blog.moodfabrics.com,brand/retail,1,259,0.0,2.0,0.9
midtownlumber.com,brand/retail,1,259,0.0,2.0,0.9
vegrecipesofindia.com,brand/retail,1,259,0.0,2.0,0.9
happy-everything.com,brand/retail,1,259,0.0,2.0,0.9
waverly.com,brand/retail,1,259,0.0,2.0,0.9
tranquilitybedding.com,brand/retail,1,259,0.0,2.0,0.9
goodreads.com,brand/retail,1,259,0.0,2.0,0.9
joor.com,brand/retail,1,259,0.0,2.0,0.9
kyahomedecor.com,brand/retail,1,259,0.0,2.0,0.9
sheetsofsanfrancisco.com,brand/retail,1,259,0.0,2.0,0.9
talktools.com,brand/retail,1,259,0.0,2.0,0.9
help.cricut.com,brand/retail,1,259,0.0,2.0,0.9
haberdasheryfun.com,brand/retail,1,259,0.0,2.0,0.9
shop.polkadotchair.com,brand/retail,1,259,0.0,2.0,0.9
medalsofamerica.com,brand/retail,1,259,0.0,2.0,0.9
honeybeefabrics.com,brand/retail,1,259,0.0,2.0,0.9
booooomjackson.com,brand/retail,1,259,0.0,2.0,0.9
store.stamps.com,brand/retail,1,259,0.0,2.0,0.9
sapanadreams.com,brand/retail,1,259,0.0,2.0,0.9
roark.com,brand/retail,1,259,0.0,2.0,0.9
matboardplus.com,brand/retail,1,259,0.0,2.0,0.9
alpineswiss.com,brand/retail,1,259,0.0,2.0,0.9
jamminthreads.com,brand/retail,1,259,0.0,2.0,0.9
stitchesquiltshopmcp.com,brand/retail,1,259,0.0,2.0,0.9
beautifulbydrew.com,brand/retail,1,259,0.0,2.0,0.9
marthaandash.com,brand/retail,1,259,0.0,2.0,0.9
learningresources.co.uk,brand/retail,1,259,0.0,2.0,0.9
callixe.com,brand/retail,1,259,0.0,2.0,0.9
stilwellmemorial.com,brand/retail,2,259,0.0,2.5,1.7
allegromedical.com,brand/retail,13,258,0.0,23.5,0.4
whitelotushome.com,brand/retail,14,258,0.0,26.3,0.9
kenssewingcenter.com,brand/retail,3,258,0.0,14.0,0.2
cottoncat.com,brand/retail,16,258,0.0,40.0,0.0
suspenders.com,brand/retail,3,258,0.0,6.7,1.3
meijer.com,brand/retail,7,256,0.0,24.4,0.2
partyrentalltd.com,brand/retail,3,256,0.0,30.0,0.7
espn.com,brand/retail,3,256,0.0,13.3,1.2
guides.temple.edu,brand/retail,2,255,0.0,15.5,0.1
stahldeko-shop.com,brand/retail,2,255,0.0,24.5,0.1
ecocult.com,brand/retail,4,255,0.0,20.5,0.6
roundeyesupply.com,brand/retail,4,254,0.0,23.0,0.1
rollercoasttours.com,brand/retail,7,254,0.0,49.1,0.1
silktakuyo.com,brand/retail,5,254,0.0,9.4,1.4
spoak.com,brand/retail,27,254,0.0,20.8,1.6
topbedsheetspro.com,brand/retail,10,253,0.0,49.0,0.0
mygift.com,brand/retail,2,253,0.0,14.0,0.6
drtalbots.com,brand/retail,1,253,0.0,5.0,0.6
amlinenrental.com,brand/retail,3,253,0.0,8.7,0.7
tkquiltingdesign.com,brand/retail,1,253,0.0,5.0,0.6
transtutors.com,brand/retail,1,253,0.0,5.0,0.6
welldressedtables.com,brand/retail,1,253,0.0,5.0,0.6
thepetpillow.com,brand/retail,1,253,0.0,5.0,0.6
cooking.nytimes.com,brand/retail,1,253,0.0,5.0,0.6
nordicknots.com,brand/retail,1,253,0.0,5.0,0.6
napavalley.wine,brand/retail,1,253,0.0,5.0,0.6
anngish.com,brand/retail,12,253,0.0,25.5,1.1
charliebcollection.com,brand/retail,4,253,0.0,8.0,1.9
paviliahome.com,brand/retail,18,252,0.0,26.1,0.3
maytag.com,brand/retail,4,252,0.0,19.0,0.3
opulenceofsouthernpines.com,brand/retail,3,252,0.0,6.7,1.4
lanebryant.com,brand/retail,26,252,0.0,38.7,0.8
claudiomilano.com,brand/retail,9,252,0.0,25.0,1.6
maisondepax.com,brand/retail,2,252,0.0,1.0,2.0
kingstonbrass.com,brand/retail,2,251,0.0,10.5,1.0
envypillow.com,brand/retail,6,251,0.0,20.0,1.9
quiltdstudios.com,brand/retail,2,251,0.0,11.0,0.6
beckham-pillows.com,brand/retail,2,251,0.0,3.5,1.5
tumbltrak.com,brand/retail,2,251,0.0,3.5,1.5
takasa.co,brand/retail,2,250,0.0,17.0,0.1
bocaterry.com,brand/retail,19,250,0.0,29.0,1.3
languagedrops.com,brand/retail,2,250,0.0,12.0,0.2
freesheetmusic.net,brand/retail,2,250,0.0,4.0,1.4
wallpops.com,brand/retail,4,249,0.0,21.5,0.1
theloopylamb.com,brand/retail,3,249,0.0,21.3,0.7
derilaergousa.com,brand/retail,2,248,0.0,20.5,0.1
summermae.com,brand/retail,2,248,0.0,19.5,0.1
bellarosequilts.com,brand/retail,1,248,0.0,12.0,0.1
marianainla.com,brand/retail,1,248,0.0,12.0,0.1
especialneeds.com,brand/retail,7,248,0.0,17.6,0.9
orientaltrading.com,brand/retail,6,248,0.0,16.8,0.8
pepperyhome.com,brand/retail,12,248,0.0,13.5,1.6
lilystreetquilts.com,brand/retail,2,248,0.0,3.0,1.6
blog.ashleyfurniture.com,brand/retail,12,246,0.0,35.8,0.1
kylexshahida.com,brand/retail,15,246,0.0,25.5,1.0
cozybump.com,brand/retail,5,246,0.0,18.6,1.2
us.nuby.com,brand/retail,5,246,0.0,11.6,2.0
mycoastalace.com,brand/retail,3,245,0.0,8.3,1.4
shop.cluballiance.aaa.com,brand/retail,5,244,0.0,9.0,1.1
sharptruck.com,brand/retail,3,244,0.0,7.7,1.0
eplastics.com,brand/retail,3,244,0.0,17.7,0.7
aghsupply.com,brand/retail,4,244,0.0,24.2,0.8
hygge-sheets.com,brand/retail,3,244,0.0,8.0,1.6
choice.com.au,brand/retail,5,243,0.0,40.8,0.2
domino.com,brand/retail,16,243,0.0,28.4,1.2
battletechfanon.fandom.com,brand/retail,2,243,0.0,6.0,1.0
townandcountryquiltshop.com,brand/retail,1,242,0.0,22.0,0.0
a-sub.com,brand/retail,2,242,0.0,7.0,0.8
dervis.com,brand/retail,3,242,0.0,6.3,1.4
dharmacrafts.com,brand/retail,2,242,0.0,5.5,1.1
bunkbedsbunker.com,brand/retail,9,241,0.0,14.6,2.3
generalblue.com,brand/retail,2,241,0.0,4.5,1.3
drbrownsbaby.com,brand/retail,3,241,0.0,5.3,1.7
massimodutti.com,brand/retail,9,241,0.0,30.0,2.3
ferguson.com,brand/retail,4,240,0.0,25.5,0.1
easycanvasprints.com,brand/retail,2,240,0.0,15.0,0.1
sheetsunlimited.com,brand/retail,1,239,0.0,13.0,0.1
bethanylynnemakes.com,brand/retail,5,239,0.0,11.6,0.7
craftinghappiness.com,brand/retail,7,239,0.0,13.1,1.1
ashanderie.com,brand/retail,15,238,0.0,30.9,1.9
bellysleep.com,brand/retail,1,238,0.0,8.0,0.3
snapmagnets.com,brand/retail,1,238,0.0,8.0,0.3
armandhammer.com,brand/retail,1,238,0.0,8.0,0.3
buydirect.missionlinen.com,brand/retail,1,238,0.0,8.0,0.3
blog.clover-usa.com,brand/retail,1,238,0.0,8.0,0.3
kaviso.com,brand/retail,1,238,0.0,8.0,0.3
gatherhereonline.com,brand/retail,7,237,0.0,30.7,0.1
hassleless.com,brand/retail,2,237,0.0,25.0,0.0
ambassadorcrochet.com,brand/retail,11,237,0.0,31.0,0.5
bamboomn.com,brand/retail,1,237,0.0,4.0,0.7
laytners.com,brand/retail,6,237,0.0,32.0,1.0
puzzlewarehouse.com,brand/retail,1,237,0.0,4.0,0.7
loveleighloops.com,brand/retail,1,237,0.0,4.0,0.7
tn.gov,brand/retail,1,237,0.0,4.0,0.7
ghostpillow.com,brand/retail,1,237,0.0,4.0,0.7
saltwatercanvas.com,brand/retail,1,237,0.0,4.0,0.7
mycozyrobes.com,brand/retail,1,237,0.0,4.0,0.7
todaysparent.com,brand/retail,1,237,0.0,4.0,0.7
sample-fax-cover.pdffiller.com,brand/retail,1,237,0.0,4.0,0.7
us.etam.com,brand/retail,1,237,0.0,4.0,0.7
thimbelinasquiltshop.com,brand/retail,1,237,0.0,4.0,0.7
ibm.com,brand/retail,1,237,0.0,4.0,0.7
polkadotpixieshop.com,brand/retail,3,237,0.0,7.3,1.5
tummycradle.com,brand/retail,3,237,0.0,5.3,1.7
furniturerow.com,brand/retail,1,237,0.0,1.0,2.0
theorganicbedroom.com,brand/retail,10,236,0.0,36.0,0.1
store.moma.org,brand/retail,4,236,0.0,7.8,1.3
fjdefile.phila.gov,brand/retail,2,235,0.0,15.5,0.1
lovesbeddingandfurniture.com,brand/retail,3,235,0.0,6.3,1.4
hottopic.com,brand/retail,22,234,0.0,25.1,1.2
wanderings.com,brand/retail,1,234,0.0,3.0,0.8
malooracks.com,brand/retail,1,234,0.0,3.0,0.8
them.us,brand/retail,1,234,0.0,3.0,0.8
uppercasedesigns.ca,brand/retail,1,234,0.0,3.0,0.8
fashionfabricla.com,brand/retail,1,234,0.0,3.0,0.8
projectlinusocpc.org,brand/retail,1,234,0.0,3.0,0.8
mollymutt.com,brand/retail,1,234,0.0,3.0,0.8
gloryhaus.com,brand/retail,1,234,0.0,3.0,0.8
medco-athletics.com,brand/retail,1,234,0.0,3.0,0.8
caycegolf.com,brand/retail,1,234,0.0,3.0,0.8
balsausa.com,brand/retail,1,234,0.0,3.0,0.8
mulberrypaperandmore.com,brand/retail,1,234,0.0,3.0,0.8
facetory.com,brand/retail,1,234,0.0,3.0,0.8
poppymonkneedlepointkits.com,brand/retail,1,234,0.0,3.0,0.8
audreyandbear.com,brand/retail,1,234,0.0,3.0,0.8
dynamilis.com,brand/retail,1,234,0.0,3.0,0.8
beachblanketbabylon.com,brand/retail,1,234,0.0,3.0,0.8
sewingbysarah.com,brand/retail,1,234,0.0,3.0,0.8
songfacts.com,brand/retail,1,234,0.0,3.0,0.8
ngsslifescience.com,brand/retail,1,234,0.0,3.0,0.8
nestwellsheets.com,brand/retail,1,234,0.0,3.0,0.8
kodiakcanvas.com,brand/retail,1,234,0.0,3.0,0.8
bombayhair.com,brand/retail,1,234,0.0,3.0,0.8
keepfiling.com,brand/retail,1,234,0.0,3.0,0.8
barbend.com,brand/retail,1,234,0.0,3.0,0.8
wwe.com,brand/retail,1,234,0.0,3.0,0.8
sisterscountry.com,brand/retail,1,234,0.0,3.0,0.8
dailymotion.com,brand/retail,15,233,0.0,29.2,0.2
mrmattressoutletstore.com,brand/retail,4,233,0.0,25.2,0.2
jestik.com,brand/retail,4,233,0.0,26.8,0.0
thebossysauce.com,brand/retail,2,233,0.0,7.0,0.8
rvmattress.com,brand/retail,5,233,0.0,14.8,1.0
smartandfinal.com,brand/retail,12,233,0.0,23.9,1.0
thewaterstonecompany.com,brand/retail,6,232,0.0,32.0,0.0
townandcountrymag.com,brand/retail,12,232,0.0,35.2,1.1
ohanamoderndecor.com,brand/retail,10,232,0.0,16.9,0.8
jdawnsfabricsandmore.com,brand/retail,1,231,0.0,23.0,0.0
quilt-agious.com,brand/retail,1,231,0.0,23.0,0.0
clothplus.com,brand/retail,1,231,0.0,24.0,0.0
plainjanesandco.com,brand/retail,1,231,0.0,25.0,0.0
explorebranson.com,brand/retail,1,231,0.0,25.0,0.0
quiltshopinthecountry.com,brand/retail,1,231,0.0,26.0,0.0
patchworks.com,brand/retail,1,231,0.0,27.0,0.0
bluebarquilts.com,brand/retail,1,231,0.0,27.0,0.0
cottoncreekmill.com,brand/retail,1,231,0.0,28.0,0.0
sewcharmingquiltshop.com,brand/retail,1,231,0.0,28.0,0.0
kosmu.co,brand/retail,4,231,0.0,19.5,0.7
softframedesigns.com,brand/retail,2,231,0.0,8.0,0.6
senior.com,brand/retail,22,231,0.0,19.1,3.5
royalblue-leopard-445803.hostingersite.com,brand/retail,3,230,0.0,19.7,0.1
woodartsupply.com,brand/retail,12,230,0.0,41.9,0.1
notjustpajama.com,brand/retail,4,230,0.0,20.2,1.0
foamonline.com,brand/retail,4,230,0.0,12.0,1.4
bafodehome.com,brand/retail,10,229,0.0,28.9,0.6
partumhealth.com,brand/retail,3,229,0.0,12.0,0.8
smeincusa.com,brand/retail,2,229,0.0,11.5,0.6
dunelm.com,brand/retail,69,229,0.0,36.2,0.2
nantucketlooms.com,brand/retail,5,229,0.0,16.6,1.5
northshorelinens.com,brand/retail,7,228,0.0,36.6,0.1
dapuhome.com,brand/retail,3,228,0.0,15.7,0.5
whattoexpect.com,brand/retail,11,228,0.0,20.3,0.6
boots.com,brand/retail,1,227,0.0,14.0,0.1
towelr.com,brand/retail,22,226,0.0,42.5,0.2
ulsterlinen.com,brand/retail,4,226,0.0,14.0,1.1
gobekusa.com,brand/retail,4,225,0.0,56.8,0.0
manchestermills.com,brand/retail,2,225,0.0,22.0,0.1
lenox.com,brand/retail,5,225,0.0,25.0,0.1
spinemd.com,brand/retail,4,225,0.0,11.0,0.7
adapthealthmarketplace.com,brand/retail,2,225,0.0,10.5,0.9
vansilkhome.com,brand/retail,28,225,0.0,30.6,1.0
moonchildsleep.com,brand/retail,11,225,0.0,23.8,1.3
patternpoole.com,brand/retail,3,225,0.0,15.0,1.0
blueloom.com,brand/retail,4,224,0.0,31.8,0.1
prettyorganicgirl.com,brand/retail,20,224,0.0,34.9,1.1
goodbuygear.com,brand/retail,6,223,0.0,21.5,0.4
theavalon.org,brand/retail,1,223,0.0,6.0,0.5
soundcloud.com,brand/retail,1,223,0.0,6.0,0.5
emilyreviews.com,brand/retail,1,223,0.0,6.0,0.5
mattresshub.com,brand/retail,1,223,0.0,6.0,0.5
myhours.com,brand/retail,1,223,0.0,6.0,0.5
uclahealth.org,brand/retail,1,223,0.0,6.0,0.5
eastfork.com,brand/retail,1,223,0.0,6.0,0.5
sarna.net,brand/retail,2,223,0.0,7.0,0.8
maidstonedxv.com,brand/retail,4,222,0.0,39.8,0.0
krazykabbage.com,brand/retail,2,222,0.0,18.0,0.1
portugueseflannel.com,brand/retail,1,222,0.0,9.0,0.2
greatjonesgoods.com,brand/retail,1,222,0.0,9.0,0.2
heathealer.com,brand/retail,1,222,0.0,9.0,0.2
lahammam.com,brand/retail,1,222,0.0,9.0,0.2
carvedesigns.com,brand/retail,8,222,0.0,18.5,2.2
knotfastfashion.com,brand/retail,4,222,0.0,17.0,1.1
etymonline.com,brand/retail,4,222,0.0,15.2,0.5
porterlanehome.com,brand/retail,3,222,0.0,9.3,1.5
knitfirst.com,brand/retail,17,221,0.0,40.3,0.0
groups.molbiosci.northwestern.edu,brand/retail,4,221,0.0,8.0,1.2
sharktankblog.com,brand/retail,3,220,0.0,10.3,0.5
simplyfrenchmarket.com,brand/retail,4,220,0.0,8.5,1.8
crownaffair.com,brand/retail,7,220,0.0,31.4,1.1
theconfidentstitch.com,brand/retail,2,220,0.0,5.5,1.1
woodsfinelinens.com,brand/retail,6,219,0.0,17.8,0.6
offshoresafetyinstitute.com,brand/retail,30,219,0.0,50.9,0.0
lemon8-app.com,brand/retail,17,219,0.0,36.8,0.7
snugglesquilts.com,brand/retail,3,219,0.0,8.3,1.1
elegantcomfort.com,brand/retail,6,219,0.0,19.8,1.0
fsastore.com,brand/retail,2,219,0.0,4.5,1.3
thisisthegreat.com,brand/retail,1,219,0.0,1.0,1.0
catholicliturgicals.com,brand/retail,1,219,0.0,1.0,1.0
sherpapullovers.com,brand/retail,1,219,0.0,1.0,1.0
sigridolsen.com,brand/retail,1,219,0.0,1.0,1.0
almy.com,brand/retail,1,219,0.0,1.0,1.0
offhours.co,brand/retail,1,219,0.0,1.0,1.0
shop.californiacowboy.com,brand/retail,1,219,0.0,1.0,1.0
ryanresourcesvlp.com,brand/retail,2,218,0.0,15.5,0.1
rowleycompany.com,brand/retail,4,218,0.0,36.0,0.9
laundrybasketquilts.net,brand/retail,2,218,0.0,14.5,0.3
embroidery.rocksea.org,brand/retail,2,218,0.0,8.0,0.7
12thtribe.com,brand/retail,6,218,0.0,26.8,1.8
bigduckcanvas.com,brand/retail,3,217,0.0,7.7,1.1
retro-rifle.com,brand/retail,2,217,0.0,4.5,1.3
thesewingstudio.co.uk,brand/retail,4,216,0.0,37.0,0.0
sleepright.com,brand/retail,2,216,0.0,18.0,0.4
hotelcollectionpillows.com,brand/retail,9,216,0.0,47.6,0.0
thelinenlab.com,brand/retail,5,216,0.0,25.2,0.6
community.ricksteves.com,brand/retail,5,216,0.0,11.8,0.3
designedtoquilt.com,brand/retail,26,216,0.0,37.9,0.2
yoursclothing.com,brand/retail,3,216,0.0,29.0,1.0
printify.com,brand/retail,11,215,0.0,26.5,0.2
scatteredthoughtsofacraftymom.com,brand/retail,10,215,0.0,22.2,0.5
us.maxmara.com,brand/retail,11,215,0.0,23.5,1.2
athleta.gap.com,brand/retail,2,214,0.0,18.0,0.1
thequiltfactory.com,brand/retail,2,214,0.0,14.0,0.3
partyslate.com,brand/retail,2,214,0.0,9.0,0.7
detailedimage.com,brand/retail,1,213,0.0,16.0,0.1
bebee.com,brand/retail,1,213,0.0,17.0,0.1
getbernat.com,brand/retail,2,213,0.0,15.0,0.1
choctawstore.com,brand/retail,1,213,0.0,17.0,0.1
cullensbabyland.us,brand/retail,3,213,0.0,14.7,0.6
weddingshoppeinc.com,brand/retail,4,213,0.0,15.8,0.8
columbia.com,brand/retail,2,213,0.0,9.5,1.0
eventprime.co,brand/retail,2,212,0.0,35.0,0.0
monicaandandy.com,brand/retail,5,212,0.0,17.8,1.0
zarahome.com,brand/retail,15,212,0.0,24.6,1.2
cleanrightlaundromat.com,brand/retail,4,212,0.0,9.8,0.8
foxnews.com,brand/retail,4,211,0.0,41.5,0.1
msn.com,brand/retail,29,211,0.0,61.2,0.0
learn.kregtool.com,brand/retail,2,211,0.0,6.5,0.9
eonline.com,brand/retail,18,211,0.0,37.6,1.5
urbaninfant.com,brand/retail,2,211,0.0,6.5,0.9
nestnewyork.com,brand/retail,1,211,0.0,2.0,0.9
thecannontowels.com,brand/retail,1,211,0.0,2.0,0.9
annieinc.com,brand/retail,1,211,0.0,2.0,0.9
mirrorponddrycleaners.com,brand/retail,1,211,0.0,2.0,0.9
countrytradingco.com,brand/retail,1,211,0.0,2.0,0.9
allinstripes.com,brand/retail,1,211,0.0,2.0,0.9
danielleguiziony.com,brand/retail,1,211,0.0,2.0,0.9
ascensionpress.com,brand/retail,1,211,0.0,2.0,0.9
thirtysevenfive.com,brand/retail,1,211,0.0,2.0,0.9
utsumiamerica.com,brand/retail,1,211,0.0,2.0,0.9
voight.com,brand/retail,1,211,0.0,2.0,0.9
thehikinglife.com,brand/retail,1,211,0.0,2.0,0.9
osakiusa.com,brand/retail,1,211,0.0,2.0,0.9
broraonline.com,brand/retail,1,211,0.0,2.0,0.9
tlyarncrafts.com,brand/retail,1,211,0.0,2.0,0.9
mulberrypatchquilts.wordpress.com,brand/retail,1,211,0.0,2.0,0.9
cleanbeauty.com,brand/retail,1,211,0.0,2.0,0.9
wexelart.com,brand/retail,1,211,0.0,2.0,0.9
sites.pitt.edu,brand/retail,1,211,0.0,2.0,0.9
skyrimcommands.com,brand/retail,1,211,0.0,2.0,0.9
sundays-company.com,brand/retail,1,211,0.0,2.0,0.9
guineadad.com,brand/retail,1,211,0.0,2.0,0.9
fashionhistory.fitnyc.edu,brand/retail,1,211,0.0,2.0,0.9
fete.us,brand/retail,1,211,0.0,2.0,0.9
clnq.com,brand/retail,1,211,0.0,2.0,0.9
healthessential.co,brand/retail,2,210,0.0,10.0,0.8
quilterswarehouse.com,brand/retail,2,210,0.0,11.5,0.3
goldendreamsmattress.com,brand/retail,2,210,0.0,4.5,1.3
agingcare.com,brand/retail,18,210,0.0,13.6,2.7
designerhardware.com,brand/retail,3,209,0.0,40.0,0.0
allfreecrochet.com,brand/retail,15,209,0.0,32.6,0.2
rh.com,brand/retail,13,209,0.0,27.6,0.9
fabdreamsorganic.com,brand/retail,2,209,0.0,9.5,0.7
camerontradingpost.com,brand/retail,2,209,0.0,9.5,0.7
derilashop.com,brand/retail,2,208,0.0,21.0,0.1
techtimes.com,brand/retail,4,208,0.0,26.8,0.1
sweetbamboo.co,brand/retail,2,208,0.0,51.0,0.0
michelleyeoquiltdesigns.com,brand/retail,2,208,0.0,53.0,0.0
drop.com,brand/retail,2,208,0.0,58.0,0.0
tonysfurnitureandmattress.com,brand/retail,2,208,0.0,60.0,0.0
cottonpickins.com,brand/retail,1,208,0.0,21.0,0.0
havenwiseliving.com,brand/retail,1,208,0.0,21.0,0.0
sixstories.com,brand/retail,3,208,0.0,11.3,1.1
cintas.com,brand/retail,2,208,0.0,10.0,0.9
pure-fiber.com,brand/retail,7,208,0.0,14.7,1.3
scrapfabriclove.com,brand/retail,2,208,0.0,7.0,0.8
education.com,brand/retail,8,208,0.0,12.5,1.5
minkycorner.com,brand/retail,1,207,0.0,15.0,0.1
us.pg.com,brand/retail,1,207,0.0,15.0,0.1
wendysquiltsandmore.blogspot.com,brand/retail,2,207,0.0,16.5,0.2
ulsterweavers.com,brand/retail,1,207,0.0,7.0,0.4
esd.uga.edu,brand/retail,1,207,0.0,7.0,0.4
easyquiltpattern.com,brand/retail,1,207,0.0,7.0,0.4
lizapruitt.com,brand/retail,1,207,0.0,7.0,0.4
txmn.org,brand/retail,1,207,0.0,7.0,0.4
leafscore.com,brand/retail,5,207,0.0,23.6,0.6
pictureperfectkitchendesigns.com,brand/retail,1,207,0.0,7.0,0.4
gpackusa.com,brand/retail,1,207,0.0,7.0,0.4
asinsight.com,brand/retail,7,206,0.0,38.9,0.1
beckystern.com,brand/retail,3,206,0.0,15.7,0.2
comfilife.com,brand/retail,12,206,0.0,18.0,1.7
branchbasics.com,brand/retail,1,206,0.0,5.0,0.6
sabai.design,brand/retail,1,206,0.0,5.0,0.6
olieandevie.com,brand/retail,1,206,0.0,5.0,0.6
calm.com,brand/retail,1,206,0.0,5.0,0.6
knotsoflove.org,brand/retail,1,206,0.0,5.0,0.6
hospiceofthepiedmont.org,brand/retail,1,206,0.0,5.0,0.6
ummhealth.org,brand/retail,1,206,0.0,5.0,0.6
mypetchicken.com,brand/retail,1,206,0.0,5.0,0.6
berklee.edu,brand/retail,1,206,0.0,5.0,0.6
countrylanefurniture.com,brand/retail,1,206,0.0,5.0,0.6
rushordertees.com,brand/retail,5,206,0.0,20.6,0.8
whatsthebest-mattress.com,brand/retail,2,205,0.0,16.5,0.2
debuyer-usa.com,brand/retail,1,205,0.0,10.0,0.1
delinum.com.au,brand/retail,2,205,0.0,6.0,1.0
homehacks.co,brand/retail,12,204,0.0,37.6,0.5
ultimatecomfortsleep.com,brand/retail,11,204,0.0,44.0,0.1
aperturee.com,brand/retail,6,204,0.0,27.2,0.2
sweetredpoppy.com,brand/retail,3,204,0.0,10.3,0.9
sexylittlerobe.com,brand/retail,3,204,0.0,18.3,1.3
nurtured9.com,brand/retail,4,203,0.0,15.8,0.2
groundluxe.com,brand/retail,5,203,0.0,23.0,0.1
motherandbaby.com,brand/retail,8,203,0.0,15.4,1.5
jaipurmorniusa.com,brand/retail,2,203,0.0,3.5,1.5
lavenderbythebay.com,brand/retail,2,203,0.0,3.5,1.5
atechnologies.com,brand/retail,1,202,0.0,11.0,0.1
ptsd.k12.pa.us,brand/retail,1,202,0.0,11.0,0.1
showermewithlove.com,brand/retail,2,202,0.0,4.0,1.4
nemoequipment.com,brand/retail,2,201,0.0,7.5,0.7
helpinghandsquilts.com,brand/retail,3,201,0.0,8.7,0.9
imperialsupplies.com,brand/retail,1,200,0.0,19.0,0.1
whitestuff.com,brand/retail,8,200,0.0,27.9,0.7
hiltontohome.com,brand/retail,6,200,0.0,20.5,1.0
winsham.com,brand/retail,3,199,0.0,40.3,0.1
videos.homedepot.com,brand/retail,3,199,0.0,10.3,0.4
thisyellowfarmhouse.com,brand/retail,2,199,0.0,7.5,0.7
americanmedicalinc.com,brand/retail,7,199,0.0,22.7,1.0
atlantichp.com,brand/retail,2,198,0.0,18.5,0.1
findthisbest.com,brand/retail,28,198,0.0,59.5,0.0
best.serp.co,brand/retail,32,198,0.0,51.2,0.0
blog.innovatebuildingsolutions.com,brand/retail,2,198,0.0,8.0,0.6
downunderbedding.com,brand/retail,16,197,0.0,41.4,0.2
owchealth.com,brand/retail,11,197,0.0,27.7,0.1
theeverygirl.com,brand/retail,3,197,0.0,31.3,0.0
healthcraftproducts.com,brand/retail,5,197,0.0,16.8,0.2
cursingcats.com,brand/retail,2,197,0.0,5.0,1.2
www2.parklanejewelry.com,brand/retail,2,196,0.0,11.0,0.9
fiskars.com,brand/retail,3,196,0.0,9.3,0.8
air-threads.com,brand/retail,5,196,0.0,17.4,1.0
ruggable.eu,brand/retail,3,196,0.0,5.7,1.6
mjcaudun.com,brand/retail,2,195,0.0,19.5,0.1
myblanke.com,brand/retail,4,195,0.0,28.5,0.5
readyamerica.com,brand/retail,1,195,0.0,8.0,0.3
almanac.com,brand/retail,1,195,0.0,8.0,0.3
mkt-jcpenney.com,brand/retail,2,195,0.0,9.0,0.9
furnituretob.com,brand/retail,2,195,0.0,1.0,2.0
shop.icancrochetthat.com,brand/retail,6,194,0.0,14.3,1.1
hellomolly.com,brand/retail,30,194,0.0,39.4,0.7
feltandcraft.com,brand/retail,2,194,0.0,9.5,0.6
aligne.co,brand/retail,2,194,0.0,5.0,1.2
smalltownimpressions.com,brand/retail,2,193,0.0,25.5,0.0
orosesilk.com,brand/retail,14,193,0.0,33.2,0.1
riverbendhome.com,brand/retail,6,193,0.0,51.0,0.0
ae.com,brand/retail,37,193,0.0,41.8,0.2
sleepsia.com,brand/retail,22,193,0.0,36.4,0.1
cpap.com,brand/retail,3,193,0.0,11.3,0.3
orthopedicnj.com,brand/retail,7,193,0.0,28.6,1.2
myhomierhome.com,brand/retail,3,193,0.0,7.3,1.1
downluxe.com,brand/retail,3,192,0.0,24.3,0.1
energyearth.com,brand/retail,2,192,0.0,21.0,0.1
us.e-cloth.com,brand/retail,4,192,0.0,35.2,0.7
ecosa.com.au,brand/retail,17,192,0.0,30.5,0.3
bostontextile.com,brand/retail,14,192,0.0,26.6,0.7
editorialist.com,brand/retail,41,192,0.0,34.0,0.4
thekiwicountrygirl.com,brand/retail,2,192,0.0,7.5,0.7
pinnaclechiropractic.net,brand/retail,4,191,0.0,38.0,0.1
everythingpromo.com,brand/retail,9,191,0.0,28.3,0.1
carters.com,brand/retail,12,191,0.0,26.8,0.4
jonathany.com,brand/retail,4,191,0.0,12.2,0.8
theshadestore.com,brand/retail,2,191,0.0,6.5,0.9
savetrees.co,brand/retail,1,191,0.0,4.0,0.7
beautyrestguestpurchase.com,brand/retail,1,191,0.0,4.0,0.7
nationaldiscountpoolsupplies.com,brand/retail,1,191,0.0,4.0,0.7
worldcoppersmith.com,brand/retail,1,191,0.0,4.0,0.7
mlb.com,brand/retail,1,191,0.0,4.0,0.7
timeclockmts.com,brand/retail,1,191,0.0,4.0,0.7
shopweatherpod.com,brand/retail,1,191,0.0,4.0,0.7
image.flogvit.com,brand/retail,1,191,0.0,4.0,0.7
dtfsatx.com,brand/retail,1,191,0.0,4.0,0.7
history.com,brand/retail,1,191,0.0,4.0,0.7
hmemedicalshop.com,brand/retail,1,191,0.0,4.0,0.7
kieljamespatrick.com,brand/retail,1,191,0.0,4.0,0.7
jaceindustries.com,brand/retail,1,191,0.0,4.0,0.7
milliehartinteriors.com,brand/retail,1,191,0.0,4.0,0.7
savemyface.com,brand/retail,1,191,0.0,4.0,0.7
cascademountaintech.com,brand/retail,1,191,0.0,4.0,0.7
uk.dockandbay.com,brand/retail,1,190,0.0,24.0,0.0
seansoul.com,brand/retail,1,190,0.0,24.0,0.0
detailsgetnoticed.com,brand/retail,1,190,0.0,25.0,0.0
thetealturtleboutique.com,brand/retail,1,190,0.0,26.0,0.0
restscout.com,brand/retail,1,190,0.0,28.0,0.0
espudo.com,brand/retail,1,190,0.0,28.0,0.0
catalystshop.com,brand/retail,1,190,0.0,29.0,0.0
coastalurge.com,brand/retail,1,190,0.0,30.0,0.0
raisingnobles.com,brand/retail,7,190,0.0,19.4,0.5
janome.com,brand/retail,2,190,0.0,10.0,0.9
oesd.com,brand/retail,2,190,0.0,11.0,0.9
welling.domains.unf.edu,brand/retail,2,189,0.0,28.0,0.0
getminky.shop,brand/retail,2,189,0.0,36.0,0.0
softminkysblanket.com,brand/retail,2,189,0.0,38.0,0.0
minkyselect.shop,brand/retail,2,189,0.0,39.0,0.0
derilaergopillow-en.com,brand/retail,2,189,0.0,40.5,0.0
landmsupply.com,brand/retail,2,189,0.0,42.5,0.0
us-derila-pillow.com,brand/retail,2,189,0.0,42.5,0.0
derila-ergopillow.us,brand/retail,2,189,0.0,45.5,0.0
eng-en-us-derilaergopillow.com,brand/retail,2,189,0.0,47.5,0.0
dirila-ergo.com,brand/retail,2,189,0.0,48.0,0.0
derila--pillow.us,brand/retail,2,189,0.0,49.5,0.0
derillaergo.com,brand/retail,2,189,0.0,50.0,0.0
officialderilaergo.com,brand/retail,2,189,0.0,54.5,0.0
edenandom.com,brand/retail,2,189,0.0,21.0,0.1
derilaergopillowofficial.store,brand/retail,2,189,0.0,61.0,0.0
en-us-derilapillow.com,brand/retail,2,189,0.0,61.5,0.0
podcasts.apple.com,brand/retail,2,189,0.0,8.0,0.6
grimfrost.com,brand/retail,3,189,0.0,19.3,1.0
chalktalksports.com,brand/retail,3,189,0.0,11.7,1.0
twistynoodle.com,brand/retail,2,189,0.0,13.0,0.8
bedrugbrand.com,brand/retail,2,189,0.0,4.5,1.3
us.rovedesigns.com,brand/retail,5,189,0.0,13.4,1.2
homedit.com,brand/retail,4,188,0.0,22.2,0.4
fabricla.com,brand/retail,7,188,0.0,25.6,0.7
truemed.com,brand/retail,2,188,0.0,6.0,1.0
pyneandsmith.com,brand/retail,8,187,0.0,33.9,0.2
fabricmartfabrics.com,brand/retail,4,187,0.0,31.5,0.2
wideopencountry.com,brand/retail,2,187,0.0,18.0,0.1
thefabricco.com,brand/retail,7,187,0.0,19.9,0.5
community.babycenter.com,brand/retail,9,187,0.0,13.0,0.6
pennylinn.com,brand/retail,2,187,0.0,8.5,0.5
ollies.com,brand/retail,7,187,0.0,30.7,0.8
partymosaic.com,brand/retail,2,187,0.0,8.5,0.5
giftsforyounow.com,brand/retail,8,187,0.0,15.0,0.6
rockmount.com,brand/retail,2,187,0.0,11.0,0.9
mymatterly.com,brand/retail,9,186,0.0,24.9,0.3
anichini.com,brand/retail,11,186,0.0,17.7,1.4
blackarmourbedmats.com,brand/retail,2,186,0.0,4.0,1.4
waze.com,brand/retail,5,186,0.0,7.4,1.9
armstreet.com,brand/retail,2,186,0.0,4.0,1.4
quiltingismytherapy.com,brand/retail,1,185,0.0,14.0,0.1
thecoolist.com,brand/retail,1,185,0.0,14.0,0.1
cutesycrafts.com,brand/retail,3,185,0.0,17.3,0.5
jessupmfg.com,brand/retail,18,185,0.0,23.4,0.9
linenjoliebridal.com,brand/retail,1,185,0.0,3.0,0.8
elfontheshelf.com,brand/retail,1,185,0.0,3.0,0.8
foreverfrenchbaby.com,brand/retail,1,185,0.0,3.0,0.8
weegallery.com,brand/retail,1,185,0.0,3.0,0.8
shopmedvet.com,brand/retail,1,185,0.0,3.0,0.8
carsondellosa.com,brand/retail,1,185,0.0,3.0,0.8
cloudscapelinen.com,brand/retail,1,185,0.0,3.0,0.8
buysnowsportplows.com,brand/retail,1,185,0.0,3.0,0.8
pladra.com,brand/retail,1,185,0.0,3.0,0.8
apamedical.com,brand/retail,1,185,0.0,3.0,0.8
namemaker.com,brand/retail,1,185,0.0,3.0,0.8
beestar.org,brand/retail,1,185,0.0,3.0,0.8
dancopackagingproducts.com,brand/retail,1,185,0.0,3.0,0.8
pipermoonxo.com,brand/retail,1,185,0.0,3.0,0.8
westlakedermatology.com,brand/retail,1,185,0.0,3.0,0.8
peanuts.fandom.com,brand/retail,1,185,0.0,3.0,0.8
akindi.com,brand/retail,1,185,0.0,3.0,0.8
byrobin.blogspot.com,brand/retail,1,185,0.0,3.0,0.8
bpb-us-e2.wpmucdn.com,brand/retail,1,185,0.0,3.0,0.8
cnps.org,brand/retail,1,185,0.0,3.0,0.8
marcellanyc.com,brand/retail,3,184,0.0,34.7,0.8
vesta-sleep.com,brand/retail,3,184,0.0,10.7,1.1
bairdmcnuttirishlinen.com,brand/retail,2,184,0.0,3.0,1.6
luxuryhotelandsparobes.com,brand/retail,12,183,0.0,31.2,0.9
grooniwellness.com,brand/retail,5,183,0.0,27.0,0.1
myluxurious-home.com,brand/retail,5,183,0.0,27.6,0.5
murphybeddepot.com,brand/retail,1,183,0.0,6.0,0.5
rogerebert.com,brand/retail,1,183,0.0,6.0,0.5
greatusefulstuff.com,brand/retail,1,183,0.0,6.0,0.5
wineonsale.com,brand/retail,1,183,0.0,6.0,0.5
selecteventgroup.com,brand/retail,1,183,0.0,6.0,0.5
dreamersreliefpillow.com,brand/retail,1,183,0.0,6.0,0.5
eventworksrentals.com,brand/retail,1,183,0.0,6.0,0.5
wilsondorset.com,brand/retail,5,183,0.0,17.0,0.8
nglish.com,brand/retail,3,182,0.0,25.3,0.1
mineoladentalwellness.com,brand/retail,1,182,0.0,9.0,0.2
liveproofed.com,brand/retail,1,182,0.0,9.0,0.2
kafhome.com,brand/retail,1,182,0.0,9.0,0.2
newengland.com,brand/retail,1,182,0.0,9.0,0.2
johnhenric.com,brand/retail,11,182,0.0,12.1,2.7
lineniadream.com,brand/retail,9,181,0.0,42.3,0.1
petrovskagarden.com,brand/retail,5,181,0.0,47.2,0.0
jetpens.com,brand/retail,5,181,0.0,25.4,0.7
morganandreid.com,brand/retail,6,181,0.0,19.3,0.3
knittingwithchopsticks.com,brand/retail,3,181,0.0,18.7,0.6
swiftpublisher.com,brand/retail,2,181,0.0,6.0,1.0
tigermedical.com,brand/retail,2,181,0.0,4.5,1.3
allspiceonline.com,brand/retail,4,180,0.0,19.5,0.1
shop.dia.com,brand/retail,8,180,0.0,32.2,0.8
thingsremembered.com,brand/retail,5,180,0.0,13.0,0.6
knitpicks.com,brand/retail,6,180,0.0,16.8,0.6
silhouetteamerica.com,brand/retail,2,180,0.0,6.0,1.0
dreameecrochet.com,brand/retail,2,179,0.0,10.0,0.9
tufenkian.com,brand/retail,2,179,0.0,6.0,1.0
jacuzzi.com,brand/retail,1,179,0.0,1.0,1.0
dupsies.com,brand/retail,1,179,0.0,1.0,1.0
rouje.com,brand/retail,1,179,0.0,1.0,1.0
southernshirt.com,brand/retail,1,179,0.0,1.0,1.0
baptismalrobes.net,brand/retail,1,179,0.0,1.0,1.0
fielddayapparel.com,brand/retail,1,179,0.0,1.0,1.0
linenworldonline.in,brand/retail,1,179,0.0,1.0,1.0
ldoceonline.com,brand/retail,9,178,0.0,34.4,0.2
squaredealmattress.com,brand/retail,2,178,0.0,19.5,0.6
prettyperfect.com,brand/retail,4,178,0.0,31.8,0.8
simplicity.com,brand/retail,2,178,0.0,5.0,1.2
factorydirecthardware.com,brand/retail,4,178,0.0,24.5,1.4
eluxury.com,brand/retail,6,177,0.0,28.8,0.2
factorymattresstexas.com,brand/retail,8,177,0.0,33.0,0.1
grounded.com,brand/retail,5,177,0.0,29.8,0.0
bargoosebedding.com,brand/retail,3,177,0.0,27.0,0.8
shopmattressondemand.com,brand/retail,2,177,0.0,15.0,0.3
foxford.com,brand/retail,5,177,0.0,26.8,0.4
shop.feldmans-fh.com,brand/retail,2,177,0.0,6.0,1.0
merchantandmills.com,brand/retail,4,176,0.0,12.5,0.2
idamaehome.com,brand/retail,3,176,0.0,24.7,0.1
propelactive.com,brand/retail,9,176,0.0,37.8,0.1
veronikasblushing.com,brand/retail,2,176,0.0,9.5,0.5
blog.unvale.io,brand/retail,3,176,0.0,7.3,1.1
biosci.mcdb.ucsb.edu,brand/retail,3,176,0.0,8.7,1.1
mophonic.com,brand/retail,5,175,0.0,39.2,0.0
venettodesign.com,brand/retail,5,175,0.0,14.0,0.6
mass.gov,brand/retail,2,175,0.0,8.0,0.8
senseofspencer.com,brand/retail,4,175,0.0,8.5,1.0
first-school.ws,brand/retail,4,175,0.0,12.5,1.2
bernatblanketyarn.com,brand/retail,1,174,0.0,16.0,0.1
chesco.org,brand/retail,1,174,0.0,17.0,0.1
myderila.com,brand/retail,1,174,0.0,17.0,0.1
shopabunda.com,brand/retail,10,174,0.0,32.2,0.1
visionlinens.com,brand/retail,1,174,0.0,16.0,0.1
rustypod.com,brand/retail,1,174,0.0,17.0,0.1
goodrx.com,brand/retail,8,174,0.0,24.2,1.1
lavieenrose.com,brand/retail,52,174,0.0,30.1,0.3
livingonadime.com,brand/retail,2,174,0.0,8.5,0.5
fitlyrun.com,brand/retail,2,174,0.0,5.0,1.2
thegoodrollpillow.com,brand/retail,4,174,0.0,27.0,0.9
demdaco.com,brand/retail,4,174,0.0,26.2,0.9
handiquilter.com,brand/retail,3,174,0.0,8.7,1.2
lilyandsparrowco.com,brand/retail,4,173,0.0,24.2,0.1
threads.com,brand/retail,5,173,0.0,32.2,0.2
blingpainting.com,brand/retail,9,173,0.0,36.6,0.1
oldlinenmill.com,brand/retail,15,173,0.0,28.9,2.4
alsco.com,brand/retail,5,173,0.0,17.6,1.1
techradar.com,publisher,5,173,0.0,25.6,0.7
designimagesandgifts.com,brand/retail,2,172,0.0,14.5,0.3
vaquiltmuseum.org,brand/retail,2,172,0.0,13.0,0.1
bestreviews.com,brand/retail,17,172,0.0,51.5,0.0
inspecialhome.com,brand/retail,2,172,0.0,9.5,0.5
cpsc.gov,brand/retail,3,172,0.0,8.3,1.1
cabelas.com,brand/retail,7,172,0.0,17.1,0.9
terilynadams.com,brand/retail,2,172,0.0,6.5,0.9
us.sabon.com,brand/retail,2,172,0.0,6.0,1.0
quiltsandquilts.com,brand/retail,3,171,0.0,37.3,0.0
gtlinens.com,brand/retail,4,171,0.0,11.2,0.7
leifshop.com,brand/retail,2,171,0.0,10.5,0.2
holidayexpert.com,brand/retail,6,171,0.0,30.0,0.6
pinkdot.com,brand/retail,2,170,0.0,30.0,0.0
curtainandbathoutlet.com,brand/retail,3,170,0.0,35.3,0.0
wgrfurniture.com,brand/retail,2,170,0.0,11.0,0.7
thecoollinks.com,brand/retail,2,170,0.0,13.5,0.2
linentales.us,brand/retail,4,169,0.0,27.2,0.1
backdoorquilts.com,brand/retail,1,169,0.0,15.0,0.1
theinfatuation.com,brand/retail,1,169,0.0,15.0,0.1
themattressfactoryinc.com,brand/retail,11,169,0.0,27.0,0.2
andsewitbegan.com,brand/retail,2,169,0.0,16.5,0.2
lucieslist.com,brand/retail,1,169,0.0,7.0,0.4
scca.com,brand/retail,1,169,0.0,7.0,0.4
msoatucla.org,brand/retail,1,169,0.0,7.0,0.4
kiwico.com,brand/retail,1,169,0.0,7.0,0.4
indexurban.com,brand/retail,1,169,0.0,7.0,0.4
yardblox.com,brand/retail,1,169,0.0,7.0,0.4
superiorcourt.maricopa.gov,brand/retail,1,169,0.0,7.0,0.4
smoothdraw.com,brand/retail,1,169,0.0,7.0,0.4
jdneedleart.com,brand/retail,1,169,0.0,7.0,0.4
sunnydazedecor.com,brand/retail,1,169,0.0,5.0,0.6
blueskieslettering.com,brand/retail,1,169,0.0,5.0,0.6
honeycando.com,brand/retail,3,169,0.0,16.7,0.6
harrisonchirosupply.com,brand/retail,1,169,0.0,5.0,0.6
shopbala.com,brand/retail,1,169,0.0,5.0,0.6
greendrakemag.com,brand/retail,1,169,0.0,5.0,0.6
controlnoise.com,brand/retail,1,169,0.0,5.0,0.6
lorenacanals.us,brand/retail,1,169,0.0,5.0,0.6
picturehangingsystems.com,brand/retail,1,169,0.0,5.0,0.6
quiltingfabricpanels.com,brand/retail,1,169,0.0,5.0,0.6
electrothreads.com,brand/retail,1,169,0.0,5.0,0.6
cozynooksdesigns.com,brand/retail,1,169,0.0,5.0,0.6
wildlandtrekking.com,brand/retail,2,169,0.0,5.0,1.2
decorlane.com,brand/retail,9,168,0.0,38.4,0.1
huckberry.com,brand/retail,14,168,0.0,34.1,0.6
zuzusenergy.com,brand/retail,3,168,0.0,30.7,0.1
us.purecollection.com,brand/retail,14,168,0.0,22.5,1.9
naturalstepbathmats.co.uk,brand/retail,7,168,0.0,29.0,0.5
runsdone.com,brand/retail,4,168,0.0,8.5,1.2
bigspoonpillow.com,brand/retail,3,168,0.0,8.0,1.1
belleandjune.com,brand/retail,3,168,0.0,27.0,0.8
soaplicity.com,brand/retail,4,167,0.0,27.2,0.1
outsideonline.com,brand/retail,7,167,0.0,41.0,0.1
shape.com,brand/retail,1,167,0.0,10.0,0.1
popsci.com,brand/retail,8,167,0.0,19.2,0.7
snsautosupply.com,brand/retail,3,167,0.0,18.7,0.4
lnique.com,brand/retail,2,167,0.0,9.0,0.4
llbeanbusiness.com,brand/retail,8,167,0.0,25.0,1.1
venicehome.store,brand/retail,9,166,0.0,54.1,0.1
betweenthesheetsinc.com,brand/retail,6,166,0.0,24.8,0.2
independent.co.uk,brand/retail,14,166,0.0,41.3,0.8
curls.com,brand/retail,3,166,0.0,8.3,0.8
kennedyblue.com,brand/retail,8,166,0.0,19.0,1.7
characterhub.com,brand/retail,4,166,0.0,8.2,1.1
mynavyexchange.com,brand/retail,4,165,0.0,17.0,0.2
k12reader.com,brand/retail,3,165,0.0,15.3,0.6
weekand.com,brand/retail,3,165,0.0,36.7,0.0
creativewomen.net,brand/retail,1,165,0.0,11.0,0.1
kadlac.com,brand/retail,1,165,0.0,11.0,0.1
katom.com,brand/retail,2,165,0.0,13.0,0.1
thestylesaloniste.com,brand/retail,4,165,0.0,9.0,0.9
ciminohomeshop.com,brand/retail,5,165,0.0,16.4,1.1
whowhatwear.com,brand/retail,15,165,0.0,36.9,1.7
lincove.com,brand/retail,5,165,0.0,18.4,0.9
madeincookware.com,brand/retail,4,164,0.0,21.2,0.1
boxforless.com,brand/retail,2,164,0.0,17.0,0.3
torquedetail.com,brand/retail,1,163,0.0,18.0,0.1
bobbyberk.com,brand/retail,1,163,0.0,18.0,0.1
literacylearn.com,brand/retail,1,163,0.0,18.0,0.1
fredmeyer.com,brand/retail,5,163,0.0,15.0,0.4
bonjourquilts.com,brand/retail,6,163,0.0,16.5,0.5
propstore.com,brand/retail,2,163,0.0,5.5,1.1
artos.us.com,brand/retail,2,163,0.0,7.5,0.7
ourhighlands.home.blog,brand/retail,2,163,0.0,6.0,1.0
pt.pinterest.com,brand/retail,2,163,0.0,6.0,1.0
shop.rottenrecords.com,brand/retail,2,163,0.0,3.5,1.5
mercyrobes.com,brand/retail,6,163,0.0,15.7,2.0
freeimages.com,brand/retail,3,162,0.0,8.7,0.8
universalyarn.com,brand/retail,1,162,0.0,2.0,0.9
haypigs.com,brand/retail,2,162,0.0,9.0,0.9
lather.com,brand/retail,1,162,0.0,2.0,0.9
crafteaze.com,brand/retail,1,162,0.0,2.0,0.9
ultimatesack.com,brand/retail,1,162,0.0,2.0,0.9
maplehillfarmwi.com,brand/retail,1,162,0.0,2.0,0.9
meema.co,brand/retail,1,162,0.0,2.0,0.9
dealerrater.com,brand/retail,1,162,0.0,2.0,0.9
allaboutdown.com,brand/retail,1,162,0.0,2.0,0.9
jshhomeessentials.com,brand/retail,1,162,0.0,2.0,0.9
staging.getfelo.com,brand/retail,1,162,0.0,2.0,0.9
swancourtlimited.com,brand/retail,1,162,0.0,2.0,0.9
hollyhunt.com,brand/retail,1,162,0.0,2.0,0.9
madeformermaids.com,brand/retail,1,162,0.0,2.0,0.9
pillowtalkshop.com,brand/retail,1,162,0.0,2.0,0.9
shopsklhome.com,brand/retail,1,162,0.0,2.0,0.9
weddingcollectibles.com,brand/retail,1,162,0.0,2.0,0.9
roomsandgardens.com,brand/retail,1,162,0.0,2.0,0.9
nightingalechiropractic.com,brand/retail,1,162,0.0,2.0,0.9
yumikim.com,brand/retail,1,162,0.0,2.0,0.9
rofielty.com,brand/retail,1,162,0.0,2.0,0.9
7diamonds.com,brand/retail,1,162,0.0,2.0,0.9
effortlessbedding.com,brand/retail,6,161,0.0,22.7,0.9
thesilkcollection.co.uk,brand/retail,7,161,0.0,24.3,1.3
yarnsub.com,brand/retail,2,160,0.0,17.0,0.1
baptisthealth.com,brand/retail,1,160,0.0,13.0,0.1
getluna.com,brand/retail,4,160,0.0,15.8,0.2
lalinen.com,brand/retail,2,160,0.0,16.5,0.1
go.shopmy.us,brand/retail,13,160,0.0,36.9,0.2
shopisabellastyle.com,brand/retail,2,160,0.0,10.5,0.2
msd.com,brand/retail,1,160,0.0,8.0,0.3
coastalprairieconservancy.org,brand/retail,1,160,0.0,8.0,0.3
sadiessalsa.com,brand/retail,1,160,0.0,8.0,0.3
alwaysexpectmoore.com,brand/retail,1,160,0.0,8.0,0.3
goosewaddle.com,brand/retail,1,160,0.0,8.0,0.3
kalani-home.com,brand/retail,2,160,0.0,13.0,0.3
agcareproducts.com,brand/retail,2,160,0.0,5.5,1.1
hitslamhome.com,brand/retail,14,160,0.0,26.3,0.8
woolsome.shop,brand/retail,2,160,0.0,6.5,0.9
pillows.com.au,brand/retail,2,159,0.0,14.0,0.1
mrsquilty.com,brand/retail,5,159,0.0,18.2,0.6
robinpickensinc.com,brand/retail,2,159,0.0,13.5,0.5
adoreme.com,brand/retail,15,159,0.0,43.9,0.9
handwritingpracticesheets.com,brand/retail,3,158,0.0,12.0,0.3
shop.lowesfoods.com,brand/retail,3,158,0.0,12.0,0.3
designerdrains.com,brand/retail,1,158,0.0,4.0,0.7
miraclepillowonline.com,brand/retail,1,158,0.0,4.0,0.7
breg.com,brand/retail,1,158,0.0,4.0,0.7
dropps.com,brand/retail,8,158,0.0,17.2,1.3
everydaydose.com,brand/retail,1,158,0.0,4.0,0.7
buckleguy.com,brand/retail,1,158,0.0,4.0,0.7
pbclinear.com,brand/retail,1,158,0.0,4.0,0.7
taimi.com,brand/retail,1,158,0.0,4.0,0.7
quiltshow.com,brand/retail,1,158,0.0,4.0,0.7
bostonprojectlinus.com,brand/retail,1,158,0.0,4.0,0.7
coastalhomepillows.com,brand/retail,1,158,0.0,4.0,0.7
ocoochhardwoods.com,brand/retail,1,158,0.0,4.0,0.7
studs.com,brand/retail,1,158,0.0,4.0,0.7
bandabeau.com,brand/retail,1,158,0.0,4.0,0.7
codeandweb.com,brand/retail,1,158,0.0,4.0,0.7
last.fm,brand/retail,1,158,0.0,4.0,0.7
bio.libretexts.org,brand/retail,1,158,0.0,4.0,0.7
nameeks.com,brand/retail,1,158,0.0,4.0,0.7
rvsuperbag.com,brand/retail,1,158,0.0,4.0,0.7
dshs.texas.gov,brand/retail,1,158,0.0,4.0,0.7
authenticsigningsinc.com,brand/retail,1,158,0.0,4.0,0.7
epiclinen.com,brand/retail,11,158,0.0,24.1,1.1
landsdownunder.com,brand/retail,4,158,0.0,12.2,1.2
fabricville.com,brand/retail,12,157,0.0,49.2,0.0
wikihow.life,brand/retail,5,157,0.0,61.0,0.0
cloveandtwine.com,brand/retail,2,157,0.0,10.0,1.0
llbean.ca,brand/retail,11,157,0.0,16.0,0.8
sheknows.com,brand/retail,3,157,0.0,12.0,0.8
kmart.com,brand/retail,13,156,0.0,28.6,0.8
organolinen.com,brand/retail,21,156,0.0,30.2,1.4
torrid.com,brand/retail,20,156,0.0,28.1,1.2
harappa.com,brand/retail,1,156,0.0,3.0,0.8
bedofnails.org,brand/retail,1,156,0.0,3.0,0.8
clothandstitch.com,brand/retail,4,156,0.0,40.8,1.0
techmerpm.com,brand/retail,1,156,0.0,3.0,0.8
materialsource.store.link,brand/retail,1,156,0.0,3.0,0.8
nativerange.com,brand/retail,1,156,0.0,3.0,0.8
myeliteproducts.com,brand/retail,1,156,0.0,3.0,0.8
taghomedecor.com,brand/retail,1,156,0.0,3.0,0.8
forum.lettucecraft.com,brand/retail,1,156,0.0,3.0,0.8
shop.thejewishmuseum.org,brand/retail,1,156,0.0,3.0,0.8
malekliving.com,brand/retail,1,156,0.0,3.0,0.8
chiroone.com,brand/retail,1,156,0.0,3.0,0.8
touchofsouth.com,brand/retail,1,156,0.0,3.0,0.8
shopcommonthread.com,brand/retail,1,156,0.0,3.0,0.8
shopfabric.com,brand/retail,1,156,0.0,3.0,0.8
threesistersfabric.com,brand/retail,1,156,0.0,3.0,0.8
onepiece.store,brand/retail,1,156,0.0,3.0,0.8
cbssheetmetal.com,brand/retail,1,156,0.0,3.0,0.8
123kidsfun.com,brand/retail,1,156,0.0,3.0,0.8
carpetrides.com,brand/retail,1,156,0.0,3.0,0.8
monkeypen.com,brand/retail,1,156,0.0,3.0,0.8
kenmorestamp.com,brand/retail,1,156,0.0,3.0,0.8
evolveprosol.com,brand/retail,1,156,0.0,3.0,0.8
threadsofperu.com,brand/retail,1,156,0.0,3.0,0.8
shopriversedge.com,brand/retail,1,156,0.0,3.0,0.8
barts.com,brand/retail,1,156,0.0,3.0,0.8
makerstock.com,brand/retail,1,156,0.0,3.0,0.8
quickbooks.intuit.com,brand/retail,1,156,0.0,3.0,0.8
thequiltspotnj.com,brand/retail,1,156,0.0,3.0,0.8
parents.highlights.com,brand/retail,1,156,0.0,3.0,0.8
seekandswoon.com,brand/retail,1,156,0.0,3.0,0.8
myfox8.com,brand/retail,1,155,0.0,27.0,0.0
quiltpatchfabrics.com,brand/retail,1,155,0.0,27.0,0.0
lifestylemarketplace.com,brand/retail,8,155,0.0,54.6,0.1
curtarra.com,brand/retail,4,155,0.0,16.8,0.4
mount-it.com,brand/retail,2,155,0.0,11.0,0.7
linenstore.com,brand/retail,9,155,0.0,54.2,0.1
lettering-daily.com,brand/retail,2,155,0.0,11.0,0.7
thefeltpod.com,brand/retail,3,155,0.0,10.0,0.8
hingehealth.com,brand/retail,3,154,0.0,24.3,0.2
classycozycool.com,brand/retail,7,154,0.0,20.3,0.2
deluxecomfort.com,brand/retail,14,154,0.0,38.1,0.1
eventsource.com,brand/retail,5,154,0.0,22.0,0.2
allergystore.com,brand/retail,8,153,0.0,33.4,0.1
dollardays.com,brand/retail,10,153,0.0,22.8,0.6
nestingwithgrace.com,brand/retail,4,153,0.0,17.5,1.8
fixlinens.com,brand/retail,4,153,0.0,15.2,0.8
foamshop.com,brand/retail,4,152,0.0,25.8,0.0
luxxehomecollection.com,brand/retail,2,152,0.0,13.0,0.1
thesaltearth.com,brand/retail,5,152,0.0,16.4,0.3
artsandculture.google.com,brand/retail,6,152,0.0,39.7,0.0
wonderfulmuseums.com,brand/retail,6,152,0.0,50.0,0.0
showercurtainhub.com,brand/retail,7,152,0.0,44.7,0.0
wickedstitchesgifts.com,brand/retail,2,152,0.0,11.0,0.2
huckleberrycare.com,brand/retail,6,152,0.0,14.3,0.6
linennotes.com,brand/retail,19,152,0.0,30.3,0.3
jasmisilk.com,brand/retail,16,152,0.0,35.6,0.4
villagepomegranate.com,brand/retail,4,151,0.0,33.0,0.0
eloquii.com,brand/retail,14,151,0.0,40.2,0.9
haileystitches.com,brand/retail,11,151,0.0,30.7,0.3
thousandsofbolts.com,brand/retail,3,151,0.0,19.7,0.8
spreadhome.com,brand/retail,22,151,0.0,39.5,0.2
misona.co.uk,brand/retail,8,151,0.0,27.2,0.6
stylight.com,brand/retail,7,150,0.0,30.0,0.1
decorativethings.com,brand/retail,4,150,0.0,26.8,0.1
modesens.com,brand/retail,14,150,0.0,26.9,0.2
luxorlinens.com,brand/retail,4,150,0.0,32.2,0.1
designersguild.com,brand/retail,8,150,0.0,35.0,1.0
heatholders.com,brand/retail,7,150,0.0,22.9,0.4
3wishes.com,brand/retail,3,150,0.0,7.7,1.1
jdmperformance.net,brand/retail,2,150,0.0,5.0,1.2
mossenvy.com,brand/retail,5,149,0.0,23.0,0.2
sewingmachineoutlet.com,brand/retail,3,149,0.0,33.7,0.1
papercitymag.com,brand/retail,1,149,0.0,6.0,0.5
thecutesyndrome.com,brand/retail,1,149,0.0,6.0,0.5
swiftsilentdeadly.com,brand/retail,1,149,0.0,6.0,0.5
tributegoods.com,brand/retail,1,149,0.0,6.0,0.5
chiefsblankets.com,brand/retail,1,149,0.0,6.0,0.5
3sprouts.com,brand/retail,1,149,0.0,6.0,0.5
abtaba.com,brand/retail,1,149,0.0,6.0,0.5
amols.com,brand/retail,1,149,0.0,6.0,0.5
helpstpauls.com,brand/retail,1,149,0.0,6.0,0.5
hauntedhillsproductions.com,brand/retail,1,149,0.0,6.0,0.5
amishhandcrafted.com,brand/retail,1,149,0.0,6.0,0.5
designingbuildings.co.uk,brand/retail,1,149,0.0,6.0,0.5
theblacktux.com,brand/retail,6,149,0.0,20.3,1.2
beginningboutique.com,brand/retail,4,148,0.0,39.2,0.1
simabrand.com,brand/retail,2,148,0.0,12.5,0.7
theorganiccompany.dk,brand/retail,1,148,0.0,9.0,0.2
wamsuttasheet.com,brand/retail,1,148,0.0,9.0,0.2
pehr.com,brand/retail,3,148,0.0,7.7,1.1
halebedding.com,brand/retail,4,148,0.0,17.5,0.9
alnassaj.com,brand/retail,2,147,0.0,18.5,0.1
ozarkcabindecor.com,brand/retail,8,147,0.0,18.2,1.6
fabulousevents.com,brand/retail,7,147,0.0,19.6,0.2
thepartydarling.com,brand/retail,3,147,0.0,7.7,1.1
croydex.com,brand/retail,2,146,0.0,32.0,0.0
signaturebath.com,brand/retail,2,146,0.0,33.5,0.0
ifaxapp.com,brand/retail,2,146,0.0,13.0,0.1
greenfrogsleepcenter.com,brand/retail,5,146,0.0,25.6,0.9
camobeds.com,brand/retail,5,146,0.0,9.0,1.1
potterybarn.in,brand/retail,2,146,0.0,5.5,1.1
shop.monsterjam.com,brand/retail,1,146,0.0,1.0,1.0
biblegateway.com,brand/retail,1,146,0.0,1.0,1.0
denimblankets.com,brand/retail,1,146,0.0,1.0,1.0
shop.texaslonghorns.com,brand/retail,1,146,0.0,1.0,1.0
glowbydaye.com,brand/retail,1,146,0.0,1.0,1.0
coach.com,brand/retail,1,146,0.0,1.0,1.0
gamboafashion.com,brand/retail,1,146,0.0,1.0,1.0
margotelena.com,brand/retail,1,146,0.0,1.0,1.0
qualitybeddingfurniture.com,brand/retail,1,146,0.0,1.0,1.0
longwharfsupply.com,brand/retail,1,146,0.0,1.0,1.0
nuzzleclothing.com,brand/retail,1,145,0.0,20.0,0.1
duttonbrown.com,brand/retail,2,145,0.0,14.5,0.1
tureng.com,brand/retail,3,145,0.0,30.0,0.1
sleeptone.com,brand/retail,5,145,0.0,28.0,0.7
discogs.com,brand/retail,2,145,0.0,8.0,0.7
swededishcloths.com,brand/retail,2,145,0.0,7.0,0.8
bandjfabrics.com,brand/retail,6,144,0.0,27.0,0.8
weathertech.com,brand/retail,4,144,0.0,26.0,0.6
hespokestyle.com,brand/retail,6,144,0.0,10.8,1.5
kurtriver.com,brand/retail,2,144,0.0,3.5,1.5
marlybird.com,brand/retail,8,143,0.0,30.0,0.1
ozscapedesigns.com,brand/retail,8,143,0.0,18.8,0.3
homfurniture.com,brand/retail,3,143,0.0,18.7,0.3
lanescarproducts.com,brand/retail,3,143,0.0,11.7,0.7
seatarmour.com,brand/retail,2,143,0.0,6.5,0.9
chinafurnitureonline.com,brand/retail,1,143,0.0,2.0,0.9
treatingscoliosis.com,brand/retail,1,143,0.0,2.0,0.9
gorillagesund.com,brand/retail,1,143,0.0,2.0,0.9
downloads.whcc.com,brand/retail,1,143,0.0,2.0,0.9
hellomagazine.com,brand/retail,1,143,0.0,2.0,0.9
localbeach.com,brand/retail,1,143,0.0,2.0,0.9
joyfullygreen.co,brand/retail,1,143,0.0,2.0,0.9
newbornurseryfurniture.com,brand/retail,2,142,0.0,49.0,0.0
discoverlosangeles.com,brand/retail,1,142,0.0,16.0,0.1
artgardenutah.com,brand/retail,1,142,0.0,16.0,0.1
stitchonline.net,brand/retail,1,142,0.0,17.0,0.1
la.eater.com,brand/retail,1,142,0.0,17.0,0.1
mccoys.com,brand/retail,1,142,0.0,17.0,0.1
madeitateitlovedit.com,brand/retail,1,142,0.0,17.0,0.1
bbc.com,brand/retail,2,142,0.0,13.0,0.1
countrydoor.com,brand/retail,19,142,0.0,33.9,0.2
dryerventwizard.com,brand/retail,2,142,0.0,13.5,0.6
livefortheoutdoors.com,brand/retail,4,142,0.0,12.2,1.1
handiramp.com,brand/retail,8,142,0.0,15.6,1.7
linensdelight.com,brand/retail,8,141,0.0,31.1,0.1
bogleheads.org,brand/retail,5,141,0.0,14.2,0.3
milkandbaby.com,brand/retail,3,141,0.0,6.7,1.3
backwoodspursuit.com,brand/retail,3,141,0.0,12.0,0.9
accessnewswire.com,brand/retail,3,140,0.0,14.7,0.2
diy.com,brand/retail,3,140,0.0,47.0,0.0
dwr.com,brand/retail,4,140,0.0,33.5,0.3
brandream.us,brand/retail,6,140,0.0,34.8,0.1
asseenontvlive.com,brand/retail,5,140,0.0,18.0,0.8
escape.com.au,brand/retail,6,140,0.0,17.5,0.2
miraclemadesheets-eng-us.us,brand/retail,1,139,0.0,21.0,0.0
1001patterns.com,brand/retail,5,139,0.0,29.4,0.0
thecooksnookmcpherson.com,brand/retail,2,139,0.0,30.0,0.0
kerryjaynedesigns.com,brand/retail,2,139,0.0,31.5,0.0
splashes.com,brand/retail,2,139,0.0,32.0,0.0
crochetdreamz.com,brand/retail,2,139,0.0,33.0,0.0
treehousegift.com,brand/retail,2,139,0.0,35.0,0.0
shopedie.com,brand/retail,2,139,0.0,36.5,0.0
plumbersstock.com,brand/retail,2,139,0.0,37.0,0.0
akseams.com,brand/retail,2,139,0.0,39.0,0.0
summersmarketba.com,brand/retail,2,139,0.0,42.0,0.0
askteamclean.com,brand/retail,2,139,0.0,50.0,0.0
windermere.com,brand/retail,2,139,0.0,58.5,0.0
weaveanddecor.com,brand/retail,2,139,0.0,62.0,0.0
blog.coldwellbanker.com,brand/retail,2,139,0.0,65.5,0.0
tryearthbound.com,brand/retail,4,139,0.0,26.8,0.0
wellgroundedhome.com,brand/retail,4,139,0.0,36.8,0.0
groundingcompany.com,brand/retail,4,139,0.0,44.8,0.0
ttplasticland.com,brand/retail,2,139,0.0,9.0,0.5
weareplufl.com,brand/retail,6,139,0.0,17.7,0.8
coolgel.com,brand/retail,3,139,0.0,20.0,0.5
hoodielab.com,brand/retail,2,139,0.0,7.0,0.8
flooranddecor.com,brand/retail,4,138,0.0,27.0,0.2
threadtheword.com,brand/retail,5,138,0.0,25.6,0.3
123teachme.com,brand/retail,3,138,0.0,34.7,0.1
dreams.co.uk,brand/retail,2,138,0.0,17.5,0.1
amandaoutside.com,brand/retail,2,138,0.0,12.5,0.3
bebejan.com,brand/retail,18,138,0.0,20.6,0.5
comfortoption.com,brand/retail,1,138,0.0,7.0,0.4
tv.apple.com,brand/retail,1,138,0.0,7.0,0.4
weldingoutfitter.com,brand/retail,1,138,0.0,7.0,0.4
vhcbrands.com,brand/retail,1,138,0.0,7.0,0.4
coursehero.com,brand/retail,1,138,0.0,7.0,0.4
nationalstencil.com,brand/retail,1,138,0.0,7.0,0.4
sabrinacurrie.com,brand/retail,1,138,0.0,7.0,0.4
edsfinewines.com,brand/retail,1,138,0.0,7.0,0.4
buffalopartyrental.com,brand/retail,1,138,0.0,7.0,0.4
bluecanoe.com,brand/retail,1,137,0.0,10.0,0.1
soclean.com,brand/retail,1,137,0.0,10.0,0.1
tru47.com,brand/retail,1,137,0.0,10.0,0.1
berkshirehospitality.com,brand/retail,1,137,0.0,10.0,0.1
abitofstitch.com,brand/retail,1,137,0.0,10.0,0.1
hudsongracesf.com,brand/retail,5,137,0.0,15.0,0.9
implasticfree.com,brand/retail,3,137,0.0,26.0,0.6
shop.fatdaddios.com,brand/retail,1,136,0.0,12.0,0.1
bodyspec.com,brand/retail,1,136,0.0,12.0,0.1
eliserosecrochet.com,brand/retail,3,136,0.0,14.7,0.3
auracurtains.ae,brand/retail,2,136,0.0,20.0,0.1
1800flowers.com,brand/retail,6,136,0.0,19.2,0.2
evangelinelinens.com,brand/retail,9,136,0.0,28.0,1.0
oxfordlearnersdictionaries.com,brand/retail,5,136,0.0,14.8,0.5
creativecoverings.com,brand/retail,2,136,0.0,11.5,0.5
repurpose.com,brand/retail,1,136,0.0,5.0,0.6
xtrememattress.com,brand/retail,1,136,0.0,5.0,0.6
thepoolfactory.com,brand/retail,1,136,0.0,5.0,0.6
honorsgraduation.com,brand/retail,1,136,0.0,5.0,0.6
mushypillows.com,brand/retail,1,136,0.0,5.0,0.6
becozi.net,brand/retail,1,136,0.0,5.0,0.6
rvshare.com,brand/retail,1,136,0.0,5.0,0.6
caliquiltco.commentsold.com,brand/retail,1,136,0.0,5.0,0.6
jubileefabric.com,brand/retail,1,136,0.0,5.0,0.6
americanstairtreads.com,brand/retail,1,136,0.0,5.0,0.6
battlefields.org,brand/retail,1,136,0.0,5.0,0.6
ameliamakes.com,brand/retail,1,136,0.0,5.0,0.6
thecolorconcierge.com,brand/retail,1,136,0.0,5.0,0.6
camping.onetigris.com,brand/retail,1,136,0.0,5.0,0.6
quiltersquartersaz.net,brand/retail,1,136,0.0,5.0,0.6
nrdc.org,brand/retail,2,136,0.0,5.0,1.2
fromrebel.com,brand/retail,5,135,0.0,18.4,0.2
cottonedshop.com,brand/retail,1,135,0.0,11.0,0.1
papernstitchblog.com,brand/retail,1,135,0.0,11.0,0.1
jane.com,brand/retail,5,135,0.0,47.0,0.1
sameday.familydollar.com,brand/retail,2,135,0.0,12.0,0.3
graceframe.com,brand/retail,3,135,0.0,25.7,0.1
showerrods-etc.com,brand/retail,1,135,0.0,11.0,0.1
pashaturkishtowels.com,brand/retail,1,135,0.0,11.0,0.1
dsquilts.com,brand/retail,3,135,0.0,18.0,0.3
catherines.com,brand/retail,8,135,0.0,20.1,0.8
theconversation.com,brand/retail,1,134,0.0,18.0,0.1
yorkcountypa.gov,brand/retail,1,134,0.0,18.0,0.1
bellasbearscompany.com,brand/retail,1,134,0.0,18.0,0.1
einpresswire.com,brand/retail,1,134,0.0,18.0,0.1
outdoorbunker.com,brand/retail,1,134,0.0,18.0,0.1
tinylandus.com,brand/retail,1,134,0.0,19.0,0.1
jenks1929.com,brand/retail,1,134,0.0,19.0,0.1
mobilitons.com,brand/retail,4,134,0.0,19.2,0.7
gem.app,brand/retail,27,134,0.0,26.1,0.9
brooklinen.com,brand/retail,7,134,0.0,17.1,1.9
themiraclesheets.com,brand/retail,1,133,0.0,22.0,0.0
shop.cozynursery.com,brand/retail,3,133,0.0,44.0,0.0
lunixinc.com,brand/retail,4,133,0.0,28.8,0.0
mother.ly,brand/retail,3,133,0.0,27.7,0.1
kimptonstyle.com,brand/retail,3,133,0.0,12.0,1.2
mrporter.com,brand/retail,14,133,0.0,23.1,1.1
happynest.com,brand/retail,4,133,0.0,18.5,0.6
articture.com,brand/retail,3,133,0.0,13.0,0.8
qfc.com,brand/retail,4,132,0.0,18.0,0.2
blog.innstyle.com,brand/retail,3,132,0.0,12.0,0.9
needlepaint.com,brand/retail,2,132,0.0,12.5,0.7
thingtesting.com,brand/retail,8,132,0.0,35.0,0.2
wagnerbrake.com,brand/retail,2,132,0.0,8.0,0.6
encyclopedia.com,brand/retail,11,132,0.0,34.0,0.2
nancysnotions.com,brand/retail,6,132,0.0,15.2,0.9
westfax.com,brand/retail,1,131,0.0,13.0,0.1
quiltsmart.com,brand/retail,2,131,0.0,18.5,0.4
hurbanehome.com,brand/retail,3,131,0.0,36.3,0.0
qualitybeddingshop.com,brand/retail,10,131,0.0,49.4,0.0
bestproducts.com,brand/retail,18,131,0.0,43.0,0.1
perryellis.com,brand/retail,5,131,0.0,22.4,0.4
piniparma.com,brand/retail,4,131,0.0,10.8,0.9
standardtextile.com,brand/retail,3,131,0.0,7.3,1.1
pluchi.com,brand/retail,2,131,0.0,8.5,1.0
iheartpacificnorthwest.com,brand/retail,2,131,0.0,7.5,0.7
noramill.com,brand/retail,2,131,0.0,6.0,1.0
sacredstitches.com,brand/retail,5,131,0.0,23.6,1.8
lifekind.com,brand/retail,9,130,0.0,26.3,0.2
team-cartwright.com,brand/retail,1,130,0.0,8.0,0.3
cougarboard.com,brand/retail,1,130,0.0,8.0,0.3
frepouch.com,brand/retail,1,130,0.0,8.0,0.3
meadowblu.com,brand/retail,1,130,0.0,8.0,0.3
campstuff4less.com,brand/retail,1,130,0.0,8.0,0.3
keikico.com,brand/retail,1,130,0.0,8.0,0.3
thesimplehomeschooler.com,brand/retail,1,130,0.0,8.0,0.3
windhamfabrics.com,brand/retail,1,130,0.0,8.0,0.3
worldpridedc.org,brand/retail,1,130,0.0,8.0,0.3
feelathome.store,brand/retail,3,130,0.0,17.3,0.3
karleysrentals.com,brand/retail,6,130,0.0,23.5,0.2
mydailylinen.com,brand/retail,17,130,0.0,38.4,0.8
norvigroup.eu,brand/retail,2,130,0.0,5.0,1.2
lifeonvirginiastreet.com,brand/retail,3,130,0.0,22.0,0.9
psgvestments.com,brand/retail,4,130,0.0,12.0,2.0
whichmuseum.com,brand/retail,5,129,0.0,33.0,0.0
viator.com,brand/retail,4,129,0.0,36.2,0.1
dadsworksheets.com,brand/retail,5,129,0.0,14.6,0.5
allurefits.com,brand/retail,3,129,0.0,19.3,0.7
stylemakerfabrics.com,brand/retail,2,129,0.0,32.0,0.7
corryscleaning.com,brand/retail,1,129,0.0,19.0,0.8
bestmassage.com,brand/retail,2,129,0.0,36.5,0.8
farfetch.com,brand/retail,7,128,0.0,13.3,1.1
khanacademy.org,brand/retail,4,128,0.0,12.0,0.3
seekatesew.com,brand/retail,5,128,0.0,30.8,0.2
careprodx.com,brand/retail,5,128,0.0,22.8,0.7
bellybandit.com,brand/retail,3,128,0.0,26.0,0.5
chesapeakebaygoods.com,brand/retail,2,128,0.0,8.0,0.9
redpepperquilts.com,brand/retail,3,128,0.0,19.7,0.9
willowsfinesttreasures.com,brand/retail,1,127,0.0,23.0,0.0
nuzzle.com,brand/retail,1,127,0.0,24.0,0.0
nuzzle-pillow.webflow.io,brand/retail,1,127,0.0,25.0,0.0
site-qa4hj9qi5.godaddysites.com,brand/retail,1,127,0.0,25.0,0.0
bettersleepadvisor.com,brand/retail,1,127,0.0,25.0,0.0
forthecreators.co,brand/retail,1,127,0.0,25.0,0.0
shopsleepology.com,brand/retail,1,127,0.0,26.0,0.0
marylandreporter.com,brand/retail,1,127,0.0,26.0,0.0
miracle-sheets-shop.mystrikingly.com,brand/retail,1,127,0.0,28.0,0.0
us-miracelsheets.com,brand/retail,1,127,0.0,29.0,0.0
beetno.myshopify.com,brand/retail,1,127,0.0,30.0,0.0
solo.to,brand/retail,1,127,0.0,30.0,0.0
getgreenbewell.com,brand/retail,3,127,0.0,36.7,0.0
au.ownkoti.com,brand/retail,2,127,0.0,24.5,0.1
wanderlog.com,brand/retail,5,127,0.0,33.4,0.3
familydaysout.com,brand/retail,5,127,0.0,58.2,0.0
littlefabricshop.com,brand/retail,5,127,0.0,23.2,0.5
going-natural.com,brand/retail,2,127,0.0,5.5,1.1
evereve.com,brand/retail,2,126,0.0,56.5,0.0
weatherproofvintage.com,brand/retail,3,126,0.0,17.0,0.2
riseandfall.co,brand/retail,5,126,0.0,22.8,0.1
lglinen.com,brand/retail,6,126,0.0,33.5,0.6
hrosm.com,brand/retail,3,126,0.0,11.0,0.8
diamondsintheroughquiltshop.com,brand/retail,1,126,0.0,3.0,0.8
shopgigimoda.com,brand/retail,1,126,0.0,3.0,0.8
nxtrndusa.com,brand/retail,1,126,0.0,3.0,0.8
greenlandhomefashions.com,brand/retail,1,126,0.0,3.0,0.8
stofferhome.com,brand/retail,1,126,0.0,3.0,0.8
lulyboo.com,brand/retail,1,126,0.0,3.0,0.8
seatup.com,brand/retail,1,126,0.0,3.0,0.8
scalamandre.com,brand/retail,1,126,0.0,3.0,0.8
schoolhouse.com,brand/retail,1,126,0.0,3.0,0.8
southparkshop.com,brand/retail,1,126,0.0,3.0,0.8
us.becauseofalice.com,brand/retail,1,126,0.0,3.0,0.8
mymenopausecentre.com,brand/retail,1,126,0.0,3.0,0.8
spongebob.fandom.com,brand/retail,1,126,0.0,3.0,0.8
portalshardware.com,brand/retail,1,126,0.0,3.0,0.8
homemonde.in,brand/retail,1,126,0.0,3.0,0.8
nchfp.uga.edu,brand/retail,1,126,0.0,3.0,0.8
understood.org,brand/retail,1,126,0.0,3.0,0.8
interstellarseller.com,brand/retail,1,126,0.0,3.0,0.8
anchalproject.org,brand/retail,1,126,0.0,3.0,0.8
usmarkerboard.com,brand/retail,1,126,0.0,3.0,0.8
virgin-river.com,brand/retail,1,126,0.0,3.0,0.8
utrechtart.com,brand/retail,1,126,0.0,3.0,0.8
geological-digressions.com,brand/retail,1,126,0.0,3.0,0.8
downlite.com,brand/retail,1,126,0.0,3.0,0.8
kavee.com,brand/retail,1,126,0.0,3.0,0.8
shop.verloopknits.com,brand/retail,1,126,0.0,3.0,0.8
periodcorsets.com,brand/retail,1,126,0.0,3.0,0.8
kopelsonclinic.com,brand/retail,1,126,0.0,3.0,0.8
justanswer.com,brand/retail,9,125,0.0,34.3,0.5
modernfabricshoppe.com,brand/retail,3,125,0.0,29.0,0.1
jp.pinterest.com,brand/retail,3,125,0.0,14.0,0.4
linengarb.com,brand/retail,2,125,0.0,10.5,0.6
finnishdesignshop.com,brand/retail,2,125,0.0,9.0,0.5
primitivegatherings.us,brand/retail,1,125,0.0,4.0,0.7
harrysarmysurplus.net,brand/retail,1,125,0.0,4.0,0.7
elizabethsmithknits.com,brand/retail,1,125,0.0,4.0,0.7
smartbottoms.com,brand/retail,1,125,0.0,4.0,0.7
prairiepoints.net,brand/retail,1,125,0.0,4.0,0.7
miniaturesweethk.com,brand/retail,1,125,0.0,4.0,0.7
lovedbylovesac.com,brand/retail,1,125,0.0,4.0,0.7
fabrics-fabrics.com,brand/retail,1,125,0.0,4.0,0.7
resources.finalsite.net,brand/retail,1,125,0.0,4.0,0.7
homeschoolmath.net,brand/retail,1,125,0.0,4.0,0.7
jennajaxon.com,brand/retail,1,125,0.0,4.0,0.7
bedfan.com,brand/retail,1,125,0.0,4.0,0.7
peanuts.store,brand/retail,1,125,0.0,4.0,0.7
besimplydone.com,brand/retail,1,125,0.0,4.0,0.7
guides.gradescope.com,brand/retail,1,125,0.0,4.0,0.7
everlast.com,brand/retail,1,125,0.0,4.0,0.7
reynoldsbrands.com,brand/retail,1,125,0.0,4.0,0.7
kalinmarie.com,brand/retail,1,125,0.0,4.0,0.7
bayhillstudio.com,brand/retail,1,125,0.0,4.0,0.7
ribbonandbowsohmy.com,brand/retail,1,125,0.0,4.0,0.7
steamcommunity.com,brand/retail,1,125,0.0,4.0,0.7
green2.kingcounty.gov,brand/retail,1,125,0.0,4.0,0.7
elietahari.com,brand/retail,4,125,0.0,17.2,1.5
nitetronic.com,brand/retail,1,124,0.0,14.0,0.1
theflowspace.com,brand/retail,4,124,0.0,45.0,0.0
mamamia.com.au,brand/retail,2,124,0.0,14.0,0.8
snuggy.com,brand/retail,9,124,0.0,18.8,0.9
casualtropicalwear.com,brand/retail,4,124,0.0,18.5,0.4
urbanjaipur.com,brand/retail,2,124,0.0,7.5,0.7
don.com,brand/retail,2,124,0.0,6.0,1.0
bumbletowels.com,brand/retail,9,123,0.0,45.3,0.0
everplush.com,brand/retail,6,123,0.0,16.0,0.6
folkartmuseum.org,brand/retail,2,123,0.0,14.5,0.1
paducahky.gov,brand/retail,2,123,0.0,15.5,0.1
tafts.com,brand/retail,15,123,0.0,31.6,0.4
fun.com,brand/retail,17,123,0.0,29.2,0.8
boredmom.com,brand/retail,2,123,0.0,8.0,0.8
chem.uwec.edu,brand/retail,3,123,0.0,20.0,0.6
maiahomes.com,brand/retail,4,123,0.0,20.8,1.0
sunnyspeedshop.com,brand/retail,5,122,0.0,36.4,0.1
cheapism.com,brand/retail,4,122,0.0,24.0,0.1
costcobusinessdelivery.com,brand/retail,2,122,0.0,14.0,0.6
sartoro.co,brand/retail,8,122,0.0,25.6,0.5
blink.ucsd.edu,brand/retail,1,122,0.0,9.0,0.2
briskshirts.com,brand/retail,1,122,0.0,9.0,0.2
plants.ces.ncsu.edu,brand/retail,1,122,0.0,9.0,0.2
consumeraffairs.com,brand/retail,1,122,0.0,9.0,0.2
petsmart.com,brand/retail,1,122,0.0,9.0,0.2
louanntatami.com,brand/retail,1,122,0.0,9.0,0.2
acmemarkets.com,brand/retail,1,122,0.0,9.0,0.2
ucanpack.com,brand/retail,1,122,0.0,9.0,0.2
keepsakecottagefabrics.com,brand/retail,1,122,0.0,9.0,0.2
createjigsawpuzzles.com,brand/retail,1,122,0.0,6.0,0.5
run-detroit.com,brand/retail,1,122,0.0,6.0,0.5
stockx.com,brand/retail,1,122,0.0,6.0,0.5
apparel.onepeloton.com,brand/retail,1,122,0.0,6.0,0.5
alleycat.org,brand/retail,1,122,0.0,6.0,0.5
shacknews.com,brand/retail,1,122,0.0,6.0,0.5
strongarmstore.com,brand/retail,1,122,0.0,6.0,0.5
curbellplastics.com,brand/retail,1,122,0.0,6.0,0.5
mfax.to,brand/retail,1,122,0.0,6.0,0.5
penelopehandmade.com,brand/retail,1,122,0.0,6.0,0.5
nrsworld.com,brand/retail,1,122,0.0,6.0,0.5
a4-size.com,brand/retail,1,122,0.0,6.0,0.5
drboli.com,brand/retail,2,122,0.0,8.0,0.7
cocobeansco.com,brand/retail,1,122,0.0,6.0,0.5
biodermis.com,brand/retail,1,122,0.0,6.0,0.5
magicallittlebabes.com,brand/retail,2,122,0.0,6.5,0.9
hopeandhenry.com,brand/retail,5,122,0.0,30.6,0.8
livinginyellow.com,brand/retail,2,122,0.0,5.0,1.2
urbankissed.com,brand/retail,4,122,0.0,15.0,1.0
stylerule.com,brand/retail,2,121,0.0,20.0,0.1
grandmix.store,brand/retail,4,121,0.0,27.0,0.0
brixton.com,brand/retail,4,121,0.0,21.0,0.8
getcoloringpages.com,brand/retail,3,121,0.0,19.3,0.4
beallsflorida.com,brand/retail,7,121,0.0,29.7,0.8
perfecttux.com,brand/retail,10,121,0.0,28.1,0.9
us.speedo.com,brand/retail,3,121,0.0,5.3,1.7
wovenart.net,brand/retail,2,120,0.0,19.0,0.1
stitchobsessed.com,brand/retail,3,120,0.0,28.0,0.1
stitchesontherun.com,brand/retail,2,120,0.0,15.5,0.1
penguinandfish.com,brand/retail,2,120,0.0,11.0,0.5
ghostofthedoll.co.uk,brand/retail,2,120,0.0,7.0,0.8
blueprintstore.com,brand/retail,2,120,0.0,7.5,0.7
annabelbleu.com,brand/retail,3,120,0.0,16.0,0.7
naadam.co,brand/retail,3,120,0.0,29.0,0.6
shop.autobriteco.com,brand/retail,1,119,0.0,20.0,0.1
shops.mountvernon.org,brand/retail,1,119,0.0,20.0,0.1
scholastic.com,brand/retail,1,119,0.0,20.0,0.1
surroundewe.com,brand/retail,6,119,0.0,40.8,0.0
americanmuseum.org,brand/retail,3,119,0.0,26.7,0.1
the-rugs.com,brand/retail,10,119,0.0,32.4,0.9
modern-fabrics.com,brand/retail,2,119,0.0,5.5,1.1
ecuadane.com,brand/retail,1,119,0.0,1.0,1.0
venusgroup.com,brand/retail,2,118,0.0,19.0,0.4
everythingkitchens.com,brand/retail,4,118,0.0,25.2,0.1
homework.study.com,brand/retail,2,118,0.0,18.5,0.1
therugdecor.com,brand/retail,7,118,0.0,13.4,0.5
snsilk.com,brand/retail,10,118,0.0,55.7,0.0
dtgpro.com,brand/retail,2,118,0.0,8.0,0.6
plushrugs.com,brand/retail,5,118,0.0,18.4,0.7
ljfp.com,brand/retail,2,118,0.0,21.5,0.6
goddessofluxury.com,brand/retail,4,118,0.0,10.2,1.5
jacksonholependleton.com,brand/retail,3,117,0.0,24.7,0.1
jasminesilk.com,brand/retail,2,117,0.0,27.5,0.0
tassos.com,brand/retail,1,117,0.0,16.0,0.1
shopdcds.com,brand/retail,1,117,0.0,17.0,0.1
propacusa.com,brand/retail,4,117,0.0,24.2,0.1
sewinginsight.com,brand/retail,5,117,0.0,54.8,0.0
backpacker.com,brand/retail,4,117,0.0,7.5,1.4
essenavita.com,brand/retail,2,117,0.0,7.5,0.8
puracashmere.com,brand/retail,1,117,0.0,2.0,0.9
belmontblanket.com,brand/retail,1,117,0.0,2.0,0.9
fairyglen.com,brand/retail,1,117,0.0,2.0,0.9
gilbin.com,brand/retail,1,117,0.0,2.0,0.9
nhs.uk,brand/retail,2,116,0.0,38.5,0.0
ababy.com,brand/retail,2,116,0.0,24.5,0.0
snooze.com.au,brand/retail,3,116,0.0,30.0,0.0
jacksonmattressshop.com,brand/retail,5,116,0.0,36.4,0.1
bedcanopytops.com,brand/retail,3,116,0.0,15.0,0.2
asthmaandallergyfriendly.com,brand/retail,4,116,0.0,29.5,0.1
tissens.com,brand/retail,6,116,0.0,33.0,0.1
bustle.com,brand/retail,16,116,0.0,45.8,0.0
waterbottles.com,brand/retail,3,116,0.0,15.3,0.5
seamwork.com,brand/retail,3,116,0.0,18.7,0.7
athome.medline.com,brand/retail,4,116,0.0,8.5,1.1
itysilk.com,brand/retail,5,115,0.0,44.2,0.0
hatchcollection.com,brand/retail,5,115,0.0,14.0,0.7
rebsfabstash.com,brand/retail,7,115,0.0,27.4,0.1
retrofete.com,brand/retail,7,115,0.0,36.1,0.9
seasonedhomemaker.com,brand/retail,7,115,0.0,22.7,0.2
flooringinc.com,brand/retail,3,115,0.0,10.0,0.4
basspro.com,brand/retail,3,115,0.0,11.0,0.4
thesuitdepot.com,brand/retail,5,115,0.0,26.4,1.0
cubbyathome.com,brand/retail,2,115,0.0,6.5,0.9
bfdfurniture.com,brand/retail,5,115,0.0,11.4,3.0
detailstudioproducts.com,brand/retail,1,114,0.0,21.0,0.0
trespass.com,brand/retail,2,114,0.0,32.5,0.0
jaylinescleaningbusiness.com,brand/retail,2,114,0.0,40.5,0.0
tuckedinbedding.com,brand/retail,2,114,0.0,47.5,0.0
pushinplanks.com,brand/retail,2,114,0.0,52.5,0.0
lynxlinens.com,brand/retail,4,114,0.0,47.0,0.0
circadianrest.com,brand/retail,2,114,0.0,12.5,0.1
earthingnest.com,brand/retail,3,114,0.0,25.7,0.0
groundingofficial.com,brand/retail,3,114,0.0,37.7,0.0
downtoearthbedding.com,brand/retail,3,114,0.0,40.7,0.0
zenlifegrounding.com,brand/retail,3,114,0.0,46.7,0.0
tshirtquilt.com,brand/retail,2,114,0.0,21.0,0.1
zanvon.com,brand/retail,3,114,0.0,48.0,0.0
mostusedwords.com,brand/retail,2,114,0.0,25.5,0.1
news.hss.edu,brand/retail,2,114,0.0,8.5,0.8
micompadre.com,brand/retail,2,114,0.0,13.5,0.5
getasquiltingstudio.com,brand/retail,2,114,0.0,6.5,0.9
picanova.com,brand/retail,1,113,0.0,15.0,0.1
ewartwoods.com,brand/retail,2,113,0.0,15.5,0.1
huskyoffice.com,brand/retail,3,113,0.0,22.3,0.7
the-middlepage.com,brand/retail,1,113,0.0,7.0,0.4
shopfriendsmarket.com,brand/retail,1,113,0.0,7.0,0.4
sagemeditation.com,brand/retail,1,113,0.0,7.0,0.4
jamescomptongallery.com,brand/retail,1,113,0.0,7.0,0.4
theisaacfoundation.configio.com,brand/retail,1,113,0.0,7.0,0.4
homeiswheretheboatis.net,brand/retail,1,113,0.0,7.0,0.4
shopperfectsettings.com,brand/retail,1,113,0.0,7.0,0.4
grandmasatticquilting.com,brand/retail,1,113,0.0,7.0,0.4
lavote.gov,brand/retail,1,113,0.0,7.0,0.4
carolinahomemedical.com,brand/retail,1,113,0.0,7.0,0.4
spookylittlehalloween.com,brand/retail,1,113,0.0,7.0,0.4
hobbyfarms.com,brand/retail,1,113,0.0,7.0,0.4
phillips-safety.com,brand/retail,1,113,0.0,7.0,0.4
stage3motorsports.com,brand/retail,1,113,0.0,7.0,0.4
originalmattress.com,brand/retail,3,113,0.0,13.7,0.5
publications.usace.army.mil,brand/retail,1,113,0.0,7.0,0.4
purelabels.com,brand/retail,1,113,0.0,7.0,0.4
impmedical.com,brand/retail,1,113,0.0,5.0,0.6
brightgreendoor.com,brand/retail,1,113,0.0,7.0,0.4
parachutecoffee.com,brand/retail,1,113,0.0,5.0,0.6
saunahouse.com,brand/retail,1,113,0.0,5.0,0.6
nrs.com,brand/retail,1,113,0.0,5.0,0.6
diaryofaquiltershop.com,brand/retail,1,113,0.0,5.0,0.6
projectlinusmadison.org,brand/retail,1,113,0.0,5.0,0.6
athensfoods.com,brand/retail,1,113,0.0,5.0,0.6
prideandjoyquilting.com,brand/retail,1,113,0.0,5.0,0.6
mixandmatchdesign.com,brand/retail,1,113,0.0,5.0,0.6
yogadirect.com,brand/retail,1,113,0.0,5.0,0.6
redrivercatalog.com,brand/retail,1,113,0.0,5.0,0.6
orgaid.com,brand/retail,1,113,0.0,5.0,0.6
goldennile.com,brand/retail,1,113,0.0,5.0,0.6
stitchandstory.com,brand/retail,1,113,0.0,5.0,0.6
medictherapeutics.com,brand/retail,1,113,0.0,5.0,0.6
codeshack.io,brand/retail,1,113,0.0,5.0,0.6
showerbase.com,brand/retail,1,113,0.0,5.0,0.6
covidlearning.wordpress.com,brand/retail,1,113,0.0,5.0,0.6
abrightcorner.com,brand/retail,1,113,0.0,5.0,0.6
sierraandsage.com,brand/retail,1,113,0.0,5.0,0.6
lindehobby.com,brand/retail,1,113,0.0,5.0,0.6
rustictuesday.com,brand/retail,1,113,0.0,5.0,0.6
dph.ncdhhs.gov,brand/retail,1,113,0.0,5.0,0.6
countryheritagetours.com,brand/retail,1,113,0.0,5.0,0.6
junebridals.com,brand/retail,3,112,0.0,31.0,0.0
swissairesleep.com,brand/retail,5,112,0.0,18.0,0.2
sfgate.com,brand/retail,7,112,0.0,38.4,0.1
handylittleme.com,brand/retail,16,112,0.0,32.9,0.1
vat19.com,brand/retail,2,112,0.0,15.0,0.1
cowpokesonline.com,brand/retail,1,112,0.0,10.0,0.1
homeaglow.com,brand/retail,9,112,0.0,18.1,0.5
charm-tex.com,brand/retail,2,111,0.0,30.5,0.0
comforter-set.comforterset.org,brand/retail,3,111,0.0,40.0,0.0
nativeorganic.com,brand/retail,3,111,0.0,31.0,0.1
faciallounge.com,brand/retail,1,111,0.0,12.0,0.1
markets.financialcontent.com,brand/retail,1,111,0.0,12.0,0.1
dreamfieldlinen.com,brand/retail,1,111,0.0,12.0,0.1
tirrinia.us,brand/retail,5,111,0.0,25.0,0.1
thewestviewshop.com,brand/retail,1,111,0.0,12.0,0.1
babydelight.com,brand/retail,1,111,0.0,12.0,0.1
classicturkishtowels.com,brand/retail,1,111,0.0,12.0,0.1
kenney.com,brand/retail,1,111,0.0,12.0,0.1
evideco.com,brand/retail,5,111,0.0,24.4,0.1
bellelouisepaducah.com,brand/retail,4,111,0.0,22.0,0.1
shophome2.com,brand/retail,2,111,0.0,15.5,0.1
bacati.com,brand/retail,1,111,0.0,12.0,0.1
coloredorganics.com,brand/retail,3,111,0.0,9.0,0.7
palmettolinen.com,brand/retail,5,111,0.0,15.4,0.7
theeverymom.com,brand/retail,2,111,0.0,7.5,0.7
quiltsocial.com,brand/retail,3,111,0.0,9.7,0.7
sewndrapesandshades.com,brand/retail,2,110,0.0,25.5,0.1
antipodean-home.com,brand/retail,3,110,0.0,21.0,0.1
awarewomenartists.com,brand/retail,1,110,0.0,11.0,0.1
longbeachdentalstudio.com,brand/retail,1,110,0.0,11.0,0.1
alptrekgear.com,brand/retail,1,110,0.0,11.0,0.1
accessprosupply.com,brand/retail,1,110,0.0,11.0,0.1
abcoparty.com,brand/retail,1,110,0.0,11.0,0.1
everythingsummercamp.com,brand/retail,1,110,0.0,11.0,0.1
avacaremedical.com,brand/retail,18,110,0.0,31.7,0.0
tiptopfurniture.com,brand/retail,5,110,0.0,26.2,0.7
stanshomestore.com,brand/retail,3,110,0.0,6.7,1.3
lohud.com,brand/retail,1,109,0.0,18.0,0.1
shop.pricechopper.com,brand/retail,1,109,0.0,19.0,0.1
foodtalkcentral.com,brand/retail,1,109,0.0,18.0,0.1
debistreats.com,brand/retail,1,109,0.0,19.0,0.1
pbs.org,brand/retail,3,109,0.0,16.7,0.9
quiltingwemple.com,brand/retail,12,109,0.0,28.3,0.2
feliciasworld.com,brand/retail,3,109,0.0,19.3,0.1
battingsupersale.com,brand/retail,2,109,0.0,9.0,0.5
trendenterprises.com,brand/retail,2,109,0.0,22.0,0.7
tailorstore.com,brand/retail,5,109,0.0,33.2,1.1
merchize.com,brand/retail,2,108,0.0,21.0,0.1
lambertslately.com,brand/retail,2,108,0.0,14.0,0.4
thefoamfactory.com,brand/retail,4,108,0.0,13.5,1.1
shoplohome.com,brand/retail,2,108,0.0,12.0,0.2
canadianloghomes.com,brand/retail,18,108,0.0,33.8,0.2
wakefit.co,brand/retail,3,107,0.0,23.3,0.1
pumpstation.com,brand/retail,5,107,0.0,26.8,0.1
appointmentsat5.com,brand/retail,1,107,0.0,13.0,0.1
newduncandanceproject.com,brand/retail,1,107,0.0,13.0,0.1
christyhome.com,brand/retail,6,107,0.0,22.7,0.6
monarchcypressonline.com,brand/retail,6,107,0.0,19.8,1.2
oxfordhomeware.co.uk,brand/retail,7,107,0.0,36.7,0.1
justtshirtquilts.com,brand/retail,2,107,0.0,27.5,0.1
stitchedandfound.com,brand/retail,2,107,0.0,18.5,0.5
babyquip.com,brand/retail,2,107,0.0,13.5,0.2
bobistheoilguy.com,brand/retail,3,107,0.0,10.0,0.4
adairs.com.au,brand/retail,30,107,0.0,41.1,0.0
simplysleepbetter.com,brand/retail,2,107,0.0,8.0,0.6
alldayshirts.com,brand/retail,2,107,0.0,8.5,0.5
whitehouseblackmarket.com,brand/retail,5,107,0.0,24.6,1.4
warmyourfloor.com,brand/retail,3,107,0.0,12.7,0.9
zerowastechef.substack.com,brand/retail,2,106,0.0,34.0,0.0
okleequiltinginc.com,brand/retail,3,106,0.0,15.3,0.3
caitlinwilson.com,brand/retail,5,106,0.0,13.0,1.1
plowhearth.com,brand/retail,1,106,0.0,8.0,0.3
yourdictionary.com,brand/retail,10,106,0.0,38.4,0.1
scoutlife.org,brand/retail,1,106,0.0,8.0,0.3
webshop.waylanderwelding.com,brand/retail,1,106,0.0,8.0,0.3
5familyranch.com,brand/retail,1,106,0.0,8.0,0.3
diffordsguide.com,brand/retail,1,106,0.0,8.0,0.3
redneckwinecompany.com,brand/retail,1,106,0.0,8.0,0.3
mariannesrentals.com,brand/retail,1,106,0.0,8.0,0.3
mensusa.com,brand/retail,31,106,0.0,35.3,0.1
newpathhealth.com,brand/retail,3,105,0.0,26.7,0.0
hobbiesonabudget.com,brand/retail,4,105,0.0,29.8,0.1
hobbycraft.co.uk,brand/retail,11,105,0.0,50.6,0.1
shophampton.com,brand/retail,2,105,0.0,9.0,0.6
hoppeshoppe.com,brand/retail,3,105,0.0,12.0,0.2
disturbia.us,brand/retail,4,105,0.0,21.5,0.8
kmlbearingusa.com,brand/retail,1,105,0.0,4.0,0.7
groundd.nz,brand/retail,1,105,0.0,4.0,0.7
theyogapillow.com,brand/retail,1,105,0.0,4.0,0.7
smittenonpaper.com,brand/retail,1,105,0.0,4.0,0.7
ptonline.com,brand/retail,1,105,0.0,4.0,0.7
southernpalmsdecor.com,brand/retail,1,105,0.0,4.0,0.7
argalioutdoors.com,brand/retail,1,105,0.0,4.0,0.7
bedlounge.com,brand/retail,1,105,0.0,4.0,0.7
therusticpelican.com,brand/retail,1,105,0.0,4.0,0.7
looper.com,brand/retail,1,105,0.0,4.0,0.7
chinasichuanfood.com,brand/retail,1,105,0.0,4.0,0.7
mycreativestitches.net,brand/retail,1,105,0.0,4.0,0.7
smithsonianmag.com,brand/retail,1,105,0.0,4.0,0.7
simonandschuster.com,brand/retail,1,105,0.0,4.0,0.7
indieretailacademy.com,brand/retail,1,105,0.0,4.0,0.7
airhostsforum.com,brand/retail,1,105,0.0,4.0,0.7
spathischiropractic.com,brand/retail,1,105,0.0,4.0,0.7
yllwthelabel.com,brand/retail,1,105,0.0,4.0,0.7
kaytee.com,brand/retail,1,105,0.0,4.0,0.7
relwen.com,brand/retail,1,105,0.0,4.0,0.7
military.com,brand/retail,1,105,0.0,4.0,0.7
keiki.app,brand/retail,1,105,0.0,4.0,0.7
creepcattoyco.com,brand/retail,1,105,0.0,4.0,0.7
storyblocks.com,brand/retail,1,105,0.0,4.0,0.7
support.spoonflower.com,brand/retail,1,105,0.0,4.0,0.7
purestar.com,brand/retail,1,105,0.0,4.0,0.7
campchef.com,brand/retail,1,105,0.0,4.0,0.7
phoenixdownoutlet.com,brand/retail,1,105,0.0,4.0,0.7
dekowepillows.com,brand/retail,2,105,0.0,6.0,1.0
buttertreeblankets.com,brand/retail,1,105,0.0,4.0,0.7
thevintagerugshop.com,brand/retail,2,105,0.0,7.5,0.9
patiova.com,brand/retail,1,104,0.0,23.0,0.0
myvaporclean.com,brand/retail,1,104,0.0,24.0,0.0
luxurycareoc.com,brand/retail,1,104,0.0,24.0,0.0
nakie.us,brand/retail,1,104,0.0,24.0,0.0
3dproducts.com,brand/retail,1,104,0.0,25.0,0.0
derila-ergo-pillows.jimdosite.com,brand/retail,1,104,0.0,25.0,0.0
patternjam.com,brand/retail,1,104,0.0,25.0,0.0
luxurymicrofiberstore.com,brand/retail,1,104,0.0,26.0,0.0
vickerswesternstore.com,brand/retail,1,104,0.0,26.0,0.0
beastar-wallisco.com,brand/retail,1,104,0.0,27.0,0.0
cbs.com,brand/retail,1,104,0.0,27.0,0.0
en-en-derilaergo.us,brand/retail,1,104,0.0,28.0,0.0
us-en-derilaergopillow.us,brand/retail,1,104,0.0,29.0,0.0
detailnet.myshopify.com,brand/retail,1,104,0.0,30.0,0.0
bunkhaus.com,brand/retail,1,104,0.0,30.0,0.0
thatneckpillow.com,brand/retail,1,104,0.0,30.0,0.0
itsybitsyfun.com,brand/retail,1,104,0.0,30.0,0.0
microfibertech.com,brand/retail,1,104,0.0,31.0,0.0
onyxcollection.com,brand/retail,2,104,0.0,51.5,0.0
allbrands.com,brand/retail,6,104,0.0,37.0,0.1
easylinencrafts.com,brand/retail,4,104,0.0,34.2,0.2
urbanbarn.com,brand/retail,11,104,0.0,47.3,0.0
elitedaily.com,brand/retail,4,104,0.0,43.0,0.1
applegreencottage.com,brand/retail,9,104,0.0,29.9,0.2
jumpusapark.com,brand/retail,14,104,0.0,19.1,1.1
ergobaby.eu,brand/retail,2,104,0.0,14.0,0.5
lifevchome.com,brand/retail,20,104,0.0,31.1,1.2
snazzylivingshop.com,brand/retail,7,103,0.0,52.4,0.0
publicgoods.com,brand/retail,3,103,0.0,19.7,0.1
mammamiacovers.com,brand/retail,4,103,0.0,24.0,0.4
furniture.com,brand/retail,8,103,0.0,15.1,1.4
hairbrella.com,brand/retail,2,103,0.0,4.5,1.3
fabricshack.com,brand/retail,2,102,0.0,17.0,0.1
topstitchsewing.net,brand/retail,3,102,0.0,29.0,0.1
matadornetwork.com,brand/retail,4,102,0.0,32.5,0.0
kentuckycapitalsquest.com,brand/retail,4,102,0.0,34.8,0.0
abyquilts.wordpress.com,brand/retail,4,102,0.0,40.5,0.0
nohomejustroam.com,brand/retail,4,102,0.0,45.0,0.0
diamondtours.com,brand/retail,4,102,0.0,45.8,0.0
the-national-quilt-museum.wheree.com,brand/retail,4,102,0.0,47.2,0.0
valeriesvoice.net,brand/retail,4,102,0.0,48.8,0.0
museumsusa.org,brand/retail,4,102,0.0,50.5,0.0
honeylux.co,brand/retail,12,102,0.0,40.9,0.2
letsdolinens.com,brand/retail,6,102,0.0,22.0,0.2
blowupdollshop.com,brand/retail,28,102,0.0,52.6,0.1
arc4life.com,brand/retail,13,102,0.0,35.2,0.2
longtallsally.com,brand/retail,3,102,0.0,6.0,1.6
agecomfort.com,brand/retail,9,101,0.0,36.8,0.0
charlottesinc.com,brand/retail,1,101,0.0,14.0,0.1
playbill.com,brand/retail,1,101,0.0,14.0,0.1
quiltersreview.com,brand/retail,5,101,0.0,40.0,0.0
fieldmag.com,brand/retail,3,101,0.0,13.3,0.2
dwell.com,brand/retail,5,101,0.0,22.6,0.5
organiclamb.com,brand/retail,2,101,0.0,6.0,1.0
usalovelist.com,brand/retail,3,101,0.0,10.0,1.0
nflshop.com,brand/retail,5,101,0.0,11.0,1.0
bedrugshop.com,brand/retail,2,101,0.0,6.0,1.0
shopbellaandbloom.com,brand/retail,17,100,0.0,33.5,0.1
1800tshirts.com,brand/retail,3,100,0.0,67.0,0.0
vocal.media,brand/retail,6,100,0.0,49.0,0.0
organicfabriccompany.com,brand/retail,3,100,0.0,26.3,0.1
athomewithashley.com,brand/retail,2,100,0.0,16.0,0.2
hearthookhome.com,brand/retail,3,100,0.0,11.0,0.4
victoriassecret.co.uk,brand/retail,5,100,0.0,9.8,1.6
bagnomilanousa.com,brand/retail,3,100,0.0,27.3,0.9
brontemoon.com,brand/retail,1,99,0.0,9.0,0.2
perisphere.org,brand/retail,1,99,0.0,9.0,0.2
missionchronicle.org,brand/retail,1,99,0.0,9.0,0.2
lunolife.com,brand/retail,1,99,0.0,9.0,0.2
i-heart-crafty-things.myshopify.com,brand/retail,1,99,0.0,9.0,0.2
elenkerwalker.com,brand/retail,1,99,0.0,9.0,0.2
veranda.com,brand/retail,12,99,0.0,49.4,0.1
healthathomeinc.com,brand/retail,1,99,0.0,9.0,0.2
createaparty.com,brand/retail,6,99,0.0,21.3,0.2
melanie-viola.pixels.com,brand/retail,1,99,0.0,9.0,0.2
frombritainwithlove.com,brand/retail,2,99,0.0,10.5,0.2
lavandefarm.com,brand/retail,3,99,0.0,20.3,0.3
dreambaby.com,brand/retail,18,99,0.0,30.2,0.6
cozyrestpillow.com,brand/retail,2,99,0.0,4.5,1.3
littlewomenatelier.com,brand/retail,2,99,0.0,8.5,1.0
pillowfair.com,brand/retail,10,98,0.0,33.8,0.0
achooallergy.com,brand/retail,4,98,0.0,31.8,0.0
allergycontrol.com,brand/retail,4,98,0.0,27.5,0.2
sheetworld.com,brand/retail,4,98,0.0,22.0,0.2
aquilterstable.blogspot.com,brand/retail,2,98,0.0,17.5,0.1
qfamuseum.org,brand/retail,2,98,0.0,17.5,0.1
plantedseeddesigns.com,brand/retail,2,98,0.0,10.5,0.6
sewrella.com,brand/retail,5,98,0.0,24.8,0.2
justwatch.com,brand/retail,1,98,0.0,6.0,0.5
equipmeot.com,brand/retail,2,98,0.0,10.0,0.5
lizzieinlace.com,brand/retail,1,98,0.0,6.0,0.5
sigmafaucet.com,brand/retail,1,98,0.0,6.0,0.5
pillowfight.io,brand/retail,1,98,0.0,6.0,0.5
bathsofdistinction.com,brand/retail,1,98,0.0,6.0,0.5
baseballegg.com,brand/retail,1,98,0.0,6.0,0.5
sleepingwithjacques.com,brand/retail,1,98,0.0,6.0,0.5
bc401.bmb.colostate.edu,brand/retail,1,98,0.0,6.0,0.5
caydo.com,brand/retail,1,98,0.0,6.0,0.5
foxsnax.com,brand/retail,1,98,0.0,6.0,0.5
mycarblanket.com,brand/retail,1,98,0.0,6.0,0.5
siemachtsewingblog.com,brand/retail,1,98,0.0,6.0,0.5
cnhpillow.com,brand/retail,1,98,0.0,6.0,0.5
richtexturescrochet.com,brand/retail,1,98,0.0,6.0,0.5
homedecortapestries.com,brand/retail,1,98,0.0,6.0,0.5
dicegamedepot.com,brand/retail,1,98,0.0,6.0,0.5
pcrichard.com,brand/retail,1,98,0.0,6.0,0.5
apexmhc.com,brand/retail,1,98,0.0,6.0,0.5
lowes.hgtvhomebysherwinwilliams.com,brand/retail,1,98,0.0,6.0,0.5
davidsoninn.com,brand/retail,1,98,0.0,6.0,0.5
adamscountypa.gov,brand/retail,1,97,0.0,20.0,0.1
derilafoampillow.com,brand/retail,1,97,0.0,20.0,0.1
shop.cashwise.com,brand/retail,1,97,0.0,20.0,0.1
practicalmama.com,brand/retail,1,97,0.0,20.0,0.1
mattressworldnorthwest.com,brand/retail,5,97,0.0,23.0,0.1
recoveryforathletes.com,brand/retail,2,97,0.0,15.0,0.2
trustadvocate.org,brand/retail,2,97,0.0,22.0,0.1
blog.carolynfriedlander.com,brand/retail,2,97,0.0,24.5,0.1
interstateplastics.com,brand/retail,2,97,0.0,13.0,0.2
backpackers.com,brand/retail,5,97,0.0,14.2,0.7
beyondyoga.com,brand/retail,3,97,0.0,7.3,1.2
poyetmotte-usa.com,brand/retail,1,97,0.0,3.0,0.8
american-gymnast.com,brand/retail,1,97,0.0,3.0,0.8
cherryvalleyorganics.com,brand/retail,1,97,0.0,3.0,0.8
wickedsheets.com,brand/retail,1,97,0.0,3.0,0.8
cars.com,brand/retail,1,97,0.0,3.0,0.8
tesalate.com,brand/retail,1,97,0.0,3.0,0.8
probrace.com,brand/retail,1,97,0.0,3.0,0.8
ellieandmac.com,brand/retail,1,97,0.0,3.0,0.8
insta.rouses.com,brand/retail,1,97,0.0,3.0,0.8
pressuresorecushions.com,brand/retail,1,97,0.0,3.0,0.8
wediewithstyle.com,brand/retail,1,97,0.0,3.0,0.8
justkass.com,brand/retail,1,97,0.0,3.0,0.8
wildlinens.com,brand/retail,4,96,0.0,18.2,0.2
afar.com,brand/retail,4,96,0.0,20.8,0.2
meissnersewing.com,brand/retail,3,96,0.0,25.7,0.0
sylvia-pippen.com,brand/retail,2,96,0.0,17.5,0.1
verywellhealth.com,publisher,2,96,0.0,10.5,0.5
calliopequilts.com,brand/retail,3,96,0.0,22.3,0.5
whitecliffstudio.com,brand/retail,7,96,0.0,26.3,0.3
custom-bedding.com,brand/retail,10,96,0.0,31.1,0.4
rakuten.com,brand/retail,2,96,0.0,21.0,0.3
quiltexpressions.com,brand/retail,2,96,0.0,27.5,0.3
pabube.com,brand/retail,14,96,0.0,34.9,0.0
leachco.com,brand/retail,6,96,0.0,40.8,0.5
thestationerystudio.com,brand/retail,3,96,0.0,9.0,0.6
us.honeybirdette.com,brand/retail,3,96,0.0,18.7,0.7
tidbits-cami.com,brand/retail,2,96,0.0,8.5,0.7
thursdayboots.com,brand/retail,5,96,0.0,14.6,1.6
littlesleepies.com,brand/retail,4,96,0.0,22.5,1.2
jacuzzibathremodel.com,brand/retail,1,96,0.0,2.0,0.9
nkeoma.com,brand/retail,1,96,0.0,2.0,0.9
reitmans.com,brand/retail,1,96,0.0,2.0,0.9
shobitam.com,brand/retail,1,96,0.0,2.0,0.9
sackclothandashes.com,brand/retail,1,96,0.0,2.0,0.9
northwestmeadowscapes.com,brand/retail,1,96,0.0,2.0,0.9
maurices.com,brand/retail,1,96,0.0,2.0,0.9
mdhistory.org,brand/retail,1,96,0.0,2.0,0.9
freefaxcoversheets.net,brand/retail,1,95,0.0,16.0,0.1
int.livhospital.com,brand/retail,1,95,0.0,16.0,0.1
tuscaroramills.com,brand/retail,1,95,0.0,17.0,0.1
goingzerowaste.com,brand/retail,1,95,0.0,17.0,0.1
shop.foodmaxx.com,brand/retail,2,95,0.0,19.0,0.1
meijerphoto.com,brand/retail,1,95,0.0,17.0,0.1
katytshirtquilts.com,brand/retail,2,95,0.0,20.5,0.1
quiltmyshirts.com,brand/retail,2,95,0.0,25.5,0.1
personalizedbrides.com,brand/retail,5,95,0.0,22.2,0.1
nordicnest.com,brand/retail,7,95,0.0,15.6,0.6
thecottonandsilk.com,brand/retail,7,95,0.0,19.3,0.6
maids.com,brand/retail,8,95,0.0,21.0,0.2
designbundles.net,brand/retail,2,95,0.0,8.0,0.6
bikepacking.com,brand/retail,2,95,0.0,5.5,1.1
zimasilk.com,brand/retail,3,95,0.0,31.0,1.8
alicialarie.com,brand/retail,4,94,0.0,20.2,0.1
sewistslab.com,brand/retail,3,94,0.0,24.3,0.1
libraryjournal.com,brand/retail,5,94,0.0,22.6,0.1
needlepointers.com,brand/retail,12,94,0.0,46.0,0.1
dreamstime.com,brand/retail,8,94,0.0,18.4,0.9
warmlyyours.com,brand/retail,2,94,0.0,5.0,1.2
vividalifestyle.com,brand/retail,2,94,0.0,4.0,1.4
dauphincounty.gov,brand/retail,1,93,0.0,21.0,0.0
makenziebailey.com,brand/retail,2,93,0.0,16.0,0.1
linencasa.com,brand/retail,6,93,0.0,24.2,0.2
simplesheets.shop,brand/retail,3,93,0.0,42.7,0.0
boll-branch-nacelle.pages.dev,brand/retail,2,93,0.0,59.0,0.0
boll-branch.com,brand/retail,2,93,0.0,59.5,0.0
sewingmachineman.substack.com,brand/retail,3,93,0.0,28.0,0.0
blog.bambersew.com,brand/retail,3,93,0.0,37.7,0.0
authorizedvacandsew.com,brand/retail,3,93,0.0,41.0,0.0
sewingmachineshop.com,brand/retail,3,93,0.0,45.3,0.0
sewingmachinewarehouse.com,brand/retail,3,93,0.0,51.3,0.0
themelaniegrace.com,brand/retail,3,93,0.0,52.0,0.0
makersnook.com,brand/retail,3,93,0.0,54.0,0.0
lovespanishwords.com,brand/retail,3,93,0.0,58.0,0.0
oliviawendel.com,brand/retail,3,93,0.0,64.3,0.0
quiltingandsewingmachines.com,brand/retail,3,93,0.0,65.0,0.0
sewingmachinesupply.com,brand/retail,3,93,0.0,68.7,0.0
craftsselection.com,brand/retail,3,93,0.0,75.0,0.0
unoclean.com,brand/retail,3,93,0.0,12.0,0.2
twinkl.com,brand/retail,8,93,0.0,30.9,0.1
restrightmattress.com,brand/retail,6,93,0.0,71.0,0.0
sleepbella.com,brand/retail,7,93,0.0,33.6,0.1
forums.welltrainedmind.com,brand/retail,7,93,0.0,11.3,1.1
vector4free.com,brand/retail,3,93,0.0,15.7,0.6
gorgeousfabrics.com,brand/retail,3,93,0.0,21.3,0.5
clawantlerhide.com,brand/retail,2,93,0.0,8.0,0.8
lensmill.com,brand/retail,3,92,0.0,33.0,0.0
promolocker.com,brand/retail,1,92,0.0,15.0,0.1
quickref.me,brand/retail,1,92,0.0,15.0,0.1
vikingculinaryproducts.com,brand/retail,1,92,0.0,15.0,0.1
jennyyoo.com,brand/retail,18,92,0.0,24.6,0.8
memoryfoamcomfort.com,brand/retail,10,92,0.0,47.7,0.0
klarna.com,brand/retail,8,92,0.0,22.9,0.4
thepointofitallonline.com,brand/retail,1,92,0.0,10.0,0.1
northeastpollinator.com,brand/retail,1,92,0.0,10.0,0.1
amalkadesign.com,brand/retail,1,92,0.0,10.0,0.1
mattressunderground.com,brand/retail,1,92,0.0,10.0,0.1
kingkoil.com,brand/retail,1,92,0.0,10.0,0.1
green-fairy-quilts.tenereteam.com,brand/retail,1,92,0.0,10.0,0.1
caskata.com,brand/retail,1,92,0.0,10.0,0.1
americanhistory.si.edu,brand/retail,1,92,0.0,10.0,0.1
shop.petittigardencenter.com,brand/retail,1,92,0.0,7.0,0.4
jigsawdepot.com,brand/retail,1,92,0.0,7.0,0.4
isa.org,brand/retail,1,92,0.0,7.0,0.4
spongeoutlet.com,brand/retail,1,92,0.0,7.0,0.4
getvireon.com,brand/retail,1,92,0.0,7.0,0.4
gamerant.com,brand/retail,1,92,0.0,7.0,0.4
steelguardsafety.com,brand/retail,1,92,0.0,7.0,0.4
inlifeandlittles.com,brand/retail,1,92,0.0,7.0,0.4
holstersmith.com,brand/retail,1,92,0.0,7.0,0.4
poshpaperie.shop,brand/retail,1,92,0.0,7.0,0.4
tackwholesale.com,brand/retail,1,92,0.0,7.0,0.4
truemetalsupply.com,brand/retail,1,92,0.0,7.0,0.4
serenityengineeredweightedblanket.com,brand/retail,3,91,0.0,35.7,0.0
registry.babycenter.com,brand/retail,2,91,0.0,17.5,0.1
homemakers.com,brand/retail,2,91,0.0,20.0,0.1
angsays.wordpress.com,brand/retail,2,91,0.0,23.5,0.1
thebasketcompany.com,brand/retail,2,91,0.0,15.0,0.1
alisonjacques.com,brand/retail,1,91,0.0,12.0,0.1
fphcare.com,brand/retail,1,91,0.0,12.0,0.1
first4magnets.com,brand/retail,1,91,0.0,12.0,0.1
yourcrochet.com,brand/retail,7,91,0.0,39.4,0.1
brettmilam.com,brand/retail,3,91,0.0,24.3,0.1
womanandhome.com,brand/retail,9,91,0.0,38.7,0.1
atwoods.com,brand/retail,3,91,0.0,11.3,0.2
bigmattressco.com,brand/retail,7,91,0.0,21.0,0.6
linencouture.com,brand/retail,7,91,0.0,38.0,0.3
shop.nalatanalata.com,brand/retail,2,91,0.0,5.5,1.1
moonpod.co,brand/retail,3,91,0.0,22.0,0.8
dungarees.com,brand/retail,2,91,0.0,9.0,0.9
shopforcollegesupplies.com,brand/retail,6,90,0.0,51.8,0.0
novaline-dekens.nl,brand/retail,1,90,0.0,11.0,0.1
narescue.com,brand/retail,1,90,0.0,11.0,0.1
designertrapped.com,brand/retail,5,90,0.0,29.6,0.6
leesquiltshed.com,brand/retail,1,90,0.0,11.0,0.1
thefoamory.com,brand/retail,2,90,0.0,11.5,0.2
us.mossbros.com,brand/retail,16,90,0.0,26.9,0.8
washingtoncourts.us,brand/retail,1,89,0.0,22.0,0.0
custommadecomfort.com,brand/retail,1,89,0.0,18.0,0.1
foxcountryquilts.com,brand/retail,1,89,0.0,19.0,0.1
foodmento.com,brand/retail,1,89,0.0,19.0,0.1
meowgicians.com,brand/retail,1,89,0.0,22.0,0.0
ditoibeauty.com,brand/retail,2,89,0.0,18.5,0.1
livehealthsmart.com,brand/retail,4,89,0.0,19.0,0.2
avenue.com,brand/retail,10,89,0.0,26.1,0.2
bedbathfashions.com,brand/retail,7,89,0.0,56.3,0.0
unitedpillow.com,brand/retail,7,89,0.0,17.9,0.3
spiritlinen.com,brand/retail,3,89,0.0,14.7,0.2
rafaellastyle.com,brand/retail,3,89,0.0,9.0,0.8
slumberworldhawaii.com,brand/retail,1,89,0.0,5.0,0.6
myveryownblanket.org,brand/retail,2,89,0.0,8.5,0.5
grayheron.com,brand/retail,1,89,0.0,5.0,0.6
dispenserkeys.com,brand/retail,1,89,0.0,5.0,0.6
bombshellbling.com,brand/retail,1,89,0.0,5.0,0.6
armynavyoutdoors.com,brand/retail,1,89,0.0,5.0,0.6
pacificrimquilt.com,brand/retail,1,89,0.0,5.0,0.6
drugwatch.com,brand/retail,1,89,0.0,5.0,0.6
greasyhandssociety.com,brand/retail,1,89,0.0,5.0,0.6
siteone.com,brand/retail,1,89,0.0,5.0,0.6
extraspace.com,brand/retail,1,89,0.0,5.0,0.6
thequilterscrossing.com,brand/retail,1,89,0.0,5.0,0.6
mathworksheets4kids.com,brand/retail,1,89,0.0,5.0,0.6
gameofthrones.fandom.com,brand/retail,1,89,0.0,5.0,0.6
cascadesflufftuff.com,brand/retail,1,89,0.0,5.0,0.6
wesellmats.com,brand/retail,1,89,0.0,5.0,0.6
teaching.pitt.edu,brand/retail,1,89,0.0,5.0,0.6
rockygears.com,brand/retail,1,89,0.0,5.0,0.6
scrabblewordfinder.org,brand/retail,1,89,0.0,5.0,0.6
agfblog.com,brand/retail,1,89,0.0,5.0,0.6
goodto.com,brand/retail,1,89,0.0,5.0,0.6
durunaru.com,brand/retail,1,89,0.0,5.0,0.6
headcovers.com,brand/retail,10,89,0.0,24.4,0.8
hokage.org,brand/retail,1,89,0.0,5.0,0.6
missouriquiltmuseum.com,brand/retail,1,89,0.0,5.0,0.6
extension.oregonstate.edu,brand/retail,1,89,0.0,5.0,0.6
ethanallen.com,brand/retail,4,89,0.0,33.0,0.7
moresunday.com,brand/retail,4,89,0.0,41.8,0.8
ninachicago.com,brand/retail,2,88,0.0,16.0,0.1
patchworksquare.com,brand/retail,5,88,0.0,24.6,0.1
blog.nobleknits.com,brand/retail,7,88,0.0,22.7,0.2
nestdesigns.com,brand/retail,5,88,0.0,29.4,0.6
sttelli.com,brand/retail,3,88,0.0,26.0,0.1
bedandbathhomedecor.com,brand/retail,9,88,0.0,40.9,0.5
flickr.com,brand/retail,4,88,0.0,19.0,0.2
buildabear.com,brand/retail,3,88,0.0,7.7,1.1
sweetnight.com,brand/retail,3,88,0.0,11.3,1.0
betterlivingproductsusa.com,brand/retail,2,87,0.0,25.5,0.1
sunninja.com,brand/retail,1,87,0.0,13.0,0.1
rachaelray.com,brand/retail,1,87,0.0,13.0,0.1
courtneymacaire.com,brand/retail,1,87,0.0,13.0,0.1
powersbedding.com,brand/retail,1,87,0.0,13.0,0.1
thehallelujahhouse.com,brand/retail,1,87,0.0,13.0,0.1
abc4.com,brand/retail,6,87,0.0,39.3,0.0
rebeccamaedesigns.com,brand/retail,2,87,0.0,11.0,0.6
craftsy.com,brand/retail,7,87,0.0,41.0,0.1
bedfolk.com,brand/retail,7,87,0.0,32.9,0.7
tables12.com,brand/retail,6,87,0.0,21.2,0.1
thehackersparadise.com,brand/retail,1,87,0.0,8.0,0.3
cozydown.com,brand/retail,1,87,0.0,8.0,0.3
go.travel,brand/retail,1,87,0.0,8.0,0.3
whatcommuseum.org,brand/retail,1,87,0.0,8.0,0.3
houzz.in,brand/retail,1,87,0.0,8.0,0.3
dominionhemp.com,brand/retail,1,87,0.0,8.0,0.3
ashleydanyew.com,brand/retail,1,87,0.0,8.0,0.3
pintangle.com,brand/retail,1,87,0.0,8.0,0.3
dutchcrafters.com,brand/retail,1,87,0.0,8.0,0.3
de.pinterest.com,brand/retail,11,87,0.0,27.1,0.1
remember-provence.com,brand/retail,1,87,0.0,8.0,0.3
whistles.com,brand/retail,1,87,0.0,8.0,0.3
tvcmall.com,brand/retail,2,87,0.0,7.5,0.7
safavieh.com,brand/retail,6,87,0.0,18.5,0.5
escsteel.com,brand/retail,1,87,0.0,8.0,0.3
nextdayflyers.com,brand/retail,1,87,0.0,8.0,0.3
restaurantware.com,brand/retail,4,87,0.0,27.5,0.4
maruhisa-usa.com,brand/retail,2,86,0.0,11.0,0.6
getgroundedshop.com,brand/retail,3,86,0.0,28.0,0.1
knitterknotter.com,brand/retail,6,86,0.0,34.2,0.5
dictionary.reverso.net,brand/retail,6,86,0.0,30.3,0.1
lodgmate.com,brand/retail,4,86,0.0,16.2,0.2
dormhaul.com,brand/retail,6,86,0.0,24.3,0.2
shop.cleanmama.com,brand/retail,1,86,0.0,4.0,0.7
weballsports.com,brand/retail,1,86,0.0,4.0,0.7
etac.com,brand/retail,1,86,0.0,4.0,0.7
mrtimesaver.nl,brand/retail,1,86,0.0,4.0,0.7
decoratorswarehouse.com,brand/retail,1,86,0.0,4.0,0.7
new.artsmia.org,brand/retail,1,86,0.0,4.0,0.7
sugarbdesigns.com,brand/retail,1,86,0.0,4.0,0.7
onlinemedicalsupply.com,brand/retail,1,86,0.0,4.0,0.7
nelsonjameson.com,brand/retail,1,86,0.0,4.0,0.7
carolinadetailsupply.com,brand/retail,1,86,0.0,4.0,0.7
quiltingfabricsupply.com,brand/retail,1,86,0.0,4.0,0.7
notion.com,brand/retail,1,86,0.0,4.0,0.7
concretegardensupply.com,brand/retail,1,86,0.0,4.0,0.7
bellabellaboutique.com,brand/retail,1,86,0.0,4.0,0.7
partycity.com,brand/retail,1,86,0.0,4.0,0.7
factorydirectblinds.com,brand/retail,1,86,0.0,4.0,0.7
holsper.com,brand/retail,2,86,0.0,22.5,0.7
kimseybert.com,brand/retail,1,86,0.0,4.0,0.7
bigworldsmallpockets.com,brand/retail,1,86,0.0,4.0,0.7
fergusonsirishlinen.com,brand/retail,2,86,0.0,21.5,0.7
usgs.gov,brand/retail,1,86,0.0,4.0,0.7
gaming.stackexchange.com,brand/retail,1,86,0.0,4.0,0.7
shop.drseuss.com,brand/retail,1,86,0.0,4.0,0.7
korean-culture.org,brand/retail,1,86,0.0,4.0,0.7
samanthamcfarlen.com,brand/retail,1,86,0.0,3.0,0.8
paulstuart.com,brand/retail,1,86,0.0,3.0,0.8
dormeo.co.uk,brand/retail,1,86,0.0,3.0,0.8
balielf.com,brand/retail,1,86,0.0,3.0,0.8
mandisminkys.com,brand/retail,1,85,0.0,23.0,0.0
pennsylvania.courtcasefinder.com,brand/retail,1,85,0.0,24.0,0.0
daffodils.boutique,brand/retail,1,85,0.0,24.0,0.0
magisterial-dockets.govbackgroundchecks.com,brand/retail,1,85,0.0,25.0,0.0
eastofisleapplique.com,brand/retail,1,85,0.0,25.0,0.0
co.armstrong.pa.us,brand/retail,1,85,0.0,26.0,0.0
thedesignerminkyco.com,brand/retail,1,85,0.0,26.0,0.0
e-lspi.com,brand/retail,1,85,0.0,26.0,0.0
courtsapp.montcopa.org,brand/retail,1,85,0.0,28.0,0.0
student-portal.uat.jackson.edu.gh,brand/retail,1,85,0.0,29.0,0.0
hickorypreviewer.com,brand/retail,1,85,0.0,30.0,0.0
usemorefiber.com,brand/retail,1,85,0.0,30.0,0.0
ulinen.com,brand/retail,1,85,0.0,24.0,0.0
tableclothsfactory.wordpress.com,brand/retail,1,85,0.0,24.0,0.0
linenforce.com,brand/retail,1,85,0.0,26.0,0.0
primary.com,brand/retail,1,85,0.0,27.0,0.0
catsessentials.com,brand/retail,1,85,0.0,28.0,0.0
tablecoversfactory.com,brand/retail,1,85,0.0,29.0,0.0
bedtribe.com,brand/retail,1,85,0.0,31.0,0.0
cygnuscustom.com,brand/retail,2,85,0.0,49.0,0.0
outdoorlife.com,brand/retail,4,85,0.0,32.0,0.1
wallacecotton.com,brand/retail,16,85,0.0,35.4,0.2
pillowhan.com,brand/retail,9,85,0.0,21.8,0.4
morfurniture.com,brand/retail,2,85,0.0,8.7,2.0
valuecitynj.com,brand/retail,2,85,0.0,1.0,2.0
resthousesleep.com,brand/retail,2,84,0.0,11.5,0.5
stlbackstore.com,brand/retail,8,84,0.0,34.8,0.2
couponfollow.com,brand/retail,3,84,0.0,17.3,0.2
turtletowels.com,brand/retail,2,84,0.0,11.0,0.3
atlanticbeddingandfurniture.com,brand/retail,3,84,0.0,19.3,1.0
shopborgata.com,brand/retail,4,84,0.0,13.2,0.7
mikajaymes.com,brand/retail,5,84,0.0,13.6,1.2
sunhomesaunas.com,brand/retail,1,83,0.0,14.0,0.1
putnams.co.uk,brand/retail,7,83,0.0,23.9,0.2
thelaurenashtyncollection.com,brand/retail,5,83,0.0,26.2,0.1
quiltersheadquarters.com,brand/retail,1,83,0.0,14.0,0.1
turkishtowelcollection.com,brand/retail,1,83,0.0,14.0,0.1
courier-journal.com,brand/retail,3,83,0.0,23.7,0.1
linenbeauty.com,brand/retail,7,83,0.0,51.0,0.1
alimed.com,brand/retail,11,83,0.0,29.9,0.2
fr.eonline.com,brand/retail,2,83,0.0,14.5,0.1
shopforestriver.com,brand/retail,3,83,0.0,10.3,0.4
sewwhatalicia.com,brand/retail,7,83,0.0,29.9,0.2
curatedevents.com,brand/retail,2,83,0.0,11.0,0.2
worksheets.edhelper.com,brand/retail,6,83,0.0,30.7,0.6
frankandeileen.com,brand/retail,4,82,0.0,26.2,0.1
splashblanket.com,brand/retail,3,82,0.0,15.7,0.2
rainbowshops.com,brand/retail,16,82,0.0,34.8,0.2
ddecor.com,brand/retail,7,82,0.0,49.6,0.0
sevensistersquiltshop.com,brand/retail,2,82,0.0,11.0,0.6
cmbakeware.com,brand/retail,2,81,0.0,20.5,0.1
piyama.com,brand/retail,4,81,0.0,14.2,0.8
serenesleepzone.com,brand/retail,7,81,0.0,56.0,0.0
shopbabybliss.com,brand/retail,3,81,0.0,25.3,0.5
temu.com,brand/retail,7,81,0.0,23.3,0.3
studioknitsf.com,brand/retail,2,81,0.0,12.5,0.5
mattressdirect.com,brand/retail,3,81,0.0,27.0,0.6
thisbluebird.com,brand/retail,1,81,0.0,9.0,0.2
bluehills.io,brand/retail,4,81,0.0,15.8,0.6
thencamejune.com,brand/retail,1,81,0.0,9.0,0.2
larsenonfilm.com,brand/retail,1,81,0.0,9.0,0.2
wovenartandbeyond.com,brand/retail,1,81,0.0,9.0,0.2
totaltable.com,brand/retail,1,81,0.0,9.0,0.2
norcoindustrial.com,brand/retail,1,81,0.0,9.0,0.2
cram.com,brand/retail,1,81,0.0,9.0,0.2
samandjack.com,brand/retail,1,81,0.0,9.0,0.2
designerstencils.com,brand/retail,1,81,0.0,9.0,0.2
simply-food.com,brand/retail,1,81,0.0,9.0,0.2
atavolawinchester.com,brand/retail,3,81,0.0,17.7,0.2
chiccousa.com,brand/retail,2,81,0.0,9.0,0.5
zyllion.com,brand/retail,3,81,0.0,14.7,0.7
diamondevent.com,brand/retail,1,81,0.0,9.0,0.2
fleetfeet.com,brand/retail,3,81,0.0,12.0,0.4
mattressoverstock.us,brand/retail,2,81,0.0,11.0,0.3
battletech.com,brand/retail,2,81,0.0,10.0,0.2
countrybarnquiltco.com,brand/retail,1,81,0.0,6.0,0.5
towelmed.com,brand/retail,1,81,0.0,6.0,0.5
bemz.com,brand/retail,1,81,0.0,6.0,0.5
weaverleathersupply.com,brand/retail,1,81,0.0,6.0,0.5
skf.com,brand/retail,1,81,0.0,6.0,0.5
thenewenglandtradingcompany.com,brand/retail,1,81,0.0,6.0,0.5
slipcovershop.com,brand/retail,1,81,0.0,6.0,0.5
expressmed.com,brand/retail,4,81,0.0,27.0,0.6
ufinebattery.com,brand/retail,1,81,0.0,6.0,0.5
thequiltshow.squarespace.com,brand/retail,1,81,0.0,6.0,0.5
projectlinuskc.org,brand/retail,1,81,0.0,6.0,0.5
presscleaners.com,brand/retail,1,81,0.0,6.0,0.5
gymglish.com,brand/retail,1,81,0.0,6.0,0.5
boymeetsquilt.com,brand/retail,1,81,0.0,6.0,0.5
quilt101.com,brand/retail,1,81,0.0,6.0,0.5
lcipaper.com,brand/retail,1,81,0.0,6.0,0.5
letras.com,brand/retail,1,81,0.0,6.0,0.5
explorebeavertail.com,brand/retail,1,81,0.0,6.0,0.5
irishchain.com,brand/retail,1,81,0.0,6.0,0.5
sbs.utexas.edu,brand/retail,1,81,0.0,6.0,0.5
catalog.americhem.net,brand/retail,1,81,0.0,6.0,0.5
genteelfast.shop,brand/retail,1,81,0.0,6.0,0.5
quinceandco.com,brand/retail,1,81,0.0,6.0,0.5
modernmillieshop.com,brand/retail,1,81,0.0,6.0,0.5
quiltripping.com,brand/retail,1,81,0.0,6.0,0.5
jfranco.com,brand/retail,3,81,0.0,6.0,1.5
vineyardvines.com,brand/retail,12,80,0.0,38.6,0.1
quiltersstudiova.com,brand/retail,3,80,0.0,42.7,0.0
towelnrobe.com,brand/retail,16,80,0.0,40.3,0.0
tshirtmemoryquilts.com,brand/retail,2,80,0.0,20.5,0.1
davidsfinelinens.com,brand/retail,6,80,0.0,32.7,0.1
dalthelabel.com,brand/retail,5,80,0.0,21.8,0.5
nrsbrakes.com,brand/retail,2,80,0.0,13.5,0.2
northerntool.com,brand/retail,5,80,0.0,16.0,0.2
thefoxdecor.com,brand/retail,11,80,0.0,35.5,0.1
allmusic.com,brand/retail,2,80,0.0,10.0,0.5
blissfulnights.com,brand/retail,4,80,0.0,31.0,0.5
teakhq.com,brand/retail,3,80,0.0,10.0,0.5
herroom.com,brand/retail,8,80,0.0,19.5,1.3
njinla.com,brand/retail,1,79,0.0,20.0,0.1
veronicabeard.com,brand/retail,1,79,0.0,20.0,0.1
wichitafurniture.com,brand/retail,5,79,0.0,25.4,0.1
miskellys.com,brand/retail,4,79,0.0,24.2,0.1
canadianquilter.com,brand/retail,2,79,0.0,22.5,0.1
elliatt.com,brand/retail,19,79,0.0,32.0,0.1
dressmycrib.com,brand/retail,4,79,0.0,26.5,0.1
johnstonsofelgin.com,brand/retail,3,79,0.0,17.7,0.2
youtu.be,brand/retail,4,79,0.0,36.8,0.1
forums.woot.com,brand/retail,6,79,0.0,32.8,0.2
gamefaqs.gamespot.com,brand/retail,2,79,0.0,8.0,0.6
continentalwindowfashions.com,brand/retail,1,78,0.0,17.0,0.1
web.stanford.edu,brand/retail,1,78,0.0,16.0,0.1
jetsetgear.com,brand/retail,1,78,0.0,17.0,0.1
furniturefair.net,brand/retail,2,78,0.0,12.0,0.2
farmandfleet.com,brand/retail,8,78,0.0,23.0,0.2
orthomattress.com,brand/retail,3,78,0.0,29.3,0.4
byhandlondon.com,brand/retail,2,78,0.0,7.5,0.7
blog.urospec.org,brand/retail,3,78,0.0,6.7,1.3
cailinicoastal.com,brand/retail,3,78,0.0,12.7,1.4
almostheaven.com,brand/retail,1,78,0.0,2.0,0.9
bon-clic-bon-genre.us,brand/retail,1,78,0.0,2.0,0.9
coachrobichaux.com,brand/retail,1,78,0.0,2.0,0.9
eileenfisherrenew.com,brand/retail,1,78,0.0,2.0,0.9
lanelinen.com,brand/retail,1,78,0.0,2.0,0.9
objectrare.com,brand/retail,1,78,0.0,2.0,0.9
intothegloss.com,brand/retail,1,78,0.0,2.0,0.9
stuffedhome.com,brand/retail,4,77,0.0,41.2,0.0
us.babymori.com,brand/retail,2,77,0.0,22.0,0.1
kallistiquilts.com,brand/retail,2,77,0.0,24.0,0.1
m.media-amazon.com,brand/retail,2,77,0.0,32.5,0.1
arthritissupplies.com,brand/retail,9,77,0.0,35.9,0.1
als.com,brand/retail,3,77,0.0,28.0,0.1
thefeelz.store,brand/retail,4,77,0.0,12.8,0.5
nursingpillow.com,brand/retail,2,76,0.0,25.5,0.1
thimblesquilts.com,brand/retail,1,76,0.0,21.0,0.0
farmhousefabricshop.com,brand/retail,1,76,0.0,21.0,0.0
quarter-sheets.findmenuworld.com,brand/retail,1,76,0.0,21.0,0.0
mamabumprentals.com,brand/retail,1,76,0.0,21.0,0.0
shopcharlottesweb.com,brand/retail,1,76,0.0,21.0,0.0
thehonestlabel.com,brand/retail,2,76,0.0,54.5,0.0
allergyguarddirect.com,brand/retail,3,76,0.0,40.3,0.0
valleyarttherapy.com,brand/retail,2,76,0.0,41.0,0.0
terragrounding.co,brand/retail,2,76,0.0,45.5,0.0
nasafes.com,brand/retail,2,76,0.0,53.0,0.0
apriadirect.com,brand/retail,2,76,0.0,15.0,0.1
galialahav.com,brand/retail,3,76,0.0,34.3,0.1
trygroundingsheets.com,brand/retail,2,76,0.0,57.0,0.0
parkerbaby.com,brand/retail,3,76,0.0,31.0,0.0
artgeek.io,brand/retail,3,76,0.0,34.7,0.0
vintageshowercurtainshop.com,brand/retail,3,76,0.0,36.7,0.0
dinkumtribe.com,brand/retail,3,76,0.0,38.7,0.0
hivepalmbeach.com,brand/retail,3,76,0.0,16.7,0.1
switchbacktravel.com,brand/retail,4,76,0.0,22.0,0.4
daniadown.com,brand/retail,5,76,0.0,16.6,0.3
streetphotographersfoundation.com,brand/retail,16,76,0.0,37.8,0.0
permies.com,brand/retail,2,76,0.0,7.0,0.8
kotisdesign.com,brand/retail,2,76,0.0,7.0,0.8
tiffanyrose.com,brand/retail,2,75,0.0,18.5,0.1
thelatchlink.com,brand/retail,2,75,0.0,23.0,0.1
hellobeautiful.com,brand/retail,1,75,0.0,15.0,0.1
geckobrands.com,brand/retail,1,75,0.0,15.0,0.1
productreview.com.au,brand/retail,1,75,0.0,15.0,0.1
lorikennedyquilts.com,brand/retail,1,75,0.0,15.0,0.1
mioeco.com,brand/retail,1,75,0.0,15.0,0.1
traveliowa.com,brand/retail,1,75,0.0,15.0,0.1
basiclayers.com,brand/retail,1,75,0.0,15.0,0.1
es.pons.com,brand/retail,1,75,0.0,15.0,0.1
pcc.edu,brand/retail,2,75,0.0,17.0,0.1
sew4home.com,brand/retail,3,75,0.0,20.0,0.3
safeway.com,brand/retail,2,75,0.0,14.0,0.1
maysonswineshop.com,brand/retail,1,75,0.0,10.0,0.1
shop.piazzahospitality.com,brand/retail,1,75,0.0,10.0,0.1
theretroset.com,brand/retail,1,75,0.0,10.0,0.1
neversaydiebeauty.com,brand/retail,1,75,0.0,10.0,0.1
tabs.ultimate-guitar.com,brand/retail,1,75,0.0,10.0,0.1
laurenlola.com,brand/retail,1,75,0.0,10.0,0.1
athinkinganimalblog.wordpress.com,brand/retail,1,75,0.0,10.0,0.1
courtpass.nycourts.gov,brand/retail,1,75,0.0,10.0,0.1
gilead.com,brand/retail,1,75,0.0,10.0,0.1
beyondsleep.com.hk,brand/retail,7,75,0.0,46.1,0.0
realhomes.com,brand/retail,9,75,0.0,44.4,0.1
alleventsrentslinens.com,brand/retail,7,75,0.0,39.4,0.0
craft-e-corner.com,brand/retail,2,75,0.0,11.0,0.2
novaformcomfort.com,brand/retail,2,75,0.0,23.5,0.2
bedbathntable.com.au,brand/retail,22,75,0.0,45.4,0.0
linenclub.com,brand/retail,20,75,0.0,43.0,0.1
commahome.com,brand/retail,4,75,0.0,28.2,0.4
allprintablepages.com,brand/retail,2,75,0.0,9.5,0.3
vectorstock.com,brand/retail,5,75,0.0,15.0,0.2
regalrexnord.com,brand/retail,1,75,0.0,5.0,0.6
fabricmerchants.com,brand/retail,1,75,0.0,5.0,0.6
worldofbalneario.com,brand/retail,1,75,0.0,5.0,0.6
vrsani-co.co.uk,brand/retail,1,75,0.0,5.0,0.6
arlingtonmachinery.com,brand/retail,1,75,0.0,5.0,0.6
whitecap.com,brand/retail,1,75,0.0,5.0,0.6
madejustsew.com,brand/retail,1,75,0.0,5.0,0.6
crownuniform.com,brand/retail,1,75,0.0,5.0,0.6
enovis.com,brand/retail,1,75,0.0,5.0,0.6
cookingfromheart.com,brand/retail,1,75,0.0,5.0,0.6
airportag.com,brand/retail,1,75,0.0,5.0,0.6
blog.lostartpress.com,brand/retail,1,75,0.0,5.0,0.6
pureenrichment.com,brand/retail,1,75,0.0,5.0,0.6
lewiscreative.ca,brand/retail,1,75,0.0,5.0,0.6
alpacathreadz.com,brand/retail,1,75,0.0,5.0,0.6
mrjonathan.com,brand/retail,1,75,0.0,5.0,0.6
communityimpact.com,brand/retail,1,75,0.0,5.0,0.6
surefront.com,brand/retail,1,75,0.0,5.0,0.6
adodsons.com,brand/retail,1,75,0.0,5.0,0.6
loganchiropractichealthcenter.com,brand/retail,1,75,0.0,5.0,0.6
premierprintsinc.com,brand/retail,1,75,0.0,5.0,0.6
notinregs.com,brand/retail,1,75,0.0,5.0,0.6
oombawkadesigncrochet.com,brand/retail,1,75,0.0,5.0,0.6
liveworksheets.com,brand/retail,1,75,0.0,5.0,0.6
lorellfurniture.com,brand/retail,1,75,0.0,5.0,0.6
indexpackaging.com,brand/retail,1,75,0.0,5.0,0.6
flat.io,brand/retail,1,75,0.0,5.0,0.6
thesweetwatercoshop.com,brand/retail,1,75,0.0,5.0,0.6
laundryservices.org,brand/retail,1,75,0.0,5.0,0.6
thequiltedbeehive.com,brand/retail,1,75,0.0,5.0,0.6
threebaleshomesupply.com,brand/retail,1,75,0.0,5.0,0.6
nuheat.com,brand/retail,2,75,0.0,7.5,0.8
blackbirdfabrics.com,brand/retail,2,74,0.0,19.0,0.1
metro.co.uk,brand/retail,1,74,0.0,12.0,0.1
mypatriotsupply.com,brand/retail,1,74,0.0,12.0,0.1
woolcouturecompany.com,brand/retail,1,74,0.0,12.0,0.1
canalplastic.com,brand/retail,1,74,0.0,12.0,0.1
tagvenue.com,brand/retail,1,74,0.0,12.0,0.1
the-travel-bunny.com,brand/retail,1,74,0.0,12.0,0.1
sigmaaldrich.com,brand/retail,1,74,0.0,11.0,0.1
petassure.com,brand/retail,1,74,0.0,11.0,0.1
junoshowers.com,brand/retail,1,74,0.0,11.0,0.1
sherpanests.com,brand/retail,1,74,0.0,11.0,0.1
local.yahoo.com,brand/retail,2,74,0.0,10.5,0.8
unitedmfrs.com,brand/retail,1,74,0.0,11.0,0.1
thecutecrochet.com,brand/retail,3,74,0.0,12.3,0.3
kingofcotton.com,brand/retail,6,74,0.0,29.0,0.2
barnesandnoble.com,brand/retail,8,74,0.0,39.4,0.1
bhookedcrochet.com,brand/retail,3,74,0.0,21.0,0.2
hardforum.com,brand/retail,2,74,0.0,11.5,0.2
tubitv.com,brand/retail,1,74,0.0,7.0,0.4
ecozoi.com,brand/retail,1,74,0.0,7.0,0.4
valleypoolspa.com,brand/retail,1,74,0.0,7.0,0.4
usabaseball.com,brand/retail,1,74,0.0,7.0,0.4
academicregalia.herffjones.com,brand/retail,1,74,0.0,7.0,0.4
amandacrochets.com,brand/retail,1,74,0.0,7.0,0.4
johnnysgoods.com,brand/retail,1,74,0.0,7.0,0.4
visit-us.com,brand/retail,1,74,0.0,7.0,0.4
taylorhealthcare.com,brand/retail,1,74,0.0,7.0,0.4
rugman.com,brand/retail,1,74,0.0,7.0,0.4
cherrysind.com,brand/retail,1,74,0.0,7.0,0.4
suiteminded.com,brand/retail,1,74,0.0,7.0,0.4
theinspiredroom.net,brand/retail,1,74,0.0,7.0,0.4
fillingspaces.com,brand/retail,1,74,0.0,7.0,0.4
bethsquiltingquarters.com,brand/retail,1,74,0.0,7.0,0.4
mypurplepicks.com,brand/retail,1,73,0.0,18.0,0.1
mybinding.com,brand/retail,1,73,0.0,18.0,0.1
fitsmallbusiness.com,brand/retail,1,73,0.0,18.0,0.1
paviliongift.com,brand/retail,1,73,0.0,19.0,0.1
sukeen.com,brand/retail,1,73,0.0,19.0,0.1
hiddenroseboutique.com,brand/retail,1,73,0.0,22.0,0.0
oliverwicks.com,brand/retail,7,73,0.0,26.0,0.6
mumsnet.com,brand/retail,8,73,0.0,26.9,0.2
tadashishoji.com,brand/retail,16,73,0.0,49.3,0.3
ginnys.com,brand/retail,7,73,0.0,26.9,0.0
elle.com,publisher,11,73,0.0,35.5,0.2
mednikriverbend.com,brand/retail,4,73,0.0,18.5,0.5
oceanstatejoblot.com,brand/retail,4,73,0.0,14.0,0.4
curvilyfashion.com,brand/retail,2,73,0.0,7.0,0.8
towelspecialties.com,brand/retail,3,73,0.0,21.7,0.6
demilamarie.com,brand/retail,3,72,0.0,26.3,0.1
us.nadinemerabi.com,brand/retail,5,72,0.0,54.2,0.0
lifeisgood.com,brand/retail,2,72,0.0,12.5,0.1
idahoeventrent.com,brand/retail,4,72,0.0,27.2,0.1
gozatowels.com,brand/retail,5,72,0.0,29.6,0.1
softlinens.com,brand/retail,4,72,0.0,13.8,0.2
campway.com,brand/retail,3,72,0.0,10.0,0.6
edwardmartin.com,brand/retail,4,72,0.0,21.8,0.6
1stdibs.com,brand/retail,4,71,0.0,24.0,0.1
modernspacegallery.com,brand/retail,4,71,0.0,32.8,0.1
dictzone.com,brand/retail,2,71,0.0,36.0,0.1
patchwork-europe.eu,brand/retail,1,71,0.0,13.0,0.1
theadvocate.com,brand/retail,1,71,0.0,13.0,0.1
directhomemedical.com,brand/retail,2,71,0.0,13.0,0.1
swash.com,brand/retail,1,71,0.0,13.0,0.1
hydrangeatreehouse.com,brand/retail,1,71,0.0,13.0,0.1
secondgearwnc.com,brand/retail,1,71,0.0,13.0,0.1
monogramonline.com,brand/retail,3,71,0.0,22.3,0.3
bjs.com,brand/retail,8,71,0.0,27.9,0.2
valzia.com,brand/retail,1,71,0.0,8.0,0.3
buffalogames.com,brand/retail,1,71,0.0,8.0,0.3
lenorahome.com,brand/retail,1,71,0.0,8.0,0.3
championchamois.com,brand/retail,1,71,0.0,8.0,0.3
noshbaking.com,brand/retail,1,71,0.0,8.0,0.3
pettigrew-online.com,brand/retail,1,71,0.0,8.0,0.3
teamtowels.net,brand/retail,1,71,0.0,8.0,0.3
audimute.com,brand/retail,1,71,0.0,8.0,0.3
shop.sleepon.us,brand/retail,1,71,0.0,8.0,0.3
knifekits.com,brand/retail,1,71,0.0,8.0,0.3
safaviehhome.com,brand/retail,1,71,0.0,8.0,0.3
thesaddlehouse.com,brand/retail,1,71,0.0,8.0,0.3
sparkleinpink.com,brand/retail,1,71,0.0,8.0,0.3
ultimatetextile.com,brand/retail,1,71,0.0,8.0,0.3
heatherandlittle.com,brand/retail,1,71,0.0,8.0,0.3
lillypulitzer.com,brand/retail,12,71,0.0,30.1,0.9
naplesnews.com,brand/retail,1,70,0.0,24.0,0.0
hannaford.com,brand/retail,3,70,0.0,31.3,0.0
sourceortho.com,brand/retail,1,70,0.0,23.0,0.0
shopwrapsody.com,brand/retail,1,70,0.0,23.0,0.0
paper-luxe.com,brand/retail,1,70,0.0,23.0,0.0
affinityforquilts.com,brand/retail,1,70,0.0,24.0,0.0
alamoquiltshop.com,brand/retail,1,70,0.0,24.0,0.0
quarter-sheets-pizza-club.restaurants-world.net,brand/retail,1,70,0.0,24.0,0.0
thebrassy.com,brand/retail,1,70,0.0,25.0,0.0
coolknobsandpulls.com,brand/retail,1,70,0.0,25.0,0.0
matherhospital.org,brand/retail,1,70,0.0,26.0,0.0
wellspringdesignsquilting.com,brand/retail,1,70,0.0,27.0,0.0
quiltedmoose.com,brand/retail,1,70,0.0,27.0,0.0
orthopedicandlaserspinesurgery.com,brand/retail,1,70,0.0,27.0,0.0
shopeagleeye.com,brand/retail,1,70,0.0,27.0,0.0
thefarmhouseaz.com,brand/retail,1,70,0.0,28.0,0.0
kruusn.com,brand/retail,1,70,0.0,29.0,0.0
friedmanshome.com,brand/retail,1,70,0.0,30.0,0.0
sanlorenzolumber.com,brand/retail,1,70,0.0,30.0,0.0
starlitquilts.com,brand/retail,1,70,0.0,31.0,0.0
mabelstyle.com,brand/retail,1,70,0.0,31.0,0.0
airial.travel,brand/retail,1,70,0.0,31.0,0.0
decorpulses.com,brand/retail,1,70,0.0,31.0,0.0
brownskitchen.com,brand/retail,1,70,0.0,31.0,0.0
dailysteals.com,brand/retail,4,70,0.0,35.5,0.0
positivepromotions.com,brand/retail,6,70,0.0,24.7,0.1
thesewingloftblog.com,brand/retail,6,70,0.0,43.2,0.0
millersdrygoods.com,brand/retail,3,70,0.0,34.7,0.1
onlinehomeshop.com,brand/retail,13,70,0.0,31.2,0.2
pngtree.com,brand/retail,3,70,0.0,12.7,0.3
us.maje.com,brand/retail,1,70,0.0,3.0,0.8
chasubles.com,brand/retail,1,70,0.0,3.0,0.8
vitabaya.com,brand/retail,1,70,0.0,3.0,0.8
bamfstyle.com,brand/retail,1,70,0.0,3.0,0.8
eshop.lrdist.com,brand/retail,2,69,0.0,27.5,0.0
thisisbeauty.us,brand/retail,2,69,0.0,30.0,0.0
shopstarbeauty.com,brand/retail,2,69,0.0,31.0,0.0
ibeautyplace.net,brand/retail,2,69,0.0,32.5,0.0
sleekshop.com,brand/retail,2,69,0.0,34.0,0.0
parachutehomes.us,brand/retail,2,69,0.0,37.5,0.0
pillow-soft.com,brand/retail,2,69,0.0,40.5,0.0
wigsbeautysupply.com,brand/retail,2,69,0.0,42.5,0.0
sarebysbeautysupply.com,brand/retail,2,69,0.0,44.0,0.0
pinkmoongoods.com,brand/retail,2,69,0.0,45.5,0.0
prestigeproductsworldwide.com,brand/retail,2,69,0.0,49.0,0.0
shop.mycountymarket.com,brand/retail,5,69,0.0,21.0,0.4
hush.ca,brand/retail,3,69,0.0,13.3,0.3
sleepcareonline.com,brand/retail,2,69,0.0,19.5,0.1
stacksocial.com,brand/retail,5,69,0.0,32.0,0.1
www3.designindaba.com,brand/retail,7,69,0.0,48.4,0.0
nusso.com,brand/retail,3,69,0.0,18.7,0.1
beta.walmart.com,brand/retail,2,69,0.0,10.0,0.3
camelia.shop,brand/retail,2,69,0.0,13.0,0.2
flamingotoes.com,brand/retail,5,69,0.0,27.8,0.2
swimcore.com,brand/retail,2,69,0.0,9.0,0.8
bluebeeprinting.com,brand/retail,1,68,0.0,14.0,0.1
patterncenter.com,brand/retail,1,68,0.0,14.0,0.1
resmed.com,brand/retail,1,68,0.0,14.0,0.1
tvfinc.com,brand/retail,6,68,0.0,43.5,0.0
thecleaningstation.com,brand/retail,1,68,0.0,14.0,0.1
gearx.com,brand/retail,1,68,0.0,14.0,0.1
lacasitadelabruja.com,brand/retail,12,68,0.0,39.0,0.1
dock86.com,brand/retail,4,68,0.0,23.0,0.5
ilovequiltingforever.com,brand/retail,11,68,0.0,38.2,0.1
printful.com,brand/retail,6,68,0.0,29.3,0.1
simplesimonandco.com,brand/retail,2,68,0.0,14.0,0.5
vintagedancer.com,brand/retail,3,68,0.0,11.0,0.9
stitchinsistersq.com,brand/retail,2,67,0.0,23.0,0.1
rensup.com,brand/retail,2,67,0.0,25.5,0.1
goodmorningamerica.com,brand/retail,6,67,0.0,47.0,0.1
grandinroad.com,brand/retail,6,67,0.0,21.0,0.1
shescraftyandsheknowsit.com,brand/retail,6,67,0.0,34.0,0.0
jonathanstevens.com,brand/retail,2,67,0.0,14.5,0.2
wendypoole.com,brand/retail,2,67,0.0,14.0,0.1
mrphome.com,brand/retail,9,67,0.0,59.4,0.0
academybrand.com,brand/retail,25,67,0.0,43.2,0.0
maxshineusa.com,brand/retail,2,67,0.0,9.0,0.4
thefabricofourlives.com,brand/retail,4,67,0.0,29.2,0.4
linentrail.com,brand/retail,16,67,0.0,32.1,0.2
runnings.com,brand/retail,5,67,0.0,14.6,0.7
postmates.com,brand/retail,2,67,0.0,7.5,0.7
americanhome.com,brand/retail,4,66,0.0,30.2,0.1
sundaybedding.com,brand/retail,2,66,0.0,22.0,0.0
luxedecor.com,brand/retail,6,66,0.0,45.5,0.0
hardtofindsheets.com,brand/retail,5,66,0.0,32.6,0.1
awbridal.com,brand/retail,8,66,0.0,26.8,0.2
junasleep.com,brand/retail,2,66,0.0,17.5,0.1
conniekresin.com,brand/retail,7,66,0.0,36.1,0.1
sleepavo.com,brand/retail,5,66,0.0,21.4,0.2
threadtalk.com,brand/retail,3,66,0.0,12.0,0.4
hoshylafarms.com,brand/retail,1,66,0.0,9.0,0.2
heylovetexas.com,brand/retail,1,66,0.0,9.0,0.2
pillow-haven.com,brand/retail,1,66,0.0,9.0,0.2
chimayotrading.com,brand/retail,1,66,0.0,9.0,0.2
centurymats.com,brand/retail,1,66,0.0,9.0,0.2
tetontradecloth.com,brand/retail,1,66,0.0,9.0,0.2
amishoutletstore.com,brand/retail,1,66,0.0,9.0,0.2
linens-n-things.myprosandcons.com,brand/retail,1,66,0.0,9.0,0.2
christybhome.com,brand/retail,3,66,0.0,19.7,0.6
wholesaleartsframes.com,brand/retail,2,66,0.0,17.0,0.4
chairliving.com,brand/retail,1,66,0.0,4.0,0.7
bluerosepottery.com,brand/retail,1,66,0.0,4.0,0.7
shloofpillow.com,brand/retail,1,66,0.0,4.0,0.7
theproductboxes.com,brand/retail,1,66,0.0,4.0,0.7
campaddict.com,brand/retail,1,66,0.0,4.0,0.7
verlo.com,brand/retail,3,66,0.0,19.7,0.8
themattressnation.com,brand/retail,1,66,0.0,4.0,0.7
luxebco.com,brand/retail,1,66,0.0,4.0,0.7
minervabeauty.com,brand/retail,1,66,0.0,4.0,0.7
onceagainhome.com,brand/retail,1,66,0.0,4.0,0.7
solioutdoors.com,brand/retail,1,66,0.0,4.0,0.7
sarahhearts.com,brand/retail,1,66,0.0,4.0,0.7
mosshomeusa.com,brand/retail,1,66,0.0,4.0,0.7
theunlimitedstitch.com,brand/retail,1,66,0.0,4.0,0.7
mallonbacka.com,brand/retail,1,66,0.0,4.0,0.7
archive.studio-mcgee.com,brand/retail,1,66,0.0,4.0,0.7
medcline.co.uk,brand/retail,1,66,0.0,4.0,0.7
carstensinc.com,brand/retail,1,66,0.0,4.0,0.7
vons.com,brand/retail,1,66,0.0,4.0,0.7
wilfordandlee.com,brand/retail,1,66,0.0,4.0,0.7
basin.com,brand/retail,1,66,0.0,4.0,0.7
transforminghealthct.com,brand/retail,1,66,0.0,4.0,0.7
kimatv.com,brand/retail,1,66,0.0,4.0,0.7
ableclothing.com,brand/retail,1,66,0.0,4.0,0.7
swim2000.com,brand/retail,2,66,0.0,5.5,1.1
whatnaturalslove.com,brand/retail,2,66,0.0,4.5,1.3
inspire.com,brand/retail,1,65,0.0,20.0,0.1
flannelgo.com,brand/retail,4,65,0.0,49.8,0.0
sayyesbedding.com,brand/retail,7,65,0.0,30.7,0.1
soothingcompany.com,brand/retail,3,65,0.0,23.7,0.1
heirloomedcollection.com,brand/retail,2,65,0.0,21.0,0.1
titanker.com,brand/retail,2,65,0.0,26.5,0.0
tshirtquilt.nyc,brand/retail,2,65,0.0,29.0,0.0
feerielingerie.com,brand/retail,8,65,0.0,22.0,0.2
discoveryfabrics.com,brand/retail,3,65,0.0,19.0,0.1
study.com,brand/retail,4,65,0.0,32.2,0.1
dmesupplyusa.com,brand/retail,4,65,0.0,23.0,0.7
autoseatskins.com,brand/retail,3,65,0.0,15.7,0.2
thebritishblanketcompany.com,brand/retail,4,65,0.0,13.5,0.7
vintagesewingpatterncompany.com,brand/retail,2,65,0.0,7.0,0.8
direct.asda.com,brand/retail,13,65,0.0,42.9,0.9
pasweetdreams.com,brand/retail,2,65,0.0,12.5,1.0
xotheblanket.com,brand/retail,1,64,0.0,16.0,0.1
grove.co,brand/retail,1,64,0.0,16.0,0.1
lifeprofitness.com,brand/retail,1,64,0.0,16.0,0.1
riomedicalus.com,brand/retail,1,64,0.0,17.0,0.1
ibtimes.com,brand/retail,1,64,0.0,17.0,0.1
skinact.com,brand/retail,1,64,0.0,17.0,0.1
agbarnquilts.com,brand/retail,1,64,0.0,17.0,0.1
modernnursery.com,brand/retail,1,64,0.0,17.0,0.1
farwestcollective.com,brand/retail,1,64,0.0,17.0,0.1
nodnalco.com,brand/retail,2,64,0.0,20.5,0.4
furnifindusa.com,brand/retail,4,64,0.0,54.0,0.0
riverisland.com,brand/retail,7,64,0.0,52.1,0.0
madeinaday.com,brand/retail,2,64,0.0,12.5,0.1
lusystore.com,brand/retail,10,64,0.0,16.3,0.5
edwardsevents.com,brand/retail,2,64,0.0,14.0,0.1
allurepartyrentals.com,brand/retail,6,64,0.0,37.5,0.0
primetimepartyrental.com,brand/retail,3,64,0.0,21.7,0.1
cliffsnotes.com,brand/retail,2,64,0.0,12.0,0.2
evaia.com,brand/retail,4,64,0.0,19.2,0.1
whiteclassic.com,brand/retail,10,64,0.0,27.7,0.2
ecotradecompany.com,brand/retail,9,64,0.0,33.7,0.3
armynavymarinestore.com,brand/retail,1,64,0.0,6.0,0.5
sectionhiker.com,brand/retail,2,64,0.0,11.5,0.6
generationloveclothing.com,brand/retail,1,64,0.0,6.0,0.5
luthsports.org,brand/retail,1,64,0.0,6.0,0.5
huskyliners.com,brand/retail,1,64,0.0,6.0,0.5
hedleyandbennett.com,brand/retail,1,64,0.0,6.0,0.5
convaquip.com,brand/retail,1,64,0.0,6.0,0.5
thewaywoodworking.com,brand/retail,1,64,0.0,6.0,0.5
shop.sarahhearts.com,brand/retail,1,64,0.0,6.0,0.5
crossroadshospice.com,brand/retail,1,64,0.0,6.0,0.5
cactuscudlz.com,brand/retail,1,64,0.0,6.0,0.5
tompkinschiropractic.com,brand/retail,1,64,0.0,6.0,0.5
juliasbookcase.com,brand/retail,1,64,0.0,6.0,0.5
havenwellwithin.com,brand/retail,9,64,0.0,24.9,0.2
gathre.com,brand/retail,1,64,0.0,6.0,0.5
sheetmusicplus.com,brand/retail,1,64,0.0,6.0,0.5
sewthedistance.com,brand/retail,1,64,0.0,6.0,0.5
theplainneedlewoman.com,brand/retail,1,64,0.0,6.0,0.5
celsious.com,brand/retail,1,64,0.0,6.0,0.5
wordswithfriendscheat.io,brand/retail,1,64,0.0,6.0,0.5
mimisnugglecompany.com,brand/retail,1,64,0.0,6.0,0.5
archtoolbox.com,brand/retail,1,64,0.0,6.0,0.5
healthandcare.co.uk,brand/retail,2,64,0.0,7.0,0.8
garageclothing.com,brand/retail,2,64,0.0,15.0,0.6
kristynewengland.com,brand/retail,2,64,0.0,6.0,1.0
mattressstoreslosangeles.com,brand/retail,4,63,0.0,48.0,0.0
downtoground.co,brand/retail,2,63,0.0,31.0,0.0
amradield.com,brand/retail,2,63,0.0,50.5,0.0
hinative.com,brand/retail,4,63,0.0,22.8,0.1
survivalgear.us,brand/retail,2,63,0.0,27.0,0.1
airstreamsupplycompany.com,brand/retail,4,63,0.0,25.0,0.1
canningvale.com,brand/retail,7,63,0.0,38.1,0.2
crocht.com,brand/retail,8,63,0.0,33.4,0.1
dormbedding.com,brand/retail,6,63,0.0,48.8,0.0
yorkshirebedding.co.uk,brand/retail,8,63,0.0,28.5,0.2
lovetender.ly,brand/retail,2,63,0.0,11.5,0.2
threadwell.net,brand/retail,2,63,0.0,23.0,0.3
roomanddecor.com,brand/retail,19,63,0.0,29.0,0.2
fr.boohoo.com,brand/retail,2,63,0.0,7.0,0.9
funeralprints.com,brand/retail,3,62,0.0,32.3,0.0
fivebrotherworkwear.com,brand/retail,2,62,0.0,45.5,0.0
calfast.shop,brand/retail,2,62,0.0,47.5,0.0
underyours.com,brand/retail,3,62,0.0,38.7,0.1
sunvalleysaunas.com,brand/retail,2,62,0.0,16.0,0.1
america-galindez.com,brand/retail,2,62,0.0,23.0,0.0
texastshirtquilts.com,brand/retail,2,62,0.0,25.5,0.0
vaulia.com,brand/retail,2,62,0.0,27.5,0.0
mapleleafquiltingcompany.com,brand/retail,2,62,0.0,31.5,0.0
showercurtains4less.com,brand/retail,2,62,0.0,31.5,0.0
famcut.com,brand/retail,2,62,0.0,32.0,0.0
semfri.com,brand/retail,2,62,0.0,33.0,0.0
sewfabulousquilts.com,brand/retail,2,62,0.0,34.5,0.0
sterlingsewing.com,brand/retail,2,62,0.0,38.5,0.0
tshirtquiltcafe.com,brand/retail,2,62,0.0,39.5,0.0
linguee.es,brand/retail,2,62,0.0,42.0,0.0
in-cal-king.comforterset.org,brand/retail,2,62,0.0,46.5,0.0
sewingmachinesplus.com,brand/retail,2,62,0.0,47.0,0.0
threegirlsquilting.com,brand/retail,2,62,0.0,50.5,0.0
mattress-reviews.com,brand/retail,2,62,0.0,52.0,0.0
grandgoldman.com,brand/retail,2,62,0.0,54.0,0.0
memorybarnstudio.com,brand/retail,2,62,0.0,55.0,0.0
quiltlab.co,brand/retail,2,62,0.0,55.0,0.0
kneedle.com,brand/retail,2,62,0.0,56.5,0.0
laelspanish.com,brand/retail,2,62,0.0,56.5,0.0
marmiequilting.com,brand/retail,2,62,0.0,57.5,0.0
stitchinitupquiltshop.com,brand/retail,2,62,0.0,57.5,0.0
ecos.com,brand/retail,1,62,0.0,15.0,0.1
villagesewing.com,brand/retail,2,62,0.0,58.5,0.0
machinio.com,brand/retail,2,62,0.0,60.0,0.0
texasquiltmuseum.org,brand/retail,2,62,0.0,19.5,0.1
reclineandsleep.com,brand/retail,4,62,0.0,30.0,0.0
theyellowdwelling.com,brand/retail,1,62,0.0,15.0,0.1
merimeri.com,brand/retail,1,62,0.0,15.0,0.1
threadmadehome.com,brand/retail,1,62,0.0,15.0,0.1
helloeelo.com,brand/retail,3,62,0.0,23.0,0.1
mytowels.net,brand/retail,3,62,0.0,45.7,0.0
melangehome.com,brand/retail,2,62,0.0,11.5,0.1
bittersweetquilts.com,brand/retail,2,62,0.0,12.5,0.2
technisportusa.com,brand/retail,2,62,0.0,15.0,0.2
youcustomizeit.com,brand/retail,6,62,0.0,21.5,0.2
wwd.com,brand/retail,8,62,0.0,19.4,0.9
vivid.care,brand/retail,2,62,0.0,10.5,0.7
gifts.com,brand/retail,5,62,0.0,28.4,0.1
costco.ca,brand/retail,8,62,0.0,33.9,0.3
honestlywtf.com,brand/retail,2,62,0.0,12.0,0.6
skinworldwide.com,brand/retail,2,62,0.0,8.0,0.6
theeiderdown.com,brand/retail,2,62,0.0,8.5,0.7
betsyandadam.com,brand/retail,16,61,0.0,39.4,0.1
steepandcheap.com,brand/retail,1,61,0.0,12.0,0.1
guides.library.uab.edu,brand/retail,1,61,0.0,12.0,0.1
sharpseed.com,brand/retail,1,61,0.0,12.0,0.1
pallipartners.com,brand/retail,1,61,0.0,12.0,0.1
pactex.com,brand/retail,1,61,0.0,12.0,0.1
sleepcenter.net,brand/retail,5,61,0.0,34.4,0.0
tuhomefurniture.com,brand/retail,1,61,0.0,12.0,0.1
medicinenet.com,brand/retail,1,61,0.0,10.0,0.1
erinphraner.com,brand/retail,1,61,0.0,10.0,0.1
bannerbuzz.com,brand/retail,1,61,0.0,10.0,0.1
teainateacup.wordpress.com,brand/retail,1,61,0.0,10.0,0.1
idolinens.com,brand/retail,1,61,0.0,10.0,0.1
jjcareusa.com,brand/retail,1,61,0.0,10.0,0.1
picknsave.com,brand/retail,1,61,0.0,10.0,0.1
waterfordeventrentals.com,brand/retail,1,61,0.0,10.0,0.1
texanmattress.com,brand/retail,1,61,0.0,10.0,0.1
vintagewineshoppe.net,brand/retail,1,61,0.0,10.0,0.1
thefreshgrocer.com,brand/retail,1,61,0.0,10.0,0.1
canvasprints.com,brand/retail,1,61,0.0,10.0,0.1
specialevents.ca,brand/retail,1,61,0.0,10.0,0.1
greereventrentals.com,brand/retail,1,61,0.0,10.0,0.1
allardusa.com,brand/retail,1,61,0.0,7.0,0.4
jenniferbeckstrand.com,brand/retail,1,61,0.0,7.0,0.4
coffee.stackexchange.com,brand/retail,1,61,0.0,7.0,0.4
respshop.com,brand/retail,1,61,0.0,7.0,0.4
ruggable.co.uk,brand/retail,1,61,0.0,7.0,0.4
buyersproducts.com,brand/retail,1,61,0.0,7.0,0.4
berninaofnaperville.com,brand/retail,1,61,0.0,7.0,0.4
anifurry.com,brand/retail,1,61,0.0,7.0,0.4
amybrownscience.com,brand/retail,1,61,0.0,7.0,0.4
tqgva.org,brand/retail,1,61,0.0,7.0,0.4
arrowhead-equipment.com,brand/retail,1,61,0.0,7.0,0.4
thewoollythistle.com,brand/retail,1,61,0.0,7.0,0.4
lippert.com,brand/retail,1,61,0.0,7.0,0.4
crochetcrosiahome.blogspot.com,brand/retail,1,61,0.0,7.0,0.4
earplugstore.com,brand/retail,1,61,0.0,5.0,0.6
michigan.org,brand/retail,1,61,0.0,5.0,0.6
landofpillows.com,brand/retail,3,61,0.0,15.3,0.6
glinenworld.com,brand/retail,1,61,0.0,5.0,0.6
hansetextil.com,brand/retail,1,61,0.0,5.0,0.6
mindlessmom.com,brand/retail,1,61,0.0,5.0,0.6
limitlessinnovations.com,brand/retail,1,61,0.0,5.0,0.6
hometex.ca,brand/retail,1,61,0.0,5.0,0.6
justbcrafty.com,brand/retail,1,61,0.0,5.0,0.6
floofliving.com,brand/retail,1,61,0.0,5.0,0.6
dorm-decor.com,brand/retail,1,61,0.0,5.0,0.6
crazycrow.com,brand/retail,3,61,0.0,24.0,0.7
breathablebaby.com,brand/retail,1,61,0.0,5.0,0.6
thegartergirl.com,brand/retail,1,61,0.0,5.0,0.6
muji.com,brand/retail,1,61,0.0,5.0,0.6
newswire.com,brand/retail,1,61,0.0,5.0,0.6
psychcentral.com,brand/retail,1,61,0.0,5.0,0.6
demco.com,brand/retail,1,61,0.0,5.0,0.6
us.mydrap.com,brand/retail,1,61,0.0,5.0,0.6
moonpillowco.com,brand/retail,1,61,0.0,5.0,0.6
danschultzfineart.com,brand/retail,1,61,0.0,5.0,0.6
earthlearningidea.com,brand/retail,1,61,0.0,5.0,0.6
lineneffects.johntmcgrath.com,brand/retail,1,61,0.0,5.0,0.6
guineapigcagecompany.com,brand/retail,1,61,0.0,5.0,0.6
blog.kravet.com,brand/retail,1,61,0.0,5.0,0.6
thefashionarchaeologist.com,brand/retail,1,61,0.0,5.0,0.6
christcollection.com,brand/retail,1,61,0.0,5.0,0.6
mellysews.com,brand/retail,2,61,0.0,5.5,1.1
drsamrizk.com,brand/retail,1,61,0.0,5.0,0.6
threegirls.com,brand/retail,1,60,0.0,19.0,0.1
pinnaclepromotions.com,brand/retail,1,60,0.0,22.0,0.0
heartfeltsympathy.gifts,brand/retail,1,60,0.0,22.0,0.0
shopamanogifts.com,brand/retail,1,60,0.0,18.0,0.1
cpapsupplyusa.com,brand/retail,5,60,0.0,35.2,0.1
kafemme.com,brand/retail,6,60,0.0,18.8,0.7
sweetwaterdecor.com,brand/retail,2,60,0.0,20.0,0.1
babycenter.com,brand/retail,4,60,0.0,42.8,0.1
globenewswire.com,brand/retail,1,60,0.0,11.0,0.1
printabulls.com,brand/retail,1,60,0.0,11.0,0.1
homemade-gifts-made-easy.com,brand/retail,1,60,0.0,11.0,0.1
labizarraquilts.com,brand/retail,1,60,0.0,11.0,0.1
spurlock.illinois.edu,brand/retail,1,60,0.0,11.0,0.1
glassdoor.com,brand/retail,1,60,0.0,11.0,0.1
boucleme.co.uk,brand/retail,3,60,0.0,16.7,0.2
royalfurnish.com,brand/retail,4,60,0.0,24.2,0.5
spotlightstores.com,brand/retail,6,60,0.0,38.2,0.1
cluckclucksew.com,brand/retail,2,60,0.0,24.5,0.1
americanstandard-us.com,brand/retail,3,60,0.0,13.0,0.2
fortunateone.com,brand/retail,8,60,0.0,28.8,0.5
silkwide.com,brand/retail,3,59,0.0,16.3,0.1
freedomsilk.com,brand/retail,4,59,0.0,37.5,0.0
bleubully.com,brand/retail,2,59,0.0,19.0,0.1
jjshouse.com,brand/retail,14,59,0.0,44.1,0.1
thebeautyhomes.com,brand/retail,3,59,0.0,63.0,0.0
naturalrugco.com,brand/retail,3,59,0.0,20.7,0.1
bryarwolf.com,brand/retail,4,59,0.0,32.2,0.1
largepillow.com,brand/retail,10,59,0.0,29.2,0.2
itssc.rpi.edu,brand/retail,2,59,0.0,10.5,0.3
bath-towels.org,brand/retail,14,59,0.0,37.0,0.1
klee2strings.blogspot.com,brand/retail,2,59,0.0,12.0,0.6
sobel-test.myshopify.com,brand/retail,2,59,0.0,6.5,0.9
westernevil.com,brand/retail,2,59,0.0,14.0,0.8
marieclaire.com,brand/retail,2,59,0.0,5.0,1.2
wearcrescent.com,brand/retail,2,58,0.0,26.0,0.0
mitovilla.com,brand/retail,2,58,0.0,34.5,0.1
italyincashmere.com,brand/retail,1,58,0.0,13.0,0.1
onepeloton.com,brand/retail,1,58,0.0,13.0,0.1
thecoffeemonsterzco.com,brand/retail,1,58,0.0,13.0,0.1
redcross.org,brand/retail,1,58,0.0,13.0,0.1
everlitsurvival.com,brand/retail,1,58,0.0,13.0,0.1
healthycanning.com,brand/retail,1,58,0.0,13.0,0.1
decktowel.com,brand/retail,3,58,0.0,15.7,0.2
hammernutrition.com,brand/retail,1,58,0.0,13.0,0.1
western-linen-wholesale.wheree.com,brand/retail,1,58,0.0,13.0,0.1
purpledaisiesquilting.com,brand/retail,1,58,0.0,13.0,0.1
villagemercantile.com,brand/retail,1,58,0.0,13.0,0.1
zenblok.com,brand/retail,2,58,0.0,9.0,0.5
moneysavingmom.com,brand/retail,4,58,0.0,11.8,0.7
na-kd.com,brand/retail,12,58,0.0,27.1,1.0
zipsheetsusa.com,brand/retail,6,58,0.0,12.3,0.8
thunderbuddy.com,brand/retail,1,58,0.0,4.0,0.7
shotkit.com,brand/retail,1,58,0.0,4.0,0.7
dailymail.co.uk,brand/retail,1,58,0.0,4.0,0.7
workingperson.com,brand/retail,1,58,0.0,4.0,0.7
valmiralingerie.com,brand/retail,1,58,0.0,4.0,0.7
wellfabric.com,brand/retail,1,58,0.0,4.0,0.7
whytile.com,brand/retail,1,57,0.0,24.0,0.0
grandparentgiftcompany.com,brand/retail,1,57,0.0,25.0,0.0
sablebebe.com,brand/retail,1,57,0.0,25.0,0.0
deluxe.com,brand/retail,1,57,0.0,26.0,0.0
americanlinens.com,brand/retail,1,57,0.0,26.0,0.0
snappytowels.com,brand/retail,1,57,0.0,26.0,0.0
tileshop.com,brand/retail,1,57,0.0,27.0,0.0
thecomfortcompany.com,brand/retail,1,57,0.0,27.0,0.0
sashandbowboutique.com,brand/retail,1,57,0.0,28.0,0.0
flyhugz.com,brand/retail,1,57,0.0,30.0,0.0
farmersdefense.com,brand/retail,1,57,0.0,30.0,0.0
tileredi.com,brand/retail,1,57,0.0,32.0,0.0
face.meei.harvard.edu,brand/retail,2,57,0.0,17.0,0.3
mykitchenlinens.com,brand/retail,5,57,0.0,39.2,0.0
mysillo.com,brand/retail,9,57,0.0,37.0,0.1
sleepessentials.com,brand/retail,5,57,0.0,24.8,0.1
asilklife.com,brand/retail,12,57,0.0,45.2,0.1
pingiohome.com,brand/retail,5,57,0.0,59.8,0.0
allamericanclothing.com,brand/retail,9,57,0.0,33.6,0.0
streetsense.substack.com,brand/retail,1,57,0.0,8.0,0.3
shop.nothingmuchhappens.com,brand/retail,1,57,0.0,8.0,0.3
sports.yahoo.com,brand/retail,1,57,0.0,8.0,0.3
oakhalli.com,brand/retail,1,57,0.0,8.0,0.3
thewoolshire.com,brand/retail,1,57,0.0,8.0,0.3
affinityforyarn.com,brand/retail,1,57,0.0,8.0,0.3
angelamariemade.com,brand/retail,1,57,0.0,8.0,0.3
rvpartscountry.com,brand/retail,1,57,0.0,8.0,0.3
jiffy.com,brand/retail,1,57,0.0,8.0,0.3
asurion.com,brand/retail,1,57,0.0,8.0,0.3
medrockpharmacy.com,brand/retail,1,57,0.0,8.0,0.3
peabodyathome.com,brand/retail,1,57,0.0,8.0,0.3
thisiswhyimbroke.com,brand/retail,5,57,0.0,30.6,0.4
quiltersquarterstx.com,brand/retail,1,57,0.0,8.0,0.3
pentecostalpublishing.com,brand/retail,1,57,0.0,3.0,0.8
crosswordsolver.com,brand/retail,1,57,0.0,3.0,0.8
g3fashion.com,brand/retail,1,57,0.0,3.0,0.8
loveshomefurnishings.com,brand/retail,1,57,0.0,3.0,0.8
elycattleman.com,brand/retail,1,57,0.0,3.0,0.8
iowaquiltmuseum.org,brand/retail,2,56,0.0,21.0,0.0
fleecefun.com,brand/retail,2,56,0.0,14.0,0.4
trendia.co,brand/retail,3,56,0.0,13.0,0.2
twosistersecotextiles.com,brand/retail,4,56,0.0,23.0,0.2
sammyonstate.com,brand/retail,3,56,0.0,21.3,0.2
thesleepstudies.com,brand/retail,2,56,0.0,9.0,0.5
refinishedbathsolutions.com,brand/retail,6,56,0.0,16.5,1.6
sleepingorganic.com,brand/retail,3,55,0.0,30.3,0.1
holtrenfrew.com,brand/retail,1,55,0.0,14.0,0.1
threadedneedlesewing.com,brand/retail,1,55,0.0,14.0,0.1
eatdrinkandbemerry.com,brand/retail,1,55,0.0,14.0,0.1
jamjarkitchen.com,brand/retail,1,55,0.0,14.0,0.1
thegreystonestore.com,brand/retail,3,55,0.0,36.7,0.0
gearjunkie.com,brand/retail,7,55,0.0,38.1,0.0
southernbellemonograms.com,brand/retail,1,55,0.0,14.0,0.1
judge.me,brand/retail,1,55,0.0,14.0,0.1
joyoushome.com,brand/retail,1,55,0.0,14.0,0.1
taihusnow.com,brand/retail,4,55,0.0,50.8,0.0
bedlam.store,brand/retail,4,55,0.0,55.5,0.0
anylinen.com,brand/retail,4,55,0.0,65.8,0.0
thefreedictionary.com,brand/retail,6,55,0.0,47.8,0.1
theiowaquiltblock.com,brand/retail,3,55,0.0,21.7,0.1
gingerlily.co.uk,brand/retail,2,55,0.0,15.0,0.1
happiestcamper.com,brand/retail,2,55,0.0,11.5,0.1
earthsake.com,brand/retail,12,55,0.0,43.7,0.1
homekify.com,brand/retail,6,55,0.0,33.7,0.0
shopchipclick.com,brand/retail,6,55,0.0,36.0,0.0
readingnookshop.com,brand/retail,15,55,0.0,34.7,0.0
atlaspreservation.com,brand/retail,2,55,0.0,9.5,0.5
article.com,brand/retail,2,55,0.0,14.5,0.5
tnuck.com,brand/retail,4,55,0.0,12.2,0.6
weargustin.com,brand/retail,2,55,0.0,6.5,0.9
threadandinkco.com,brand/retail,2,54,0.0,22.0,0.1
drewandjonathan.com,brand/retail,5,54,0.0,37.0,0.0
slumbershield.com,brand/retail,2,54,0.0,21.5,0.1
1895washingtonhotel.com,brand/retail,2,54,0.0,22.5,0.1
susanbriscoe.com,brand/retail,2,54,0.0,28.0,0.1
bestkneepillows.com,brand/retail,3,54,0.0,26.3,0.3
iammorescarsdale.com,brand/retail,4,54,0.0,22.5,0.1
comforterset.org,brand/retail,8,54,0.0,30.8,0.1
cushionsource.com,brand/retail,6,54,0.0,22.8,0.2
zomasleep.com,brand/retail,5,54,0.0,68.2,0.0
tenthousandpots.com,brand/retail,1,54,0.0,9.0,0.2
proformaonline.com,brand/retail,2,54,0.0,12.0,0.1
seniorsite.org,brand/retail,10,54,0.0,23.2,0.3
glonea.com,brand/retail,1,54,0.0,9.0,0.2
mydormdoc.com,brand/retail,1,54,0.0,9.0,0.2
osakimassagechair.com,brand/retail,1,54,0.0,9.0,0.2
arc-raiders.fandom.com,brand/retail,1,54,0.0,9.0,0.2
rosemaryandpinesfiberarts.de,brand/retail,1,54,0.0,9.0,0.2
baltimorehardware.com,brand/retail,1,54,0.0,9.0,0.2
napaonline.com,brand/retail,2,54,0.0,13.0,0.2
urbanspacestore.in,brand/retail,1,54,0.0,9.0,0.2
drpepperstore.com,brand/retail,1,54,0.0,9.0,0.2
livingsport.com,brand/retail,1,54,0.0,9.0,0.2
thundercloudsaddleblankets.com,brand/retail,1,54,0.0,9.0,0.2
littleredwindow.com,brand/retail,1,54,0.0,9.0,0.2
magnificentquilt.com,brand/retail,1,54,0.0,9.0,0.2
twohandspaperie.com,brand/retail,1,54,0.0,9.0,0.2
randallmetals.com,brand/retail,1,54,0.0,9.0,0.2
linenandleah.com,brand/retail,1,54,0.0,9.0,0.2
ldk-bearings.com,brand/retail,1,54,0.0,6.0,0.5
sunshineyoga.com,brand/retail,1,54,0.0,6.0,0.5
familylabels.com,brand/retail,1,54,0.0,6.0,0.5
flannelworld.com,brand/retail,1,54,0.0,6.0,0.5
catalog.champion-supply.com,brand/retail,1,54,0.0,6.0,0.5
cooperplastics.com,brand/retail,1,54,0.0,6.0,0.5
evenfallhome.com,brand/retail,1,54,0.0,6.0,0.5
help.avocadogreenmattress.com,brand/retail,1,54,0.0,6.0,0.5
visitmadisoncounty.com,brand/retail,1,54,0.0,6.0,0.5
uswiping.com,brand/retail,1,54,0.0,6.0,0.5
mx.pinterest.com,brand/retail,1,54,0.0,6.0,0.5
alpacasofmontana.com,brand/retail,1,54,0.0,6.0,0.5
carolyngibbsquilts.co.uk,brand/retail,1,54,0.0,6.0,0.5
yellowstonegeneralstores.com,brand/retail,1,54,0.0,6.0,0.5
commonsensemedia.org,brand/retail,1,54,0.0,6.0,0.5
plytix.com,brand/retail,1,54,0.0,6.0,0.5
paperproductsdesign.com,brand/retail,1,54,0.0,6.0,0.5
ashleynicholedesigns.com,brand/retail,1,54,0.0,6.0,0.5
moimili.com,brand/retail,1,54,0.0,6.0,0.5
prospectorco.com,brand/retail,1,54,0.0,6.0,0.5
funandfunction.com,brand/retail,1,54,0.0,6.0,0.5
sunnyscopa.com,brand/retail,1,54,0.0,6.0,0.5
allmine.com,brand/retail,1,54,0.0,6.0,0.5
seams-sew-easy.com,brand/retail,1,54,0.0,6.0,0.5
waterbutlers.com,brand/retail,1,54,0.0,6.0,0.5
bipbapbop.com,brand/retail,1,54,0.0,6.0,0.5
hobbsbatting.com,brand/retail,1,54,0.0,6.0,0.5
heharris.com,brand/retail,1,54,0.0,6.0,0.5
propertyfurniture.com,brand/retail,1,54,0.0,6.0,0.5
thefabricmarket.com,brand/retail,1,54,0.0,6.0,0.5
pedipocketblanket.com,brand/retail,1,54,0.0,6.0,0.5
dutchlabelshop.com,brand/retail,1,54,0.0,6.0,0.5
coupleblanket.com,brand/retail,1,54,0.0,6.0,0.5
shop.nysid.org,brand/retail,1,54,0.0,6.0,0.5
travelks.com,brand/retail,1,54,0.0,6.0,0.5
sheetguys.com,brand/retail,1,54,0.0,6.0,0.5
wunderkiddy.com,brand/retail,1,54,0.0,6.0,0.5
servicecore.com,brand/retail,1,54,0.0,6.0,0.5
cascadeironco.com,brand/retail,4,54,0.0,28.2,0.6
kelcosupply.com,brand/retail,1,53,0.0,20.0,0.1
kleinworthco.com,brand/retail,1,53,0.0,20.0,0.1
craftsandmore.com,brand/retail,3,53,0.0,37.0,0.0
qutool.com,brand/retail,4,53,0.0,22.5,0.1
unchartedsupplyco.com,brand/retail,2,53,0.0,19.0,0.1
gerwerkencrafts.com,brand/retail,2,53,0.0,23.5,0.0
naturesfabrics.com,brand/retail,4,53,0.0,31.8,0.0
dresslemuse.com,brand/retail,4,53,0.0,34.5,0.0
curt-weezie-development.myshopify.com,brand/retail,2,53,0.0,14.0,0.1
thuma.co,brand/retail,5,53,0.0,14.2,0.8
the-shower-curtains.com,brand/retail,4,53,0.0,35.8,0.0
bestshowercurtains.com,brand/retail,4,53,0.0,42.8,0.0
gianttiger.com,brand/retail,16,53,0.0,36.9,0.0
zogics.com,brand/retail,8,53,0.0,27.2,0.2
mcmaster.com,brand/retail,2,53,0.0,12.5,0.3
delsolfurniture.com,brand/retail,2,53,0.0,4.0,1.4
furnituredeals.com,brand/retail,4,53,0.0,32.8,0.9
sleeplay.com,brand/retail,2,52,0.0,26.0,0.0
parkersleep.com,brand/retail,1,52,0.0,16.0,0.1
lindseymedicalsupply.com,brand/retail,1,52,0.0,16.0,0.1
ezprints.com,brand/retail,1,52,0.0,16.0,0.1
news10.com,brand/retail,1,52,0.0,17.0,0.1
flexiblemagnets.net,brand/retail,1,52,0.0,17.0,0.1
cabinrugs.com,brand/retail,1,52,0.0,17.0,0.1
hadesignsltd.com,brand/retail,1,52,0.0,17.0,0.1
luxkinglife.com.au,brand/retail,1,52,0.0,17.0,0.1
carolinapetcompany.com,brand/retail,2,52,0.0,26.0,0.0
warmthone.com,brand/retail,3,52,0.0,28.0,0.0
meanblvd.com,brand/retail,9,52,0.0,43.0,0.0
redstickeventrentals.com,brand/retail,1,52,0.0,16.0,0.1
travelingquilters.com,brand/retail,1,52,0.0,16.0,0.1
proactivebaby.com,brand/retail,3,52,0.0,41.7,0.0
ntmoonlight.com,brand/retail,3,52,0.0,46.7,0.0
pampers.com,brand/retail,3,52,0.0,54.7,0.0
usfabricshop.com,brand/retail,4,52,0.0,31.5,0.1
mamacomfy.com,brand/retail,3,52,0.0,67.0,0.0
cuddlebeddings.com,brand/retail,5,52,0.0,46.2,0.0
thevillagecountrystore.com,brand/retail,5,52,0.0,31.4,0.1
globalindustrial.com,brand/retail,3,52,0.0,17.3,0.1
craftpassion.com,brand/retail,5,52,0.0,35.2,0.0
allbororentals.com,brand/retail,5,52,0.0,44.2,0.0
allseasonslinen.com,brand/retail,3,52,0.0,31.0,0.1
shopsilkie.com,brand/retail,13,52,0.0,45.8,0.1
puffy.ca,brand/retail,6,52,0.0,44.7,0.0
magnoliaorganics.com,brand/retail,3,52,0.0,32.7,0.1
southwestmedical.com,brand/retail,7,52,0.0,28.1,0.1
gearpatrol.com,brand/retail,2,52,0.0,9.0,0.6
biography.com,brand/retail,1,52,0.0,2.0,0.9
homegallerystores.com,brand/retail,1,52,0.0,2.0,0.9
seedheritage.com,brand/retail,1,52,0.0,1.0,1.0
maisondeluxeonline.com,brand/retail,1,51,0.0,21.0,0.0
shop.lazyacres.com,brand/retail,1,51,0.0,21.0,0.0
ozlosleep.com,brand/retail,1,51,0.0,21.0,0.0
smithsfoodanddrug.com,brand/retail,3,51,0.0,32.3,0.0
thefascination.com,brand/retail,2,51,0.0,21.0,0.1
oxymed1.com,brand/retail,2,51,0.0,27.5,0.0
4generationscleaning.com,brand/retail,2,51,0.0,33.0,0.0
thecpapstore.com,brand/retail,2,51,0.0,56.0,0.0
reliablemedsupply.com,brand/retail,2,51,0.0,56.0,0.0
memoryfoamdoctor.com,brand/retail,2,51,0.0,56.0,0.0
mattressmartcolumbus.com,brand/retail,2,51,0.0,63.0,0.0
diihomestore.com,brand/retail,2,51,0.0,19.0,0.3
dgfloors.com,brand/retail,5,51,0.0,44.6,0.0
simpletix.com,brand/retail,2,51,0.0,25.5,0.0
quiltpassions.net,brand/retail,2,51,0.0,28.5,0.0
loveisblindsga.com,brand/retail,3,51,0.0,23.7,0.1
si.edu,brand/retail,2,51,0.0,29.0,0.0
moonbeambaby.com,brand/retail,2,51,0.0,29.5,0.0
savoreverystitch.com,brand/retail,2,51,0.0,32.0,0.0
kcquiltmuseum.org,brand/retail,2,51,0.0,32.0,0.0
babyjar.com,brand/retail,2,51,0.0,34.5,0.0
embroiderersact.org.au,brand/retail,2,51,0.0,35.0,0.0
emblibrary.com,brand/retail,2,51,0.0,35.5,0.0
2brothersmattress.com,brand/retail,2,51,0.0,35.5,0.0
athreadedneedle.com,brand/retail,2,51,0.0,37.0,0.0
maisonette.com,brand/retail,2,51,0.0,37.0,0.0
hackrea.net,brand/retail,2,51,0.0,38.0,0.0
designsbyjuju.com,brand/retail,2,51,0.0,38.5,0.0
capitalgazette.com,brand/retail,2,51,0.0,39.5,0.0
plankandpillow.com,brand/retail,2,51,0.0,40.5,0.0
astitchahalf.net,brand/retail,2,51,0.0,41.0,0.0
snugglymonkey.com,brand/retail,2,51,0.0,41.0,0.0
hellotravel.com,brand/retail,2,51,0.0,41.0,0.0
bloomingtonquiltersguild.org,brand/retail,2,51,0.0,41.0,0.0
babycottons.com,brand/retail,2,51,0.0,43.5,0.0
fotospot.com,brand/retail,2,51,0.0,44.5,0.0
dairybarn.org,brand/retail,2,51,0.0,45.0,0.0
elegancetableware.com,brand/retail,2,51,0.0,46.0,0.0
pineconequilts.com,brand/retail,2,51,0.0,46.5,0.0
biyadecor.com,brand/retail,2,51,0.0,46.5,0.0
debbie-debbiedoos.com,brand/retail,2,51,0.0,46.5,0.0
everspread.com,brand/retail,2,51,0.0,48.0,0.0
my-shower-curtain.com,brand/retail,2,51,0.0,49.0,0.0
thebrooklynrefinery.com,brand/retail,2,51,0.0,51.0,0.0
sewenvquilts.com,brand/retail,2,51,0.0,54.5,0.0
universalhotelsupply.com,brand/retail,2,51,0.0,54.5,0.0
brooklynhaberdashery.com,brand/retail,2,51,0.0,55.0,0.0
chinatileaccessories.com,brand/retail,2,51,0.0,57.5,0.0
thefryeblanket.com,brand/retail,2,51,0.0,58.5,0.0
mattress-co.com,brand/retail,2,51,0.0,58.5,0.0
ahouseinthehills.com,brand/retail,2,51,0.0,59.0,0.0
pandalondon.com,brand/retail,3,51,0.0,31.3,0.3
shopbobbys.com,brand/retail,3,51,0.0,35.3,0.0
cozyhomefurniture.com,brand/retail,4,51,0.0,39.0,0.0
nixhomecenter.com,brand/retail,4,51,0.0,48.0,0.0
everydaycheapskate.com,brand/retail,3,51,0.0,28.3,0.3
theisens.com,brand/retail,2,51,0.0,20.5,0.1
clothconnection.com,brand/retail,5,51,0.0,28.6,0.0
freshbybrookshires.com,brand/retail,3,51,0.0,16.7,0.2
ublives.com,brand/retail,2,51,0.0,13.0,0.1
primitivesbykathy.com,brand/retail,10,51,0.0,32.8,0.1
shop.sleepnitez.com,brand/retail,2,51,0.0,24.5,0.3
cooklist.com,brand/retail,3,51,0.0,21.7,0.2
emensuits.com,brand/retail,15,51,0.0,38.1,0.2
veiled.com,brand/retail,6,51,0.0,18.8,0.8
beyondstyle.us,brand/retail,5,51,0.0,18.2,0.5
amazon.com.be,brand/retail,6,51,0.0,19.2,0.9
fanatics.com,brand/retail,6,51,0.0,14.8,1.1
countycomm.com,brand/retail,1,50,0.0,15.0,0.1
nortonsupply.com,brand/retail,1,50,0.0,15.0,0.1
liveactionsafety.com,brand/retail,1,50,0.0,15.0,0.1
littlespoonfarm.com,brand/retail,1,50,0.0,15.0,0.1
themonogrammerchant.com,brand/retail,1,50,0.0,15.0,0.1
freemotionproject.com,brand/retail,1,50,0.0,15.0,0.1
kilosgear.com,brand/retail,2,50,0.0,14.5,0.3
biosmedical.com,brand/retail,19,50,0.0,27.5,0.4
biokleen.com,brand/retail,2,50,0.0,17.5,0.1
spirithoods.com,brand/retail,3,50,0.0,20.0,0.1
prosystembrakes.com,brand/retail,1,50,0.0,12.0,0.1
makefashionbetter.com,brand/retail,1,50,0.0,12.0,0.1
skandinavikfur.com,brand/retail,1,50,0.0,12.0,0.1
sfomuseum.org,brand/retail,1,50,0.0,12.0,0.1
customerportal.ssbedding.com,brand/retail,1,50,0.0,12.0,0.1
ehomemart.com,brand/retail,4,50,0.0,40.5,0.0
tableclothdirectny.com,brand/retail,4,50,0.0,51.2,0.0
houseandgarden.co.uk,brand/retail,1,50,0.0,12.0,0.1
jewelsandjones.com,brand/retail,7,50,0.0,23.3,0.1
dallasdesigndistrict.com,brand/retail,1,50,0.0,10.0,0.1
pure-comfort-mattress.myshopify.com,brand/retail,1,50,0.0,10.0,0.1
woodbridgeshowerandbath.com,brand/retail,2,50,0.0,35.5,0.1
theatrecrafts.com,brand/retail,1,50,0.0,10.0,0.1
biloban.com,brand/retail,1,50,0.0,10.0,0.1
thegreencompany.online,brand/retail,1,50,0.0,10.0,0.1
woolzies.com,brand/retail,1,50,0.0,10.0,0.1
cuddlyoctopus.com,brand/retail,1,50,0.0,10.0,0.1
shopecochichome.com,brand/retail,1,50,0.0,10.0,0.1
ucf.edu,brand/retail,1,50,0.0,10.0,0.1
health.osu.edu,brand/retail,1,50,0.0,10.0,0.1
standleeforage.com,brand/retail,1,50,0.0,10.0,0.1
questevents.com,brand/retail,1,50,0.0,10.0,0.1
home-furniture-plus-bedding.tenereteam.com,brand/retail,1,50,0.0,10.0,0.1
aurainpink.com,brand/retail,2,50,0.0,9.5,0.3
steelpilinggroup.org,brand/retail,1,50,0.0,10.0,0.1
48hourprint.com,brand/retail,1,50,0.0,10.0,0.1
transferexpress.com,brand/retail,2,50,0.0,16.0,0.2
duckbrand.com,brand/retail,12,50,0.0,38.9,1.5
hairlust.com,brand/retail,2,50,0.0,13.5,0.5
fairfieldworld.com,brand/retail,4,50,0.0,21.2,0.6
aprilnotes.com,brand/retail,4,50,0.0,22.0,0.6
japantrendshop.com,brand/retail,2,50,0.0,8.0,0.7
myntra.com,brand/retail,12,50,0.0,37.7,0.5
moomeemart.com,brand/retail,2,50,0.0,9.0,0.9
avaleaskincare.com,brand/retail,1,49,0.0,18.0,0.1
alpinehomemedical.com,brand/retail,1,49,0.0,18.0,0.1
fsc.org,brand/retail,1,49,0.0,18.0,0.1
buyvivatowels.com,brand/retail,1,49,0.0,18.0,0.1
esemblybaby.com,brand/retail,1,49,0.0,18.0,0.1
quiltersdreambatting.com,brand/retail,1,49,0.0,18.0,0.1
getprepd.com,brand/retail,1,49,0.0,19.0,0.1
dance-teacher.com,brand/retail,1,49,0.0,19.0,0.1
moen.com,brand/retail,1,49,0.0,22.0,0.0
tshirtquiltstx.com,brand/retail,1,49,0.0,18.0,0.1
memorylanequilting.com,brand/retail,1,49,0.0,18.0,0.1
pobibaby.com,brand/retail,1,49,0.0,18.0,0.1
kotn.com,brand/retail,1,49,0.0,18.0,0.1
edlatimore.com,brand/retail,1,49,0.0,19.0,0.1
binding101.com,brand/retail,3,49,0.0,40.7,0.1
traveltimeproducts.com,brand/retail,2,49,0.0,19.5,0.1
itwhome.com,brand/retail,3,49,0.0,10.0,1.3
sleepcityusa.com,brand/retail,6,49,0.0,30.7,0.1
weather.com,brand/retail,5,49,0.0,20.2,0.5
worldquilts.quiltstudy.org,brand/retail,2,49,0.0,30.5,0.1
sageandsill.com,brand/retail,4,49,0.0,37.0,0.1
jurid.com,brand/retail,2,49,0.0,12.5,0.1
bellamoon.us,brand/retail,1,49,0.0,11.0,0.1
thebearessentials.com,brand/retail,1,49,0.0,11.0,0.1
abpartyrent.com,brand/retail,1,49,0.0,11.0,0.1
bbqgaskets.com,brand/retail,1,49,0.0,11.0,0.1
fedpro.com,brand/retail,1,49,0.0,11.0,0.1
foodlion.com,brand/retail,1,49,0.0,11.0,0.1
dpnak.com,brand/retail,1,49,0.0,11.0,0.1
express.binnys.com,brand/retail,1,49,0.0,11.0,0.1
49dzine.com,brand/retail,1,49,0.0,11.0,0.1
guayaberascubanas.com,brand/retail,2,49,0.0,14.0,0.1
quiltinginthefog.com,brand/retail,2,49,0.0,18.0,0.1
loomhometextiles.com,brand/retail,6,49,0.0,62.3,0.0
beyondelegance.com,brand/retail,1,49,0.0,11.0,0.1
acaeventrental.com,brand/retail,1,49,0.0,11.0,0.1
relaxdays.com,brand/retail,1,49,0.0,7.0,0.4
tastingtable.com,brand/retail,2,49,0.0,10.0,0.2
pippenhouse.com,brand/retail,1,49,0.0,7.0,0.4
majorsurplus.com,brand/retail,1,49,0.0,7.0,0.4
americancountryhomestore.com,brand/retail,1,49,0.0,7.0,0.4
mancinomats.com,brand/retail,1,49,0.0,7.0,0.4
jwpepper.com,brand/retail,1,49,0.0,7.0,0.4
kamiapp.com,brand/retail,1,49,0.0,7.0,0.4
highlandfeather.com,brand/retail,1,49,0.0,7.0,0.4
wordswithfriends2cheat.com,brand/retail,1,49,0.0,7.0,0.4
smpoway.org,brand/retail,1,49,0.0,7.0,0.4
kemaily.com,brand/retail,1,49,0.0,7.0,0.4
hellohihi.com,brand/retail,1,49,0.0,7.0,0.4
jacquelynnesteves.com,brand/retail,1,49,0.0,7.0,0.4
dryzzz.com,brand/retail,1,49,0.0,7.0,0.4
fleurdumal.com,brand/retail,11,49,0.0,23.5,0.5
fredericks.com,brand/retail,3,49,0.0,25.7,0.6
umbra.com,brand/retail,3,48,0.0,34.3,0.0
the-gadgeteer.com,brand/retail,4,48,0.0,21.5,0.1
summersalt.com,brand/retail,2,48,0.0,46.5,0.1
linoroom.com,brand/retail,1,48,0.0,13.0,0.1
ehs.com,brand/retail,1,48,0.0,13.0,0.1
thequiltco.com,brand/retail,1,48,0.0,13.0,0.1
shopswag.com,brand/retail,1,48,0.0,13.0,0.1
anonymouspotato.com,brand/retail,1,48,0.0,13.0,0.1
lwdress.com,brand/retail,1,48,0.0,13.0,0.1
nationalsewingcircle.com,brand/retail,1,48,0.0,13.0,0.1
makers.quiltingmayhem.com,brand/retail,3,48,0.0,48.3,0.0
trimaco.com,brand/retail,2,48,0.0,20.0,0.1
chairq.com,brand/retail,6,48,0.0,44.8,0.0
arielbath.com,brand/retail,1,48,0.0,13.0,0.1
folkulture.com,brand/retail,2,48,0.0,18.5,0.1
4allpromos.com,brand/retail,3,48,0.0,12.7,0.4
dusk.com,brand/retail,15,48,0.0,41.1,0.1
simplycodes.com,brand/retail,5,48,0.0,28.8,0.1
dzeehome.com,brand/retail,11,48,0.0,40.3,0.0
homelivy.com,brand/retail,6,48,0.0,22.3,0.1
yvonne-estelles.com,brand/retail,3,48,0.0,13.3,0.4
textileishdesigns.com,brand/retail,4,48,0.0,23.8,0.3
mdsassociates.com,brand/retail,3,48,0.0,28.7,0.4
thefiltery.com,brand/retail,9,48,0.0,29.9,0.7
pincutsewstudio.com,brand/retail,3,48,0.0,29.0,0.4
alanrichardtextiles.com,brand/retail,2,48,0.0,8.0,0.6
garagegrowngear.com,brand/retail,4,48,0.0,17.2,0.5
us.vestiairecollective.com,brand/retail,2,48,0.0,6.5,0.9
levinfurniture.com,brand/retail,2,47,0.0,21.5,0.1
the-collectory.com,brand/retail,1,47,0.0,24.0,0.0
101planners.com,brand/retail,1,47,0.0,24.0,0.0
snorelab.com,brand/retail,1,47,0.0,24.0,0.0
traderjoes.com,brand/retail,1,47,0.0,25.0,0.0
labelsluxury.com,brand/retail,1,47,0.0,25.0,0.0
faxaroo.com,brand/retail,1,47,0.0,26.0,0.0
canvaspeople.com,brand/retail,1,47,0.0,26.0,0.0
thisreadingmama.com,brand/retail,1,47,0.0,26.0,0.0
memoriapress.com,brand/retail,1,47,0.0,27.0,0.0
avecgoods.com,brand/retail,1,47,0.0,27.0,0.0
tessutidelarte.com,brand/retail,1,47,0.0,28.0,0.0
fax-flow.com,brand/retail,1,47,0.0,28.0,0.0
bodyloungevt.com,brand/retail,1,47,0.0,28.0,0.0
madisonavenuecouture.com,brand/retail,1,47,0.0,29.0,0.0
fabricdesigntreasures.com,brand/retail,1,47,0.0,29.0,0.0
washingtoncitypaper.com,brand/retail,1,47,0.0,29.0,0.0
mightychic.com,brand/retail,1,47,0.0,30.0,0.0
customenvy.com,brand/retail,1,47,0.0,30.0,0.0
gotfreefax.com,brand/retail,1,47,0.0,31.0,0.0
ecoccasion.com,brand/retail,1,47,0.0,31.0,0.0
nationsphotolab.com,brand/retail,1,47,0.0,23.0,0.0
evleonhomesndecors.com,brand/retail,4,47,0.0,39.8,0.0
strongmocha.com,brand/retail,8,47,0.0,65.6,0.0
bridesmaidgiftsboutique.com,brand/retail,9,47,0.0,34.2,0.1
alber-treppen.de,brand/retail,9,47,0.0,47.6,0.0
chandeliersandchampagne.com,brand/retail,7,47,0.0,18.9,0.2
brewtheblend.com,brand/retail,1,47,0.0,8.0,0.3
shop-us.sunlighten.com,brand/retail,1,47,0.0,8.0,0.3
thegarciahouse.com,brand/retail,2,47,0.0,9.0,0.4
ilivingusa.com,brand/retail,4,47,0.0,24.8,0.3
bettymcknitshop.com,brand/retail,1,47,0.0,8.0,0.3
christies.com,brand/retail,1,47,0.0,8.0,0.3
drakewaterfowl.com,brand/retail,1,47,0.0,8.0,0.3
stacey-lee.com,brand/retail,1,47,0.0,8.0,0.3
nbcdfw.com,brand/retail,1,47,0.0,8.0,0.3
elmstreetquilts.com,brand/retail,1,47,0.0,8.0,0.3
bestcanvas.ca,brand/retail,1,47,0.0,8.0,0.3
philocalyhairextensions.com,brand/retail,1,47,0.0,8.0,0.3
disguise.com,brand/retail,3,47,0.0,10.7,0.3
visitcentraloregon.com,brand/retail,1,47,0.0,8.0,0.3
cin7.com,brand/retail,1,47,0.0,8.0,0.3
safewaytractionstore.com,brand/retail,15,47,0.0,23.0,1.1
trailgroove.com,brand/retail,1,47,0.0,5.0,0.6
room422.com,brand/retail,1,47,0.0,5.0,0.6
lakotamade.com,brand/retail,1,47,0.0,5.0,0.6
oeufnyc.com,brand/retail,1,47,0.0,5.0,0.6
carfax.com,brand/retail,1,47,0.0,5.0,0.6
getsunkissed.com,brand/retail,1,47,0.0,5.0,0.6
theyotagarage.com,brand/retail,1,47,0.0,5.0,0.6
travellinglines.com,brand/retail,1,47,0.0,5.0,0.6
integrativeheadacheny.com,brand/retail,1,47,0.0,5.0,0.6
shopratherb.com,brand/retail,1,47,0.0,5.0,0.6
buyerselect.com,brand/retail,1,47,0.0,5.0,0.6
gliks.com,brand/retail,1,47,0.0,5.0,0.6
rennes.us,brand/retail,1,47,0.0,4.0,0.7
norsetradesman.com,brand/retail,1,47,0.0,4.0,0.7
capecandle.com,brand/retail,1,47,0.0,4.0,0.7
wowhead.com,brand/retail,1,47,0.0,4.0,0.7
juliensauctions.com,brand/retail,1,47,0.0,4.0,0.7
se.pinterest.com,brand/retail,1,47,0.0,4.0,0.7
bible.com,brand/retail,1,47,0.0,3.0,0.8
threelittleanchors.com,brand/retail,1,47,0.0,3.0,0.8
donnakaran.com,brand/retail,1,47,0.0,3.0,0.8
cocovillage.com,brand/retail,1,47,0.0,3.0,0.8
emilyluxton.co.uk,brand/retail,2,46,0.0,18.0,0.1
pillowjunkies.com,brand/retail,3,46,0.0,41.0,0.1
rotatorrod.com,brand/retail,2,46,0.0,24.5,0.0
shop.shieldyourbody.com,brand/retail,2,46,0.0,20.5,0.1
issuu.com,brand/retail,4,46,0.0,35.5,0.0
apsense.com,brand/retail,4,46,0.0,39.5,0.0
steamerystockholm.com,brand/retail,2,46,0.0,40.5,0.0
dalstonmillfabrics.co.uk,brand/retail,2,46,0.0,48.5,0.0
socialitelife.com,brand/retail,4,46,0.0,48.0,0.0
myradiantsleep.com,brand/retail,2,46,0.0,53.5,0.0
revolutionfabrics.com,brand/retail,2,46,0.0,54.5,0.0
slumbersearch.com,brand/retail,6,46,0.0,50.0,0.0
thelinen.company,brand/retail,7,46,0.0,36.1,0.1
tentsandevents.com,brand/retail,2,46,0.0,17.0,0.1
onesiebuy.com,brand/retail,10,46,0.0,33.3,0.0
bellagioathome.com,brand/retail,2,46,0.0,12.5,0.1
theeverydayfarmhouse.com,brand/retail,3,46,0.0,17.7,0.2
livingsimplyhouse.com,brand/retail,5,46,0.0,29.6,0.0
chem.ucla.edu,brand/retail,3,46,0.0,13.0,0.2
shopmainplacemall.com,brand/retail,3,46,0.0,18.7,0.3
thelinenfactory.com,brand/retail,3,46,0.0,12.3,0.4
lingolandedu.com,brand/retail,2,45,0.0,30.5,0.0
thecutlist.com,brand/retail,4,45,0.0,36.2,0.0
parkandfifthco.com,brand/retail,8,45,0.0,30.9,0.1
latexforless.com,brand/retail,3,45,0.0,23.7,0.1
kingcamp.com,brand/retail,1,45,0.0,14.0,0.1
ehs.georgetown.edu,brand/retail,1,45,0.0,14.0,0.1
everwilde.com,brand/retail,1,45,0.0,14.0,0.1
rachelgothamsters.com,brand/retail,1,45,0.0,14.0,0.1
bombshellbootypillow.com,brand/retail,1,45,0.0,14.0,0.1
hometreasureslinens.com,brand/retail,1,45,0.0,14.0,0.1
longancraft.com,brand/retail,3,45,0.0,62.3,0.0
sewlittlekeepsakes.square.site,brand/retail,1,45,0.0,14.0,0.1
soffipillows.com,brand/retail,3,45,0.0,71.7,0.0
egyptianbeddingstore.com,brand/retail,6,45,0.0,41.7,0.0
lightingnewyork.com,brand/retail,4,45,0.0,25.0,0.1
luxdecorcollection.com,brand/retail,4,45,0.0,38.8,0.1
linocolore.com,brand/retail,15,45,0.0,44.5,0.1
fmexpressions.com,brand/retail,2,45,0.0,13.5,0.2
germandowncomforters.com,brand/retail,5,45,0.0,20.2,0.9
revivalclothing.com,brand/retail,2,45,0.0,7.0,0.8
monogramshophouston.com,brand/retail,2,44,0.0,19.5,0.1
stormykromer.com,brand/retail,2,44,0.0,16.0,0.1
dan-river.com,brand/retail,2,44,0.0,16.5,0.1
oakandfort.com,brand/retail,6,44,0.0,20.2,0.6
wgntv.com,brand/retail,2,44,0.0,35.0,0.1
valleytablecloths.com,brand/retail,2,44,0.0,19.0,0.1
geecomfy.com,brand/retail,4,44,0.0,58.5,0.0
elegantlinen.com,brand/retail,11,44,0.0,48.6,0.0
dcurbanmom.com,brand/retail,2,44,0.0,16.0,0.1
observer.com,brand/retail,1,44,0.0,9.0,0.2
hefeitex.com,brand/retail,2,44,0.0,15.5,0.1
bambusi.com,brand/retail,2,44,0.0,15.5,0.1
gq-magazine.co.uk,brand/retail,3,44,0.0,38.7,0.4
rockpillows.com,brand/retail,1,44,0.0,9.0,0.2
bromefields.com,brand/retail,4,44,0.0,23.0,0.1
flussofaucets.com,brand/retail,1,44,0.0,9.0,0.2
nativetrailshome.com,brand/retail,1,44,0.0,9.0,0.2
agooddaytoprint.com,brand/retail,2,44,0.0,11.5,0.1
homary.com,brand/retail,5,44,0.0,20.4,0.2
selvane.co,brand/retail,2,44,0.0,13.5,0.2
lemonslavenderandlaundry.com,brand/retail,1,44,0.0,6.0,0.5
simplestitchesfabricshop.com,brand/retail,2,44,0.0,17.0,0.4
cannonhome.com,brand/retail,1,44,0.0,6.0,0.5
martinizing.com,brand/retail,1,44,0.0,6.0,0.5
nojo.com,brand/retail,7,44,0.0,15.7,0.6
theadultman.com,brand/retail,1,44,0.0,6.0,0.5
southpark.wiki.gg,brand/retail,1,44,0.0,6.0,0.5
birdertown.com,brand/retail,1,44,0.0,6.0,0.5
vivians.shop,brand/retail,1,44,0.0,6.0,0.5
greenbelly.co,brand/retail,1,44,0.0,6.0,0.5
kallista.com,brand/retail,1,44,0.0,6.0,0.5
charlesmillen.com,brand/retail,1,44,0.0,6.0,0.5
bisonmat.com,brand/retail,1,44,0.0,6.0,0.5
dallepianecashmere.us,brand/retail,1,44,0.0,6.0,0.5
holdonbags.com,brand/retail,1,44,0.0,6.0,0.5
thethreadsandhoney.com,brand/retail,1,44,0.0,6.0,0.5
irishlinenhouse.com,brand/retail,1,44,0.0,6.0,0.5
naturesgardencrafts.com,brand/retail,1,44,0.0,6.0,0.5
everydaybestbuy.com,brand/retail,1,44,0.0,6.0,0.5
itapestore.com,brand/retail,1,44,0.0,6.0,0.5
pubs.geoscienceworld.org,brand/retail,1,44,0.0,6.0,0.5
en.uesp.net,brand/retail,1,44,0.0,6.0,0.5
thecozycavygprescue.org,brand/retail,1,44,0.0,6.0,0.5
clothingtextiles.ualberta.ca,brand/retail,1,44,0.0,6.0,0.5
christfollowerlife.com,brand/retail,1,44,0.0,6.0,0.5
thebirchcottage.com,brand/retail,1,43,0.0,20.0,0.1
goodvibesleep.com,brand/retail,1,43,0.0,20.0,0.1
sleepdepot.net,brand/retail,2,43,0.0,16.0,0.1
leset.com,brand/retail,3,43,0.0,29.0,0.1
classybride.com,brand/retail,5,43,0.0,28.2,0.1
plasticshowercurtain.us,brand/retail,1,43,0.0,16.0,0.1
jabaloo.com,brand/retail,1,43,0.0,16.0,0.1
beprepared.com,brand/retail,1,43,0.0,16.0,0.1
bergdorfgoodman.com,brand/retail,2,43,0.0,25.0,0.1
simplycanning.com,brand/retail,1,43,0.0,17.0,0.1
grsfabrics.com,brand/retail,2,43,0.0,24.0,0.0
cloud9pillowsandmore.com,brand/retail,3,43,0.0,34.3,0.1
shopcottageandvine.com,brand/retail,3,43,0.0,22.0,0.1
kutekiddo.com,brand/retail,1,43,0.0,16.0,0.1
westernlinenllc.com,brand/retail,1,43,0.0,16.0,0.1
hyderhangout.com,brand/retail,1,43,0.0,16.0,0.1
beachtowels.com,brand/retail,1,43,0.0,17.0,0.1
threshold-us.com,brand/retail,1,43,0.0,17.0,0.1
pelicanmanufacturing.com,brand/retail,6,43,0.0,28.2,0.1
thereelsewhere.com,brand/retail,5,43,0.0,41.0,0.1
exporentals.com,brand/retail,4,43,0.0,30.8,0.1
mattressinsider.com,brand/retail,7,43,0.0,26.0,0.2
luxcomfybedding.com,brand/retail,11,43,0.0,29.5,0.2
hotelsuppliesdepot.com,brand/retail,10,43,0.0,39.8,0.1
livelinen.com,brand/retail,5,43,0.0,42.8,0.1
www3.rcherz.com,brand/retail,8,43,0.0,37.2,0.1
mywinifred.com,brand/retail,4,43,0.0,21.8,0.2
vondy.com,brand/retail,4,43,0.0,22.5,0.2
luckybrand.com,brand/retail,6,43,0.0,29.3,0.6
theiconic.com.au,brand/retail,13,43,0.0,45.0,0.8
coveredbyrugs.com,brand/retail,4,43,0.0,12.5,0.5
flagcityfurniture.com,brand/retail,1,43,0.0,1.0,1.0
bestpricefurniture.org,brand/retail,1,43,0.0,1.0,1.0
cheatsheets.blog,brand/retail,1,42,0.0,21.0,0.0
gethealthyandgrounded.com,brand/retail,1,42,0.0,21.0,0.0
militarykart.com,brand/retail,2,42,0.0,39.0,0.0
shopthemint.com,brand/retail,6,42,0.0,48.2,0.0
weightedjournal.com,brand/retail,2,42,0.0,57.5,0.0
katiemaequilts.com,brand/retail,2,42,0.0,31.5,0.0
trollbrothersquiltdesigns.com,brand/retail,2,42,0.0,36.0,0.0
karlsolano.com,brand/retail,2,42,0.0,38.5,0.0
charmcityfabrics.com,brand/retail,2,42,0.0,41.5,0.0
flowswimgear.com,brand/retail,2,42,0.0,44.5,0.0
topbudgetpicks.com,brand/retail,2,42,0.0,47.5,0.0
thimbleblossoms.com,brand/retail,2,42,0.0,50.0,0.0
showerselection.net,brand/retail,2,42,0.0,51.5,0.0
styleforum.net,brand/retail,2,42,0.0,13.0,0.2
simplimagic.com,brand/retail,2,42,0.0,21.0,0.1
business.walmart.com,brand/retail,2,42,0.0,10.0,0.5
pinklily.com,brand/retail,4,42,0.0,30.5,0.1
thomasvilleathome.com,brand/retail,2,42,0.0,21.0,0.1
knit.jerseysheets.us,brand/retail,3,42,0.0,39.3,0.0
dictionary.langeek.co,brand/retail,3,42,0.0,44.3,0.0
coralslub.com,brand/retail,3,42,0.0,55.3,0.0
dictionary.vocabclass.com,brand/retail,3,42,0.0,34.7,0.0
elfinview.com,brand/retail,3,42,0.0,65.7,0.0
curtainshopofmaine.com,brand/retail,2,42,0.0,16.0,0.1
moriyodecor.com,brand/retail,3,42,0.0,72.3,0.0
inbedstore.com,brand/retail,4,42,0.0,62.0,0.0
leilaniwholesale.com,brand/retail,3,42,0.0,25.7,0.1
harristeeter.com,brand/retail,2,42,0.0,13.5,0.1
theturquoisehome.com,brand/retail,2,42,0.0,14.0,0.1
pcgamer.com,brand/retail,2,42,0.0,14.5,0.1
tonneaucoverhq.com,brand/retail,2,42,0.0,11.5,0.1
jacksonvillefurnituremart.com,brand/retail,5,42,0.0,41.0,0.1
homekitdecor.com,brand/retail,5,42,0.0,37.2,0.1
boxercraft.com,brand/retail,3,42,0.0,11.0,0.3
victorianplumbing.co.uk,brand/retail,9,42,0.0,33.0,0.1
bootbarn.com,brand/retail,8,42,0.0,25.0,0.2
burrow.com,brand/retail,2,42,0.0,18.5,0.4
myer.com.au,brand/retail,10,42,0.0,37.2,1.2
maydel.com,brand/retail,1,41,0.0,15.0,0.1
msds.com,brand/retail,1,41,0.0,15.0,0.1
tnmuseum.org,brand/retail,1,41,0.0,15.0,0.1
gvrlonghorns.com,brand/retail,1,41,0.0,15.0,0.1
suespargo.com,brand/retail,1,41,0.0,15.0,0.1
textillia.com,brand/retail,1,41,0.0,15.0,0.1
nativelinum.com,brand/retail,3,41,0.0,20.0,0.1
maholi.com,brand/retail,1,41,0.0,15.0,0.1
bambooblisssheets.com,brand/retail,5,41,0.0,27.0,0.1
premiumbedroom.com,brand/retail,8,41,0.0,44.9,0.0
abcpartyandtent.com,brand/retail,4,41,0.0,31.2,0.0
boisepartyrentals.com,brand/retail,4,41,0.0,47.8,0.0
edubirdie.com,brand/retail,2,41,0.0,15.5,0.1
crookedcreeklife.com,brand/retail,1,41,0.0,10.0,0.1
melissassouthernstylekitchen.com,brand/retail,1,41,0.0,10.0,0.1
thekrazycouponlady.com,brand/retail,2,41,0.0,10.5,0.2
lionshome.co.uk,brand/retail,8,41,0.0,25.4,0.2
konalinenanddecors.com,brand/retail,4,41,0.0,69.2,0.0
captainspreferredproducts.com,brand/retail,1,41,0.0,10.0,0.1
homepromedical.com,brand/retail,2,41,0.0,22.0,0.1
homeworld.com,brand/retail,1,41,0.0,10.0,0.1
shop.morningwitch.com,brand/retail,1,41,0.0,10.0,0.1
msbonnieart-shop.fourthwall.com,brand/retail,1,41,0.0,10.0,0.1
ortorex.com,brand/retail,1,41,0.0,10.0,0.1
acousticalsolutions.com,brand/retail,1,41,0.0,10.0,0.1
bigsandysuperstore.com,brand/retail,4,41,0.0,23.2,0.1
spicybookcorner.com,brand/retail,1,41,0.0,10.0,0.1
us.inbedstore.com,brand/retail,1,41,0.0,10.0,0.1
yonderhorse.com,brand/retail,1,41,0.0,10.0,0.1
hangitdangit.com,brand/retail,1,41,0.0,10.0,0.1
livingearthcrafts.com,brand/retail,1,41,0.0,10.0,0.1
jingsourcing.com,brand/retail,1,41,0.0,10.0,0.1
nwrugs.com,brand/retail,1,41,0.0,10.0,0.1
shop.espimetals.com,brand/retail,1,41,0.0,10.0,0.1
yarnutopia.com,brand/retail,1,41,0.0,10.0,0.1
anniedesigncrochet.com,brand/retail,6,41,0.0,24.7,0.1
diy.stackexchange.com,brand/retail,9,41,0.0,26.6,0.2
curlsmith.com,brand/retail,2,41,0.0,43.5,0.2
liagriffith.com,brand/retail,2,41,0.0,25.0,0.3
abracadabranyc.com,brand/retail,7,41,0.0,36.3,0.3
3rdstoryworkshop.com,brand/retail,1,41,0.0,7.0,0.4
jampaper.com,brand/retail,1,41,0.0,7.0,0.4
albis.com,brand/retail,1,41,0.0,7.0,0.4
totalwoodstore.com,brand/retail,1,41,0.0,7.0,0.4
accessories.gmc.com,brand/retail,1,41,0.0,7.0,0.4
hungryhuy.com,brand/retail,1,41,0.0,7.0,0.4
thedcapage.blog,brand/retail,1,41,0.0,7.0,0.4
mynontoxictribe.com.au,brand/retail,1,41,0.0,7.0,0.4
farmhouseteas.com,brand/retail,1,41,0.0,7.0,0.4
inkari-alpaca.com,brand/retail,1,41,0.0,7.0,0.4
babygizmo.com,brand/retail,1,41,0.0,7.0,0.4
polartcenter.com,brand/retail,1,41,0.0,7.0,0.4
milk-drunk.com,brand/retail,1,41,0.0,7.0,0.4
oliveandoldes.com,brand/retail,1,41,0.0,7.0,0.4
unionsquarechiro.com,brand/retail,1,41,0.0,7.0,0.4
midwesttailbone.com,brand/retail,1,41,0.0,7.0,0.4
labelmagnets.com,brand/retail,1,41,0.0,7.0,0.4
kimono-yukata-market.com,brand/retail,1,41,0.0,7.0,0.4
goldeneaglecoin.com,brand/retail,1,41,0.0,7.0,0.4
commonthread.au,brand/retail,1,41,0.0,7.0,0.4
needlenthread.com,brand/retail,1,41,0.0,7.0,0.4
dreamoffabric.com,brand/retail,1,41,0.0,7.0,0.4
floortex.com,brand/retail,1,41,0.0,7.0,0.4
architextures.org,brand/retail,1,41,0.0,7.0,0.4
ecttravel.com,brand/retail,1,41,0.0,7.0,0.4
hellyhansen.com,brand/retail,1,41,0.0,7.0,0.4
pitchbook.com,brand/retail,1,41,0.0,7.0,0.4
mybloomingbaby.com,brand/retail,1,41,0.0,7.0,0.4
doona.shop,brand/retail,2,41,0.0,10.0,0.5
frenchbedroom.co.uk,brand/retail,2,41,0.0,20.0,0.4
diydetail.com,brand/retail,1,41,0.0,5.0,0.6
courtyardlifestyle.com,brand/retail,1,41,0.0,5.0,0.6
daylilyparis.com,brand/retail,1,41,0.0,5.0,0.6
learn.gemplers.com,brand/retail,1,41,0.0,5.0,0.6
lovery.com,brand/retail,1,41,0.0,5.0,0.6
magnoliasoapandbath.com,brand/retail,1,40,0.0,19.0,0.1
borealdiary.com,brand/retail,1,40,0.0,19.0,0.1
sulky.com,brand/retail,1,40,0.0,19.0,0.1
shop.handylittleme.com,brand/retail,1,40,0.0,19.0,0.1
thenoseynomad.com,brand/retail,1,40,0.0,19.0,0.1
prairieinbloom.com,brand/retail,1,40,0.0,22.0,0.0
superstorevt.com,brand/retail,1,40,0.0,22.0,0.0
apartysource.com,brand/retail,1,40,0.0,22.0,0.0
flandersart.com,brand/retail,1,40,0.0,18.0,0.1
soshanna.com,brand/retail,1,40,0.0,18.0,0.1
cpapx.com,brand/retail,1,40,0.0,18.0,0.1
heysunday.com,brand/retail,1,40,0.0,18.0,0.1
marymaxim.ca,brand/retail,1,40,0.0,18.0,0.1
vispronet.com,brand/retail,1,40,0.0,18.0,0.1
joeyandjoan.com,brand/retail,2,40,0.0,17.5,0.1
bluenilemills.com,brand/retail,3,40,0.0,21.7,0.1
savingplaces.org,brand/retail,1,40,0.0,18.0,0.1
donsfurniture.com,brand/retail,2,40,0.0,18.5,0.1
truegether.com,brand/retail,4,40,0.0,38.5,0.0
takingcarababies.com,brand/retail,1,40,0.0,12.0,0.1
clothhouse.com,brand/retail,1,40,0.0,12.0,0.1
partyreflections.com,brand/retail,1,40,0.0,12.0,0.1
lululovescrochet.blogspot.com,brand/retail,1,40,0.0,12.0,0.1
m.farms.com,brand/retail,1,40,0.0,12.0,0.1
gettent.com,brand/retail,1,40,0.0,12.0,0.1
redbudsandribbons.com,brand/retail,1,40,0.0,12.0,0.1
wineenthusiast.com,brand/retail,1,40,0.0,12.0,0.1
decorilla.com,brand/retail,1,40,0.0,11.0,0.1
shopghg.com,brand/retail,1,40,0.0,11.0,0.1
gaiam.com,brand/retail,1,40,0.0,11.0,0.1
weavinginbeauty.com,brand/retail,1,40,0.0,11.0,0.1
themuseedition.com,brand/retail,1,40,0.0,11.0,0.1
napacenter.org,brand/retail,1,40,0.0,11.0,0.1
ldproducts.com,brand/retail,1,40,0.0,11.0,0.1
westminsterteak.com,brand/retail,1,40,0.0,11.0,0.1
hatley.com,brand/retail,3,40,0.0,14.7,0.3
blessedperformance.com,brand/retail,1,40,0.0,11.0,0.1
comfortpure.com,brand/retail,4,40,0.0,27.2,0.1
homeaccentstoday.com,brand/retail,1,40,0.0,11.0,0.1
blankcanvaseventrentals.com,brand/retail,1,40,0.0,12.0,0.1
paperpapers.com,brand/retail,2,40,0.0,23.0,0.1
auntiessewingkits.com,brand/retail,2,40,0.0,26.5,0.1
setxind.com,brand/retail,1,40,0.0,11.0,0.1
lovelifeyarn.com,brand/retail,4,40,0.0,25.8,0.1
menstuxedousa.com,brand/retail,12,40,0.0,28.0,0.2
islinen.com,brand/retail,21,40,0.0,48.7,0.0
bound-in-stitches.com,brand/retail,3,39,0.0,33.3,0.1
us.sirthelabel.com,brand/retail,5,39,0.0,31.4,0.1
trinaturk.com,brand/retail,1,39,0.0,13.0,0.1
brightmorekids.com,brand/retail,1,39,0.0,13.0,0.1
cuddlebuddyworld.com,brand/retail,1,39,0.0,13.0,0.1
orah.com,brand/retail,1,39,0.0,13.0,0.1
law.gwu.libguides.com,brand/retail,1,39,0.0,13.0,0.1
underthenile.com,brand/retail,1,39,0.0,13.0,0.1
handsontwincities.org,brand/retail,1,39,0.0,13.0,0.1
orcahealthcare.com,brand/retail,1,39,0.0,13.0,0.1
aqualona.com,brand/retail,1,39,0.0,13.0,0.1
abedset.com,brand/retail,7,39,0.0,61.7,0.0
twigandtale.com,brand/retail,2,39,0.0,18.5,0.1
purelivingspace.com,brand/retail,4,39,0.0,25.8,0.1
castlehome.co,brand/retail,9,39,0.0,49.8,0.1
vograce.com,brand/retail,2,39,0.0,14.5,0.1
seatingmind.com,brand/retail,2,39,0.0,12.5,0.2
patternprincess.com,brand/retail,2,39,0.0,22.0,0.1
sixpenny.com,brand/retail,2,39,0.0,14.5,0.4
shop.freetheocean.com,brand/retail,2,39,0.0,15.0,0.2
logotech.com,brand/retail,2,39,0.0,15.0,0.2
rokslide.com,brand/retail,3,39,0.0,16.3,0.2
store.packbgr.com,brand/retail,2,39,0.0,28.0,0.1
deltaroam.com,brand/retail,2,39,0.0,8.0,0.8
ellectives.com,brand/retail,4,39,0.0,14.8,1.0
amsterdamheritage.com,brand/retail,1,39,0.0,4.0,0.7
personal.ems.psu.edu,brand/retail,1,39,0.0,4.0,0.7
graindemalice.fr,brand/retail,1,39,0.0,4.0,0.7
baptismrobes.com,brand/retail,1,39,0.0,4.0,0.7
westportbigandtall.com,brand/retail,1,39,0.0,4.0,0.7
seweverythingblog.com,brand/retail,1,39,0.0,4.0,0.7
heroesvillains.com,brand/retail,1,39,0.0,4.0,0.7
thequintessentialclothespen.com,brand/retail,1,39,0.0,4.0,0.7
pourlesfemmes.com,brand/retail,1,39,0.0,4.0,0.7
ever-pretty.fr,brand/retail,1,39,0.0,4.0,0.7
brooktaverner.us,brand/retail,1,38,0.0,24.0,0.0
tsdiscountdepot.com,brand/retail,1,38,0.0,25.0,0.0
developer.mozilla.org,brand/retail,1,38,0.0,23.0,0.0
noondesignshop.com,brand/retail,1,38,0.0,23.0,0.0
iadjustsleepsolutions.com,brand/retail,1,38,0.0,24.0,0.0
blairsgifts.com,brand/retail,1,38,0.0,25.0,0.0
provisiontwo.com,brand/retail,1,38,0.0,26.0,0.0
togas.com,brand/retail,1,38,0.0,26.0,0.0
earthandmoons.com,brand/retail,1,38,0.0,27.0,0.0
ecoheal.net,brand/retail,1,38,0.0,30.0,0.0
bareearth-bedsheets.com,brand/retail,1,38,0.0,34.0,0.0
homedecorati.com,brand/retail,2,38,0.0,49.0,0.0
averylily.com,brand/retail,2,38,0.0,41.5,0.0
tillys.com,brand/retail,4,38,0.0,41.2,0.0
kidzymarket.com,brand/retail,2,38,0.0,56.0,0.0
voguefabricsstore.com,brand/retail,3,38,0.0,33.0,0.1
makeitblanket.com,brand/retail,4,38,0.0,48.5,0.0
coastalpassion.com,brand/retail,7,38,0.0,28.4,0.1
swaddleandnest.com,brand/retail,2,38,0.0,16.0,0.1
app.warehouserunner.com,brand/retail,2,38,0.0,17.0,0.1
continentalsleep.com,brand/retail,3,38,0.0,13.3,0.2
drowsysleepco.com,brand/retail,3,38,0.0,18.3,0.5
makeit-loveit.com,brand/retail,2,38,0.0,13.0,0.1
wsaz.com,brand/retail,8,38,0.0,39.1,0.0
lovetoknow.com,brand/retail,8,38,0.0,43.5,0.0
cleanipedia.com,brand/retail,8,38,0.0,50.5,0.0
jordans.com,brand/retail,2,38,0.0,10.5,0.2
pompomathome.com,brand/retail,5,38,0.0,25.0,0.3
tarynwhiteaker.com,brand/retail,4,38,0.0,16.8,0.2
nickeykehoe.com,brand/retail,2,38,0.0,7.5,0.7
havenly.com,brand/retail,3,38,0.0,12.7,0.4
dagmioutdoors.com,brand/retail,2,38,0.0,12.0,0.7
allthingsgolden.com,brand/retail,3,38,0.0,24.0,0.5
thermosoft.com,brand/retail,3,38,0.0,16.7,0.6
townsends.us,brand/retail,2,38,0.0,7.0,0.8
beachriot.com,brand/retail,1,38,0.0,3.0,0.8
newyorkornowhere.com,brand/retail,1,38,0.0,3.0,0.8
soclocsoc.com,brand/retail,1,38,0.0,3.0,0.8
bumblebeelinens.com,brand/retail,2,37,0.0,21.5,0.1
creswickwool.com,brand/retail,1,37,0.0,14.0,0.1
desertsun.com,brand/retail,1,37,0.0,14.0,0.1
hudsonvalleyseed.com,brand/retail,2,37,0.0,13.0,0.5
z1motorsports.com,brand/retail,1,37,0.0,14.0,0.1
nicokick.com,brand/retail,1,37,0.0,14.0,0.1
shinerzusa.com,brand/retail,1,37,0.0,14.0,0.1
remindmagazine.com,brand/retail,1,37,0.0,14.0,0.1
movingmunchkins.com,brand/retail,1,37,0.0,14.0,0.1
niche-beauty.com,brand/retail,1,37,0.0,14.0,0.1
depop.com,brand/retail,4,37,0.0,23.5,0.1
thebearandfoxyarnden.com,brand/retail,1,37,0.0,14.0,0.1
accessiblebathroomsinc.com,brand/retail,1,37,0.0,14.0,0.1
interiormedicine.com,brand/retail,7,37,0.0,30.9,0.2
homeandtexture.com,brand/retail,5,37,0.0,44.6,0.0
alltravelsizes.com,brand/retail,1,37,0.0,14.0,0.1
handsthatbless.com,brand/retail,4,37,0.0,38.0,0.0
onwilliamsstreet.com,brand/retail,2,37,0.0,16.5,0.1
dealdoodle.com,brand/retail,8,37,0.0,28.8,0.0
laurenslinens.com,brand/retail,8,37,0.0,37.4,0.1
odpbusiness.com,brand/retail,3,37,0.0,21.7,0.1
ko-fi.com,brand/retail,2,37,0.0,15.0,0.1
sustainablejungle.com,brand/retail,10,37,0.0,38.3,0.0
carpediemcleaning.com,brand/retail,6,37,0.0,53.5,0.0
stain-removal-101.com,brand/retail,6,37,0.0,81.5,0.0
braidedcrownusa.com,brand/retail,1,37,0.0,8.0,0.3
jennikayne.com,brand/retail,2,37,0.0,10.0,0.2
overcoatusa.com,brand/retail,10,37,0.0,45.0,0.0
safeandlockstore.com,brand/retail,1,37,0.0,8.0,0.3
colemans.com,brand/retail,1,37,0.0,8.0,0.3
americanathletic.com,brand/retail,1,37,0.0,8.0,0.3
music-for-music-teachers.com,brand/retail,1,37,0.0,8.0,0.3
mytarp.com,brand/retail,1,37,0.0,8.0,0.3
infinitudefight.com,brand/retail,1,37,0.0,8.0,0.3
softwarekeep.com,brand/retail,1,37,0.0,8.0,0.3
businesswire.com,brand/retail,1,37,0.0,8.0,0.3
jgswitzer.com,brand/retail,1,37,0.0,8.0,0.3
gospelgearcompany.com,brand/retail,1,37,0.0,8.0,0.3
runningstitchquilts.com,brand/retail,1,37,0.0,8.0,0.3
crowngooseusa.com,brand/retail,1,37,0.0,8.0,0.3
emilyspillow.com,brand/retail,1,37,0.0,8.0,0.3
parentgiving.com,brand/retail,4,37,0.0,22.0,0.2
za.pinterest.com,brand/retail,2,37,0.0,6.5,0.9
hayden-hill.com,brand/retail,2,37,0.0,24.0,0.5
gaspardinc.com,brand/retail,3,37,0.0,23.0,0.6
shop.petersonsfreshmarket.com,brand/retail,1,36,0.0,20.0,0.1
circulon.com,brand/retail,1,36,0.0,20.0,0.1
rouxbe.com,brand/retail,1,36,0.0,20.0,0.1
siennaliving.com.au,brand/retail,1,36,0.0,20.0,0.1
blvdhome.com,brand/retail,1,36,0.0,20.0,0.1
neorthopt.com,brand/retail,2,36,0.0,29.0,0.0
cammie.com,brand/retail,6,36,0.0,38.5,0.0
thecaffeinatedsnail.com,brand/retail,3,36,0.0,25.0,0.1
amthreadcollections.com,brand/retail,2,36,0.0,14.0,0.2
shop.sprouts.com,brand/retail,3,36,0.0,20.3,0.1
allfreeknitting.com,brand/retail,6,36,0.0,36.0,0.0
cottonon.com,brand/retail,13,36,0.0,49.8,0.0
lesliestravelsnacks.com,brand/retail,1,36,0.0,9.0,0.2
cottonclouds.com,brand/retail,1,36,0.0,9.0,0.2
feefifauxleather.com,brand/retail,1,36,0.0,9.0,0.2
oxfordmillsoutlet.com,brand/retail,1,36,0.0,9.0,0.2
thebigbearingstore.com,brand/retail,1,36,0.0,9.0,0.2
crownastee.com,brand/retail,1,36,0.0,9.0,0.2
watersportspro.co.uk,brand/retail,1,36,0.0,9.0,0.2
511tactical.com,brand/retail,1,36,0.0,9.0,0.2
lostloom.com,brand/retail,1,36,0.0,9.0,0.2
jacksrbetter.com,brand/retail,1,36,0.0,9.0,0.2
allkidsnetwork.com,brand/retail,5,36,0.0,22.8,0.2
southerndrawl.com,brand/retail,2,36,0.0,10.5,0.2
greenmountaindiapers.com,brand/retail,2,36,0.0,10.0,0.2
massagenaturals.com,brand/retail,2,36,0.0,24.0,0.4
mackenzie-childs.com,brand/retail,2,36,0.0,8.5,0.6
booninc.com,brand/retail,2,36,0.0,8.5,1.0
thewhitecompany.com,brand/retail,8,36,0.0,33.6,0.3
healthquesthme.com,brand/retail,2,36,0.0,18.0,0.5
schluter.com,brand/retail,2,36,0.0,27.0,0.5
lucafaloni.com,brand/retail,2,36,0.0,9.5,0.8
aptv.org,brand/retail,2,35,0.0,17.5,0.3
apolishedman.com,brand/retail,1,35,0.0,16.0,0.1
sleepsophie.com.au,brand/retail,2,35,0.0,42.5,0.0
babysupermarket.com,brand/retail,3,35,0.0,33.7,0.1
fatherly.com,brand/retail,2,35,0.0,47.0,0.0
sds.staples.com,brand/retail,1,35,0.0,16.0,0.1
artneedlepoint.com,brand/retail,1,35,0.0,16.0,0.1
gardenia.net,brand/retail,1,35,0.0,16.0,0.1
warmcompany.com,brand/retail,1,35,0.0,16.0,0.1
shop.smallpetselect.com,brand/retail,1,35,0.0,16.0,0.1
snatched-body.com,brand/retail,1,35,0.0,16.0,0.1
maxandlily.com,brand/retail,1,35,0.0,16.0,0.1
coleman.com,brand/retail,1,35,0.0,17.0,0.1
ehs.wustl.edu,brand/retail,1,35,0.0,17.0,0.1
zerowastehoustontx.com,brand/retail,1,35,0.0,17.0,0.1
quiltersconnection.ca,brand/retail,1,35,0.0,17.0,0.1
qualitycage.com,brand/retail,1,35,0.0,17.0,0.1
canvashomestore.com,brand/retail,1,35,0.0,17.0,0.1
smartpursue.com,brand/retail,3,35,0.0,34.0,0.1
selenedreams.com,brand/retail,2,35,0.0,24.5,0.0
morenobath.com,brand/retail,1,35,0.0,16.0,0.1
greenfairyquilts.worthepenny.com,brand/retail,1,35,0.0,16.0,0.1
imperialdade.com,brand/retail,1,35,0.0,16.0,0.1
blacksheepwools.com,brand/retail,2,35,0.0,17.5,0.1
thequiltparlor.com,brand/retail,1,35,0.0,16.0,0.1
afw.com,brand/retail,1,35,0.0,17.0,0.1
anindigoday.com,brand/retail,1,35,0.0,17.0,0.1
hthfurnishings.com,brand/retail,5,35,0.0,30.4,0.0
glowing.com,brand/retail,2,35,0.0,54.5,0.1
fandafabrics.com,brand/retail,5,35,0.0,60.8,0.0
remodelista.com,brand/retail,2,35,0.0,14.5,0.1
daccordshirts.com,brand/retail,2,35,0.0,18.0,0.1
livingcozy.com,brand/retail,4,35,0.0,53.5,0.0
flannelpeople.com,brand/retail,4,35,0.0,25.5,0.1
finnmarksauna.com,brand/retail,2,35,0.0,10.0,0.7
ibiblio.org,brand/retail,3,35,0.0,15.7,0.2
meladorascreations.com,brand/retail,2,35,0.0,18.0,0.3
victoriassecret.com.au,brand/retail,2,35,0.0,9.0,0.8
winnermedicalstore.com,brand/retail,1,34,0.0,21.0,0.0
thecheekyquilters.com,brand/retail,1,34,0.0,21.0,0.0
swimga.org,brand/retail,1,34,0.0,21.0,0.0
beberoad.com,brand/retail,1,34,0.0,21.0,0.0
myfixituplife.com,brand/retail,2,34,0.0,25.5,0.0
shopsavvy.com,brand/retail,2,34,0.0,58.0,0.0
pillowstay.com,brand/retail,2,34,0.0,25.5,0.0
thekeeperofthehome.com,brand/retail,2,34,0.0,29.5,0.0
beddingco.com.au,brand/retail,2,34,0.0,33.5,0.0
themiizmabeth.com,brand/retail,2,34,0.0,37.5,0.0
epmanualphysicaltherapy.com,brand/retail,2,34,0.0,40.0,0.0
hooklessfast.shop,brand/retail,2,34,0.0,40.0,0.0
cruzchirowellness.com,brand/retail,2,34,0.0,43.5,0.0
pillowworld.com,brand/retail,2,34,0.0,46.0,0.0
kikstartstore.org,brand/retail,2,34,0.0,48.5,0.0
drcianci.com,brand/retail,2,34,0.0,50.0,0.0
mattressjunkie.com,brand/retail,2,34,0.0,51.5,0.0
totalorthosportsmed.com,brand/retail,2,34,0.0,56.0,0.0
walden.us,brand/retail,1,34,0.0,15.0,0.1
support.sleepnumber.com,brand/retail,2,34,0.0,57.5,0.0
wphphysio.com.au,brand/retail,2,34,0.0,58.0,0.0
moonseasleep.com,brand/retail,2,34,0.0,58.5,0.0
northwell.edu,brand/retail,2,34,0.0,59.5,0.0
kennethcole.com,brand/retail,2,34,0.0,37.0,0.0
sheetstreet.com,brand/retail,4,34,0.0,52.5,0.0
homewithannette.com,brand/retail,2,34,0.0,50.0,0.0
eventdecordirect.com,brand/retail,2,34,0.0,50.5,0.0
bofiracing.com,brand/retail,1,34,0.0,15.0,0.1
musixmatch.com,brand/retail,1,34,0.0,15.0,0.1
sportsbasement.com,brand/retail,1,34,0.0,15.0,0.1
jotform.com,brand/retail,1,34,0.0,15.0,0.1
magnoliababy.com,brand/retail,1,34,0.0,15.0,0.1
directcoloring.com,brand/retail,1,34,0.0,15.0,0.1
furnituretoday.com,brand/retail,1,34,0.0,15.0,0.1
reliabletextiles.com,brand/retail,4,34,0.0,54.2,0.0
americanflat.com,brand/retail,2,34,0.0,19.5,0.1
ideastage.com,brand/retail,1,34,0.0,15.0,0.1
perfectprime.com,brand/retail,1,34,0.0,15.0,0.1
sewmuchado.com,brand/retail,1,34,0.0,15.0,0.1
ultimatepartytents.com,brand/retail,3,34,0.0,48.3,0.0
nanasewing.com,brand/retail,3,34,0.0,56.3,0.0
sewmodernquilts.com,brand/retail,2,34,0.0,20.0,0.1
shopnesting.com,brand/retail,2,34,0.0,11.5,0.3
taylorlinens.com,brand/retail,3,34,0.0,17.0,0.1
homemartgoods.com,brand/retail,2,34,0.0,14.5,0.1
cali1850.com,brand/retail,4,34,0.0,24.0,0.1
suitusa.com,brand/retail,12,34,0.0,56.7,0.0
grokipedia.com,brand/retail,6,34,0.0,43.8,0.1
poshey.com,brand/retail,12,34,0.0,54.6,0.1
sittingprettyhalohair.com,brand/retail,9,34,0.0,40.1,0.1
skinclinica.com.au,brand/retail,4,34,0.0,23.5,0.2
byronandbarclay.com,brand/retail,2,34,0.0,10.0,0.2
ecoterrabeds.com,brand/retail,4,34,0.0,32.5,0.2
cityofharrah.com,brand/retail,1,34,0.0,6.0,0.5
littleflowersoap.com,brand/retail,1,34,0.0,6.0,0.5
usa.philips.com,brand/retail,1,34,0.0,6.0,0.5
keetsa.com,brand/retail,1,34,0.0,6.0,0.5
equilibriomassage.com,brand/retail,1,34,0.0,6.0,0.5
wholesalesuppliesplus.com,brand/retail,1,34,0.0,6.0,0.5
noblechairs.com,brand/retail,1,34,0.0,6.0,0.5
cargurus.com,brand/retail,1,34,0.0,6.0,0.5
reallybigtowelco.com,brand/retail,1,34,0.0,6.0,0.5
lasfit.com,brand/retail,1,34,0.0,6.0,0.5
bakingamoment.com,brand/retail,1,34,0.0,6.0,0.5
myrainbowcrochet.com,brand/retail,1,34,0.0,6.0,0.5
beckleychiropractic.com,brand/retail,1,34,0.0,6.0,0.5
elbenwald.com,brand/retail,1,34,0.0,6.0,0.5
american-giant.com,brand/retail,1,34,0.0,6.0,0.5
ondademar.com,brand/retail,1,34,0.0,6.0,0.5
revolana.com,brand/retail,1,34,0.0,6.0,0.5
zve.gca.mybluehost.me,brand/retail,4,34,0.0,32.0,0.7
chagalldesign.com,brand/retail,1,34,0.0,5.0,0.6
abayaya.com,brand/retail,1,34,0.0,5.0,0.6
eclergys.com,brand/retail,3,34,0.0,11.0,0.7
sdmattress.com,brand/retail,1,34,0.0,2.0,0.9
threehuggers.com,brand/retail,1,33,0.0,22.0,0.0
hartmedical.org,brand/retail,1,33,0.0,19.0,0.1
one100s.com,brand/retail,1,33,0.0,19.0,0.1
buymagnets.com,brand/retail,1,33,0.0,19.0,0.1
doriesilverman.com,brand/retail,1,33,0.0,19.0,0.1
midnightreflectionsllc.com,brand/retail,1,33,0.0,19.0,0.1
baby.zola.com,brand/retail,3,33,0.0,28.0,0.0
ntbay.com,brand/retail,1,33,0.0,22.0,0.0
turkishtowels.com,brand/retail,1,33,0.0,22.0,0.0
joyofmotioncrochet.com,brand/retail,3,33,0.0,40.3,0.0
hsastore.com,brand/retail,1,33,0.0,18.0,0.1
marine-rescue.com,brand/retail,1,33,0.0,18.0,0.1
eatingwell.com,brand/retail,1,33,0.0,18.0,0.1
ounizz.com,brand/retail,1,33,0.0,18.0,0.1
happybeds.co.uk,brand/retail,1,33,0.0,19.0,0.1
janitorssupplyco.com,brand/retail,1,33,0.0,19.0,0.1
melstradingpost.shop,brand/retail,1,33,0.0,19.0,0.1
thedormguide.com,brand/retail,1,33,0.0,18.0,0.1
uburepublic.com,brand/retail,4,33,0.0,28.2,0.1
bohoharmony.com,brand/retail,4,33,0.0,33.8,0.0
abodeliving.com,brand/retail,5,33,0.0,47.0,0.0
giantfood.com,brand/retail,4,33,0.0,24.8,0.1
mommyconnections.ca,brand/retail,1,33,0.0,10.0,0.1
egyptiancottonbedsheets.com,brand/retail,2,33,0.0,16.0,0.1
scriphessco.com,brand/retail,6,33,0.0,34.8,0.1
altrockchick.com,brand/retail,1,33,0.0,10.0,0.1
calligraphy.co.uk,brand/retail,1,33,0.0,11.0,0.1
primevideo.com,brand/retail,1,33,0.0,10.0,0.1
safewaymedicalsupply.com,brand/retail,1,33,0.0,10.0,0.1
elegantsi.com,brand/retail,1,33,0.0,11.0,0.1
smartpakequine.com,brand/retail,1,33,0.0,11.0,0.1
handylaundry.com,brand/retail,1,33,0.0,11.0,0.1
forever21.com,brand/retail,1,33,0.0,11.0,0.1
peachandpaige.com,brand/retail,1,33,0.0,11.0,0.1
ardb.app,brand/retail,1,33,0.0,11.0,0.1
business.sttammanychamber.org,brand/retail,1,33,0.0,12.0,0.1
mastermassage.com,brand/retail,2,33,0.0,14.0,0.1
murdochs.com,brand/retail,2,33,0.0,14.5,0.1
bloomlinen.ca,brand/retail,1,33,0.0,10.0,0.1
alexcar.com,brand/retail,1,33,0.0,10.0,0.1
faucetlist.com,brand/retail,1,33,0.0,10.0,0.1
woodlandcreekfurniture.com,brand/retail,1,33,0.0,10.0,0.1
milb.com,brand/retail,1,33,0.0,10.0,0.1
professionalplastics.com,brand/retail,1,33,0.0,11.0,0.1
laumelinen.com,brand/retail,1,33,0.0,11.0,0.1
casabelladecor.net,brand/retail,1,33,0.0,11.0,0.1
youcanhomemedical.com,brand/retail,1,33,0.0,11.0,0.1
cutterclassicsaddleblankets.com,brand/retail,1,33,0.0,11.0,0.1
reclaimedlumberproducts.com,brand/retail,1,33,0.0,11.0,0.1
marineconstructionmagazine.com,brand/retail,1,33,0.0,12.0,0.1
thestickybrand.com,brand/retail,1,33,0.0,12.0,0.1
microbeadpillows.com,brand/retail,4,33,0.0,24.2,0.1
portraitblankets.com,brand/retail,4,33,0.0,25.2,0.1
decorsteals.com,brand/retail,5,33,0.0,25.2,0.1
twoofwands.com,brand/retail,1,33,0.0,10.0,0.1
instyle.com,brand/retail,11,33,0.0,27.0,0.3
shipt.com,brand/retail,12,33,0.0,35.2,0.2
art3d.com,brand/retail,2,33,0.0,14.5,0.2
salidapf.com,brand/retail,1,33,0.0,7.0,0.4
longrowlavender.com,brand/retail,1,33,0.0,7.0,0.4
myknobs.com,brand/retail,1,33,0.0,7.0,0.4
ubereats.com,brand/retail,1,33,0.0,7.0,0.4
softtexpillows.com,brand/retail,1,33,0.0,7.0,0.4
myhellobath.com,brand/retail,1,33,0.0,7.0,0.4
allthingstarget.com,brand/retail,1,33,0.0,7.0,0.4
promoleaf.com,brand/retail,1,33,0.0,7.0,0.4
publicenemystudios.bigcartel.com,brand/retail,1,33,0.0,7.0,0.4
kjuliet.com,brand/retail,1,33,0.0,7.0,0.4
lockheedmartinstore.com,brand/retail,1,33,0.0,7.0,0.4
everhem.com,brand/retail,1,33,0.0,7.0,0.4
perfectdimples.com,brand/retail,1,33,0.0,7.0,0.4
pieceworkpuzzles.com,brand/retail,1,33,0.0,7.0,0.4
neridacraft.com,brand/retail,1,33,0.0,7.0,0.4
johnengland.com,brand/retail,1,33,0.0,7.0,0.4
hillhousenaturals.com,brand/retail,1,33,0.0,7.0,0.4
canvasetc.com,brand/retail,1,33,0.0,7.0,0.4
sciencesource.com,brand/retail,1,33,0.0,7.0,0.4
cats.com,brand/retail,1,33,0.0,7.0,0.4
theguineapigforum.co.uk,brand/retail,1,33,0.0,7.0,0.4
durable-medical-equipment.medical-supplies-equipment-company.com,brand/retail,1,33,0.0,7.0,0.4
us.deijistudios.com,brand/retail,1,33,0.0,7.0,0.4
surgicalrecoverysystems.com,brand/retail,2,33,0.0,9.5,0.5
hubmeded.com,brand/retail,1,33,0.0,7.0,0.4
blackbrdstore.com,brand/retail,1,33,0.0,7.0,0.4
cnbc.com,brand/retail,2,33,0.0,10.0,0.8
silvercorridor.com,brand/retail,3,32,0.0,35.7,0.0
independentlivingsuperstore.com,brand/retail,2,32,0.0,33.5,0.1
cocowawacrafts.com,brand/retail,2,32,0.0,22.5,0.1
linguix.com,brand/retail,2,32,0.0,36.0,0.1
newmodernmom.com,brand/retail,1,32,0.0,13.0,0.1
merrystockings.com,brand/retail,1,32,0.0,13.0,0.1
kids.wordsmyth.net,brand/retail,3,32,0.0,29.0,0.1
cub.com,brand/retail,2,32,0.0,20.5,0.1
mildlyhome.com,brand/retail,9,32,0.0,36.8,0.1
bookcellarinc.com,brand/retail,1,32,0.0,13.0,0.1
101knots.com,brand/retail,1,32,0.0,13.0,0.1
rokolee.com,brand/retail,1,32,0.0,13.0,0.1
weldfabulous.com,brand/retail,1,32,0.0,13.0,0.1
oreillyauto.com,brand/retail,1,32,0.0,13.0,0.1
coursesidekick.com,brand/retail,1,32,0.0,13.0,0.1
justagirlandherblog.com,brand/retail,1,32,0.0,13.0,0.1
greatfurnituredeal.com,brand/retail,1,32,0.0,13.0,0.1
materialgoods.us,brand/retail,1,32,0.0,13.0,0.1
tekra.com,brand/retail,1,32,0.0,13.0,0.1
winetransit.com,brand/retail,1,32,0.0,13.0,0.1
downtowncompany.com,brand/retail,1,32,0.0,13.0,0.1
juststroll.com,brand/retail,5,32,0.0,28.0,0.1
teekayfoams.com,brand/retail,8,32,0.0,51.1,0.0
eventstorent.com,brand/retail,1,32,0.0,13.0,0.1
furnitureofdalton.com,brand/retail,1,32,0.0,13.0,0.1
latimes.com,brand/retail,3,32,0.0,39.7,0.1
knitwise.com,brand/retail,3,32,0.0,38.0,0.1
letifly.com,brand/retail,5,32,0.0,20.4,0.2
coldpicnic.com,brand/retail,9,32,0.0,36.9,0.0
hairclub.com,brand/retail,1,32,0.0,8.0,0.3
luxorstore.com,brand/retail,2,32,0.0,11.5,0.1
kingsdownmattress.com,brand/retail,1,32,0.0,8.0,0.3
hygolet.com,brand/retail,1,32,0.0,8.0,0.3
cpchem.com,brand/retail,1,32,0.0,8.0,0.3
shophulls.com,brand/retail,1,32,0.0,8.0,0.3
carolinapottery.com,brand/retail,1,32,0.0,8.0,0.3
sayweee.com,brand/retail,1,32,0.0,8.0,0.3
hotspringsnc.org,brand/retail,1,32,0.0,8.0,0.3
usa.windows101.com,brand/retail,1,32,0.0,8.0,0.3
feltingsupplies.livingfelt.com,brand/retail,1,32,0.0,8.0,0.3
ellaalden.com,brand/retail,1,32,0.0,8.0,0.3
ellebgifts.com,brand/retail,1,32,0.0,8.0,0.3
craftematics.com,brand/retail,1,32,0.0,8.0,0.3
capeable.com,brand/retail,1,32,0.0,8.0,0.3
kindermusik.com,brand/retail,1,32,0.0,8.0,0.3
catpatches.blogspot.com,brand/retail,1,32,0.0,8.0,0.3
pagination.com,brand/retail,1,32,0.0,8.0,0.3
unwind.com,brand/retail,1,32,0.0,8.0,0.3
fauxchenille.com,brand/retail,1,32,0.0,8.0,0.3
sharphealthplan.com,brand/retail,1,32,0.0,8.0,0.3
cookandboardman.com,brand/retail,1,32,0.0,8.0,0.3
dungeonbeds.com,brand/retail,1,32,0.0,8.0,0.3
waxbuffalo.com,brand/retail,1,32,0.0,8.0,0.3
therapyshoppe.com,brand/retail,1,32,0.0,8.0,0.3
discovernight.com,brand/retail,6,32,0.0,30.7,0.6
blog.foundation-earth.net,brand/retail,1,32,0.0,8.0,0.3
clevive.com,brand/retail,2,32,0.0,22.5,0.5
catholicsun.org,brand/retail,1,32,0.0,4.0,0.7
graceeleyae.com,brand/retail,1,32,0.0,4.0,0.7
boatsailmag.com,brand/retail,1,32,0.0,4.0,0.7
lanelinens.com,brand/retail,1,32,0.0,4.0,0.7
balilane.com,brand/retail,1,32,0.0,4.0,0.7
heritageparklaundry.com,brand/retail,1,32,0.0,4.0,0.7
store.canadianlinen.com,brand/retail,1,32,0.0,4.0,0.7
cleansefaceandbody.com,brand/retail,1,31,0.0,23.0,0.0
floridatoday.com,brand/retail,1,31,0.0,23.0,0.0
mihigh.com,brand/retail,1,31,0.0,23.0,0.0
afkfurniture.com,brand/retail,1,31,0.0,23.0,0.0
evo.com,brand/retail,1,31,0.0,24.0,0.0
verywellfit.com,brand/retail,1,31,0.0,24.0,0.0
cowtowntanning.com,brand/retail,1,31,0.0,25.0,0.0
proimprint.com,brand/retail,1,31,0.0,25.0,0.0
pr-inside.com,brand/retail,1,31,0.0,25.0,0.0
tutusgreenworld.com,brand/retail,1,31,0.0,25.0,0.0
judeconnally.com,brand/retail,1,31,0.0,25.0,0.0
linentalks.com,brand/retail,1,31,0.0,25.0,0.0
mattress-n-more.com,brand/retail,1,31,0.0,26.0,0.0
redcotton.com,brand/retail,1,31,0.0,23.0,0.0
firstessentialsllc.com,brand/retail,1,31,0.0,24.0,0.0
littlehumanlinens.com,brand/retail,1,31,0.0,25.0,0.0
which.co.uk,brand/retail,1,31,0.0,26.0,0.0
megsquiltedmemories.com,brand/retail,1,31,0.0,26.0,0.0
towel.com,brand/retail,1,31,0.0,27.0,0.0
momsandcrafters.com,brand/retail,1,31,0.0,28.0,0.0
modibodi.co.nz,brand/retail,1,31,0.0,29.0,0.0
turkishtowelstore.com,brand/retail,1,31,0.0,29.0,0.0
happydancequilting.com,brand/retail,1,31,0.0,30.0,0.0
bathunit.com,brand/retail,1,31,0.0,30.0,0.0
thetshirtquiltcompany.com,brand/retail,1,31,0.0,31.0,0.0
lowestcostmattress.com,brand/retail,3,31,0.0,27.7,0.0
mypomstore.com,brand/retail,1,31,0.0,32.0,0.0
littlegrapeland.com,brand/retail,1,31,0.0,32.0,0.0
sewnanew.com,brand/retail,1,31,0.0,33.0,0.0
agreatbaby.com,brand/retail,1,31,0.0,33.0,0.0
aigroupfood.net,brand/retail,1,31,0.0,33.0,0.0
cozyprairielinens.com,brand/retail,1,31,0.0,34.0,0.0
sharlyshouseholds.com,brand/retail,1,31,0.0,34.0,0.0
bedbutlers.com,brand/retail,2,31,0.0,52.5,0.0
christy.co.uk,brand/retail,2,31,0.0,58.0,0.0
mercurynews.com,brand/retail,4,31,0.0,35.2,0.1
skylark-owl.com,brand/retail,3,31,0.0,54.7,0.0
bedeckhome.com,brand/retail,11,31,0.0,33.6,0.1
comfycovers.net,brand/retail,6,31,0.0,26.0,0.1
moovkart.com,brand/retail,14,31,0.0,25.7,0.1
qualitybath.com,brand/retail,3,31,0.0,30.0,0.1
heatedtowelracks.com,brand/retail,5,31,0.0,38.0,0.0
loveravincollection.com,brand/retail,4,31,0.0,39.2,0.1
reverlavie.com,brand/retail,4,31,0.0,54.8,0.1
classicmodernfabrics.com,brand/retail,3,31,0.0,22.7,0.1
so-linen.com,brand/retail,7,31,0.0,24.9,0.2
truuce.com,brand/retail,5,31,0.0,20.6,0.2
shopgogear.com,brand/retail,2,31,0.0,15.5,0.1
eastcoastpkg.com,brand/retail,2,31,0.0,21.0,0.1
engineeredsleep.com,brand/retail,3,31,0.0,29.3,0.2
teach.starfall.com,brand/retail,3,31,0.0,19.3,0.2
youlookfab.com,brand/retail,3,31,0.0,20.0,0.6
atly.com,brand/retail,1,31,0.0,3.0,0.8
byinnaelsie.com,brand/retail,4,30,0.0,25.5,0.1
quiltset.org,brand/retail,4,30,0.0,44.8,0.0
crestline.com,brand/retail,1,30,0.0,14.0,0.1
glamourmagazine.co.uk,brand/retail,3,30,0.0,29.3,0.0
ethicalstl.org,brand/retail,1,30,0.0,14.0,0.1
rito.com,brand/retail,1,30,0.0,14.0,0.1
gooten.com,brand/retail,1,30,0.0,14.0,0.1
therentaldepotinc.com,brand/retail,1,30,0.0,14.0,0.1
metromarket.net,brand/retail,1,30,0.0,14.0,0.1
eventswholesale.com,brand/retail,1,30,0.0,14.0,0.1
anyoccasionhouston.com,brand/retail,1,30,0.0,14.0,0.1
whimsynorth.com,brand/retail,1,30,0.0,14.0,0.1
thesleeploft.com,brand/retail,1,30,0.0,14.0,0.1
petpillowcustom.com,brand/retail,1,30,0.0,14.0,0.1
thesouthernmillennialblog.com,brand/retail,1,30,0.0,14.0,0.1
htgsupply.com,brand/retail,1,30,0.0,14.0,0.1
inovessa.com,brand/retail,1,30,0.0,14.0,0.1
westernreservewines.com,brand/retail,1,30,0.0,14.0,0.1
reddiamondrentals.com,brand/retail,3,30,0.0,33.7,0.0
utahchairrental.com,brand/retail,3,30,0.0,34.7,0.0
realmattressreviews.com,brand/retail,3,30,0.0,28.0,0.2
napqueensleep.com,brand/retail,3,30,0.0,29.3,0.1
mypillowworld.com,brand/retail,7,30,0.0,63.0,0.0
furniturecityhouma.com,brand/retail,1,30,0.0,14.0,0.1
blitsy.com,brand/retail,6,30,0.0,55.5,0.0
bestpricedtf.com,brand/retail,2,30,0.0,15.5,0.1
stahls.com,brand/retail,3,30,0.0,22.7,0.1
bubbleblisslaundromat.nyc,brand/retail,5,30,0.0,43.2,0.0
onbetterliving.com,brand/retail,5,30,0.0,48.4,0.0
wxyz.com,brand/retail,5,30,0.0,55.0,0.0
clotheslyne.com,brand/retail,5,30,0.0,63.0,0.0
fifti-fifti.net,brand/retail,5,30,0.0,72.0,0.0
upstairsdownstairscleaning.com,brand/retail,5,30,0.0,72.2,0.0
tidyhere.com,brand/retail,5,30,0.0,75.6,0.0
123rf.com,brand/retail,4,30,0.0,19.2,0.3
thatblanket.co,brand/retail,2,30,0.0,14.5,0.1
crochetstrends.com,brand/retail,3,30,0.0,26.0,0.1
halloweencostumes.com,brand/retail,5,30,0.0,17.6,0.2
powersellerusa.com,brand/retail,5,30,0.0,25.2,0.2
amphitritestudio.com,brand/retail,3,30,0.0,17.7,0.2
printkk.com,brand/retail,3,30,0.0,22.0,0.5
ethoscarcare.com,brand/retail,1,30,0.0,6.0,0.5
ikebehar.com,brand/retail,3,30,0.0,17.7,0.4
shadowlinelingerie.com,brand/retail,7,30,0.0,26.4,0.4
emmemama.com,brand/retail,1,30,0.0,6.0,0.5
shootproof.com,brand/retail,1,30,0.0,6.0,0.5
masongreyla.com,brand/retail,2,30,0.0,8.0,0.6
thecatspjs.com,brand/retail,1,30,0.0,6.0,0.5
us.carhartt-wip.com,brand/retail,1,30,0.0,6.0,0.5
moragirls.com,brand/retail,1,30,0.0,6.0,0.5
oasisfinelinens.com,brand/retail,1,30,0.0,6.0,0.5
churchings.com,brand/retail,3,30,0.0,12.3,0.7
victoriassecret.in,brand/retail,2,30,0.0,11.0,0.7
airingofthequilts.org,brand/retail,1,29,0.0,20.0,0.1
hitnotion.com,brand/retail,1,29,0.0,20.0,0.1
ajoyfulthread.com,brand/retail,1,29,0.0,20.0,0.1
sheetstory.com,brand/retail,1,29,0.0,20.0,0.1
downeysleepcenter.com,brand/retail,2,29,0.0,22.0,0.0
annalinens.co,brand/retail,3,29,0.0,46.7,0.0
oxonhillrentals.com,brand/retail,2,29,0.0,23.0,0.1
littleyellowwheelbarrow.com,brand/retail,2,29,0.0,18.0,0.1
belleandblush.com,brand/retail,2,29,0.0,18.5,0.1
thekinglinen.com,brand/retail,4,29,0.0,46.2,0.0
akasiadesign.com,brand/retail,3,29,0.0,29.7,0.1
sallylinen.com,brand/retail,2,29,0.0,19.0,0.1
artgallery11.artstation.com,brand/retail,3,29,0.0,16.7,0.2
sgibedding.com,brand/retail,2,29,0.0,11.0,0.2
fantasylinen.com,brand/retail,10,29,0.0,36.0,0.1
blackbeautyandhair.com,brand/retail,5,29,0.0,24.8,0.2
shoprevelry.com,brand/retail,13,29,0.0,49.2,0.1
marrysol.com,brand/retail,12,29,0.0,24.4,0.3
kidswhs.com,brand/retail,7,29,0.0,17.9,0.8
coohom.com,brand/retail,5,29,0.0,29.6,0.2
treehousekids.shop,brand/retail,2,29,0.0,44.0,0.6
livinggracecatalog.com,brand/retail,2,29,0.0,14.5,0.6
anokhiusa.com,brand/retail,2,28,0.0,20.5,0.1
thebridalroom.net,brand/retail,1,28,0.0,21.0,0.0
shopnoblehouse.com,brand/retail,3,28,0.0,33.0,0.1
southernstarprimitives.com,brand/retail,1,28,0.0,16.0,0.1
sunsetandco.com,brand/retail,1,28,0.0,17.0,0.1
thematstore.com,brand/retail,2,28,0.0,28.0,0.0
stonecreeksupplies.com,brand/retail,2,28,0.0,28.5,0.0
guynnfurniture.net,brand/retail,2,28,0.0,29.0,0.0
flywheelnw.com,brand/retail,2,28,0.0,31.0,0.0
allmats.com,brand/retail,2,28,0.0,31.5,0.0
hicrochet.com,brand/retail,2,28,0.0,34.0,0.0
theappliancedepotoutlet.com,brand/retail,2,28,0.0,41.0,0.0
myfabricplanet.com,brand/retail,2,28,0.0,41.0,0.0
wantmattress.com,brand/retail,2,28,0.0,42.0,0.0
abagirassol.com,brand/retail,2,28,0.0,50.0,0.0
healthproductsexpress.com,brand/retail,2,28,0.0,52.0,0.0
aisinaftermarket.com,brand/retail,1,28,0.0,16.0,0.1
gotpouches.com,brand/retail,1,28,0.0,16.0,0.1
dreamiere.com,brand/retail,1,28,0.0,16.0,0.1
proppsevents.com,brand/retail,1,28,0.0,16.0,0.1
templatelab.com,brand/retail,1,28,0.0,16.0,0.1
zitomer.com,brand/retail,1,28,0.0,16.0,0.1
sertahospitality.com,brand/retail,1,28,0.0,16.0,0.1
cozypure.com,brand/retail,1,28,0.0,17.0,0.1
lippillows.store,brand/retail,1,28,0.0,17.0,0.1
bathtrendsusa.com,brand/retail,1,28,0.0,17.0,0.1
viewyourdeal-peachskinsheets.com,brand/retail,1,28,0.0,17.0,0.1
nextsmallstep.org,brand/retail,1,28,0.0,17.0,0.1
mindreaderproducts.com,brand/retail,1,28,0.0,17.0,0.1
mindfulnatalie.com,brand/retail,1,28,0.0,17.0,0.1
artpaintingcanvas.com,brand/retail,2,28,0.0,26.0,0.0
globon.co,brand/retail,2,28,0.0,28.5,0.0
decormadecustom.com,brand/retail,2,28,0.0,32.5,0.0
royalegyptiancomfort.com,brand/retail,2,28,0.0,38.0,0.0
homemadeonourhomestead.com,brand/retail,2,28,0.0,38.0,0.0
cozycottagehomeandgifts.com,brand/retail,2,28,0.0,39.5,0.0
canaryhouze.com,brand/retail,2,28,0.0,41.0,0.0
giftsercet.com,brand/retail,2,28,0.0,51.5,0.0
quiltler.com,brand/retail,2,28,0.0,51.5,0.0
minijumbuk.com.au,brand/retail,2,28,0.0,53.0,0.0
needlesnbeadsnsweetascanbe.com,brand/retail,2,28,0.0,54.0,0.0
infoplease.com,brand/retail,2,28,0.0,54.5,0.0
altogetherpatchwork.com,brand/retail,2,28,0.0,55.5,0.0
en.thefreedictionary.com,brand/retail,2,28,0.0,56.5,0.0
airpedic.com,brand/retail,1,28,0.0,15.0,0.1
cheercollection.com,brand/retail,3,28,0.0,43.3,0.1
sqsquaredcreations.com,brand/retail,2,28,0.0,57.5,0.0
americanquiltcompany.zendesk.com,brand/retail,2,28,0.0,58.5,0.0
auntmarysquilting.com,brand/retail,1,28,0.0,17.0,0.1
onelook.com,brand/retail,2,28,0.0,59.0,0.0
quilttrailswnc.org,brand/retail,2,28,0.0,62.5,0.0
mnemonicdictionary.com,brand/retail,2,28,0.0,64.0,0.0
amishloft.com,brand/retail,2,28,0.0,68.0,0.0
fanon-kingdom.fandom.com,brand/retail,1,28,0.0,15.0,0.1
ellemariehome.com,brand/retail,1,28,0.0,15.0,0.1
usrentsit.com,brand/retail,1,28,0.0,15.0,0.1
lifeatcloverhill.com,brand/retail,1,28,0.0,15.0,0.1
jmesales.com,brand/retail,1,28,0.0,15.0,0.1
wardrobesupplies.com,brand/retail,1,28,0.0,15.0,0.1
ctc-corp.net,brand/retail,1,28,0.0,15.0,0.1
myhomeenvironment.com,brand/retail,1,28,0.0,15.0,0.1
logfurnitureplace.com,brand/retail,2,28,0.0,15.5,0.1
publix.com,brand/retail,1,28,0.0,15.0,0.1
wine-searcher.com,brand/retail,1,28,0.0,15.0,0.1
bakerssignature.com,brand/retail,1,28,0.0,15.0,0.1
bstuartcustomdesigns.com,brand/retail,1,28,0.0,15.0,0.1
bamtekhome.com,brand/retail,3,28,0.0,40.0,0.0
craft-mart.com,brand/retail,3,28,0.0,40.0,0.0
casa-habana.com,brand/retail,2,28,0.0,23.5,0.1
amishquilter.com,brand/retail,2,28,0.0,25.5,0.1
homeandhues.com,brand/retail,3,28,0.0,52.3,0.0
sportt-tt.com,brand/retail,4,28,0.0,50.2,0.0
nativeskins.com,brand/retail,3,28,0.0,30.0,0.0
aurorates.com,brand/retail,3,28,0.0,37.3,0.0
bamboohomedecor.com,brand/retail,3,28,0.0,46.7,0.0
bambooexplore.com,brand/retail,3,28,0.0,53.7,0.0
towelexpert.com,brand/retail,3,28,0.0,56.3,0.0
curatedinterior.com,brand/retail,3,28,0.0,57.7,0.0
bydesignandviz.com,brand/retail,3,28,0.0,63.0,0.0
rentrightnow.com,brand/retail,1,28,0.0,15.0,0.1
starfurnitureindiana.com,brand/retail,2,28,0.0,23.0,0.1
cutelittlefabricshop.com,brand/retail,2,28,0.0,30.0,0.1
mybathroom.store,brand/retail,5,28,0.0,38.0,0.0
youshouldcraft.com,brand/retail,2,28,0.0,25.0,0.1
southwesternrugsdepot.com,brand/retail,4,28,0.0,44.2,0.1
katespade.com,brand/retail,11,28,0.0,41.7,0.0
bloodybathmat.com,brand/retail,7,28,0.0,28.3,0.2
mensitaly.com,brand/retail,7,28,0.0,53.3,0.0
creazilla.com,brand/retail,2,28,0.0,13.0,0.1
bealls.com,brand/retail,6,28,0.0,28.8,0.1
oxygensupport.com,brand/retail,1,28,0.0,9.0,0.2
allstarmedicalllc.com,brand/retail,1,28,0.0,9.0,0.2
go-armynavy.com,brand/retail,1,28,0.0,9.0,0.2
betseyjohnson.com,brand/retail,1,28,0.0,9.0,0.2
stepmassive.com,brand/retail,1,28,0.0,9.0,0.2
perfectlocks.com,brand/retail,5,28,0.0,34.0,0.2
sheetmusicnow.com,brand/retail,1,28,0.0,9.0,0.2
wordmint.com,brand/retail,1,28,0.0,9.0,0.2
wordswithfriendscheat.net,brand/retail,1,28,0.0,9.0,0.2
harryanddavid.com,brand/retail,1,28,0.0,9.0,0.2
thermoweb.com,brand/retail,1,28,0.0,9.0,0.2
clickandcraft.com,brand/retail,1,28,0.0,9.0,0.2
borsheims.com,brand/retail,1,28,0.0,9.0,0.2
mymane.co,brand/retail,1,28,0.0,9.0,0.2
rugandweave.com,brand/retail,2,28,0.0,16.0,0.4
sustainmycrafthabit.com,brand/retail,2,28,0.0,9.0,0.7
marinelayer.com,brand/retail,6,28,0.0,31.0,0.4
warmup.com,brand/retail,2,28,0.0,14.0,0.4
linenwear.com,brand/retail,2,28,0.0,32.5,0.4
220triathlon.com,brand/retail,3,28,0.0,17.0,0.5
classicwhimsy.com,brand/retail,1,28,0.0,5.0,0.6
otakuxgang.com,brand/retail,1,28,0.0,5.0,0.6
bondonabudget.com,brand/retail,1,28,0.0,5.0,0.6
wordplays.com,brand/retail,1,28,0.0,5.0,0.6
oneminutesaree.com,brand/retail,1,28,0.0,5.0,0.6
homeplaceearth.wordpress.com,brand/retail,1,28,0.0,5.0,0.6
mattressman.co.uk,brand/retail,1,28,0.0,5.0,0.6
evadress-patterns.myshopify.com,brand/retail,1,28,0.0,5.0,0.6
espace-mariages.fr,brand/retail,1,28,0.0,5.0,0.6
freshkidsclothing.com,brand/retail,1,28,0.0,2.0,0.9
ideelart.com,brand/retail,1,27,0.0,22.0,0.0
cleancult.com,brand/retail,1,27,0.0,22.0,0.0
comfycozyhome.com,brand/retail,1,27,0.0,22.0,0.0
davenporthome.myshopify.com,brand/retail,1,27,0.0,22.0,0.0
blog.fabrics-store.com,brand/retail,1,27,0.0,19.0,0.1
habitatshop.org,brand/retail,1,27,0.0,19.0,0.1
aeyla.co.uk,brand/retail,1,27,0.0,19.0,0.1
livehealthillie.com,brand/retail,1,27,0.0,19.0,0.1
aandefabrics.com,brand/retail,1,27,0.0,19.0,0.1
acplasticsinc.com,brand/retail,1,27,0.0,19.0,0.1
expedusa.com,brand/retail,1,27,0.0,18.0,0.1
ehs.virginia.edu,brand/retail,1,27,0.0,18.0,0.1
potterybarn.com.au,brand/retail,1,27,0.0,18.0,0.1
joyfulbutterfly.com,brand/retail,1,27,0.0,18.0,0.1
thingsiboughtandliked.com,brand/retail,1,27,0.0,18.0,0.1
californiahamsterassociation.com,brand/retail,1,27,0.0,18.0,0.1
popmoji.com,brand/retail,1,27,0.0,19.0,0.1
yeoldefabricshoppe.com,brand/retail,1,27,0.0,19.0,0.1
home.howstuffworks.com,brand/retail,1,27,0.0,18.0,0.1
urbaki.com,brand/retail,5,27,0.0,39.6,0.0
dssyd.com,brand/retail,1,27,0.0,12.0,0.1
jadeyscloset.com,brand/retail,1,27,0.0,12.0,0.1
walmartbusinessprint.com,brand/retail,1,27,0.0,12.0,0.1
metaforge.app,brand/retail,1,27,0.0,12.0,0.1
change.org,brand/retail,1,27,0.0,12.0,0.1
fluffpillowofficial.com,brand/retail,1,27,0.0,12.0,0.1
thespinery.com,brand/retail,3,27,0.0,41.3,0.1
mjbale.com,brand/retail,4,27,0.0,34.0,0.0
indexthermoplastics.com,brand/retail,1,27,0.0,12.0,0.1
aquaticausa.com,brand/retail,1,27,0.0,12.0,0.1
chicksaddlery.com,brand/retail,1,27,0.0,12.0,0.1
shoptigertree.com,brand/retail,1,27,0.0,12.0,0.1
samsclub.instacart.com,brand/retail,1,27,0.0,12.0,0.1
prestigecleaners.com,brand/retail,1,27,0.0,12.0,0.1
rosiegirlquilting.com,brand/retail,1,27,0.0,12.0,0.1
shop.luckysupermarkets.com,brand/retail,1,27,0.0,12.0,0.1
practicalembroidery.eu,brand/retail,1,27,0.0,12.0,0.1
pricerunner.com,brand/retail,2,27,0.0,12.5,0.1
alandacraft.com,brand/retail,4,27,0.0,25.8,0.1
callie.com,brand/retail,4,27,0.0,36.8,0.0
customize.gifts,brand/retail,4,27,0.0,50.2,0.0
artsymats.com,brand/retail,4,27,0.0,18.8,0.2
easy-linen.com,brand/retail,1,27,0.0,10.0,0.1
sauna-store.com,brand/retail,2,27,0.0,10.0,0.3
quiltingdigest.com,brand/retail,7,27,0.0,35.9,0.0
clipart.com,brand/retail,2,27,0.0,14.0,0.1
bath-mat.com,brand/retail,12,27,0.0,36.4,0.1
songmeanings.com,brand/retail,1,27,0.0,10.0,0.1
insidehook.com,brand/retail,1,27,0.0,10.0,0.1
sierraconcepts.com,brand/retail,1,27,0.0,10.0,0.1
centerstreetquilts.com,brand/retail,1,27,0.0,10.0,0.1
driventoevolve.com,brand/retail,1,27,0.0,10.0,0.1
rumpl.ca,brand/retail,1,27,0.0,10.0,0.1
steinersports.com,brand/retail,1,27,0.0,10.0,0.1
spearmintlove.com,brand/retail,3,27,0.0,15.3,0.2
questoutdoors.com,brand/retail,4,27,0.0,19.2,0.1
chiropracticoutfitters.com,brand/retail,2,27,0.0,26.5,0.2
happygentleman.com,brand/retail,6,27,0.0,24.8,0.2
thebragenie.com,brand/retail,2,27,0.0,27.5,0.4
thetallrobecompany.com,brand/retail,2,27,0.0,7.5,0.7
bottomdr.com,brand/retail,2,26,0.0,18.0,0.1
onthegolinens.com,brand/retail,2,26,0.0,17.5,0.1
famitechsolutions.com,brand/retail,3,26,0.0,44.3,0.0
jmstents.com,brand/retail,2,26,0.0,25.5,0.1
coastalplace.com,brand/retail,4,26,0.0,26.5,0.1
hollywoodreporter.com,brand/retail,2,26,0.0,30.0,0.1
smilingcolors.com,brand/retail,2,26,0.0,28.5,0.1
music.youtube.com,brand/retail,1,26,0.0,11.0,0.1
lenovo.com,brand/retail,2,26,0.0,18.5,0.1
weireventrentals.com,brand/retail,2,26,0.0,29.0,0.1
roku.com,brand/retail,1,26,0.0,11.0,0.1
warmthingsonline.com,brand/retail,5,26,0.0,44.8,0.1
magicsleepermattress.com,brand/retail,1,26,0.0,11.0,0.1
pillowpops.com,brand/retail,1,26,0.0,11.0,0.1
automoblog.com,brand/retail,1,26,0.0,11.0,0.1
lesliespool.com,brand/retail,1,26,0.0,11.0,0.1
brassna.com,brand/retail,1,26,0.0,11.0,0.1
ulmwarhawks.com,brand/retail,1,26,0.0,11.0,0.1
sheetpiling.arcelormittal.com,brand/retail,1,26,0.0,13.0,0.1
wiaap.org,brand/retail,1,26,0.0,8.0,0.3
123stitch.com,brand/retail,4,26,0.0,31.5,0.1
millermats.com,brand/retail,6,26,0.0,38.7,0.1
saksoff5th.com,brand/retail,9,26,0.0,41.4,0.0
experimentalspace.com,brand/retail,2,26,0.0,14.0,0.1
michigan.view.interstatelogos.com,brand/retail,1,26,0.0,8.0,0.3
fanwer.com,brand/retail,1,26,0.0,8.0,0.3
us.shein.com,brand/retail,9,26,0.0,33.8,0.4
perfectlittlepillows.com,brand/retail,1,26,0.0,8.0,0.3
linencleans.com,brand/retail,1,26,0.0,8.0,0.3
morgantayler.com,brand/retail,1,26,0.0,8.0,0.3
subthisandthat.com,brand/retail,1,26,0.0,8.0,0.3
ngalatrading.com,brand/retail,1,26,0.0,8.0,0.3
zoominfo.com,brand/retail,2,26,0.0,11.5,0.3
brasnthings.com,brand/retail,13,26,0.0,40.5,0.0
livingsabai.com,brand/retail,1,26,0.0,7.0,0.4
seagrovestoneware.com,brand/retail,1,26,0.0,7.0,0.4
rivelathletics.com,brand/retail,1,26,0.0,7.0,0.4
fab-ent.com,brand/retail,1,26,0.0,7.0,0.4
redroosterlaserarts.com,brand/retail,1,26,0.0,8.0,0.3
atlantasewing.com,brand/retail,1,26,0.0,8.0,0.3
luglife.com,brand/retail,1,26,0.0,8.0,0.3
putthison.com,brand/retail,1,26,0.0,8.0,0.3
rootedandrefinedliving.com,brand/retail,1,26,0.0,8.0,0.3
hardwareresources.com,brand/retail,1,26,0.0,8.0,0.3
shop-beurer.com,brand/retail,1,26,0.0,8.0,0.3
bludot.com,brand/retail,1,26,0.0,8.0,0.3
one5c.com,brand/retail,1,26,0.0,8.0,0.3
laraehandmade.com,brand/retail,1,26,0.0,8.0,0.3
milkology.org,brand/retail,1,26,0.0,7.0,0.4
mattressliquidatorsusa.com,brand/retail,1,26,0.0,7.0,0.4
store.hermanmiller.com,brand/retail,1,26,0.0,7.0,0.4
bullockozkandesigns.com,brand/retail,1,26,0.0,7.0,0.4
a1american.com,brand/retail,1,26,0.0,8.0,0.3
ucsart.com,brand/retail,1,26,0.0,8.0,0.3
fictionhorizon.com,brand/retail,1,26,0.0,8.0,0.3
herbonyhairessentials.com,brand/retail,1,26,0.0,8.0,0.3
shopsouthernmade.com,brand/retail,1,26,0.0,8.0,0.3
booppillow.com,brand/retail,1,26,0.0,8.0,0.3
summersunstories.com,brand/retail,1,26,0.0,8.0,0.3
alignable.com,brand/retail,2,26,0.0,8.5,0.5
sleepcenterdirect.com,brand/retail,1,26,0.0,7.0,0.4
gloryandpower.com,brand/retail,1,26,0.0,7.0,0.4
massagetablesnow.com,brand/retail,1,26,0.0,7.0,0.4
brettsnaturalhealth.com,brand/retail,1,26,0.0,7.0,0.4
apumpkinandaprincess.com,brand/retail,1,26,0.0,7.0,0.4
rockflowerpaper.com,brand/retail,1,26,0.0,7.0,0.4
futontokyo.com,brand/retail,1,26,0.0,7.0,0.4
soiltostudio.com,brand/retail,1,26,0.0,7.0,0.4
spoken.io,brand/retail,1,26,0.0,7.0,0.4
snagtights.us,brand/retail,1,26,0.0,7.0,0.4
mycruiseon.com,brand/retail,1,26,0.0,7.0,0.4
inthelooptravel.com,brand/retail,1,26,0.0,7.0,0.4
wheatonwhaleyhome.com,brand/retail,1,26,0.0,7.0,0.4
dabombfizzers.com,brand/retail,1,26,0.0,7.0,0.4
luxire.com,brand/retail,5,26,0.0,24.8,0.3
yimobra.com,brand/retail,1,26,0.0,7.0,0.4
petitestudionyc.com,brand/retail,1,26,0.0,7.0,0.4
houseofbruar.com,brand/retail,1,26,0.0,7.0,0.4
receptionflipflops.com,brand/retail,1,26,0.0,7.0,0.4
global.danner.com,brand/retail,1,26,0.0,7.0,0.4
okbison.org,brand/retail,1,26,0.0,7.0,0.4
unkimono.com,brand/retail,1,26,0.0,7.0,0.4
chicagoblackcat.com,brand/retail,1,26,0.0,7.0,0.4
dr-rubinstein.com,brand/retail,1,26,0.0,8.0,0.3
earthlythreads.com,brand/retail,3,26,0.0,18.3,0.4
hsmercantile.com,brand/retail,2,26,0.0,15.5,0.5
luxurobes.com,brand/retail,3,26,0.0,14.3,0.6
trashy.com,brand/retail,2,26,0.0,22.5,0.5
creeklinehouse.com,brand/retail,2,26,0.0,7.5,0.7
store.nba.com,brand/retail,1,26,0.0,4.0,0.7
trulymama.com,brand/retail,1,25,0.0,23.0,0.0
patchworkplus-quilting.com,brand/retail,1,25,0.0,23.0,0.0
magnet4sale.com,brand/retail,1,25,0.0,23.0,0.0
designhill.com,brand/retail,1,25,0.0,23.0,0.0
edlingallery.com,brand/retail,1,25,0.0,24.0,0.0
saddlepeakdental.com,brand/retail,1,25,0.0,24.0,0.0
cpaprx.com,brand/retail,1,25,0.0,24.0,0.0
hsmagnets.com,brand/retail,1,25,0.0,24.0,0.0
patriciafentie.com,brand/retail,1,25,0.0,24.0,0.0
daneey.com,brand/retail,1,25,0.0,25.0,0.0
checkout.byourbed.com,brand/retail,1,25,0.0,25.0,0.0
pizzazhome.com,brand/retail,1,25,0.0,26.0,0.0
vitalityweb.com,brand/retail,1,25,0.0,26.0,0.0
tapeplanet.com,brand/retail,1,25,0.0,26.0,0.0
theblueelephants.com,brand/retail,1,25,0.0,26.0,0.0
mykitchencenter.com,brand/retail,1,25,0.0,26.0,0.0
drvidan.com,brand/retail,1,25,0.0,27.0,0.0
alphamom.com,brand/retail,1,25,0.0,27.0,0.0
stampnstorage.com,brand/retail,1,25,0.0,27.0,0.0
biokleenhome.com,brand/retail,1,25,0.0,27.0,0.0
shop.themaker.com,brand/retail,1,25,0.0,27.0,0.0
touchoftiffanysdesign.com,brand/retail,1,25,0.0,27.0,0.0
geesbendmade.com,brand/retail,1,25,0.0,28.0,0.0
magnetvalley.com,brand/retail,1,25,0.0,28.0,0.0
ecoroots.us,brand/retail,1,25,0.0,28.0,0.0
countrymusichalloffame.org,brand/retail,1,25,0.0,29.0,0.0
thesleepshopinc.com,brand/retail,1,25,0.0,29.0,0.0
fitsportsproducts.com,brand/retail,1,25,0.0,29.0,0.0
1stamericahme.com,brand/retail,1,25,0.0,29.0,0.0
pilotonline.com,brand/retail,1,25,0.0,29.0,0.0
superwarehouse.com,brand/retail,1,25,0.0,29.0,0.0
forceofnatureclean.com,brand/retail,1,25,0.0,29.0,0.0
samsonorthotics.com,brand/retail,1,25,0.0,30.0,0.0
sunnysidehaven.com,brand/retail,1,25,0.0,30.0,0.0
secondwindcpap.com,brand/retail,1,25,0.0,30.0,0.0
allergyguardian.com,brand/retail,1,25,0.0,30.0,0.0
mothersearth.com,brand/retail,1,25,0.0,31.0,0.0
acrochetedsimplicity.com,brand/retail,1,25,0.0,31.0,0.0
cozyzzz.com,brand/retail,1,25,0.0,31.0,0.0
whitney.org,brand/retail,1,25,0.0,32.0,0.0
oxygenconcentratorstore.com,brand/retail,1,25,0.0,32.0,0.0
northtexaspdo.com,brand/retail,1,25,0.0,33.0,0.0
ocuuziisustore.com,brand/retail,1,25,0.0,33.0,0.0
courant.com,brand/retail,1,25,0.0,33.0,0.0
bsensible.com,brand/retail,1,25,0.0,33.0,0.0
three-geese.com,brand/retail,1,25,0.0,33.0,0.0
angelmedicalsupply.com,brand/retail,1,25,0.0,34.0,0.0
buyfreddie.com,brand/retail,1,25,0.0,34.0,0.0
thenomadknot.com,brand/retail,1,25,0.0,34.0,0.0
cozycuddlezzz.com,brand/retail,1,25,0.0,34.0,0.0
cpapamerica.com,brand/retail,1,25,0.0,34.0,0.0
paceline.fit,brand/retail,2,25,0.0,36.0,0.0
vietri.com,brand/retail,2,25,0.0,20.5,0.1
decorativefabricsdirect.com,brand/retail,4,25,0.0,44.5,0.0
delicate-leather.com,brand/retail,4,25,0.0,24.8,0.1
boards.weddingbee.com,brand/retail,2,25,0.0,13.5,0.1
summitracing.com,brand/retail,1,25,0.0,14.0,0.1
fleurdeliseventrental.com,brand/retail,1,25,0.0,14.0,0.1
linensthingsandmore.com,brand/retail,1,25,0.0,14.0,0.1
alongcamequilting.com,brand/retail,3,25,0.0,25.0,0.1
oncloud9.com,brand/retail,5,25,0.0,24.6,0.1
piledrivers.org,brand/retail,1,25,0.0,14.0,0.1
smithcorona.com,brand/retail,1,25,0.0,14.0,0.1
luxurythrowblanket.com,brand/retail,4,25,0.0,53.5,0.1
platinumhousekeeping.com,brand/retail,6,25,0.0,64.0,0.0
creativehomemaking.com,brand/retail,6,25,0.0,67.2,0.0
sleeplander.com,brand/retail,6,25,0.0,46.7,0.0
ruralking.com,brand/retail,2,25,0.0,12.5,0.1
woolandthegang.com,brand/retail,2,25,0.0,24.0,0.1
suncatcherstudio.com,brand/retail,4,25,0.0,37.0,0.1
goldenteak.com,brand/retail,2,25,0.0,12.5,0.1
kitchenknifeforums.com,brand/retail,2,25,0.0,12.0,0.2
crochetncrafts.com,brand/retail,3,25,0.0,31.0,0.1
peterchristianoutfitters.com,brand/retail,13,25,0.0,38.8,0.0
fashionjournal.com.au,brand/retail,3,25,0.0,13.0,0.2
cityfurniture.com,brand/retail,5,25,0.0,10.4,1.1
stetson.com,brand/retail,3,25,0.0,33.7,0.6
thenordicwave.com,brand/retail,1,24,0.0,20.0,0.1
lucismorsels.com,brand/retail,1,24,0.0,20.0,0.1
blog.lellaboutique.com,brand/retail,1,24,0.0,20.0,0.1
hippillowplus.com,brand/retail,2,24,0.0,15.5,0.1
premiumhomeoutlet.com,brand/retail,5,24,0.0,30.6,0.0
imperialrooms.co.uk,brand/retail,4,24,0.0,51.0,0.0
atkinsonsofvancouver.com,brand/retail,2,24,0.0,19.5,0.1
wildwestliving.com,brand/retail,3,24,0.0,25.0,0.1
sheplers.com,brand/retail,3,24,0.0,25.7,0.1
paristexasco.com,brand/retail,2,24,0.0,19.0,0.1
olybedstore.com,brand/retail,2,24,0.0,24.0,0.1
chickenscratchny.com,brand/retail,2,24,0.0,18.0,0.1
lanyspace.com,brand/retail,2,24,0.0,25.0,0.1
integritylinens.com,brand/retail,4,24,0.0,37.8,0.1
melanielyne.com,brand/retail,8,24,0.0,46.5,0.0
bemboka.com,brand/retail,4,24,0.0,48.2,0.0
lldanduno.com,brand/retail,4,24,0.0,54.0,0.0
tamingthemess.com,brand/retail,4,24,0.0,55.8,0.0
bestmaids.com,brand/retail,4,24,0.0,57.8,0.0
rugknots.com,brand/retail,4,24,0.0,58.8,0.0
nutped.weebly.com,brand/retail,4,24,0.0,61.2,0.0
sparklymaidaustin.com,brand/retail,4,24,0.0,67.5,0.0
maidforyou.com.au,brand/retail,4,24,0.0,71.0,0.0
myluxqueen.com,brand/retail,5,24,0.0,63.2,0.0
suitsoutlets.com,brand/retail,5,24,0.0,30.4,0.1
pixabay.com,brand/retail,3,24,0.0,41.0,0.1
wholesaletowel.com,brand/retail,6,24,0.0,28.5,0.1
dixxon.com,brand/retail,4,24,0.0,17.0,0.2
answers.com,brand/retail,4,24,0.0,29.8,0.1
abchome.com,brand/retail,3,24,0.0,34.7,0.5
thehotelsheet.co.nz,brand/retail,1,24,0.0,9.0,0.2
cleanfreak.com,brand/retail,1,24,0.0,9.0,0.2
sharcpm.com,brand/retail,1,24,0.0,9.0,0.2
stashbandit.net,brand/retail,1,24,0.0,9.0,0.2
newwaveknitting.com,brand/retail,1,24,0.0,9.0,0.2
thetoweldepot.com,brand/retail,1,24,0.0,9.0,0.2
sharmispassions.com,brand/retail,1,24,0.0,9.0,0.2
uk.news.yahoo.com,brand/retail,1,24,0.0,9.0,0.2
citizen-times.com,brand/retail,1,24,0.0,9.0,0.2
hospecobrands.com,brand/retail,1,24,0.0,9.0,0.2
weircrafts.com,brand/retail,1,24,0.0,9.0,0.2
deliacreates.com,brand/retail,1,24,0.0,9.0,0.2
smithandrogue.com,brand/retail,1,24,0.0,9.0,0.2
tabletmag.com,brand/retail,1,24,0.0,9.0,0.2
autumnmoonkidsclothing.com,brand/retail,1,24,0.0,9.0,0.2
squishydeluxe.com,brand/retail,1,24,0.0,9.0,0.2
harpswelldesigns.com,brand/retail,1,24,0.0,9.0,0.2
ourmed.life,brand/retail,1,24,0.0,9.0,0.2
koolaburra.com,brand/retail,1,24,0.0,9.0,0.2
tailbonedoctor.com,brand/retail,1,24,0.0,9.0,0.2
apolloemb.com,brand/retail,1,24,0.0,9.0,0.2
images-na.ssl-images-amazon.com,brand/retail,1,24,0.0,9.0,0.2
swirlygirlsdesign.com,brand/retail,2,24,0.0,13.0,0.3
oregonshoulder.com,brand/retail,2,24,0.0,12.5,0.3
mangooutlet.com,brand/retail,3,24,0.0,24.3,0.5
wholesale.bocaterry.com,brand/retail,1,24,0.0,6.0,0.5
nostalgicbabyvintage.com,brand/retail,1,24,0.0,6.0,0.5
vaticanum.com,brand/retail,1,24,0.0,6.0,0.5
shoppointcollection.com,brand/retail,1,24,0.0,6.0,0.5
priorsnow.com,brand/retail,1,24,0.0,6.0,0.5
sofnfreenaturals.com,brand/retail,1,24,0.0,6.0,0.5
secure.slipxsolutions.com,brand/retail,1,24,0.0,6.0,0.5
turkishwaffletowel.com,brand/retail,1,24,0.0,6.0,0.5
hangrr.com,brand/retail,2,24,0.0,13.5,0.6
tatatowels.worthepenny.com,brand/retail,1,23,0.0,21.0,0.0
thresholdhomehotsale.com,brand/retail,1,23,0.0,21.0,0.0
shopmoonchildcollective.com,brand/retail,1,23,0.0,21.0,0.0
chickadeevintage.com,brand/retail,1,23,0.0,16.0,0.1
sanggolcomfort.com,brand/retail,2,23,0.0,36.0,0.0
my.clevelandclinic.org,brand/retail,2,23,0.0,48.0,0.0
support.polysleep.ca,brand/retail,1,23,0.0,16.0,0.1
ppalphago.com,brand/retail,1,23,0.0,16.0,0.1
may.app,brand/retail,1,23,0.0,17.0,0.1
ar.pinterest.com,brand/retail,3,23,0.0,30.0,0.1
everrestusa.com,brand/retail,4,23,0.0,27.5,0.1
southerncomfortbedding.com,brand/retail,3,23,0.0,37.3,0.1
isevents.com,brand/retail,2,23,0.0,27.0,0.0
history.primitivegatherings.us,brand/retail,2,23,0.0,28.5,0.0
zovebeauty.com.au,brand/retail,2,23,0.0,30.0,0.0
atlaseventrental.com,brand/retail,2,23,0.0,30.0,0.0
quiltcomfort.com,brand/retail,2,23,0.0,30.0,0.0
digitizedquiltingpatterns.com,brand/retail,2,23,0.0,30.5,0.0
bedable.com,brand/retail,4,23,0.0,28.5,0.0
savvysleepers.com,brand/retail,2,23,0.0,33.5,0.0
puresilks.us,brand/retail,2,23,0.0,36.0,0.0
prima.co.uk,brand/retail,2,23,0.0,39.0,0.0
eversilk.com,brand/retail,2,23,0.0,42.5,0.0
nauticaldecorandgifts.com,brand/retail,2,23,0.0,43.5,0.0
sino-silk.com,brand/retail,2,23,0.0,44.0,0.0
egyptiancottonbedding.net,brand/retail,2,23,0.0,45.5,0.0
gotyacoveredlinens.com,brand/retail,2,23,0.0,46.0,0.0
en.sleepcountry.ca,brand/retail,2,23,0.0,47.5,0.0
funcrochetpatterns.com,brand/retail,2,23,0.0,49.5,0.0
partyrentalsanddecor.com,brand/retail,2,23,0.0,51.0,0.0
jocoequipmentrental.com,brand/retail,2,23,0.0,53.0,0.0
thelinengallery.com,brand/retail,2,23,0.0,55.5,0.0
reventals.com,brand/retail,2,23,0.0,56.5,0.0
linensandlinens.org,brand/retail,1,23,0.0,16.0,0.1
jtillman.com,brand/retail,1,23,0.0,16.0,0.1
noblecompanyonlinestore.com,brand/retail,1,23,0.0,16.0,0.1
stopandshop.com,brand/retail,1,23,0.0,16.0,0.1
premiereeventsonline.com,brand/retail,1,23,0.0,16.0,0.1
matt-to-go.com,brand/retail,1,23,0.0,16.0,0.1
printpaws.com,brand/retail,1,23,0.0,16.0,0.1
cookpad.com,brand/retail,1,23,0.0,16.0,0.1
zenlogy.com,brand/retail,1,23,0.0,16.0,0.1
m.ok.ru,brand/retail,1,23,0.0,17.0,0.1
indieonthemove.com,brand/retail,1,23,0.0,17.0,0.1
heartcosy.com,brand/retail,1,23,0.0,17.0,0.1
rockvilleinteriors.com,brand/retail,1,23,0.0,17.0,0.1
5acrescandleco.com,brand/retail,1,23,0.0,17.0,0.1
ddplasticfilm.com,brand/retail,1,23,0.0,17.0,0.1
visionsub.com,brand/retail,1,23,0.0,17.0,0.1
kegnbottle.com,brand/retail,1,23,0.0,17.0,0.1
asinhe.com,brand/retail,3,23,0.0,35.7,0.0
lodgecraft.com,brand/retail,2,23,0.0,20.0,0.1
fyrepartyrentals.com,brand/retail,2,23,0.0,37.0,0.0
apartyapart.com,brand/retail,2,23,0.0,38.0,0.0
catalog.boisepartyrentals.com,brand/retail,2,23,0.0,44.5,0.0
ebony.com,brand/retail,2,23,0.0,12.0,0.1
ssweddings.store,brand/retail,3,23,0.0,18.7,0.1
wildflowerorganics.com,brand/retail,6,23,0.0,33.7,0.0
ongoody.com,brand/retail,2,23,0.0,13.5,0.1
legacydecor.com,brand/retail,5,23,0.0,23.8,0.1
cosplaysupplies.com,brand/retail,3,23,0.0,29.0,0.1
oliverands.com,brand/retail,2,23,0.0,16.0,0.1
rallyhouse.com,brand/retail,4,23,0.0,13.8,0.3
rockandrollcitymattress.com,brand/retail,3,23,0.0,15.0,0.2
collectpeanuts.com,brand/retail,2,23,0.0,10.5,0.2
superdry.com,brand/retail,8,23,0.0,30.2,0.1
themikephillipsforum.com,brand/retail,1,23,0.0,7.0,0.4
mlily.com.au,brand/retail,1,23,0.0,7.0,0.4
medieval-market.com,brand/retail,2,23,0.0,12.0,0.3
stenstroms.com,brand/retail,2,23,0.0,9.5,0.3
carriagehousebirth.com,brand/retail,1,23,0.0,7.0,0.4
beachhousetowels.com,brand/retail,1,23,0.0,7.0,0.4
shebirdshop.com,brand/retail,1,23,0.0,7.0,0.4
liliasvintagefabrics.com,brand/retail,1,23,0.0,7.0,0.4
lynnebaab.com,brand/retail,1,23,0.0,5.0,0.6
talesofastitcher.com,brand/retail,1,23,0.0,5.0,0.6
uswe.com,brand/retail,1,23,0.0,5.0,0.6
homespunllc.com,brand/retail,1,23,0.0,5.0,0.6
quality-bedding-and-furniture.wheree.com,brand/retail,1,23,0.0,5.0,0.6
clic.com,brand/retail,1,23,0.0,5.0,0.6
birdeye.com,brand/retail,1,23,0.0,2.0,0.9
bestpricefurnitureflorida.com,brand/retail,1,23,0.0,2.0,0.9
linenway.com,brand/retail,1,22,0.0,19.0,0.1
fishersci.com,brand/retail,1,22,0.0,19.0,0.1
easyquiltingpatterns.com,brand/retail,1,22,0.0,19.0,0.1
healthy-pet.com,brand/retail,1,22,0.0,19.0,0.1
postoprecovery.com,brand/retail,1,22,0.0,19.0,0.1
perfectcloudmattress.com,brand/retail,1,22,0.0,19.0,0.1
freshdirect.com,brand/retail,1,22,0.0,19.0,0.1
shopsocietysocial.com,brand/retail,1,22,0.0,19.0,0.1
mypersonalmemories.com,brand/retail,1,22,0.0,22.0,0.0
quickdrytowels.com,brand/retail,1,22,0.0,22.0,0.0
karlyalane.com,brand/retail,1,22,0.0,22.0,0.0
onecrazymom.com,brand/retail,1,22,0.0,18.0,0.1
engoo.com,brand/retail,1,22,0.0,18.0,0.1
fullsource.com,brand/retail,2,22,0.0,15.5,0.1
us.savoirbeds.com,brand/retail,1,22,0.0,15.0,0.1
amazon.in,brand/retail,4,22,0.0,39.0,0.0
miulee.com,brand/retail,4,22,0.0,32.8,0.0
latuza.com,brand/retail,7,22,0.0,27.0,0.0
adaytrip.com,brand/retail,4,22,0.0,35.8,0.1
tvguide.com,brand/retail,1,22,0.0,12.0,0.1
quadratec.com,brand/retail,1,22,0.0,15.0,0.1
linens-n-more.com,brand/retail,1,22,0.0,15.0,0.1
talalayliving.com,brand/retail,1,22,0.0,12.0,0.1
typesauto.com,brand/retail,1,22,0.0,12.0,0.1
sinkology.com,brand/retail,1,22,0.0,12.0,0.1
escglobalgroup.com,brand/retail,1,22,0.0,15.0,0.1
pillowtalk.com.au,brand/retail,3,22,0.0,33.7,0.1
roamans.com,brand/retail,2,22,0.0,21.5,0.1
logcabinrustics.com,brand/retail,2,22,0.0,17.5,0.1
home-barista.com,brand/retail,1,22,0.0,11.0,0.1
cedarandstonesauna.com,brand/retail,1,22,0.0,11.0,0.1
pgnbearings.com,brand/retail,1,22,0.0,11.0,0.1
americansurfmagazine.com,brand/retail,1,22,0.0,11.0,0.1
medicus-health.com,brand/retail,3,22,0.0,17.3,0.2
scandinavianshoppe.com,brand/retail,2,22,0.0,25.0,0.1
wholelinens.com,brand/retail,6,22,0.0,38.3,0.0
lilyardor.com,brand/retail,1,22,0.0,11.0,0.1
meet.ribblr.com,brand/retail,1,22,0.0,11.0,0.1
coscaexports.com,brand/retail,1,22,0.0,11.0,0.1
excellenceinadulted.org,brand/retail,1,22,0.0,11.0,0.1
cliffordclinic.com,brand/retail,2,22,0.0,13.0,0.2
brandtbox.com,brand/retail,2,22,0.0,22.5,0.1
zimmermann.com,brand/retail,10,22,0.0,42.6,0.0
royalpillow.com,brand/retail,3,22,0.0,26.7,0.2
legacyrugusa.com,brand/retail,4,22,0.0,19.5,0.2
vedantu.com,brand/retail,5,22,0.0,37.0,0.0
shopmandalaybay.com,brand/retail,2,22,0.0,13.5,0.1
shopvdara.com,brand/retail,2,22,0.0,13.5,0.1
earthhero.com,brand/retail,2,22,0.0,14.0,0.1
flairrobe.com,brand/retail,1,22,0.0,11.0,0.1
knittingparadise.com,brand/retail,1,22,0.0,11.0,0.1
sylviasquiltersquarters.com,brand/retail,1,22,0.0,12.0,0.1
tatcha.com,brand/retail,2,22,0.0,13.0,0.1
rusticstrength.com,brand/retail,3,22,0.0,23.7,0.5
piecedbrain.com,brand/retail,3,22,0.0,20.7,0.1
beehivecraftstudio.com,brand/retail,2,22,0.0,14.5,0.2
restfulnights.com,brand/retail,5,22,0.0,38.8,0.1
shop.harrispillow.com,brand/retail,2,22,0.0,35.0,0.2
thebluedoorboutique.com,brand/retail,12,22,0.0,40.0,0.1
shoprachelzoe.com,brand/retail,2,22,0.0,12.5,0.5
theeasternloom.com,brand/retail,2,22,0.0,23.0,0.3
us.homebodii.com,brand/retail,3,22,0.0,12.0,0.2
yourswimlog.com,brand/retail,2,22,0.0,9.5,0.6
ivyrobes.com,brand/retail,3,22,0.0,15.3,0.4
matchinglook.com,brand/retail,2,22,0.0,12.5,0.6
browninteriors.com,brand/retail,1,21,0.0,29.0,0.0
zipcushions.com,brand/retail,2,21,0.0,19.0,0.1
hycdesign.com,brand/retail,2,21,0.0,49.5,0.0
naturalcollectioncorp.com,brand/retail,2,21,0.0,20.5,0.1
kari-studio.com,brand/retail,2,21,0.0,35.5,0.0
vintik.net,brand/retail,2,21,0.0,55.0,0.0
mzseating.com,brand/retail,2,21,0.0,30.5,0.0
furnitureplusmax.com,brand/retail,2,21,0.0,43.5,0.0
jewellnursingsolutions.com,brand/retail,1,21,0.0,13.0,0.1
imagefirst.com,brand/retail,1,21,0.0,13.0,0.1
answers.avacaremedical.com,brand/retail,1,21,0.0,13.0,0.1
musart.com,brand/retail,1,21,0.0,13.0,0.1
worldofcrow.com,brand/retail,1,21,0.0,13.0,0.1
manoirgroup.com,brand/retail,1,21,0.0,13.0,0.1
altchar.com,brand/retail,1,21,0.0,13.0,0.1
redfernentus.com,brand/retail,1,21,0.0,13.0,0.1
camelcamelcamel.com,brand/retail,1,21,0.0,13.0,0.1
primark.com,brand/retail,1,21,0.0,13.0,0.1
msskincare.co,brand/retail,1,21,0.0,13.0,0.1
jefferspet.com,brand/retail,1,21,0.0,13.0,0.1
viverano.com,brand/retail,1,21,0.0,13.0,0.1
med.unc.edu,brand/retail,1,21,0.0,13.0,0.1
kaplanco.com,brand/retail,1,21,0.0,13.0,0.1
jiggery-pokery.biz,brand/retail,1,21,0.0,13.0,0.1
iheart.com,brand/retail,1,21,0.0,13.0,0.1
bugfabric.com,brand/retail,1,21,0.0,13.0,0.1
limelightpaper.com,brand/retail,2,21,0.0,16.5,0.1
photocanvasprints.com,brand/retail,3,21,0.0,25.3,0.0
homelosophy.com,brand/retail,4,21,0.0,30.5,0.1
sweetiecustomdesign.com,brand/retail,3,21,0.0,50.0,0.0
thezoereport.com,brand/retail,4,21,0.0,33.0,0.1
vikingjanitorsupplies.com,brand/retail,1,21,0.0,10.0,0.1
mattresssuperstore.com,brand/retail,1,21,0.0,10.0,0.1
armysurplusworld.com,brand/retail,1,21,0.0,10.0,0.1
back2linen.com,brand/retail,5,21,0.0,36.0,0.1
mfimedical.com,brand/retail,2,21,0.0,17.0,0.1
vaia.com,brand/retail,4,21,0.0,31.2,0.1
esmeluxury.com,brand/retail,6,21,0.0,52.3,0.1
twotwentyone.net,brand/retail,1,21,0.0,10.0,0.1
wpe.hoffmanacademy.com,brand/retail,1,21,0.0,10.0,0.1
profabricsupply.com,brand/retail,1,21,0.0,10.0,0.1
anandplastics.com,brand/retail,1,21,0.0,10.0,0.1
everfan.com,brand/retail,1,21,0.0,10.0,0.1
teachucomp.com,brand/retail,1,21,0.0,10.0,0.1
preservationtutorial.library.cornell.edu,brand/retail,1,21,0.0,10.0,0.1
bouclair.com,brand/retail,8,21,0.0,39.9,0.0
pillowsxpress.com,brand/retail,3,21,0.0,18.0,0.2
mdschurchsupplies.com,brand/retail,2,21,0.0,11.0,0.5
bellabridesmaids.com,brand/retail,6,21,0.0,34.0,0.5
myksilk.com,brand/retail,4,21,0.0,22.0,0.6
michael-jackson.fandom.com,brand/retail,1,21,0.0,4.0,0.7
everythingnautical.com,brand/retail,1,21,0.0,4.0,0.7
customcushions.com,brand/retail,2,20,0.0,17.5,0.1
chiro1source.com,brand/retail,1,20,0.0,14.0,0.1
operabeds.com,brand/retail,1,20,0.0,14.0,0.1
queenannepillow.com,brand/retail,1,20,0.0,14.0,0.1
stageofjoy.com,brand/retail,1,20,0.0,14.0,0.1
dragonwishes.com,brand/retail,1,20,0.0,14.0,0.1
galushafarm.com,brand/retail,1,20,0.0,14.0,0.1
shopiris.com,brand/retail,1,20,0.0,14.0,0.1
lovelyvs.com,brand/retail,1,20,0.0,14.0,0.1
lexmethod.com,brand/retail,1,20,0.0,14.0,0.1
staplespromo.com,brand/retail,1,20,0.0,14.0,0.1
blacksheepmattress.com,brand/retail,4,20,0.0,46.0,0.0
kingcottonfabrics.com,brand/retail,1,20,0.0,14.0,0.1
coolhorse.com,brand/retail,1,20,0.0,14.0,0.1
contracts.dot.state.oh.us,brand/retail,1,20,0.0,14.0,0.1
rootandco.com,brand/retail,1,20,0.0,14.0,0.1
simplymaggie.com,brand/retail,1,20,0.0,14.0,0.1
citrusreef.com,brand/retail,1,20,0.0,14.0,0.1
spicylingerie.com,brand/retail,8,20,0.0,48.9,0.0
cleanmyspace.com,brand/retail,6,20,0.0,37.3,0.0
decoratorsbest.com,brand/retail,4,20,0.0,31.8,0.1
voited.com,brand/retail,3,20,0.0,16.3,0.5
menssuithabit.com,brand/retail,4,20,0.0,47.0,0.0
meritlinens.com,brand/retail,5,20,0.0,34.6,0.1
fredesigner.com,brand/retail,7,20,0.0,41.7,0.0
victorialinen.co.uk,brand/retail,3,20,0.0,24.7,0.1
alamy.com,brand/retail,4,20,0.0,26.8,0.1
thebeautygypsy.com,brand/retail,6,20,0.0,48.3,0.0
bettymills.com,brand/retail,3,20,0.0,15.0,0.1
chelie.us,brand/retail,7,20,0.0,40.7,0.0
ditki.com,brand/retail,3,20,0.0,19.3,0.1
theinside.com,brand/retail,4,20,0.0,33.5,0.1
sewinglocal.com,brand/retail,5,20,0.0,34.2,0.1
arbeedesigns.com,brand/retail,2,20,0.0,13.5,0.1
kutfootball.com,brand/retail,1,20,0.0,9.0,0.2
huntingtonbrass.com,brand/retail,1,20,0.0,9.0,0.2
myfrido.com,brand/retail,1,20,0.0,9.0,0.2
plaidshirtyogapants.com,brand/retail,1,20,0.0,9.0,0.2
thelittleluxury.com,brand/retail,1,20,0.0,9.0,0.2
lovelyindeed.com,brand/retail,1,20,0.0,9.0,0.2
outpostoriginal.com,brand/retail,1,20,0.0,9.0,0.2
shakesandcones.com,brand/retail,2,20,0.0,12.5,0.3
lissatheshop.com,brand/retail,1,20,0.0,8.0,0.3
noblepack.com,brand/retail,1,20,0.0,8.0,0.3
pleasurerestmattress.co,brand/retail,1,20,0.0,8.0,0.3
careactive.com,brand/retail,1,20,0.0,8.0,0.3
ironaccents.com,brand/retail,1,20,0.0,8.0,0.3
geekmom.com,brand/retail,1,20,0.0,8.0,0.3
kamapigment.com,brand/retail,1,20,0.0,9.0,0.2
link.springer.com,brand/retail,1,20,0.0,9.0,0.2
nexusmods.com,brand/retail,1,20,0.0,9.0,0.2
youglish.com,brand/retail,1,20,0.0,9.0,0.2
familyfarmandhome.com,brand/retail,1,20,0.0,9.0,0.2
bunssb.org,brand/retail,1,20,0.0,9.0,0.2
lsu.edu,brand/retail,1,20,0.0,9.0,0.2
siobeauty.com,brand/retail,1,20,0.0,9.0,0.2
nextdoor.com,brand/retail,5,20,0.0,25.0,0.2
gymsupply.com,brand/retail,1,20,0.0,8.0,0.3
lifetimerint.com,brand/retail,1,20,0.0,8.0,0.3
starbright-farm.com,brand/retail,1,20,0.0,8.0,0.3
trailspace.com,brand/retail,1,20,0.0,8.0,0.3
lanikaibathandbody.com,brand/retail,1,20,0.0,8.0,0.3
glenvanpeski.com,brand/retail,1,20,0.0,8.0,0.3
cookiesnobcrochet.com,brand/retail,1,20,0.0,8.0,0.3
aglassofbovino.com,brand/retail,1,20,0.0,8.0,0.3
martellinotions.com,brand/retail,1,20,0.0,8.0,0.3
sheridansurgical.com,brand/retail,1,20,0.0,8.0,0.3
limetreedesign.com,brand/retail,1,20,0.0,8.0,0.3
us.dilling.com,brand/retail,1,20,0.0,8.0,0.3
threadfellows.com,brand/retail,1,20,0.0,8.0,0.3
benandgiules.com,brand/retail,1,20,0.0,8.0,0.3
buybigjoe.com,brand/retail,1,20,0.0,8.0,0.3
alexmill.com,brand/retail,1,20,0.0,8.0,0.3
devonduvets.com,brand/retail,1,20,0.0,8.0,0.3
rejuvenationskinlab.com,brand/retail,1,20,0.0,9.0,0.2
prettyrobes.com,brand/retail,1,20,0.0,6.0,0.5
sketchfab.com,brand/retail,1,20,0.0,6.0,0.5
thevillageoutlet.com,brand/retail,1,20,0.0,6.0,0.5
daxriggs.com,brand/retail,1,20,0.0,6.0,0.5
prettypushers.com,brand/retail,1,20,0.0,6.0,0.5
missiondelrey.com,brand/retail,3,20,0.0,10.0,0.6
ashleywildegroup.com,brand/retail,1,20,0.0,6.0,0.5
uth.edu,brand/retail,1,19,0.0,20.0,0.1
gardenforwildlife.com,brand/retail,1,19,0.0,20.0,0.1
stylerunner.com,brand/retail,1,19,0.0,20.0,0.1
pillow-guru.com,brand/retail,1,19,0.0,20.0,0.1
bootyliciousbblpillow.com,brand/retail,1,19,0.0,20.0,0.1
nahanco.com,brand/retail,1,19,0.0,20.0,0.1
rickytims.com,brand/retail,1,19,0.0,21.0,0.0
kishkesh.com,brand/retail,1,19,0.0,21.0,0.0
groworganic.com,brand/retail,1,19,0.0,21.0,0.0
boldnotionquilting.com,brand/retail,1,19,0.0,21.0,0.0
amyywoahh.com,brand/retail,1,19,0.0,21.0,0.0
petmd.com,brand/retail,1,19,0.0,21.0,0.0
raviolinen.com,brand/retail,1,19,0.0,21.0,0.0
forums.thebump.com,brand/retail,3,19,0.0,22.7,0.1
plankmattress.com,brand/retail,3,19,0.0,19.7,0.6
down-direct.com,brand/retail,4,19,0.0,41.0,0.0
diffen.com,brand/retail,3,19,0.0,42.0,0.0
camillestyles.com,brand/retail,3,19,0.0,31.7,0.0
grayeaglebedding.com,brand/retail,4,19,0.0,40.5,0.0
fenrirthrows.com,brand/retail,1,19,0.0,16.0,0.1
yankeecustomtruck.com,brand/retail,1,19,0.0,16.0,0.1
themagictouchusa.com,brand/retail,2,19,0.0,25.5,0.1
omimattress.com,brand/retail,4,19,0.0,29.8,0.0
vinylandtullesupply.com,brand/retail,2,19,0.0,32.5,0.1
easierlife.biz,brand/retail,5,19,0.0,51.0,0.0
nickel-designs.com,brand/retail,2,19,0.0,19.5,0.1
simplegreen.com,brand/retail,3,19,0.0,47.3,0.1
luce.sg,brand/retail,5,19,0.0,49.4,0.0
martexplore.com,brand/retail,2,19,0.0,16.5,0.1
withwonderandwhimsy.com,brand/retail,3,19,0.0,28.7,0.1
dolcegabbana.com,brand/retail,2,19,0.0,15.5,0.1
albertonardoni.com,brand/retail,4,19,0.0,25.8,0.1
showlowmattress.com,brand/retail,2,19,0.0,17.0,0.1
graphicsfactory.com,brand/retail,3,19,0.0,20.0,0.1
mattressdirectpittsburgh.com,brand/retail,2,19,0.0,24.0,0.1
vintageporchswings.com,brand/retail,4,19,0.0,29.5,0.1
hand-towels.org,brand/retail,6,19,0.0,40.8,0.0
thesleepresource.com,brand/retail,6,19,0.0,46.8,0.0
mattressbrands.com,brand/retail,2,19,0.0,7.5,0.8
thesewingdirectory.co.uk,brand/retail,3,19,0.0,30.7,0.1
shutterflycanada.ca,brand/retail,3,19,0.0,18.3,0.2
willowcreekteak.com,brand/retail,3,19,0.0,30.0,0.1
airgear.store,brand/retail,2,19,0.0,15.0,0.1
rebeccaudall.com,brand/retail,4,19,0.0,18.0,0.1
casaandbeyond.com,brand/retail,6,19,0.0,24.8,0.2
alignholisticfitness.com,brand/retail,2,19,0.0,14.0,0.1
koalagp.com,brand/retail,2,19,0.0,14.5,0.1
pure-era.com,brand/retail,2,19,0.0,9.5,0.7
proluxmaterials.com,brand/retail,2,19,0.0,12.5,0.2
fantasmagoria.shop,brand/retail,2,19,0.0,15.0,0.3
goumikids.com,brand/retail,3,19,0.0,15.7,0.3
eliyalinen.com,brand/retail,2,19,0.0,21.0,0.4
non-slipbathmats.com,brand/retail,6,19,0.0,22.7,0.4
modlifestyles.com,brand/retail,1,18,0.0,19.0,0.1
bedding-sets.com,brand/retail,3,18,0.0,30.7,0.1
mattresskingonline.com,brand/retail,1,18,0.0,18.0,0.1
thetoothbrigade.com,brand/retail,1,18,0.0,18.0,0.1
krbeds.com,brand/retail,1,18,0.0,18.0,0.1
bestofsigns.com,brand/retail,1,18,0.0,18.0,0.1
caryquilting.com,brand/retail,1,18,0.0,19.0,0.1
hmmagnets.com,brand/retail,1,18,0.0,19.0,0.1
lexiconlearning.com,brand/retail,1,18,0.0,19.0,0.1
decorhaul.com,brand/retail,3,18,0.0,32.0,0.0
mommyhood101.com,brand/retail,2,18,0.0,22.5,0.1
stitchandyarn.com,brand/retail,2,18,0.0,24.5,0.0
linenguayabera.com,brand/retail,2,18,0.0,29.5,0.0
ropalino.com,brand/retail,2,18,0.0,30.0,0.0
guayaberasonline.com,brand/retail,2,18,0.0,30.5,0.0
modern-textiles.com,brand/retail,2,18,0.0,32.5,0.0
organiclifestyle.com,brand/retail,2,18,0.0,33.5,0.0
appalachianbaby.com,brand/retail,2,18,0.0,33.5,0.0
graylinemedical.com,brand/retail,2,18,0.0,34.0,0.0
classicmensdirect.com,brand/retail,2,18,0.0,34.0,0.0
mariannaslazydaisydesigns.com,brand/retail,2,18,0.0,34.5,0.0
snufflebean.co.uk,brand/retail,2,18,0.0,39.0,0.0
welikequilting.com,brand/retail,2,18,0.0,43.0,0.0
aidtosleep.com,brand/retail,2,18,0.0,43.5,0.0
lardedar.com,brand/retail,2,18,0.0,43.5,0.0
garnstudio.com,brand/retail,2,18,0.0,43.5,0.0
fabricatestudios.com,brand/retail,2,18,0.0,47.5,0.0
bigbathroomshop.co.uk,brand/retail,2,18,0.0,48.0,0.0
shopcountryfabrics.com,brand/retail,2,18,0.0,49.0,0.0
spaces.in,brand/retail,2,18,0.0,52.0,0.0
blog.cuddledown.com,brand/retail,2,18,0.0,52.5,0.0
everydaymodernquilts.com,brand/retail,2,18,0.0,52.5,0.0
threadtheneedlestitchery.com,brand/retail,2,18,0.0,52.5,0.0
cooling-gel.firmpillows.us,brand/retail,2,18,0.0,53.5,0.0
jaipurhandloom.com,brand/retail,2,18,0.0,54.0,0.0
lahomedecor.com,brand/retail,2,18,0.0,24.5,0.0
event-rents.com,brand/retail,2,18,0.0,24.5,0.0
mohawkhome.com,brand/retail,2,18,0.0,26.5,0.0
cleanako.com,brand/retail,2,18,0.0,27.5,0.0
linenrentalhouston.com,brand/retail,2,18,0.0,32.5,0.0
moderndecorus.com,brand/retail,2,18,0.0,36.0,0.0
brightstar-events.com,brand/retail,2,18,0.0,36.5,0.0
myhappyvibehome.com,brand/retail,2,18,0.0,40.0,0.0
cambridgetaylorrental.com,brand/retail,2,18,0.0,40.5,0.0
modrnizd.com,brand/retail,2,18,0.0,42.5,0.0
frostbyted.com,brand/retail,2,18,0.0,45.0,0.0
bambooinsider.com,brand/retail,2,18,0.0,46.0,0.0
baltimoresbestevents.com,brand/retail,2,18,0.0,47.0,0.0
satinsandsashes.com,brand/retail,2,18,0.0,51.0,0.0
artsandclassy.com,brand/retail,2,18,0.0,53.5,0.0
sandiegolinen.com,brand/retail,2,18,0.0,53.5,0.0
bambooinstyle.com.au,brand/retail,2,18,0.0,54.5,0.0
ezpostureproducts.com,brand/retail,1,18,0.0,15.0,0.1
pursonicusa.com,brand/retail,1,18,0.0,15.0,0.1
gagosianshop.com,brand/retail,1,18,0.0,15.0,0.1
trainerroad.com,brand/retail,1,18,0.0,15.0,0.1
coastalcountry.com,brand/retail,1,18,0.0,15.0,0.1
threadtocloth.com,brand/retail,1,18,0.0,15.0,0.1
shopgramercy.com,brand/retail,1,18,0.0,15.0,0.1
feminapt.com,brand/retail,1,18,0.0,15.0,0.1
gameflip.com,brand/retail,1,18,0.0,15.0,0.1
redfernent.com,brand/retail,1,18,0.0,15.0,0.1
izzysoundproofing.com,brand/retail,1,18,0.0,15.0,0.1
largodrive.com,brand/retail,1,18,0.0,15.0,0.1
swannyandco.com,brand/retail,1,18,0.0,15.0,0.1
domvitus.com,brand/retail,1,18,0.0,15.0,0.1
marimekko.ca,brand/retail,2,18,0.0,19.5,0.1
supersleeperpro.com.au,brand/retail,4,18,0.0,46.2,0.0
valleycomposites.com,brand/retail,1,18,0.0,15.0,0.1
fax.live,brand/retail,1,18,0.0,15.0,0.1
meetrove.com,brand/retail,1,18,0.0,15.0,0.1
hingeleyroadquilting.com,brand/retail,2,18,0.0,29.5,0.1
energysmartnewhomes.com,brand/retail,3,18,0.0,36.3,0.0
albrea.com,brand/retail,3,18,0.0,45.0,0.0
moonmountain.us,brand/retail,3,18,0.0,49.3,0.0
loveourreallife.com,brand/retail,3,18,0.0,51.0,0.0
ergonomicinnovations.com,brand/retail,1,18,0.0,12.0,0.1
kasaustralia.com.au,brand/retail,1,18,0.0,12.0,0.1
shopluxuryhome.com,brand/retail,3,18,0.0,73.7,0.0
gneissspice.com,brand/retail,2,18,0.0,22.5,0.1
reinastores.com,brand/retail,4,18,0.0,27.2,0.0
brilliantpromos.com,brand/retail,5,18,0.0,35.4,0.0
aquagripusa.com,brand/retail,5,18,0.0,29.4,0.1
highbarhealth.com,brand/retail,2,18,0.0,39.5,0.1
watersportsoutlet.com,brand/retail,1,18,0.0,12.0,0.1
camohq.com,brand/retail,1,18,0.0,12.0,0.1
biologyjunction.com,brand/retail,1,18,0.0,12.0,0.1
thomassci.com,brand/retail,1,18,0.0,12.0,0.1
oasishealth.app,brand/retail,1,18,0.0,12.0,0.1
calfaucets.com,brand/retail,1,18,0.0,12.0,0.1
fabulive.com,brand/retail,1,18,0.0,12.0,0.1
secretyarnery.com,brand/retail,3,18,0.0,19.7,0.1
123homeschool4me.com,brand/retail,5,18,0.0,47.4,0.0
lingeriediva.com,brand/retail,4,18,0.0,41.5,0.1
madmatter.com,brand/retail,4,18,0.0,36.8,0.1
wittmanntextiles.com,brand/retail,1,18,0.0,10.0,0.1
storymaps.arcgis.com,brand/retail,1,18,0.0,10.0,0.1
westernpeakusa.com,brand/retail,1,18,0.0,10.0,0.1
bigagnes.com,brand/retail,3,18,0.0,18.3,0.2
happynappers.com,brand/retail,3,18,0.0,21.3,0.1
pjharlow.com,brand/retail,2,18,0.0,18.0,0.1
wipeco.com,brand/retail,2,18,0.0,27.5,0.1
grahamengineering.com,brand/retail,1,18,0.0,10.0,0.1
crownlaundry.com,brand/retail,1,18,0.0,10.0,0.1
shopcozycottage.com,brand/retail,1,18,0.0,10.0,0.1
soulemedical.com,brand/retail,1,18,0.0,10.0,0.1
jodope.com,brand/retail,1,18,0.0,10.0,0.1
mentalfloss.com,brand/retail,1,18,0.0,10.0,0.1
beeradvocate.com,brand/retail,1,18,0.0,10.0,0.1
raglady.com,brand/retail,1,18,0.0,10.0,0.1
rif.org,brand/retail,1,18,0.0,10.0,0.1
blog.shannonfabrics.com,brand/retail,1,18,0.0,10.0,0.1
elizabethw.com,brand/retail,1,18,0.0,10.0,0.1
minkpink.com,brand/retail,3,18,0.0,17.7,0.2
storyquilts.com,brand/retail,2,18,0.0,26.5,0.1
prose.com,brand/retail,7,18,0.0,35.6,0.1
bodybest.com,brand/retail,3,18,0.0,27.3,0.1
rokndol.com,brand/retail,1,18,0.0,10.0,0.1
thethresholdsdecor.com,brand/retail,2,18,0.0,14.5,0.2
justaddglam.com,brand/retail,2,18,0.0,12.0,0.2
kmart.com.au,brand/retail,11,18,0.0,57.2,0.0
woodlandmod.com,brand/retail,2,18,0.0,10.5,0.3
tommybahama.com.au,brand/retail,1,18,0.0,7.0,0.4
sleepdomi.com,brand/retail,1,18,0.0,7.0,0.4
areli.co,brand/retail,1,18,0.0,7.0,0.4
goodgarms.com,brand/retail,1,18,0.0,7.0,0.4
thepeaklapel.com,brand/retail,1,18,0.0,7.0,0.4
giftcorral.com,brand/retail,1,18,0.0,7.0,0.4
fashionbeans.com,brand/retail,1,18,0.0,7.0,0.4
euronews.com,brand/retail,1,18,0.0,7.0,0.4
curlmix.com,brand/retail,1,18,0.0,7.0,0.4
seenaliving.com,brand/retail,1,17,0.0,23.0,0.0
featherandblack.com,brand/retail,2,17,0.0,31.0,0.0
bethscountryprimitivehomedecor.com,brand/retail,1,17,0.0,29.0,0.0
sophieallport.com,brand/retail,1,17,0.0,35.0,0.0
lullabybaby.com,brand/retail,1,17,0.0,13.0,0.1
ergomomics.com,brand/retail,1,17,0.0,13.0,0.1
beautyrest.electricblanketsi.com,brand/retail,2,17,0.0,28.5,0.0
jordanbedding.com,brand/retail,2,17,0.0,32.0,0.0
beautyrest.com,brand/retail,2,17,0.0,35.0,0.0
bamboogoods.org,brand/retail,2,17,0.0,38.5,0.0
furnishnsave.com,brand/retail,2,17,0.0,41.0,0.0
supimacottonbedsheets.com,brand/retail,2,17,0.0,41.0,0.0
qualitysleepshops.com,brand/retail,2,17,0.0,43.0,0.0
ebtbfamily.com,brand/retail,2,17,0.0,47.0,0.0
pdffiller.com,brand/retail,2,17,0.0,54.0,0.0
stuffedsuitcase.com,brand/retail,2,17,0.0,40.0,0.0
airadvisor.com,brand/retail,2,17,0.0,51.5,0.0
jny.com,brand/retail,3,17,0.0,29.3,0.1
goodonyou.eco,brand/retail,1,17,0.0,13.0,0.1
littledreamerspajamas.com,brand/retail,2,17,0.0,18.0,0.1
stearnsandfoster.com,brand/retail,1,17,0.0,13.0,0.1
ecosoulhome.com,brand/retail,1,17,0.0,13.0,0.1
lushra.com,brand/retail,1,17,0.0,13.0,0.1
doheny.com,brand/retail,1,17,0.0,13.0,0.1
store.steampowered.com,brand/retail,1,17,0.0,13.0,0.1
jsonline.com,brand/retail,1,17,0.0,13.0,0.1
wetokole.com,brand/retail,2,17,0.0,20.0,0.1
ubestinc.com,brand/retail,3,17,0.0,71.3,0.0
scribehow.com,brand/retail,2,17,0.0,15.5,0.1
mytextilefabric.com,brand/retail,4,17,0.0,45.2,0.0
wise.com,brand/retail,3,17,0.0,22.7,0.1
sportsmansguide.com,brand/retail,1,17,0.0,11.0,0.1
rosstool.com,brand/retail,6,17,0.0,36.2,0.1
bunzlprocessor.com,brand/retail,1,17,0.0,11.0,0.1
southernyankeediy.com,brand/retail,1,17,0.0,11.0,0.1
musicaneo.com,brand/retail,1,17,0.0,11.0,0.1
shop.prairiepoint.com,brand/retail,1,17,0.0,11.0,0.1
bobbininquilts.com,brand/retail,1,17,0.0,11.0,0.1
hanginghyena.com,brand/retail,1,17,0.0,11.0,0.1
shannonfraserdesigns.com,brand/retail,1,17,0.0,11.0,0.1
shopbecker.com,brand/retail,1,17,0.0,11.0,0.1
quiltersquartersonline.com,brand/retail,1,17,0.0,13.0,0.1
clinicadvisor.com,brand/retail,6,17,0.0,49.0,0.0
worksheetfun.com,brand/retail,3,17,0.0,27.7,0.1
riflepaperco.com,brand/retail,3,17,0.0,13.3,0.3
fergusonhome.com,brand/retail,4,17,0.0,19.2,0.1
de-rococo.com,brand/retail,2,17,0.0,25.0,0.1
blog.athletixrehab.org,brand/retail,2,17,0.0,15.5,0.2
clarkantiquesgallery.com,brand/retail,1,17,0.0,8.0,0.3
thrillakrewgear.com,brand/retail,1,17,0.0,8.0,0.3
litographs.com,brand/retail,2,17,0.0,11.5,0.2
ftp.kcregap.org,brand/retail,1,17,0.0,8.0,0.3
thelist.com,brand/retail,1,17,0.0,8.0,0.3
couconrobe.com,brand/retail,3,17,0.0,22.3,0.2
midwestworkwear.com,brand/retail,1,17,0.0,8.0,0.3
yourwdwstore.net,brand/retail,1,17,0.0,8.0,0.3
filmgarb.com,brand/retail,1,17,0.0,8.0,0.3
theenglishhome.co.uk,brand/retail,2,17,0.0,7.0,0.8
bathtubrefinishingstore.com,brand/retail,1,17,0.0,4.0,0.7
reginaandrew.com,brand/retail,1,17,0.0,4.0,0.7
mellow-home.com,brand/retail,1,16,0.0,25.0,0.0
yourbestdigs.com,brand/retail,1,16,0.0,20.0,0.1
groceryeshop.us,brand/retail,1,16,0.0,20.0,0.1
coldfiresupersystems.com,brand/retail,1,16,0.0,20.0,0.1
caprilina.com,brand/retail,2,16,0.0,21.0,0.1
oivogaming.com,brand/retail,2,16,0.0,22.5,0.1
kitchennoble.com,brand/retail,2,16,0.0,23.5,0.1
health.yahoo.com,brand/retail,2,16,0.0,24.5,0.1
bestbuy-furniture.com,brand/retail,3,16,0.0,27.7,0.1
trend-sellers.com,brand/retail,3,16,0.0,32.0,0.0
heybamboo.com,brand/retail,1,16,0.0,14.0,0.1
amevitality.com,brand/retail,1,16,0.0,14.0,0.1
bathselect.com,brand/retail,1,16,0.0,14.0,0.1
myrustica.com,brand/retail,1,16,0.0,14.0,0.1
mugsie.com,brand/retail,2,16,0.0,26.5,0.1
bagmasters.com,brand/retail,1,16,0.0,14.0,0.1
ruvanti.com,brand/retail,1,16,0.0,14.0,0.1
thematking.com,brand/retail,6,16,0.0,27.5,0.1
rug-resources.com,brand/retail,2,16,0.0,16.5,0.1
electromecanicapatino.com,brand/retail,4,16,0.0,47.5,0.0
camillelavie.com,brand/retail,4,16,0.0,41.0,0.0
getblissyneck.com,brand/retail,4,16,0.0,49.5,0.0
eldersavvy.com,brand/retail,7,16,0.0,34.0,0.1
mineralstream.co,brand/retail,5,16,0.0,36.8,0.1
buckmason.com,brand/retail,5,16,0.0,35.2,0.2
manufacturedelin.com,brand/retail,2,16,0.0,20.5,0.3
hautecoton.com,brand/retail,2,16,0.0,36.5,0.4
maplestory.fandom.com,brand/retail,1,16,0.0,6.0,0.5
carpediemmen.ca,brand/retail,1,16,0.0,6.0,0.5
hatshop.com,brand/retail,1,16,0.0,6.0,0.5
northshorecare.com,brand/retail,1,16,0.0,6.0,0.5
donaldellisgallery.com,brand/retail,1,16,0.0,6.0,0.5
boucleme.us,brand/retail,1,16,0.0,6.0,0.5
peva-liner.shower-curtain.org,brand/retail,1,15,0.0,21.0,0.0
hokipo.in,brand/retail,1,15,0.0,19.0,0.1
gwlinens.com,brand/retail,1,15,0.0,19.0,0.1
yourquiltshop.net,brand/retail,1,15,0.0,21.0,0.0
greenmatters.com,brand/retail,1,15,0.0,21.0,0.0
boards.straightdope.com,brand/retail,1,15,0.0,22.0,0.0
celebratehosting.com,brand/retail,1,15,0.0,22.0,0.0
quiltingrebel.com,brand/retail,1,15,0.0,22.0,0.0
summersatthecottage.com,brand/retail,2,15,0.0,29.5,0.0
moogdesk.com,brand/retail,2,15,0.0,22.5,0.0
know-it-all-gaming.creator-spring.com,brand/retail,2,15,0.0,23.5,0.0
necksofa.com,brand/retail,2,15,0.0,23.5,0.0
medmartonline.com,brand/retail,2,15,0.0,24.5,0.1
homespacedirect.com,brand/retail,2,15,0.0,24.5,0.0
sokibag.com,brand/retail,2,15,0.0,26.0,0.0
ultimategamechair.com,brand/retail,2,15,0.0,27.5,0.0
touroluggage.com,brand/retail,2,15,0.0,28.5,0.0
reposepoint.com,brand/retail,2,15,0.0,28.5,0.0
mycupilo.com,brand/retail,2,15,0.0,29.0,0.0
poggers.com,brand/retail,2,15,0.0,30.0,0.0
homerises.com,brand/retail,2,15,0.0,30.0,0.0
ccsuits.com,brand/retail,2,15,0.0,31.0,0.0
humancozy.com,brand/retail,2,15,0.0,32.0,0.0
onlyfortraveller.com,brand/retail,2,15,0.0,32.0,0.0
topnotchdesignsusa.com,brand/retail,2,15,0.0,33.0,0.0
us-mattress.com,brand/retail,2,15,0.0,34.5,0.0
gamersansfrontieres.com,brand/retail,2,15,0.0,35.5,0.0
gamergiftsandgear.com,brand/retail,2,15,0.0,35.5,0.0
flytoliberty.com,brand/retail,2,15,0.0,35.5,0.0
usgiftstradingllc.com,brand/retail,2,15,0.0,35.5,0.0
fambry.com,brand/retail,2,15,0.0,37.0,0.0
hdchic.com,brand/retail,2,15,0.0,39.0,0.0
body-pillow.org,brand/retail,2,15,0.0,45.0,0.0
texlunae.com,brand/retail,2,15,0.0,47.0,0.0
diamondfoam.com,brand/retail,2,15,0.0,48.5,0.0
woolakes.com,brand/retail,2,15,0.0,49.5,0.0
tvtropes.org,brand/retail,1,15,0.0,15.0,0.1
cozytownlinens.com,brand/retail,1,15,0.0,16.0,0.1
giantrobot.com,brand/retail,1,15,0.0,16.0,0.1
tryzein.com,brand/retail,1,15,0.0,16.0,0.1
thistlewoodfarms.com,brand/retail,1,15,0.0,16.0,0.1
undergroundshirts.com,brand/retail,1,15,0.0,16.0,0.1
westelm.ca,brand/retail,2,15,0.0,26.0,0.0
help.tuftandneedle.com,brand/retail,2,15,0.0,30.0,0.0
higbedding.com,brand/retail,2,15,0.0,32.0,0.1
onton.com,brand/retail,2,15,0.0,36.5,0.0
angelsneverland.com,brand/retail,2,15,0.0,37.0,0.0
quilting.craftgossip.com,brand/retail,2,15,0.0,37.5,0.0
bedlinen.online,brand/retail,4,15,0.0,49.2,0.0
lindleygeneralstore.ca,brand/retail,2,15,0.0,39.5,0.0
marcielobedding.com,brand/retail,2,15,0.0,42.5,0.0
thebrillianthomeschoolshop.com,brand/retail,1,15,0.0,10.0,0.1
fabricessentials.com,brand/retail,2,15,0.0,56.5,0.0
inspiredquiltingbylealouise.com,brand/retail,2,15,0.0,42.5,0.0
limeandlou.com,brand/retail,2,15,0.0,35.0,0.0
digiprint-usa.com,brand/retail,2,15,0.0,45.5,0.0
ororowear.com,brand/retail,1,15,0.0,15.0,0.1
federalbrace.com,brand/retail,1,15,0.0,15.0,0.1
soulfirecandleco.com,brand/retail,1,15,0.0,15.0,0.1
thriftyfun.com,brand/retail,2,15,0.0,18.5,0.1
quiltingstencils.com,brand/retail,3,15,0.0,24.3,0.0
brandsforlessusa.com,brand/retail,3,15,0.0,36.3,0.0
nervousnellies.com,brand/retail,2,15,0.0,23.5,0.1
signaturemenswear.com,brand/retail,3,15,0.0,49.0,0.0
bradymensuit.com,brand/retail,3,15,0.0,53.7,0.0
madeinusaforever.com,brand/retail,3,15,0.0,25.0,0.1
texasmattressmakers.com,brand/retail,5,15,0.0,44.8,0.1
emmalinebride.com,brand/retail,6,15,0.0,48.2,0.1
splashlearn.com,brand/retail,4,15,0.0,43.0,0.0
pearson.com,brand/retail,3,15,0.0,23.3,0.0
wikidoc.org,brand/retail,3,15,0.0,23.3,0.0
proteopedia.org,brand/retail,3,15,0.0,27.0,0.0
gpnotebook.com,brand/retail,3,15,0.0,28.7,0.0
mun.ca,brand/retail,3,15,0.0,31.3,0.0
proprep.com,brand/retail,3,15,0.0,34.3,0.0
perlego.com,brand/retail,3,15,0.0,35.7,0.0
education.med.nyu.edu,brand/retail,3,15,0.0,38.7,0.0
academickids.com,brand/retail,3,15,0.0,46.7,0.0
fiveable.me,brand/retail,3,15,0.0,47.7,0.0
chubbylemonscience.blogspot.com,brand/retail,3,15,0.0,50.7,0.0
westcoastkids.ca,brand/retail,5,15,0.0,28.0,0.1
cards.algoreducation.com,brand/retail,3,15,0.0,53.7,0.0
silkpillowcase.co.uk,brand/retail,3,15,0.0,36.7,0.1
papersuppliesplus.com,brand/retail,4,15,0.0,44.8,0.0
pediaa.com,brand/retail,3,15,0.0,63.0,0.0
craftsmansupply.co,brand/retail,1,15,0.0,11.0,0.1
onewindoutdoors.com,brand/retail,1,15,0.0,11.0,0.1
towelsnmore.com,brand/retail,2,15,0.0,26.0,0.1
capitalsanitary.com,brand/retail,1,15,0.0,11.0,0.1
gsextruder.com,brand/retail,1,15,0.0,11.0,0.1
knudsonlumber.com,brand/retail,1,15,0.0,11.0,0.1
stitching-together.com,brand/retail,2,15,0.0,16.0,0.1
haggen.com,brand/retail,2,15,0.0,19.5,0.1
superlabelstore.com,brand/retail,2,15,0.0,36.0,0.1
easybreezycrochet.com,brand/retail,2,15,0.0,38.0,0.1
supplyingseniors.com,brand/retail,5,15,0.0,42.6,0.1
spasister.com,brand/retail,1,15,0.0,10.0,0.1
theartisanhairco.com,brand/retail,1,15,0.0,10.0,0.1
dermstore.com,brand/retail,1,15,0.0,10.0,0.1
imprint.com,brand/retail,1,15,0.0,10.0,0.1
thearchiology.com,brand/retail,1,15,0.0,10.0,0.1
store.lamarzocco.com,brand/retail,1,15,0.0,10.0,0.1
chicagospineandsports.com,brand/retail,1,15,0.0,10.0,0.1
areahome.com,brand/retail,4,15,0.0,21.8,0.2
allysonsplace.com,brand/retail,4,15,0.0,31.2,0.1
stoptheslip.com,brand/retail,4,15,0.0,19.5,0.2
ibexpackaging.com,brand/retail,1,15,0.0,9.0,0.2
goodfeet.com,brand/retail,1,15,0.0,9.0,0.2
fragrantica.com,brand/retail,1,15,0.0,10.0,0.1
pbis.dev.instacart.tools,brand/retail,1,15,0.0,10.0,0.1
jstor.org,brand/retail,1,15,0.0,10.0,0.1
craftmehappy.com,brand/retail,1,15,0.0,10.0,0.1
tailoronten.com,brand/retail,1,15,0.0,10.0,0.1
onlineshopping.rochebros.com,brand/retail,2,15,0.0,12.0,0.1
wildlifewonders.com,brand/retail,3,15,0.0,27.7,0.2
mms.mckesson.com,brand/retail,1,15,0.0,9.0,0.2
bikehikesafari.com,brand/retail,1,15,0.0,9.0,0.2
colinrstudio.com,brand/retail,1,15,0.0,9.0,0.2
rendergoods.com,brand/retail,1,15,0.0,9.0,0.2
autotrader.com,brand/retail,1,15,0.0,9.0,0.2
ubuy.do,brand/retail,1,15,0.0,9.0,0.2
truethings.store,brand/retail,1,15,0.0,9.0,0.2
royalcaribbeanblog.com,brand/retail,1,15,0.0,9.0,0.2
sunyvibes.com,brand/retail,1,15,0.0,9.0,0.2
tacomaworld.com,brand/retail,1,15,0.0,9.0,0.2
thesixbells.com,brand/retail,1,15,0.0,9.0,0.2
backpackinglight.com,brand/retail,1,15,0.0,9.0,0.2
eldoradofurniture.com,brand/retail,1,15,0.0,9.0,0.2
readdork.com,brand/retail,1,15,0.0,9.0,0.2
alyonascooking.com,brand/retail,1,15,0.0,9.0,0.2
eightiesbaby.net,brand/retail,1,15,0.0,9.0,0.2
greenbuildingadvisor.com,brand/retail,2,15,0.0,12.0,0.1
hisdern.com,brand/retail,3,15,0.0,14.3,0.2
hollisterco.com,brand/retail,6,15,0.0,34.5,0.1
glitzopticalonline.com,brand/retail,1,15,0.0,9.0,0.2
metalmobilityproducts.com,brand/retail,1,15,0.0,9.0,0.2
ellis-hill.com,brand/retail,1,15,0.0,9.0,0.2
knottytie.com,brand/retail,1,15,0.0,9.0,0.2
tribalspirit.com,brand/retail,1,15,0.0,9.0,0.2
menuothebrand.com,brand/retail,1,15,0.0,9.0,0.2
mackweldon.com,brand/retail,1,15,0.0,9.0,0.2
milkmaidgoods.com,brand/retail,1,15,0.0,10.0,0.1
littlerockcosmeticsurgery.com,brand/retail,1,15,0.0,10.0,0.1
wyrthhome.com,brand/retail,1,15,0.0,10.0,0.1
overthemoon.com,brand/retail,3,15,0.0,14.7,0.2
lotika.store,brand/retail,1,15,0.0,7.0,0.4
clubmonaco.com,brand/retail,5,15,0.0,21.4,0.3
autom.com,brand/retail,1,15,0.0,7.0,0.4
grabcad.com,brand/retail,1,15,0.0,7.0,0.4
amania-afrik.com,brand/retail,1,15,0.0,7.0,0.4
sail.ca,brand/retail,1,15,0.0,7.0,0.4
cocodechom.com,brand/retail,1,15,0.0,7.0,0.4
oyemwen.com,brand/retail,1,15,0.0,7.0,0.4
animeape.com,brand/retail,1,15,0.0,7.0,0.4
bluefishclothing.com,brand/retail,1,15,0.0,7.0,0.4
venustas.com,brand/retail,1,15,0.0,7.0,0.4
stmaryofegypt.net,brand/retail,1,15,0.0,7.0,0.4
recycledlovers.com,brand/retail,1,15,0.0,7.0,0.4
biscuit-home.com,brand/retail,2,15,0.0,14.0,0.3
crosswordtracker.com,brand/retail,1,15,0.0,7.0,0.4
sundarisilks.com,brand/retail,1,15,0.0,7.0,0.4
vogue.co.uk,brand/retail,2,15,0.0,9.0,0.5
1861.ca,brand/retail,1,15,0.0,7.0,0.4
mamapedia.com,brand/retail,1,14,0.0,23.0,0.0
facecradle.com,brand/retail,1,14,0.0,24.0,0.0
cantexdistribution.com,brand/retail,1,14,0.0,24.0,0.0
seaportquilters.org,brand/retail,1,14,0.0,24.0,0.0
sweetyhigh.com,brand/retail,1,14,0.0,24.0,0.0
bernaty.com,brand/retail,1,14,0.0,25.0,0.0
materialkitchen.com,brand/retail,1,14,0.0,25.0,0.0
mojavefarmsquiltingco.com,brand/retail,1,14,0.0,25.0,0.0
curtaintimeonline.com,brand/retail,1,14,0.0,25.0,0.0
thediydreamer.com,brand/retail,1,14,0.0,26.0,0.0
millikentablelinens.com,brand/retail,1,14,0.0,26.0,0.0
serigrafiaorfila.com,brand/retail,1,14,0.0,26.0,0.0
austincurtains.com,brand/retail,1,14,0.0,26.0,0.0
corianderquilts.com,brand/retail,1,14,0.0,27.0,0.0
academy.dornayeabi.com,brand/retail,1,14,0.0,27.0,0.0
kawarthaquiltingandsewing.com,brand/retail,1,14,0.0,27.0,0.0
letstrade.com,brand/retail,1,14,0.0,27.0,0.0
jinchanhome.com,brand/retail,1,14,0.0,27.0,0.0
apollodraperies.com,brand/retail,1,14,0.0,27.0,0.0
fabricland.ca,brand/retail,1,14,0.0,28.0,0.0
floridaselectrentals.com,brand/retail,1,14,0.0,28.0,0.0
ssperfect.com,brand/retail,1,14,0.0,28.0,0.0
libausa.com,brand/retail,1,14,0.0,28.0,0.0
lawinsider.com,brand/retail,1,14,0.0,28.0,0.0
robinpickens.com,brand/retail,1,14,0.0,29.0,0.0
banquettablespro.com,brand/retail,1,14,0.0,29.0,0.0
fabfitfun.com,brand/retail,1,14,0.0,29.0,0.0
fashiondistrict.org,brand/retail,1,14,0.0,29.0,0.0
english.stackexchange.com,brand/retail,1,14,0.0,29.0,0.0
saltandcreek.com,brand/retail,1,14,0.0,30.0,0.0
farmhouseforthesoul.com,brand/retail,1,14,0.0,30.0,0.0
stylequartershome.com,brand/retail,1,14,0.0,30.0,0.0
familyfocusblog.com,brand/retail,1,14,0.0,31.0,0.0
morristextiles.com,brand/retail,1,14,0.0,31.0,0.0
electric-blankets.electricblanketsi.com,brand/retail,1,14,0.0,31.0,0.0
boringbest.com,brand/retail,1,14,0.0,31.0,0.0
farmhousekitchenandbath.com,brand/retail,1,14,0.0,31.0,0.0
quiltedlullabies.com,brand/retail,1,14,0.0,32.0,0.0
keylalatkinsoni2.tumblr.com,brand/retail,1,14,0.0,32.0,0.0
bungalow.com,brand/retail,1,14,0.0,32.0,0.0
blindstogo.com,brand/retail,1,14,0.0,32.0,0.0
hallstromhome.com,brand/retail,1,14,0.0,32.0,0.0
frugalcouponliving.com,brand/retail,1,14,0.0,33.0,0.0
lauratrevey.com,brand/retail,1,14,0.0,33.0,0.0
english4hotels.com,brand/retail,1,14,0.0,33.0,0.0
zsupplyclothing.com,brand/retail,1,14,0.0,34.0,0.0
restaurantproducts.us,brand/retail,1,14,0.0,34.0,0.0
bysophialee.com,brand/retail,1,14,0.0,34.0,0.0
needllove.com,brand/retail,1,14,0.0,35.0,0.0
comfitime.com,brand/retail,1,14,0.0,35.0,0.0
worldofcurtain.com,brand/retail,1,14,0.0,35.0,0.0
willamere.com,brand/retail,1,14,0.0,35.0,0.0
108quiltbackings.com,brand/retail,1,14,0.0,36.0,0.0
polyester-fabric.shower-curtain.org,brand/retail,1,14,0.0,36.0,0.0
hopeandbooth.com,brand/retail,1,14,0.0,36.0,0.0
bookmydrones.com,brand/retail,2,14,0.0,35.0,0.0
healthyandactive.com,brand/retail,2,14,0.0,46.5,0.0
affinityhomemedical.com,brand/retail,3,14,0.0,43.3,0.0
teskeys.com,brand/retail,2,14,0.0,28.0,0.0
jersylinen.com,brand/retail,4,14,0.0,40.2,0.0
knitlikegranny.com,brand/retail,2,14,0.0,42.5,0.0
knitting.com,brand/retail,2,14,0.0,43.0,0.0
polysleep.ca,brand/retail,2,14,0.0,52.0,0.0
arrontop.com,brand/retail,4,14,0.0,48.2,0.0
stockpilingmoms.com,brand/retail,1,14,0.0,13.0,0.1
baldwinsupply.com,brand/retail,1,14,0.0,13.0,0.1
leaderaccessories.com,brand/retail,1,14,0.0,13.0,0.1
linenalley.com,brand/retail,2,14,0.0,23.5,0.1
bibliotecaoscura.com,brand/retail,6,14,0.0,50.5,0.0
electricblanket.net,brand/retail,1,14,0.0,12.0,0.1
oneweekbath.com,brand/retail,1,14,0.0,12.0,0.1
beckhamhotelcollectionclub.com,brand/retail,1,14,0.0,12.0,0.1
runnersworld.com,brand/retail,1,14,0.0,13.0,0.1
specialneedsforspecialkids.org,brand/retail,1,14,0.0,13.0,0.1
blueskysupplies.com,brand/retail,1,14,0.0,13.0,0.1
grannybsquiltshop.com,brand/retail,1,14,0.0,13.0,0.1
amerock.com,brand/retail,1,14,0.0,13.0,0.1
sleekbyhailey.com,brand/retail,1,14,0.0,13.0,0.1
theroyalstandard.com,brand/retail,2,14,0.0,18.0,0.1
popellashop.com,brand/retail,3,14,0.0,28.3,0.1
imusic-school.com,brand/retail,1,14,0.0,12.0,0.1
shop.gessato.com,brand/retail,1,14,0.0,12.0,0.1
cottagequiltingonline.com,brand/retail,1,14,0.0,12.0,0.1
fumcrb.org,brand/retail,1,14,0.0,12.0,0.1
gfsstore.com,brand/retail,1,14,0.0,12.0,0.1
thesleepcity.com,brand/retail,1,14,0.0,12.0,0.1
www-tcad.stanford.edu,brand/retail,1,14,0.0,12.0,0.1
tvstoreonline.com,brand/retail,1,14,0.0,13.0,0.1
zjmeixin.com,brand/retail,1,14,0.0,13.0,0.1
essentialaids.com,brand/retail,4,14,0.0,27.5,0.0
mh-chine.com,brand/retail,3,14,0.0,40.0,0.1
worksheets.clipart-library.com,brand/retail,4,14,0.0,60.5,0.0
measurabilities.com,brand/retail,4,14,0.0,25.5,0.1
therange.co.uk,brand/retail,8,14,0.0,40.0,0.0
agingcanyon.com,brand/retail,5,14,0.0,42.0,0.0
aipcontractor.com,brand/retail,5,14,0.0,63.8,0.0
feelscomfort.com,brand/retail,4,14,0.0,64.2,0.0
elderlyfallsprevention.com,brand/retail,6,14,0.0,66.5,0.0
seniorlivinghelp.co,brand/retail,5,14,0.0,66.8,0.0
withnothingunderneath.com,brand/retail,3,14,0.0,13.7,0.2
twigsandhoney.com,brand/retail,2,14,0.0,13.0,0.2
bathenshop.com,brand/retail,3,14,0.0,34.7,0.3
vanillaunderground.com,brand/retail,1,14,0.0,8.0,0.3
lorenzouomo.com,brand/retail,1,14,0.0,8.0,0.3
currentboutique.com,brand/retail,1,14,0.0,8.0,0.3
themodestman.com,brand/retail,1,14,0.0,8.0,0.3
anthonysfla.com,brand/retail,1,14,0.0,8.0,0.3
hyblankets.com,brand/retail,1,14,0.0,8.0,0.3
hypebae.com,brand/retail,1,14,0.0,8.0,0.3
shukrclothing.com,brand/retail,1,14,0.0,8.0,0.3
dealbeds.com,brand/retail,1,13,0.0,20.0,0.1
fivestarfonts.com,brand/retail,1,13,0.0,20.0,0.1
casaamore-international.com,brand/retail,2,13,0.0,31.0,0.0
ifonlyhome.com,brand/retail,6,13,0.0,41.8,0.0
dtftransfers.com,brand/retail,2,13,0.0,49.0,0.1
lifestyleforreallife.com,brand/retail,2,13,0.0,24.0,0.0
thelinenscompany.com,brand/retail,2,13,0.0,26.5,0.0
samedayrushprinting.com,brand/retail,2,13,0.0,42.0,0.0
thirdwavecoffeeroasters.com,brand/retail,1,13,0.0,14.0,0.1
pipsupply.com,brand/retail,1,13,0.0,14.0,0.1
integratedmedicalonline.com,brand/retail,1,13,0.0,14.0,0.1
bostongear.com,brand/retail,1,13,0.0,14.0,0.1
mugteeco.com,brand/retail,1,13,0.0,14.0,0.1
getyarn.io,brand/retail,3,13,0.0,23.0,0.1
duvet-pillow.com,brand/retail,5,13,0.0,43.4,0.1
thewoolart.com,brand/retail,1,13,0.0,14.0,0.1
antonyblaikie.weebly.com,brand/retail,1,13,0.0,14.0,0.1
garagejournal.com,brand/retail,1,13,0.0,14.0,0.1
quiltslikecrazy.com,brand/retail,1,13,0.0,14.0,0.1
alpkit.com,brand/retail,1,13,0.0,14.0,0.1
thewoolcompany.co.uk,brand/retail,3,13,0.0,34.0,0.1
modcloth.com,brand/retail,7,13,0.0,56.9,0.0
esquim.com,brand/retail,3,13,0.0,31.7,0.1
silkyu.au,brand/retail,4,13,0.0,46.5,0.0
regalteak.com,brand/retail,3,13,0.0,21.7,0.1
pdf.lowes.com,brand/retail,2,13,0.0,19.0,0.1
burlington.com,brand/retail,4,13,0.0,49.5,0.1
vazasilk.com,brand/retail,3,13,0.0,42.3,0.1
schoolfix.com,brand/retail,2,13,0.0,16.5,0.1
villohome.com,brand/retail,5,13,0.0,42.6,0.0
dormivapillows.com,brand/retail,5,13,0.0,53.4,0.0
photoworkout.com,brand/retail,2,13,0.0,17.5,0.1
quiltedtwins.com,brand/retail,2,13,0.0,18.0,0.1
circuitbreak.shop,brand/retail,4,13,0.0,35.2,0.0
weaveessentials.com,brand/retail,4,13,0.0,39.5,0.0
hair.com,brand/retail,4,13,0.0,32.5,0.1
dailycaring.com,brand/retail,2,13,0.0,16.5,0.1
beautylish.com,brand/retail,5,13,0.0,56.8,0.0
doreandrose.com,brand/retail,5,13,0.0,30.0,0.1
cappelsinc.com,brand/retail,2,13,0.0,16.0,0.1
wheretobuyamattress.com,brand/retail,5,13,0.0,33.0,0.1
beddingandbeyond.com,brand/retail,5,13,0.0,18.0,0.2
flomattress.com,brand/retail,2,13,0.0,16.5,0.1
bedblock.co,brand/retail,1,13,0.0,9.0,0.2
casstastropheshop.com,brand/retail,1,13,0.0,9.0,0.2
swimoutlet.com,brand/retail,3,13,0.0,22.7,0.1
bedheadpjs.com,brand/retail,4,13,0.0,23.2,0.2
ssense.com,brand/retail,3,13,0.0,14.7,0.2
swimsuitsforall.com,brand/retail,2,13,0.0,13.0,0.2
makeyourownjeans.com,brand/retail,1,13,0.0,9.0,0.2
derincollection.com,brand/retail,1,13,0.0,9.0,0.2
signaturelittleones.com,brand/retail,1,13,0.0,9.0,0.2
heavenlyessentials.us,brand/retail,1,13,0.0,9.0,0.2
shop.vikings.com,brand/retail,1,13,0.0,9.0,0.2
lutzgohome.com,brand/retail,2,13,0.0,7.5,0.7
dreadshop.com,brand/retail,1,13,0.0,6.0,0.5
homeandharmony.co,brand/retail,1,12,0.0,21.0,0.0
livinglesh.com,brand/retail,1,12,0.0,21.0,0.0
byregroup.com,brand/retail,1,12,0.0,21.0,0.0
iqlinens.com,brand/retail,1,12,0.0,22.0,0.0
villacotton.com,brand/retail,2,12,0.0,35.5,0.0
bluebellgray.com,brand/retail,4,12,0.0,39.5,0.0
swaddleokc.com,brand/retail,1,12,0.0,16.0,0.1
onuia-eu.com,brand/retail,1,12,0.0,17.0,0.1
allthingsbaby.com,brand/retail,1,12,0.0,17.0,0.1
mashable.com,brand/retail,2,12,0.0,41.5,0.0
halleylinen.com,brand/retail,2,12,0.0,56.5,0.0
keithwatanabe.net,brand/retail,1,12,0.0,16.0,0.1
thefoxesden.co.nz,brand/retail,2,12,0.0,48.5,0.0
bluebath.com,brand/retail,2,12,0.0,53.0,0.0
shopcaldwells.com,brand/retail,2,12,0.0,24.0,0.0
dryerdoctors.com,brand/retail,2,12,0.0,25.5,0.0
queen-purple.comforterset.org,brand/retail,2,12,0.0,27.5,0.0
nextdaydtf.com,brand/retail,2,12,0.0,27.5,0.0
personalthrows.com,brand/retail,2,12,0.0,31.5,0.0
shopac.com,brand/retail,2,12,0.0,35.5,0.0
initial-impressions.com,brand/retail,2,12,0.0,35.5,0.0
quilttherapy.com,brand/retail,2,12,0.0,35.5,0.0
juneandvie.com,brand/retail,2,12,0.0,37.0,0.0
supplywarehouse.com,brand/retail,2,12,0.0,37.0,0.0
cafemom.com,brand/retail,2,12,0.0,39.5,0.0
moxyintimates.com,brand/retail,2,12,0.0,41.0,0.0
materialgirlsquilt.com,brand/retail,2,12,0.0,42.0,0.0
oregonfibermill.com,brand/retail,2,12,0.0,42.5,0.0
homebodygiftsandgoods.com,brand/retail,2,12,0.0,43.0,0.0
elegantstrand.com,brand/retail,2,12,0.0,47.0,0.0
dtfgangroll.com,brand/retail,2,12,0.0,47.5,0.0
coralandco.com,brand/retail,2,12,0.0,48.5,0.0
yourcustomtransfers.com,brand/retail,2,12,0.0,49.5,0.0
hausoftrade.com,brand/retail,2,12,0.0,51.5,0.0
firstchoicemobility.com,brand/retail,2,12,0.0,52.0,0.0
dtftransferohio.com,brand/retail,2,12,0.0,53.0,0.0
designers.mineolaknit.com,brand/retail,2,12,0.0,54.0,0.0
magicamerican.com,brand/retail,2,12,0.0,25.5,0.0
en.rugvista.ch,brand/retail,2,12,0.0,31.5,0.0
joyatkits.com,brand/retail,2,12,0.0,31.5,0.0
wowville.com,brand/retail,2,12,0.0,35.0,0.0
northeastfleece.com,brand/retail,2,12,0.0,35.0,0.0
scenariohome.com,brand/retail,2,12,0.0,38.0,0.0
laundryheap.com,brand/retail,2,12,0.0,39.0,0.0
staging.speedqueen.com,brand/retail,2,12,0.0,44.0,0.0
fiberparts.shop,brand/retail,2,12,0.0,45.0,0.0
bubbleslaundryfl.com,brand/retail,2,12,0.0,48.0,0.0
allurebathfashions.co.uk,brand/retail,2,12,0.0,48.0,0.0
crinkleandwrap.com,brand/retail,2,12,0.0,48.0,0.0
eu.tru.earth,brand/retail,2,12,0.0,55.5,0.0
sumolounge.com,brand/retail,1,12,0.0,15.0,0.1
pharmedoc.com,brand/retail,1,12,0.0,15.0,0.1
doubleupsforbeds.com,brand/retail,1,12,0.0,15.0,0.1
igus.com,brand/retail,1,12,0.0,15.0,0.1
thegrommet.com,brand/retail,1,12,0.0,15.0,0.1
constantinesummer.com,brand/retail,1,12,0.0,15.0,0.1
housewifehowtos.com,brand/retail,2,12,0.0,58.0,0.0
shop.brunellocucinelli.com,brand/retail,1,12,0.0,16.0,0.1
saintpaulsplace.com,brand/retail,1,12,0.0,16.0,0.1
ducttapeanddenim.com,brand/retail,1,12,0.0,17.0,0.1
laruglinens.com,brand/retail,1,12,0.0,17.0,0.1
bigzfabric.com,brand/retail,2,12,0.0,20.0,0.1
pngegg.com,brand/retail,2,12,0.0,31.5,0.1
dormestudio.com,brand/retail,7,12,0.0,38.3,0.1
textilemj.com,brand/retail,2,12,0.0,21.5,0.1
aosom.com,brand/retail,2,12,0.0,24.5,0.1
abt.com,brand/retail,1,12,0.0,12.0,0.1
naturalartisanhome.com,brand/retail,1,12,0.0,15.0,0.1
lyricstranslate.com,brand/retail,1,12,0.0,15.0,0.1
store.truetimber.com,brand/retail,1,12,0.0,15.0,0.1
magidglove.com,brand/retail,1,12,0.0,15.0,0.1
homologacaosmc.prefeitura.sp.gov.br,brand/retail,1,12,0.0,15.0,0.1
community.qvc.com,brand/retail,5,12,0.0,22.4,0.2
outdoorsmagic.com,brand/retail,1,12,0.0,15.0,0.1
diamondhomeusa.com,brand/retail,2,12,0.0,17.5,0.1
advancedbedding.com,brand/retail,2,12,0.0,26.5,0.1
partydepotstore.com,brand/retail,2,12,0.0,36.5,0.1
revolutionwoolco.com,brand/retail,3,12,0.0,34.3,0.1
sewingsupport.com,brand/retail,3,12,0.0,63.3,0.0
alateak.com,brand/retail,3,12,0.0,29.0,0.0
teakcraftusa.com,brand/retail,3,12,0.0,34.3,0.0
saleberate.com,brand/retail,3,12,0.0,37.7,0.0
amorecraftylife.com,brand/retail,3,12,0.0,40.0,0.0
fabricsgalore.co.uk,brand/retail,2,12,0.0,20.0,0.1
chem.ucalgary.ca,brand/retail,2,12,0.0,20.5,0.1
fastweb.spcsupply.com,brand/retail,1,12,0.0,12.0,0.1
aqualeisurepoolsandspas.com,brand/retail,1,12,0.0,12.0,0.1
sunbrella.com,brand/retail,1,12,0.0,12.0,0.1
thehealthy.com,brand/retail,2,12,0.0,17.5,0.1
totalrestroom.com,brand/retail,3,12,0.0,22.7,0.1
kingcampoutdoors.com,brand/retail,3,12,0.0,27.0,0.0
thepillowcompanykids.com,brand/retail,3,12,0.0,33.0,0.0
momswhothink.com,brand/retail,3,12,0.0,33.3,0.0
mimishdesigns.com,brand/retail,3,12,0.0,35.0,0.0
buddybagz.com,brand/retail,3,12,0.0,43.7,0.0
therapeuticspinepillows.com,brand/retail,2,12,0.0,20.5,0.1
thelinenstore.com,brand/retail,4,12,0.0,31.2,0.1
bestcoolingpillow.com,brand/retail,4,12,0.0,42.0,0.0
sleepingbaghub.com,brand/retail,3,12,0.0,63.3,0.0
oldranchbrands.com,brand/retail,2,12,0.0,21.0,0.1
shutterflyinc.com,brand/retail,2,12,0.0,21.5,0.1
theloopholefox.com,brand/retail,2,12,0.0,22.0,0.1
fabricsight.com,brand/retail,2,12,0.0,36.5,0.1
michelevarian.com,brand/retail,1,12,0.0,11.0,0.1
room-essentials.com,brand/retail,1,12,0.0,11.0,0.1
shopbeautydepot.com,brand/retail,1,12,0.0,11.0,0.1
shop.littlesleepyhead.com,brand/retail,1,12,0.0,11.0,0.1
gristys.com,brand/retail,1,12,0.0,11.0,0.1
hompkin.com,brand/retail,1,12,0.0,11.0,0.1
crateandbarrel.co.cr,brand/retail,1,12,0.0,11.0,0.1
megababiesusa.com,brand/retail,2,12,0.0,14.5,0.1
bodyproppillows.com,brand/retail,1,12,0.0,11.0,0.1
millerconciergept.com,brand/retail,1,12,0.0,11.0,0.1
thebargainsbasement.com,brand/retail,1,12,0.0,11.0,0.1
m.countryroad.com,brand/retail,5,12,0.0,43.4,0.0
scentfill.com,brand/retail,1,12,0.0,11.0,0.1
fighousestudios.org,brand/retail,1,12,0.0,11.0,0.1
poyst.com,brand/retail,1,12,0.0,11.0,0.1
aspenandfern.co.nz,brand/retail,1,12,0.0,11.0,0.1
reiss.com,brand/retail,5,12,0.0,30.2,0.1
sportsunlimitedinc.com,brand/retail,4,12,0.0,24.2,0.1
hansandvolk.com,brand/retail,2,12,0.0,17.0,0.1
blackdoorstudio.net,brand/retail,1,12,0.0,11.0,0.1
offonclothing.com,brand/retail,5,12,0.0,25.2,0.1
coofandy.com,brand/retail,2,12,0.0,12.5,0.2
marshmellowfabrics.com,brand/retail,3,12,0.0,14.7,0.2
lakeshorelady.com,brand/retail,2,12,0.0,33.5,0.1
kickitrecoverywear.com,brand/retail,2,12,0.0,15.0,0.2
robbreport.com,brand/retail,2,12,0.0,17.0,0.2
sachinandbabi.com,brand/retail,1,12,0.0,7.0,0.4
robeshop.com,brand/retail,1,12,0.0,8.0,0.3
rosieredcorsetry.com,brand/retail,1,12,0.0,8.0,0.3
kimono-passion.com,brand/retail,1,12,0.0,8.0,0.3
tshirtslayer.com,brand/retail,1,12,0.0,8.0,0.3
christianbook.com,brand/retail,1,12,0.0,8.0,0.3
kuhl.com,brand/retail,1,12,0.0,8.0,0.3
revivallclothing.com,brand/retail,1,12,0.0,8.0,0.3
faithgateway.com,brand/retail,1,12,0.0,7.0,0.4
favourbrook.com,brand/retail,1,12,0.0,7.0,0.4
mysaunaworld.com,brand/retail,1,12,0.0,7.0,0.4
stiksen.com,brand/retail,1,12,0.0,7.0,0.4
threadsmagazine.com,brand/retail,1,12,0.0,7.0,0.4
leisurelawnscollection.com,brand/retail,1,12,0.0,8.0,0.3
instantprecieux.fr,brand/retail,1,12,0.0,8.0,0.3
simplysori.com,brand/retail,3,12,0.0,10.0,0.5
catherinedlish.net,brand/retail,1,12,0.0,7.0,0.4
bizjournals.com,brand/retail,1,12,0.0,5.0,0.6
burtuo.com,brand/retail,1,11,0.0,23.0,0.0
logolinens.com,brand/retail,1,11,0.0,23.0,0.0
tablevogue.com,brand/retail,1,11,0.0,24.0,0.0
toothfairydesigns.com,brand/retail,1,11,0.0,25.0,0.0
koolgator.com,brand/retail,1,11,0.0,26.0,0.0
heather-corinne.com,brand/retail,1,11,0.0,26.0,0.0
houndsandhoneys.com,brand/retail,1,11,0.0,27.0,0.0
brown.comforterset.org,brand/retail,1,11,0.0,27.0,0.0
tablecoversnow.com,brand/retail,1,11,0.0,27.0,0.0
theneedletree.com,brand/retail,1,11,0.0,28.0,0.0
bed-center.com,brand/retail,1,11,0.0,28.0,0.0
moverx.ca,brand/retail,1,11,0.0,28.0,0.0
mycoolingstore.com,brand/retail,1,11,0.0,29.0,0.0
ameritexlinen.com,brand/retail,1,11,0.0,29.0,0.0
littlebeam.com,brand/retail,1,11,0.0,30.0,0.0
pocketsoflearning.com,brand/retail,1,11,0.0,30.0,0.0
dcpillow.com,brand/retail,1,11,0.0,31.0,0.0
withjoy.com,brand/retail,1,11,0.0,31.0,0.0
pipeanddrapeonline.com,brand/retail,1,11,0.0,31.0,0.0
shop.myburbank.com,brand/retail,1,11,0.0,32.0,0.0
basementbags.com,brand/retail,1,11,0.0,32.0,0.0
tableclothworld.com,brand/retail,1,11,0.0,32.0,0.0
billebon.com,brand/retail,1,11,0.0,33.0,0.0
gffitnesswear.com,brand/retail,1,11,0.0,33.0,0.0
toytentsandchairs.com,brand/retail,1,11,0.0,33.0,0.0
nanalovesme.com,brand/retail,1,11,0.0,33.0,0.0
industrialsafetygear.com,brand/retail,1,11,0.0,34.0,0.0
thecraftingchicks.com,brand/retail,1,11,0.0,34.0,0.0
p3physio.com,brand/retail,1,11,0.0,34.0,0.0
sleepforeveryone.com,brand/retail,1,11,0.0,34.0,0.0
lannslinens.com,brand/retail,1,11,0.0,34.0,0.0
babycenter.ca,brand/retail,1,11,0.0,35.0,0.0
johnvschultz.com,brand/retail,1,11,0.0,35.0,0.0
asyfurniture.com,brand/retail,1,11,0.0,35.0,0.0
cusheal.com,brand/retail,1,11,0.0,35.0,0.0
elitetrendhq.com,brand/retail,1,11,0.0,36.0,0.0
itsbabybliss.com,brand/retail,1,11,0.0,36.0,0.0
lavingtondesigns.com,brand/retail,1,11,0.0,36.0,0.0
millersofficechairs.com,brand/retail,1,11,0.0,36.0,0.0
prosleepy.com,brand/retail,1,11,0.0,36.0,0.0
ecitydirect.com,brand/retail,2,11,0.0,30.5,0.0
jabbourlinens.com,brand/retail,2,11,0.0,39.0,0.0
hotdeals.com,brand/retail,2,11,0.0,41.0,0.0
authenticcotton.com,brand/retail,2,11,0.0,49.5,0.0
shopsar.com,brand/retail,2,11,0.0,23.5,0.0
newegg.com,brand/retail,2,11,0.0,18.5,0.1
montanaleather.com,brand/retail,2,11,0.0,18.0,0.1
conwaykitchen.com,brand/retail,2,11,0.0,21.0,0.1
zestkitchenshop.com,brand/retail,2,11,0.0,23.0,0.0
cncfabrics.com,brand/retail,2,11,0.0,24.0,0.0
foamily.com,brand/retail,2,11,0.0,24.5,0.0
ecologieliving.com,brand/retail,2,11,0.0,26.5,0.0
nelliesclean.com,brand/retail,2,11,0.0,29.5,0.0
alaskasaltco.com,brand/retail,2,11,0.0,30.0,0.0
buy4lesstuxedo.com,brand/retail,2,11,0.0,30.5,0.1
thegoodfill.co,brand/retail,2,11,0.0,35.0,0.0
marillas.com,brand/retail,2,11,0.0,37.0,0.0
handmademontana.com,brand/retail,2,11,0.0,37.0,0.0
commongoodandco.com,brand/retail,2,11,0.0,39.5,0.0
zimtown.com,brand/retail,2,11,0.0,39.5,0.0
usefullco.com,brand/retail,2,11,0.0,41.5,0.0
purevergreen.com,brand/retail,2,11,0.0,41.5,0.0
minimepillow.com,brand/retail,2,11,0.0,42.5,0.0
mammyssoapco.com,brand/retail,2,11,0.0,45.0,0.0
theunwasteshop.com,brand/retail,2,11,0.0,45.0,0.0
simplyearth.com,brand/retail,2,11,0.0,45.5,0.0
relishdecor.com,brand/retail,2,11,0.0,52.5,0.0
thepartworks.com,brand/retail,1,11,0.0,13.0,0.1
aldireviewer.com,brand/retail,1,11,0.0,13.0,0.1
wonace.com,brand/retail,1,11,0.0,13.0,0.1
campsaver.com,brand/retail,1,11,0.0,13.0,0.1
christeli.com,brand/retail,1,11,0.0,14.0,0.1
ch.pinterest.com,brand/retail,1,11,0.0,14.0,0.1
ecohealthlab.com,brand/retail,1,11,0.0,14.0,0.1
mikeystitchstudio.com,brand/retail,2,11,0.0,25.5,0.1
bedroomcritic.com,brand/retail,3,11,0.0,69.0,0.0
artisticartifacts.com,brand/retail,2,11,0.0,26.5,0.1
linenwash.com,brand/retail,2,11,0.0,39.5,0.0
promeed.com,brand/retail,5,11,0.0,48.0,0.1
8notes.com,brand/retail,1,11,0.0,13.0,0.1
sandhillplastics.com,brand/retail,1,11,0.0,13.0,0.1
thecraftyquilter.com,brand/retail,1,11,0.0,13.0,0.1
stingsports.com,brand/retail,1,11,0.0,13.0,0.1
scrabblegocheat.com,brand/retail,1,11,0.0,13.0,0.1
actionup.com,brand/retail,1,11,0.0,13.0,0.1
createtodonate.org,brand/retail,1,11,0.0,13.0,0.1
progressessentials.com,brand/retail,1,11,0.0,13.0,0.1
stateandliberty.com,brand/retail,1,11,0.0,13.0,0.1
everydaywear.net,brand/retail,1,11,0.0,13.0,0.1
resources.printhandbook.com,brand/retail,1,11,0.0,13.0,0.1
academy.com,brand/retail,1,11,0.0,14.0,0.1
internationaldessertsblog.com,brand/retail,1,11,0.0,14.0,0.1
richterguitar.com,brand/retail,1,11,0.0,14.0,0.1
sandbaggy.com,brand/retail,1,11,0.0,14.0,0.1
kelvin.com,brand/retail,1,11,0.0,14.0,0.1
lacozi.com,brand/retail,1,11,0.0,14.0,0.1
editable-answer-sheet-for-practice.pdffiller.com,brand/retail,1,11,0.0,14.0,0.1
taylorstitch.com,brand/retail,2,11,0.0,18.0,0.1
fightingoutlet.com,brand/retail,1,11,0.0,14.0,0.1
havensleep.com,brand/retail,1,11,0.0,14.0,0.1
susieddesigns.wordpress.com,brand/retail,1,11,0.0,14.0,0.1
genevadistributing.com,brand/retail,1,11,0.0,14.0,0.1
newportcollection.com,brand/retail,1,11,0.0,14.0,0.1
iscream-shop.com,brand/retail,3,11,0.0,33.3,0.0
wipingworld.com,brand/retail,2,11,0.0,19.5,0.1
suitesleep.com,brand/retail,4,11,0.0,37.2,0.0
dailycrochet.com,brand/retail,3,11,0.0,63.3,0.0
yippolabs.com,brand/retail,3,11,0.0,22.3,0.1
nancyzieman.com,brand/retail,3,11,0.0,30.0,0.1
thesofathrowcompany.com,brand/retail,5,11,0.0,32.8,0.1
sleepdelivered.com,brand/retail,5,11,0.0,60.2,0.0
forkandplowlavender.com,brand/retail,1,11,0.0,10.0,0.1
thevalari.co.uk,brand/retail,1,11,0.0,10.0,0.1
truckbedsupplies.com,brand/retail,1,11,0.0,10.0,0.1
wimpoleclinic.com,brand/retail,3,11,0.0,28.3,0.1
philmoresupply.com,brand/retail,4,11,0.0,30.0,0.1
medcline.eu,brand/retail,2,11,0.0,17.0,0.1
gymnastics-equipment.com,brand/retail,1,11,0.0,10.0,0.1
hippychick.com,brand/retail,1,11,0.0,10.0,0.1
mattressexpressny.com,brand/retail,1,11,0.0,10.0,0.1
bellypillow.com,brand/retail,1,11,0.0,10.0,0.1
supraendura.com,brand/retail,1,11,0.0,10.0,0.1
surecritic.com,brand/retail,1,11,0.0,10.0,0.1
bonejoint.net,brand/retail,1,11,0.0,10.0,0.1
thronebamboo.com,brand/retail,1,11,0.0,10.0,0.1
parts.elmhursttoyota.com,brand/retail,1,11,0.0,10.0,0.1
ugqoutdoor.com,brand/retail,1,11,0.0,10.0,0.1
melissabamberhome.com,brand/retail,1,11,0.0,10.0,0.1
lccountymt.gov,brand/retail,1,11,0.0,10.0,0.1
luxuriousinteriors.com,brand/retail,1,11,0.0,10.0,0.1
inthemiddletulum.com,brand/retail,1,11,0.0,9.0,0.2
twistedrootschiropractic.com,brand/retail,1,11,0.0,10.0,0.1
hogwarts-legacy.fandom.com,brand/retail,1,11,0.0,10.0,0.1
merchology.com,brand/retail,1,11,0.0,10.0,0.1
us.josephjoseph.com,brand/retail,1,11,0.0,10.0,0.1
thebrick.com,brand/retail,1,11,0.0,10.0,0.1
sewcraftycrochet.com,brand/retail,1,11,0.0,10.0,0.1
allaboutbison.com,brand/retail,1,11,0.0,10.0,0.1
pixiemarket.com,brand/retail,5,11,0.0,26.8,0.2
faroslinen.com,brand/retail,3,11,0.0,13.3,0.2
homebodii.com,brand/retail,5,11,0.0,20.4,0.2
frankiesbikinis.com,brand/retail,1,11,0.0,9.0,0.2
stempers.com,brand/retail,1,11,0.0,9.0,0.2
goodnightcharli.com,brand/retail,1,11,0.0,9.0,0.2
holylandartcompany.com,brand/retail,1,11,0.0,9.0,0.2
fabricakraft.com,brand/retail,1,11,0.0,9.0,0.2
suitednomad.com,brand/retail,1,11,0.0,9.0,0.2
bemidjiwoolenmills.com,brand/retail,1,11,0.0,9.0,0.2
baskandlatherco.com,brand/retail,1,11,0.0,9.0,0.2
fashionbrandcompany.com,brand/retail,1,11,0.0,9.0,0.2
shop.silvermirror.com,brand/retail,2,11,0.0,10.0,0.2
bogradkids.com,brand/retail,1,11,0.0,4.0,0.7
danieldrygoods.com,brand/retail,1,11,0.0,4.0,0.7
m.yelp.com,brand/retail,2,11,0.0,5.0,1.2
twinkl.co.uk,brand/retail,1,10,0.0,12.0,0.1
localmotionhawaii.com,brand/retail,2,10,0.0,27.5,0.0
lesliejordan.com,brand/retail,2,10,0.0,29.0,0.0
fit2run.com,brand/retail,2,10,0.0,29.0,0.0
posturion.com,brand/retail,2,10,0.0,29.5,0.0
holabirdsports.com,brand/retail,2,10,0.0,36.5,0.0
towelsociety.com.au,brand/retail,2,10,0.0,38.0,0.0
54kibo.com,brand/retail,2,10,0.0,41.0,0.0
dearmotor.com,brand/retail,2,10,0.0,48.0,0.0
memoryfoampillow.net,brand/retail,2,10,0.0,54.0,0.0
cratly.com,brand/retail,1,10,0.0,16.0,0.1
hhmedicalsupply.com,brand/retail,1,10,0.0,16.0,0.1
bigeasymart.com,brand/retail,1,10,0.0,16.0,0.1
majestycoffee.com,brand/retail,1,10,0.0,17.0,0.1
finnleo.com,brand/retail,1,10,0.0,17.0,0.1
waterhouseleather.com,brand/retail,1,10,0.0,17.0,0.1
tabcouchcaddy.com,brand/retail,1,10,0.0,17.0,0.1
blackaceparts.com,brand/retail,1,10,0.0,17.0,0.1
global.ubuy.com,brand/retail,1,10,0.0,17.0,0.1
dri-seats.com,brand/retail,1,10,0.0,17.0,0.1
hibermate.com,brand/retail,2,10,0.0,59.5,0.0
sleepare.com,brand/retail,3,10,0.0,24.7,0.0
worksheetzone.org,brand/retail,2,10,0.0,22.5,0.0
joscountryjunction.com,brand/retail,2,10,0.0,28.0,0.0
titaniumcookwareinc.com,brand/retail,2,10,0.0,28.5,0.0
ileoni.com,brand/retail,2,10,0.0,29.0,0.0
floridagifts.com,brand/retail,2,10,0.0,29.0,0.0
omcformal.com,brand/retail,2,10,0.0,31.5,0.0
seattlefabrics.com,brand/retail,2,10,0.0,32.0,0.0
freedesignfile.com,brand/retail,2,10,0.0,32.5,0.0
printablehandwriting.com,brand/retail,2,10,0.0,33.0,0.0
hiclipart.com,brand/retail,2,10,0.0,34.0,0.0
hintoflove.com,brand/retail,2,10,0.0,34.5,0.0
clipart-library.com,brand/retail,2,10,0.0,35.0,0.0
finnpluswiley.com,brand/retail,2,10,0.0,40.5,0.0
clearancewarehouse.co,brand/retail,2,10,0.0,40.5,0.0
oxoaustralia.com.au,brand/retail,2,10,0.0,41.5,0.0
howcast.com,brand/retail,2,10,0.0,41.5,0.0
pngwing.com,brand/retail,2,10,0.0,41.5,0.0
kitchenkapers.com,brand/retail,2,10,0.0,42.0,0.0
espressoparts.com,brand/retail,2,10,0.0,42.5,0.0
milanomenswearonline.com,brand/retail,2,10,0.0,44.0,0.0
orbasics.com,brand/retail,2,10,0.0,45.5,0.0
yarninspirationpatterns.com,brand/retail,2,10,0.0,45.5,0.0
mccaintailor.com,brand/retail,2,10,0.0,46.5,0.0
sleepfactory.com,brand/retail,2,10,0.0,50.0,0.0
freakinreviews.com,brand/retail,2,10,0.0,52.0,0.0
california-king.quiltset.org,brand/retail,2,10,0.0,26.5,0.0
photoweavers.com,brand/retail,2,10,0.0,32.0,0.0
at-office-furniture.com,brand/retail,2,10,0.0,34.5,0.0
hairlove.com,brand/retail,2,10,0.0,39.0,0.0
homeappealstore.com,brand/retail,2,10,0.0,40.5,0.0
oldwestliving.com,brand/retail,2,10,0.0,41.5,0.0
yzpxk.com,brand/retail,2,10,0.0,43.0,0.0
lumens.com,brand/retail,2,10,0.0,46.0,0.0
lumos-coltd.com,brand/retail,2,10,0.0,52.0,0.0
gemstatepaper.com,brand/retail,1,10,0.0,15.0,0.1
sommerfly.com,brand/retail,1,10,0.0,15.0,0.1
housewifeeclectic.com,brand/retail,1,10,0.0,15.0,0.1
jllhomestore.com,brand/retail,1,10,0.0,15.0,0.1
glfi.com,brand/retail,1,10,0.0,15.0,0.1
armysurpluswarehouselexington.com,brand/retail,1,10,0.0,15.0,0.1
meriwoolart.com,brand/retail,1,10,0.0,16.0,0.1
clker.com,brand/retail,1,10,0.0,16.0,0.1
mrgscience.com,brand/retail,1,10,0.0,16.0,0.1
kristinesser.com,brand/retail,1,10,0.0,17.0,0.1
pospaper.com,brand/retail,1,10,0.0,17.0,0.1
cottonandolive.com,brand/retail,1,10,0.0,17.0,0.1
valanciahairextensions.com,brand/retail,1,10,0.0,17.0,0.1
create-a-mattress.com,brand/retail,2,10,0.0,18.5,0.1
mugglehut.com,brand/retail,2,10,0.0,26.5,0.1
lasensualboutique.com,brand/retail,4,10,0.0,39.2,0.0
domesticbin.com,brand/retail,3,10,0.0,33.0,0.1
simplelinenlife.com,brand/retail,3,10,0.0,37.0,0.1
allurebridals.com,brand/retail,4,10,0.0,51.0,0.0
sleepiverse.com,brand/retail,3,10,0.0,69.0,0.0
scarymommy.com,brand/retail,2,10,0.0,19.5,0.1
uspackagingandwrapping.com,brand/retail,2,10,0.0,21.5,0.1
maaidesign.com.au,brand/retail,2,10,0.0,25.0,0.0
sewhungryhippie.com,brand/retail,2,10,0.0,26.0,0.0
indemejarecristi.wordpress.com,brand/retail,2,10,0.0,35.0,0.0
yesterdaysthimble.com,brand/retail,2,10,0.0,37.0,0.0
charlottekan.com,brand/retail,2,10,0.0,39.5,0.0
stitchclinic.com,brand/retail,2,10,0.0,41.5,0.0
silkbiotic.com,brand/retail,3,10,0.0,33.3,0.1
purex.com,brand/retail,2,10,0.0,43.0,0.0
bubblebaths.us,brand/retail,5,10,0.0,39.4,0.0
conoverquilt.com,brand/retail,2,10,0.0,45.0,0.0
sewingstudio.com,brand/retail,2,10,0.0,46.5,0.0
uniontailors.com,brand/retail,2,10,0.0,49.5,0.0
blog.fabricana.com,brand/retail,2,10,0.0,50.0,0.0
sewingchanelstyle.com,brand/retail,2,10,0.0,51.0,0.0
library.tedankara.k12.tr,brand/retail,2,10,0.0,51.5,0.0
so-sew-easy.com,brand/retail,2,10,0.0,53.5,0.0
ageberry.com,brand/retail,2,10,0.0,54.5,0.0
biopedia.org,brand/retail,2,10,0.0,55.5,0.0
retreathomefurniture.com,brand/retail,2,10,0.0,21.5,0.1
herricksfurniture.com,brand/retail,2,10,0.0,23.0,0.1
photo-cushions.com,brand/retail,2,10,0.0,26.0,0.1
grahamchiropracticlouisville.com,brand/retail,2,10,0.0,27.5,0.1
groovepillows.co.uk,brand/retail,3,10,0.0,38.0,0.1
gabrielahearst.com,brand/retail,3,10,0.0,46.7,0.0
lee.com,brand/retail,3,10,0.0,27.0,0.1
eightsleep.com,brand/retail,2,10,0.0,29.0,0.1
bywatters.com,brand/retail,5,10,0.0,35.0,0.0
henandchicksstudio.com,brand/retail,2,10,0.0,35.0,0.1
safeelderlife.com,brand/retail,4,10,0.0,30.0,0.0
ultimatemvp.com,brand/retail,3,10,0.0,42.7,0.0
everydayeasehome.com,brand/retail,3,10,0.0,48.0,0.0
elderlyguides.com,brand/retail,3,10,0.0,49.0,0.0
duvetlux.com,brand/retail,5,10,0.0,45.6,0.0
thefurnituremart.com,brand/retail,1,10,0.0,12.0,0.1
littleonespillow.com,brand/retail,1,10,0.0,12.0,0.1
beautyshamans.com,brand/retail,1,10,0.0,12.0,0.1
posthousedesign.com,brand/retail,1,10,0.0,12.0,0.1
smartlabel.pg.com,brand/retail,1,10,0.0,12.0,0.1
bluebandsapparel.com,brand/retail,1,10,0.0,12.0,0.1
daisymanor.com,brand/retail,1,10,0.0,12.0,0.1
apparelnbags.com,brand/retail,1,10,0.0,12.0,0.1
wellappointedhouse.com,brand/retail,3,10,0.0,24.0,0.1
americastestkitchen.com,brand/retail,2,10,0.0,21.0,0.1
slipperybathtubsolutions.com,brand/retail,10,10,0.0,30.9,0.0
autogeekonline.net,brand/retail,1,10,0.0,10.0,0.1
janisource.com,brand/retail,1,10,0.0,12.0,0.1
velcro.com,brand/retail,1,10,0.0,12.0,0.1
beditorial.world,brand/retail,1,10,0.0,12.0,0.1
piggybedspreads.com,brand/retail,1,10,0.0,12.0,0.1
askaboutireland.ie,brand/retail,1,10,0.0,12.0,0.1
homedepot.ca,brand/retail,5,10,0.0,25.8,0.1
shop.reynoldsmarket.com,brand/retail,2,10,0.0,15.0,0.1
highpeakco.com,brand/retail,1,10,0.0,12.0,0.1
robynssouthernnest.com,brand/retail,2,10,0.0,14.5,0.1
etiennehome.com.au,brand/retail,2,10,0.0,16.5,0.1
silvercrateplus.com,brand/retail,2,10,0.0,37.5,0.1
gardner-white.com,brand/retail,3,10,0.0,50.7,0.1
sainly.com,brand/retail,4,10,0.0,22.0,0.1
simons.ca,brand/retail,6,10,0.0,38.7,0.0
gigiandolive.com,brand/retail,2,10,0.0,13.5,0.1
clergywearshop.com,brand/retail,2,10,0.0,17.5,0.1
sivanaspirit.com,brand/retail,2,10,0.0,29.0,0.1
wildroseboho.com,brand/retail,1,10,0.0,10.0,0.1
fashionconservatory.com,brand/retail,1,10,0.0,10.0,0.1
thezipperlady.com,brand/retail,1,10,0.0,10.0,0.1
americanbath.com,brand/retail,2,10,0.0,10.5,0.3
draperjames.com,brand/retail,1,10,0.0,7.0,0.4
reviews.birdeye.com,brand/retail,2,10,0.0,15.5,0.3
appearus.com,brand/retail,2,9,0.0,20.5,0.1
cedar-sense.com,brand/retail,2,9,0.0,16.5,0.1
bigbedguide.com,brand/retail,2,9,0.0,21.5,0.1
princeandpom.com,brand/retail,2,9,0.0,37.5,0.0
wildernesstimes.com,brand/retail,2,9,0.0,52.5,0.0
scandiahome.com,brand/retail,1,9,0.0,13.0,0.1
hamiltonplace.com,brand/retail,2,9,0.0,30.0,0.0
medicalproductssupply.com,brand/retail,2,9,0.0,31.5,0.1
bedcomfortershop.com,brand/retail,5,9,0.0,44.8,0.0
etrailer.com,brand/retail,2,9,0.0,43.5,0.0
genimorugs.com,brand/retail,2,9,0.0,24.0,0.1
welikesewing.com,brand/retail,2,9,0.0,40.5,0.0
papersource.com,brand/retail,1,9,0.0,13.0,0.1
eurekafabrics.com,brand/retail,1,9,0.0,13.0,0.1
linenandjames.com,brand/retail,1,9,0.0,13.0,0.1
cleaningideas.com,brand/retail,2,9,0.0,25.5,0.1
sirthelabel.com,brand/retail,4,9,0.0,42.8,0.0
parents.com,brand/retail,2,9,0.0,45.5,0.1
elderguardhome.com,brand/retail,3,9,0.0,20.0,0.1
moutonsalon.com,brand/retail,3,9,0.0,28.3,0.1
stillsuain.ie,brand/retail,1,9,0.0,13.0,0.1
fancyglamwear.com,brand/retail,2,9,0.0,18.0,0.1
winflyhotelsupply.com,brand/retail,7,9,0.0,34.0,0.0
bowlift.com,brand/retail,4,9,0.0,38.5,0.0
bloomingville.com,brand/retail,3,9,0.0,43.3,0.0
cozy-bedding-and-linens.myshopify.com,brand/retail,2,9,0.0,19.0,0.1
bodegabaylavender.com,brand/retail,1,9,0.0,11.0,0.1
dadsguidetotwins.com,brand/retail,1,9,0.0,11.0,0.1
oxopackaging.com,brand/retail,1,9,0.0,11.0,0.1
thedownstore.com,brand/retail,1,9,0.0,11.0,0.1
4lessmattress.com,brand/retail,1,9,0.0,11.0,0.1
threadtoform.com,brand/retail,1,9,0.0,14.0,0.1
legitkits.com,brand/retail,1,9,0.0,14.0,0.1
walmart.ca,brand/retail,4,9,0.0,33.8,0.1
chairish.com,brand/retail,2,9,0.0,21.5,0.1
carolinagym.com,brand/retail,1,9,0.0,11.0,0.1
thechicagogarage.com,brand/retail,1,9,0.0,11.0,0.1
belloost.com,brand/retail,1,9,0.0,11.0,0.1
bulksaltsbathandbody.com,brand/retail,1,9,0.0,11.0,0.1
store.philmontscoutranch.org,brand/retail,1,9,0.0,11.0,0.1
limboimports.com,brand/retail,1,9,0.0,11.0,0.1
foldandtravelmobility.com,brand/retail,1,9,0.0,11.0,0.1
multiplebirthsa.org.au,brand/retail,1,9,0.0,11.0,0.1
recyco.co,brand/retail,1,9,0.0,11.0,0.1
sheetscreditjudge.com,brand/retail,1,9,0.0,11.0,0.1
sandsociety.com.au,brand/retail,1,9,0.0,11.0,0.1
roughcountry.com,brand/retail,1,9,0.0,11.0,0.1
hymnsandhome.com,brand/retail,1,9,0.0,11.0,0.1
featherandlarch.com,brand/retail,1,9,0.0,11.0,0.1
swoodsonsays.com,brand/retail,1,9,0.0,11.0,0.1
spruceandfjell.com,brand/retail,1,9,0.0,11.0,0.1
ornaterapillow.com,brand/retail,1,9,0.0,11.0,0.1
elderdepot.com,brand/retail,3,9,0.0,20.0,0.1
thesouledstore.com,brand/retail,5,9,0.0,57.0,0.0
thepreppybunny.com,brand/retail,1,9,0.0,11.0,0.1
shoptwinklebaby.com,brand/retail,1,9,0.0,11.0,0.1
wrapupbyvp.com,brand/retail,1,9,0.0,11.0,0.1
woodiesclothing.com,brand/retail,1,9,0.0,11.0,0.1
mountainwarehouse.com,brand/retail,3,9,0.0,16.0,0.2
neweraavenue.com,brand/retail,5,9,0.0,50.0,0.1
eight-x.com,brand/retail,7,9,0.0,36.4,0.0
stenstromsoutlet.com,brand/retail,6,9,0.0,36.5,0.1
kaicollections.com,brand/retail,4,9,0.0,24.8,0.2
free3d.com,brand/retail,1,9,0.0,9.0,0.2
diyanu.com,brand/retail,1,9,0.0,9.0,0.2
veromoda.com,brand/retail,1,9,0.0,9.0,0.2
hillarykerr.substack.com,brand/retail,1,9,0.0,9.0,0.2
bestbathrugs.com,brand/retail,2,9,0.0,12.5,0.1
shop.lululemon.com,brand/retail,5,9,0.0,35.6,0.1
churchofjesuschrist.org,brand/retail,1,9,0.0,8.0,0.3
upcyclemystuff.com,brand/retail,1,9,0.0,8.0,0.3
classicalnumismaticgallery.com,brand/retail,1,9,0.0,8.0,0.3
baturinahomewear.com,brand/retail,1,9,0.0,8.0,0.3
kroberson9.wixsite.com,brand/retail,1,9,0.0,8.0,0.3
leosimports.com,brand/retail,1,9,0.0,8.0,0.3
teejh.com,brand/retail,1,9,0.0,9.0,0.2
stuffitoutdoors.com,brand/retail,1,9,0.0,9.0,0.2
marieeparisienne.com,brand/retail,1,9,0.0,9.0,0.2
myrausa.com,brand/retail,2,9,0.0,15.5,0.1
thesilkcollection.com,brand/retail,5,9,0.0,34.4,0.2
renwicksport.com,brand/retail,1,9,0.0,8.0,0.3
shop.missionlinen.com,brand/retail,1,9,0.0,8.0,0.3
loveandconfuse.com,brand/retail,1,9,0.0,9.0,0.2
nationwidefurniturefla.com,brand/retail,1,9,0.0,4.0,0.7
magnoliacasual.com,brand/retail,1,8,0.0,16.0,0.1
acornmfg.com,brand/retail,1,8,0.0,16.0,0.1
wooflinen.com,brand/retail,1,8,0.0,17.0,0.1
welqueen.com,brand/retail,1,8,0.0,17.0,0.1
kimberlymd.com,brand/retail,1,8,0.0,18.0,0.1
zarfstudios.com,brand/retail,1,8,0.0,18.0,0.1
saunaplace.com,brand/retail,1,8,0.0,18.0,0.1
claritin.com,brand/retail,1,8,0.0,18.0,0.1
bearingtips.com,brand/retail,1,8,0.0,18.0,0.1
comfortrevolutionpillow.com,brand/retail,1,8,0.0,18.0,0.1
gravity-deken.nl,brand/retail,2,8,0.0,28.5,0.0
firstclassmobility.com,brand/retail,2,8,0.0,33.0,0.0
goculinex.com,brand/retail,2,8,0.0,24.5,0.0
absorbentsonline.com,brand/retail,2,8,0.0,27.0,0.0
backpacks4less.com,brand/retail,2,8,0.0,30.0,0.0
aldanadentalcenter.com,brand/retail,2,8,0.0,33.5,0.0
campingwithstyle.co.uk,brand/retail,2,8,0.0,38.5,0.0
evaglory.us,brand/retail,2,8,0.0,40.0,0.0
fitfloors.com,brand/retail,2,8,0.0,40.0,0.0
waterlockfloormats.com,brand/retail,2,8,0.0,40.5,0.0
floormats.com,brand/retail,2,8,0.0,45.0,0.0
ahscompany.com,brand/retail,2,8,0.0,45.0,0.0
simplykleenusa.com,brand/retail,2,8,0.0,48.5,0.0
mamattingsolutions.com,brand/retail,2,8,0.0,50.0,0.0
matsonline.com,brand/retail,2,8,0.0,53.0,0.0
stopmotionapp.com,brand/retail,1,8,0.0,16.0,0.1
keenstone.com,brand/retail,1,8,0.0,16.0,0.1
militarysurplusworld.com,brand/retail,1,8,0.0,16.0,0.1
ussleepproducts.com,brand/retail,1,8,0.0,17.0,0.1
aldi.com.au,brand/retail,1,8,0.0,17.0,0.1
angelcarebaby.com.au,brand/retail,1,8,0.0,17.0,0.1
blockandcompany.com,brand/retail,2,8,0.0,59.0,0.0
ingroundblinds.com,brand/retail,1,8,0.0,18.0,0.1
merwave.co.uk,brand/retail,1,8,0.0,18.0,0.1
smokybearretreats.com,brand/retail,1,8,0.0,18.0,0.1
maidenhairextensions.com,brand/retail,1,8,0.0,18.0,0.1
mats4u.com,brand/retail,2,8,0.0,59.5,0.0
trulydecorative.com,brand/retail,2,8,0.0,59.5,0.0
madebyteachers.com,brand/retail,2,8,0.0,23.0,0.0
bomgaars.com,brand/retail,2,8,0.0,24.0,0.0
halloweenexpress.com,brand/retail,2,8,0.0,26.5,0.0
suprememed.com,brand/retail,2,8,0.0,29.0,0.0
chicsoul.com,brand/retail,2,8,0.0,29.0,0.0
thelittlebridedresscompany.com,brand/retail,2,8,0.0,29.5,0.0
parenting.firstcry.com,brand/retail,2,8,0.0,30.0,0.0
snugglesac.com,brand/retail,2,8,0.0,31.5,0.0
adaptivespecialties.com,brand/retail,2,8,0.0,31.5,0.0
sandsnowlinen.us,brand/retail,2,8,0.0,31.5,0.0
craftwarehouse.com,brand/retail,2,8,0.0,32.0,0.0
mccabescostumes.com,brand/retail,2,8,0.0,34.0,0.0
daniellesbridalshop.com,brand/retail,2,8,0.0,34.0,0.0
sydneyscloset.com,brand/retail,2,8,0.0,35.0,0.0
sandara.us,brand/retail,2,8,0.0,38.5,0.0
yarnitems.com,brand/retail,2,8,0.0,39.0,0.0
ashleystewart.com,brand/retail,2,8,0.0,39.5,0.0
coloringpagesonly.com,brand/retail,2,8,0.0,40.0,0.0
carlakiley.com,brand/retail,2,8,0.0,40.5,0.0
fspartystore.com,brand/retail,2,8,0.0,41.0,0.0
wbshop27-com.myshopify.com,brand/retail,2,8,0.0,46.0,0.0
fantasy-bridal.com,brand/retail,2,8,0.0,46.0,0.0
charmingtribe.com,brand/retail,2,8,0.0,47.5,0.0
wickedhalloweencostumes.com,brand/retail,2,8,0.0,49.0,0.0
dilostyle.com,brand/retail,2,8,0.0,49.5,0.0
nolahsleep.com,brand/retail,2,8,0.0,52.5,0.0
kiyonna.com,brand/retail,2,8,0.0,52.5,0.0
averyaustin.com,brand/retail,2,8,0.0,53.0,0.0
floormat.com,brand/retail,4,8,0.0,35.0,0.0
greenhive.io,brand/retail,2,8,0.0,23.5,0.0
ultimatemats.com,brand/retail,2,8,0.0,23.5,0.0
nontre.co,brand/retail,2,8,0.0,30.0,0.0
creamofthecropcrochet.com,brand/retail,2,8,0.0,30.5,0.0
bonanza.com,brand/retail,2,8,0.0,30.5,0.0
quilt.today,brand/retail,2,8,0.0,31.0,0.0
bathtubber.com,brand/retail,2,8,0.0,39.5,0.0
interiorstylebykiki.com,brand/retail,2,8,0.0,41.0,0.0
reliablepaper.com,brand/retail,2,8,0.0,41.5,0.0
nicetown.com,brand/retail,2,8,0.0,43.0,0.0
freequilt.com,brand/retail,2,8,0.0,49.0,0.0
soultreeliving.com,brand/retail,2,8,0.0,49.5,0.0
biglots.com,brand/retail,2,8,0.0,51.5,0.0
lafonhomes.com,brand/retail,2,8,0.0,52.5,0.0
christacodesign.com,brand/retail,2,8,0.0,53.5,0.0
tetongear.com,brand/retail,2,8,0.0,23.5,0.0
babycantravel.com,brand/retail,2,8,0.0,45.5,0.0
sidelakestitch.com,brand/retail,2,8,0.0,23.0,0.1
easyteacherworksheets.com,brand/retail,2,8,0.0,31.0,0.1
simplehomeplus.com,brand/retail,2,8,0.0,21.0,0.1
pixoneye.com,brand/retail,4,8,0.0,24.2,0.1
lighthouseco.com,brand/retail,1,8,0.0,13.0,0.1
sensoryonwheels.myshopify.com,brand/retail,1,8,0.0,13.0,0.1
meetlalo.com,brand/retail,1,8,0.0,13.0,0.1
shop.staterbros.com,brand/retail,1,8,0.0,13.0,0.1
octaneseating.com,brand/retail,1,8,0.0,13.0,0.1
protowels.brandeditems.com,brand/retail,1,8,0.0,13.0,0.1
epicfoodwares.com,brand/retail,1,8,0.0,13.0,0.1
helpmedicalsupplies.com,brand/retail,2,8,0.0,23.5,0.1
tapinto.net,brand/retail,1,8,0.0,15.0,0.1
fallpreventionfoundation.org,brand/retail,1,8,0.0,15.0,0.1
m.comfortsbest.com,brand/retail,3,8,0.0,34.3,0.0
allyfashion.com,brand/retail,3,8,0.0,44.0,0.0
topsuperdeals.com,brand/retail,3,8,0.0,34.7,0.1
ppjsco.com,brand/retail,3,8,0.0,35.3,0.1
colorfulworldco.com,brand/retail,3,8,0.0,33.0,0.0
idealbaby.com,brand/retail,2,8,0.0,19.5,0.1
eastcoastbeddingusa.com,brand/retail,2,8,0.0,20.5,0.1
shopbedmart.com,brand/retail,4,8,0.0,36.2,0.0
hotcards.com,brand/retail,1,8,0.0,12.0,0.1
ispaci.com,brand/retail,1,8,0.0,12.0,0.1
forestriverforums.com,brand/retail,1,8,0.0,12.0,0.1
cbinsights.com,brand/retail,1,8,0.0,13.0,0.1
youngliving.com,brand/retail,1,8,0.0,13.0,0.1
loomandstars.com,brand/retail,1,8,0.0,13.0,0.1
howtopronounce.com,brand/retail,1,8,0.0,13.0,0.1
harborsidebathandbody.com,brand/retail,1,8,0.0,13.0,0.1
abysm-internal.com,brand/retail,1,8,0.0,13.0,0.1
buchheits.com,brand/retail,1,8,0.0,13.0,0.1
pethelpful.com,brand/retail,1,8,0.0,13.0,0.1
ajournalofhistorian.home.blog,brand/retail,1,8,0.0,13.0,0.1
thomaspink.com,brand/retail,1,8,0.0,13.0,0.1
justinfabric.com,brand/retail,1,8,0.0,15.0,0.1
unisonlabel.com,brand/retail,3,8,0.0,21.0,0.1
jaxxliving.com,brand/retail,2,8,0.0,18.0,0.1
coziepillow.com,brand/retail,4,8,0.0,59.0,0.0
blog.kbichealth.net,brand/retail,2,8,0.0,19.0,0.1
homesmartblankets.com,brand/retail,2,8,0.0,25.5,0.1
silentnight.co.uk,brand/retail,2,8,0.0,26.5,0.1
asianstylefurnishing.com,brand/retail,1,8,0.0,11.0,0.1
thenestandco.com,brand/retail,1,8,0.0,11.0,0.1
usgymproducts.com,brand/retail,1,8,0.0,12.0,0.1
ifurnishco.com,brand/retail,1,8,0.0,12.0,0.1
cuura.space,brand/retail,1,8,0.0,12.0,0.1
getwashedaway.com,brand/retail,1,8,0.0,12.0,0.1
sparkleshome.com,brand/retail,1,8,0.0,12.0,0.1
shopinnerchild.com,brand/retail,1,8,0.0,12.0,0.1
autostoday.com,brand/retail,1,8,0.0,12.0,0.1
chicagotribune.com,brand/retail,1,8,0.0,12.0,0.1
sydneymigraine.com.au,brand/retail,1,8,0.0,12.0,0.1
backbonecushion.com,brand/retail,1,8,0.0,12.0,0.1
1073kissfmtexas.com,brand/retail,1,8,0.0,12.0,0.1
freshpair.com,brand/retail,1,8,0.0,12.0,0.1
jewelosco.com,brand/retail,1,8,0.0,12.0,0.1
anwearhub.com,brand/retail,6,8,0.0,42.3,0.0
ebboudoir.com,brand/retail,1,8,0.0,11.0,0.1
shazam.com,brand/retail,1,8,0.0,12.0,0.1
easeseatingsystems.com,brand/retail,1,8,0.0,12.0,0.1
roots.com,brand/retail,1,8,0.0,12.0,0.1
eiyokimono.com,brand/retail,1,8,0.0,12.0,0.1
isleepsimple.com,brand/retail,1,8,0.0,12.0,0.1
finetouchdermatology.com,brand/retail,1,8,0.0,13.0,0.1
6fiftytwo.com,brand/retail,1,8,0.0,13.0,0.1
heartsdesireclothing.com,brand/retail,3,8,0.0,35.3,0.1
prettylittlething.com,brand/retail,3,8,0.0,31.7,0.1
shopglamourhouse.com,brand/retail,2,8,0.0,18.0,0.1
williamjacket.com,brand/retail,3,8,0.0,20.3,0.1
thepajamacompany.com,brand/retail,2,8,0.0,24.0,0.1
superbalist.com,brand/retail,9,8,0.0,34.8,0.0
ellentracy.com,brand/retail,1,8,0.0,10.0,0.1
healthgearweb.com,brand/retail,1,8,0.0,10.0,0.1
catholiccompany.com,brand/retail,1,8,0.0,10.0,0.1
folkofthewood.com,brand/retail,1,8,0.0,10.0,0.1
billyreid.com,brand/retail,1,8,0.0,10.0,0.1
enzoclothingstore.com,brand/retail,1,8,0.0,10.0,0.1
shop.wantable.com,brand/retail,1,8,0.0,11.0,0.1
candlfinegift.com,brand/retail,1,8,0.0,11.0,0.1
maxcady.com,brand/retail,1,8,0.0,11.0,0.1
fashiola.com,brand/retail,2,8,0.0,16.5,0.1
jamesonmedical.com,brand/retail,3,8,0.0,14.0,0.2
baharanchwesternwear.com,brand/retail,1,8,0.0,10.0,0.1
adacollection.com,brand/retail,2,8,0.0,14.5,0.2
red.equipment,brand/retail,2,8,0.0,16.5,0.2
wanderboat.ai,brand/retail,1,8,0.0,7.0,0.4
signaturefurnitureoh.com,brand/retail,1,8,0.0,7.0,0.4
homelivingfurniture.com,brand/retail,3,8,0.0,18.0,0.3
blakeandco.com,brand/retail,1,8,0.0,8.0,0.3
decorpad.com,brand/retail,3,8,0.0,16.0,0.2
3bfurniture.us,brand/retail,3,8,0.0,16.3,0.5
addieandharry.com,brand/retail,1,8,0.0,5.0,0.6
davidjones.com,brand/retail,1,8,0.0,5.0,0.6
artfulcursive.com,brand/retail,1,7,0.0,14.0,0.1
thefoamking.com,brand/retail,1,7,0.0,16.0,0.1
refluxguard.com,brand/retail,1,7,0.0,17.0,0.1
thefreebieguy.com,brand/retail,1,7,0.0,20.0,0.1
myedenproducts.com,brand/retail,1,7,0.0,20.0,0.1
louderthansilence.org,brand/retail,1,7,0.0,21.0,0.0
chicagosportsspine.com,brand/retail,2,7,0.0,29.0,0.0
omerbozduman.com,brand/retail,2,7,0.0,35.0,0.0
resilienceorthopedics.com,brand/retail,2,7,0.0,36.5,0.0
ptadvantagepc.com,brand/retail,2,7,0.0,43.5,0.0
yogasleep.com,brand/retail,2,7,0.0,44.0,0.0
orthobethesda.com,brand/retail,2,7,0.0,46.5,0.0
betterhomevibes.com,brand/retail,2,7,0.0,54.5,0.0
hommenorthopedics.com,brand/retail,2,7,0.0,55.0,0.0
sheetmarket.com,brand/retail,2,7,0.0,55.5,0.0
fabricatedforyou.com,brand/retail,1,7,0.0,17.0,0.1
survivalstoic.com,brand/retail,2,7,0.0,24.5,0.0
car-travels.com,brand/retail,2,7,0.0,40.0,0.0
dearkeaton.com,brand/retail,2,7,0.0,44.0,0.0
bellanocturne.com,brand/retail,2,7,0.0,47.5,0.0
woolblanketonline.co.uk,brand/retail,2,7,0.0,50.5,0.0
syfabrics.com,brand/retail,2,7,0.0,45.0,0.0
myfabriccollections.com,brand/retail,2,7,0.0,48.0,0.0
fabricfindersinc.com,brand/retail,2,7,0.0,51.5,0.0
mygreenmattress.com,brand/retail,2,7,0.0,22.5,0.1
betterhood.in,brand/retail,2,7,0.0,26.5,0.0
htsdecor.com,brand/retail,2,7,0.0,27.5,0.0
marisolgullointeriors.com,brand/retail,2,7,0.0,29.5,0.0
bomcrewmall.com,brand/retail,2,7,0.0,30.0,0.0
hotelwarehouse.com,brand/retail,2,7,0.0,34.5,0.0
shop.kevidko.com,brand/retail,2,7,0.0,36.0,0.0
totalclinicsolutions.com,brand/retail,2,7,0.0,36.0,0.0
largecushion.com,brand/retail,2,7,0.0,37.0,0.0
vitalityhealthcentermn.com,brand/retail,2,7,0.0,37.5,0.0
firststatespine.com,brand/retail,2,7,0.0,39.5,0.0
qualitychemical.com,brand/retail,2,7,0.0,41.0,0.0
rankandstyle.com,brand/retail,2,7,0.0,43.0,0.0
scoliolife.com,brand/retail,2,7,0.0,43.0,0.0
sleepspin.com,brand/retail,2,7,0.0,44.0,0.0
memory-foam.firmpillows.us,brand/retail,2,7,0.0,46.5,0.0
oktomahawk.com,brand/retail,2,7,0.0,49.0,0.0
goldenpackersandmovers.com,brand/retail,2,7,0.0,50.0,0.0
vjpillow.com,brand/retail,2,7,0.0,50.0,0.0
rapidhotelsupplies.com,brand/retail,2,7,0.0,50.5,0.0
bestpillowsforsleeping.com,brand/retail,2,7,0.0,53.5,0.0
green-tailor.com,brand/retail,2,7,0.0,25.0,0.0
fixthephoto.com,brand/retail,2,7,0.0,29.5,0.0
lifeandyarn.com,brand/retail,2,7,0.0,30.0,0.0
americanchairmats.com,brand/retail,2,7,0.0,32.0,0.0
sewingbeellc.com,brand/retail,2,7,0.0,36.5,0.0
veneklinikken.dk,brand/retail,2,7,0.0,37.0,0.0
blog.thestatedhome.com,brand/retail,2,7,0.0,38.0,0.0
mattresssale.com,brand/retail,3,7,0.0,49.7,0.0
ashleylauren.com,brand/retail,2,7,0.0,38.5,0.0
handecloth.com,brand/retail,2,7,0.0,39.5,0.0
inspirefabrics.com,brand/retail,2,7,0.0,41.0,0.0
domanihome.com,brand/retail,2,7,0.0,41.0,0.0
thegoodocs.com,brand/retail,2,7,0.0,42.5,0.0
us.canali.com,brand/retail,2,7,0.0,44.0,0.0
sweavebedding.com,brand/retail,2,7,0.0,44.5,0.0
forsythfabrics.com,brand/retail,2,7,0.0,46.5,0.0
free4classrooms.com,brand/retail,2,7,0.0,47.0,0.1
worksheets-to-print.com,brand/retail,2,7,0.0,47.5,0.0
ecoboo.net,brand/retail,2,7,0.0,47.5,0.0
myquilterscottage.com,brand/retail,2,7,0.0,48.0,0.0
linenway.ca,brand/retail,2,7,0.0,49.0,0.0
earthshopp.com,brand/retail,2,7,0.0,50.0,0.0
totebagfactory.com,brand/retail,2,7,0.0,50.5,0.0
essenceofindia.com,brand/retail,2,7,0.0,52.0,0.0
classmonitor.com,brand/retail,2,7,0.0,52.0,0.0
brydenapparel.com,brand/retail,2,7,0.0,52.5,0.0
agingathomeliving.com,brand/retail,2,7,0.0,27.0,0.0
healthforsenior.com,brand/retail,3,7,0.0,33.3,0.0
agingtoday.com,brand/retail,3,7,0.0,32.3,0.0
bestchoicesforseniors.com,brand/retail,2,7,0.0,32.5,0.0
safe-home-guides.lovable.app,brand/retail,2,7,0.0,40.5,0.0
able-living.com,brand/retail,2,7,0.0,48.5,0.0
dhgate.com,brand/retail,3,7,0.0,48.0,0.0
grayingwithgrace.com,brand/retail,2,7,0.0,54.0,0.0
careeasehub.com,brand/retail,2,7,0.0,54.0,0.0
seniorshomesafety.com,brand/retail,2,7,0.0,56.5,0.0
sleefs.com,brand/retail,1,7,0.0,14.0,0.1
towelsandlinen.com,brand/retail,1,7,0.0,14.0,0.1
tupperware.com,brand/retail,1,7,0.0,14.0,0.1
shaws.com,brand/retail,1,7,0.0,14.0,0.1
sequinswag.com,brand/retail,1,7,0.0,14.0,0.1
pridemobility.com,brand/retail,1,7,0.0,14.0,0.1
mantasleep.com,brand/retail,1,7,0.0,14.0,0.1
rovelab.com,brand/retail,1,7,0.0,15.0,0.1
gyguru.com,brand/retail,2,7,0.0,57.5,0.0
brickseek.com,brand/retail,1,7,0.0,15.0,0.1
mylapels.com,brand/retail,1,7,0.0,15.0,0.1
sleepsleekpillow.com,brand/retail,1,7,0.0,15.0,0.1
pipsqueaks.org,brand/retail,1,7,0.0,15.0,0.1
playtherapysupply.com,brand/retail,1,7,0.0,15.0,0.1
shopstaykation.com,brand/retail,1,7,0.0,15.0,0.1
aestheticroomcore.com,brand/retail,1,7,0.0,15.0,0.1
apparel.com,brand/retail,1,7,0.0,17.0,0.1
denalihome.com,brand/retail,1,7,0.0,17.0,0.1
treselite.com,brand/retail,1,7,0.0,17.0,0.1
starcovefashion.com,brand/retail,4,7,0.0,23.2,0.1
home-crush.com,brand/retail,2,7,0.0,30.5,0.1
wrappedinacloud.com,brand/retail,3,7,0.0,37.3,0.1
worldproductsmart.com,brand/retail,2,7,0.0,24.5,0.1
foreverydaykids.com,brand/retail,3,7,0.0,24.3,0.1
onallcylinders.com,brand/retail,1,7,0.0,14.0,0.1
myhsp-photo.com,brand/retail,1,7,0.0,14.0,0.1
sourcevital.com,brand/retail,1,7,0.0,14.0,0.1
motherearthnews.com,brand/retail,1,7,0.0,14.0,0.1
bluxuryessentials.com,brand/retail,1,7,0.0,14.0,0.1
kindredofireland.com,brand/retail,1,7,0.0,15.0,0.1
levitthookandloop.com,brand/retail,1,7,0.0,15.0,0.1
linenthelabel.com,brand/retail,1,7,0.0,15.0,0.1
linen-effects.wheree.com,brand/retail,1,7,0.0,15.0,0.1
myg37.com,brand/retail,1,7,0.0,15.0,0.1
seaboard-bedding-and-furniture.wheree.com,brand/retail,1,7,0.0,15.0,0.1
onelovecandleandbath.com,brand/retail,1,7,0.0,15.0,0.1
themillstores.com,brand/retail,1,7,0.0,15.0,0.1
skinsauvage.com,brand/retail,1,7,0.0,15.0,0.1
empressofbuttons.wordpress.com,brand/retail,1,7,0.0,15.0,0.1
allamerican.org,brand/retail,1,7,0.0,16.0,0.1
luxclub.us,brand/retail,2,7,0.0,18.0,0.1
thetrek.co,brand/retail,2,7,0.0,19.0,0.1
threelittlebirdssewingco.com,brand/retail,2,7,0.0,19.5,0.1
betterhealthalaska.com,brand/retail,2,7,0.0,21.0,0.1
countryfrenchinteriors.com,brand/retail,1,7,0.0,12.0,0.1
elephantjournal.com,brand/retail,1,7,0.0,12.0,0.1
bradsdeals.com,brand/retail,2,7,0.0,17.5,0.1
ozerocenter.com,brand/retail,2,7,0.0,20.5,0.1
us.oneill.com,brand/retail,5,7,0.0,35.4,0.0
thepioneerwoman.com,brand/retail,4,7,0.0,56.5,0.1
aliasjosie.com,brand/retail,1,7,0.0,12.0,0.1
biomestores.com,brand/retail,1,7,0.0,12.0,0.1
drshatkin.com,brand/retail,1,7,0.0,14.0,0.1
beddingforbunks.com,brand/retail,4,7,0.0,26.0,0.1
beautymedspasd.com,brand/retail,1,7,0.0,15.0,0.1
marigoldenshop.com,brand/retail,1,7,0.0,15.0,0.1
janesvanity.com,brand/retail,2,7,0.0,16.0,0.1
outbacklinen.co,brand/retail,3,7,0.0,21.7,0.1
hometalk.com,brand/retail,6,7,0.0,34.5,0.0
moalove.com,brand/retail,4,7,0.0,33.5,0.1
cedarandvine.net,brand/retail,3,7,0.0,31.7,0.1
nrbyclothing.com,brand/retail,1,7,0.0,11.0,0.1
missguided.com,brand/retail,1,7,0.0,11.0,0.1
trinityrobes.com,brand/retail,1,7,0.0,11.0,0.1
ambromanufacturing.com,brand/retail,1,7,0.0,11.0,0.1
myexpertmidwife.com,brand/retail,1,7,0.0,12.0,0.1
oblivionremastered.wiki.fextralife.com,brand/retail,1,7,0.0,12.0,0.1
livekolibri.com,brand/retail,1,7,0.0,12.0,0.1
us.thebodyshop.com,brand/retail,1,7,0.0,12.0,0.1
canyongroup.com,brand/retail,1,7,0.0,12.0,0.1
allaboutsuit.com,brand/retail,3,7,0.0,20.3,0.1
metalshop.us,brand/retail,1,7,0.0,10.0,0.1
jojodress.com,brand/retail,1,7,0.0,10.0,0.1
thedecorologist.com,brand/retail,2,7,0.0,11.5,0.1
shopstage.co,brand/retail,1,7,0.0,11.0,0.1
faviana.com,brand/retail,6,7,0.0,45.0,0.1
learnreligions.com,brand/retail,1,7,0.0,9.0,0.2
larobeboutique.com,brand/retail,1,7,0.0,9.0,0.2
alldaysaunaco.com,brand/retail,1,7,0.0,9.0,0.2
vandrebrand.com,brand/retail,1,7,0.0,9.0,0.2
fineartamerica.com,brand/retail,1,7,0.0,10.0,0.1
fascinatingnights.com,brand/retail,1,7,0.0,10.0,0.1
greateruppervalley.com,brand/retail,1,7,0.0,10.0,0.1
collections.carli.illinois.edu,brand/retail,1,7,0.0,10.0,0.1
ouijelevoeux.com,brand/retail,1,7,0.0,10.0,0.1
lorecranch.com,brand/retail,1,7,0.0,11.0,0.1
patisproject.com,brand/retail,1,7,0.0,9.0,0.2
gocloudfit.com,brand/retail,1,7,0.0,9.0,0.2
thetatteredpew.com,brand/retail,1,7,0.0,4.0,0.7
bestpricefurnitureredding.com,brand/retail,1,7,0.0,5.0,0.6
investors.bbif.com,brand/retail,1,7,0.0,6.0,0.5
babiesgetaway.com,brand/retail,1,6,0.0,16.0,0.1
consumernotice.org,brand/retail,1,6,0.0,17.0,0.1
tyhnation.com,brand/retail,1,6,0.0,18.0,0.1
cartacoffee.com,brand/retail,1,6,0.0,19.0,0.1
nordiclabels.com,brand/retail,1,6,0.0,19.0,0.1
millerwaldrop.com,brand/retail,1,6,0.0,19.0,0.1
joycedayton.com,brand/retail,1,6,0.0,19.0,0.1
creativevisionclasses.com,brand/retail,1,6,0.0,19.0,0.1
4inbandana.com,brand/retail,1,6,0.0,19.0,0.1
comfort-works.com,brand/retail,1,6,0.0,20.0,0.1
thepharmedoc.com,brand/retail,1,6,0.0,20.0,0.1
hightechdad.com,brand/retail,1,6,0.0,20.0,0.1
grievecorp.com,brand/retail,1,6,0.0,20.0,0.1
ftwondermissfinds.com,brand/retail,1,6,0.0,20.0,0.1
airstreempillow.com,brand/retail,1,6,0.0,20.0,0.1
sites.google.com,brand/retail,1,6,0.0,20.0,0.1
maloogear.com,brand/retail,1,6,0.0,20.0,0.1
foamandcovers.co.uk,brand/retail,1,6,0.0,21.0,0.0
apadanarugsandcarpets.com,brand/retail,1,6,0.0,21.0,0.0
aossa7.com,brand/retail,1,6,0.0,21.0,0.0
willwalkforcoffee.com,brand/retail,1,6,0.0,21.0,0.0
calcarcover.com,brand/retail,1,6,0.0,21.0,0.0
hem.com,brand/retail,1,6,0.0,18.0,0.1
rochelleporter.com,brand/retail,1,6,0.0,18.0,0.1
valleycpap.com,brand/retail,1,6,0.0,18.0,0.1
thefloramodiste.com,brand/retail,1,6,0.0,19.0,0.1
thedogoutdoors.com,brand/retail,1,6,0.0,19.0,0.1
teach.genetics.utah.edu,brand/retail,1,6,0.0,19.0,0.1
newschannel5.com,brand/retail,1,6,0.0,19.0,0.1
quiltingwithnancy.com,brand/retail,1,6,0.0,19.0,0.1
my-picture.co.uk,brand/retail,1,6,0.0,19.0,0.1
sierradesigns.com,brand/retail,1,6,0.0,19.0,0.1
dotexproduct.com,brand/retail,1,6,0.0,20.0,0.1
tenor.com,brand/retail,1,6,0.0,20.0,0.1
pisceshealth.com,brand/retail,2,6,0.0,22.0,0.0
whisperingwillow.com,brand/retail,2,6,0.0,27.5,0.0
lavenderridgefarms.com,brand/retail,2,6,0.0,30.0,0.0
nowlinens.com,brand/retail,2,6,0.0,35.5,0.0
theraquatics.com,brand/retail,2,6,0.0,36.0,0.0
blackberrycreekmattress.com,brand/retail,2,6,0.0,30.5,0.0
enjoybedding.com,brand/retail,3,6,0.0,45.7,0.0
rustans.com,brand/retail,1,6,0.0,13.0,0.1
theroundup.org,brand/retail,1,6,0.0,14.0,0.1
fayettemedicalsupply.com,brand/retail,1,6,0.0,16.0,0.1
talk.collegeconfidential.com,brand/retail,1,6,0.0,16.0,0.1
mamaisonandco.com,brand/retail,1,6,0.0,16.0,0.1
babybertie.com,brand/retail,1,6,0.0,16.0,0.1
needlepoint.com,brand/retail,1,6,0.0,16.0,0.1
protowelsoutlet.com,brand/retail,1,6,0.0,16.0,0.1
homeessentialsoutlet.com,brand/retail,1,6,0.0,16.0,0.1
dmaxxsports.com,brand/retail,1,6,0.0,17.0,0.1
whybuckeye.com,brand/retail,1,6,0.0,17.0,0.1
shnuggle.com,brand/retail,1,6,0.0,17.0,0.1
loganscandies.com,brand/retail,1,6,0.0,17.0,0.1
urbanfindsdfw.com,brand/retail,1,6,0.0,17.0,0.1
lemieuxetcie.com,brand/retail,1,6,0.0,17.0,0.1
tmj-relief.com,brand/retail,1,6,0.0,17.0,0.1
rebalancept.com,brand/retail,1,6,0.0,17.0,0.1
studioandolina.com,brand/retail,2,6,0.0,22.5,0.1
emtek.com,brand/retail,2,6,0.0,28.0,0.0
ehow.com,brand/retail,2,6,0.0,29.0,0.0
media.rainpos.com,brand/retail,2,6,0.0,32.0,0.1
scandinaviandesigns.com,brand/retail,2,6,0.0,36.5,0.1
littlehometown.com,brand/retail,2,6,0.0,22.0,0.1
stitch-merch.com,brand/retail,2,6,0.0,24.5,0.0
lollybanks.com,brand/retail,2,6,0.0,25.5,0.1
sageandclare.com,brand/retail,2,6,0.0,27.5,0.0
ohbabystyle.com,brand/retail,2,6,0.0,30.5,0.0
bathadvisors.com,brand/retail,3,6,0.0,44.3,0.0
ilmaha.com,brand/retail,1,6,0.0,13.0,0.1
boxandwrap.com,brand/retail,1,6,0.0,13.0,0.1
skyrest.com,brand/retail,1,6,0.0,13.0,0.1
getwool.com,brand/retail,1,6,0.0,13.0,0.1
magnumtruckgear.com,brand/retail,1,6,0.0,13.0,0.1
cpapcentral.com,brand/retail,1,6,0.0,14.0,0.1
olioeosso.com,brand/retail,1,6,0.0,14.0,0.1
community.goodsam.com,brand/retail,1,6,0.0,14.0,0.1
overstockoutletus.com,brand/retail,1,6,0.0,16.0,0.1
stableofireland.com,brand/retail,1,6,0.0,16.0,0.1
shopscentnow.com,brand/retail,1,6,0.0,16.0,0.1
thesandingglove.com,brand/retail,1,6,0.0,16.0,0.1
researchgate.net,brand/retail,1,6,0.0,16.0,0.1
stepmodifications.org,brand/retail,1,6,0.0,16.0,0.1
trodo.com,brand/retail,1,6,0.0,16.0,0.1
skinhavenar.com,brand/retail,1,6,0.0,16.0,0.1
guineapigcages.com,brand/retail,1,6,0.0,16.0,0.1
department56.com,brand/retail,1,6,0.0,16.0,0.1
store.stericycle.com,brand/retail,1,6,0.0,16.0,0.1
bohopink.com,brand/retail,1,6,0.0,16.0,0.1
collections.vam.ac.uk,brand/retail,1,6,0.0,16.0,0.1
jhannaltd.com,brand/retail,1,6,0.0,17.0,0.1
thecandlepour.com,brand/retail,1,6,0.0,17.0,0.1
hklivingusa.com,brand/retail,1,6,0.0,17.0,0.1
artefex.biz,brand/retail,1,6,0.0,17.0,0.1
accenthero.com,brand/retail,1,6,0.0,17.0,0.1
shopthespottedowl.com,brand/retail,1,6,0.0,17.0,0.1
bigdweb.com,brand/retail,1,6,0.0,17.0,0.1
calicavycollective.com,brand/retail,1,6,0.0,17.0,0.1
wholesomelinen.com,brand/retail,1,6,0.0,17.0,0.1
alltowelsonline.com,brand/retail,3,6,0.0,28.7,0.0
celebratingthesoaps.com,brand/retail,3,6,0.0,41.0,0.0
pulatree.com,brand/retail,3,6,0.0,42.7,0.0
sleeperguide.com,brand/retail,3,6,0.0,48.3,0.0
marigoldliving.com,brand/retail,2,6,0.0,30.5,0.1
cactusquiltshop.com,brand/retail,2,6,0.0,31.0,0.1
latestproducts.net,brand/retail,2,6,0.0,39.0,0.1
smithhonig.com,brand/retail,2,6,0.0,40.5,0.1
us.halemercantile.com,brand/retail,1,6,0.0,13.0,0.1
constructiveplaythings.com,brand/retail,1,6,0.0,13.0,0.1
wenatcheeoutdoors.org,brand/retail,1,6,0.0,13.0,0.1
scruffymakers.com,brand/retail,1,6,0.0,13.0,0.1
happy-sinks.com,brand/retail,1,6,0.0,13.0,0.1
fcagear.com,brand/retail,1,6,0.0,13.0,0.1
allemstudio.com,brand/retail,1,6,0.0,13.0,0.1
boards.cruisecritic.com,brand/retail,1,6,0.0,13.0,0.1
parts.kendalltoyota.com,brand/retail,1,6,0.0,13.0,0.1
acedecorbath.com,brand/retail,1,6,0.0,13.0,0.1
ukclimbing.com,brand/retail,1,6,0.0,13.0,0.1
cypresslinen.com,brand/retail,1,6,0.0,13.0,0.1
orthex.ca,brand/retail,1,6,0.0,13.0,0.1
bestradio.fm,brand/retail,1,6,0.0,13.0,0.1
inspiredtosew.com,brand/retail,1,6,0.0,13.0,0.1
tilethis.com,brand/retail,2,6,0.0,22.0,0.1
shoplivandco.com,brand/retail,4,6,0.0,50.5,0.0
coloraydecor.com,brand/retail,2,6,0.0,43.5,0.1
mysalonchic.com,brand/retail,2,6,0.0,48.5,0.1
loomyhome.com,brand/retail,1,6,0.0,13.0,0.1
4thandreckless.com,brand/retail,1,6,0.0,13.0,0.1
achorusline.net,brand/retail,1,6,0.0,13.0,0.1
nuuds.com,brand/retail,1,6,0.0,13.0,0.1
sanmar.com,brand/retail,1,6,0.0,13.0,0.1
shopjustsports.com,brand/retail,1,6,0.0,13.0,0.1
usa.yvesdelormeoutlet.com,brand/retail,1,6,0.0,13.0,0.1
greendirtfarm.com,brand/retail,1,6,0.0,13.0,0.1
millersportsandfamilychiropractic.com,brand/retail,1,6,0.0,14.0,0.1
southernpointdesigns.com,brand/retail,1,6,0.0,14.0,0.1
beloitmattress.com,brand/retail,1,6,0.0,14.0,0.1
christiearchitecture.com,brand/retail,1,6,0.0,14.0,0.1
thefashionfoundation.org,brand/retail,1,6,0.0,14.0,0.1
kyotokimono.com,brand/retail,1,6,0.0,14.0,0.1
vleyn.com,brand/retail,1,6,0.0,14.0,0.1
naturellebeds.com,brand/retail,1,6,0.0,14.0,0.1
matliving.com,brand/retail,1,6,0.0,16.0,0.1
delilahsmaternity.com,brand/retail,1,6,0.0,17.0,0.1
folioweekly.com,brand/retail,1,6,0.0,17.0,0.1
newmungo.com,brand/retail,1,6,0.0,17.0,0.1
sidenselma.com,brand/retail,1,6,0.0,17.0,0.1
halloween.com,brand/retail,3,6,0.0,20.7,0.1
lifegivinglinen.com,brand/retail,2,6,0.0,28.0,0.1
robesbysilkandmore.com,brand/retail,4,6,0.0,35.0,0.0
us.2tall.com,brand/retail,2,6,0.0,16.5,0.1
christinasluxuries.com,brand/retail,4,6,0.0,49.8,0.0
dressedtodeliver.com,brand/retail,2,6,0.0,16.5,0.1
lookastic.com,brand/retail,3,6,0.0,37.0,0.1
ecolife.com,brand/retail,3,6,0.0,35.7,0.1
ru.pinterest.com,brand/retail,2,6,0.0,17.0,0.1
veramarket.net,brand/retail,3,6,0.0,19.7,0.1
amrneighbors.com,brand/retail,4,6,0.0,25.0,0.0
towelselections.com,brand/retail,3,6,0.0,23.0,0.1
majesticinternational.com,brand/retail,2,6,0.0,28.5,0.1
bluebungalow.com.au,brand/retail,5,6,0.0,31.2,0.0
whytehousemonograms.com,brand/retail,4,6,0.0,31.2,0.1
rw-co.com,brand/retail,2,6,0.0,43.0,0.1
rebacksplumbing.com,brand/retail,2,6,0.0,13.0,0.1
cindysthrows.com,brand/retail,2,6,0.0,12.0,0.2
discountfurnitureohio.com,brand/retail,1,6,0.0,8.0,0.3
trulyfreehome.com,brand/retail,1,6,0.0,9.0,0.2
rebelbreakroom.com,brand/retail,2,6,0.0,11.5,0.3
babyongrand.com,brand/retail,1,6,0.0,6.0,0.5
fuller.com,brand/retail,1,5,0.0,20.0,0.1
lifeboostcoffee.com,brand/retail,1,5,0.0,22.0,0.0
dreamsafterall.com,brand/retail,1,5,0.0,22.0,0.0
victoriaorton.com,brand/retail,1,5,0.0,22.0,0.0
happyelbows.com,brand/retail,1,5,0.0,22.0,0.0
pantherviews-academy.com,brand/retail,1,5,0.0,22.0,0.0
viaggitravelworld.com,brand/retail,1,5,0.0,22.0,0.0
jceelb.com,brand/retail,1,5,0.0,22.0,0.0
modafashionada.com,brand/retail,1,5,0.0,22.0,0.0
sandyneckprovisions.com,brand/retail,1,5,0.0,22.0,0.0
ocnjdaily.com,brand/retail,1,5,0.0,22.0,0.0
tirabeauty.com,brand/retail,1,5,0.0,18.0,0.1
shop.cpapmedical.com,brand/retail,1,5,0.0,19.0,0.1
blanket.electricblanketsi.com,brand/retail,1,5,0.0,19.0,0.1
bestbathshowroom.com,brand/retail,1,5,0.0,19.0,0.1
slumbersphere.com,brand/retail,1,5,0.0,19.0,0.1
armynavywarehouse.com,brand/retail,1,5,0.0,19.0,0.1
mattechinc.com,brand/retail,1,5,0.0,20.0,0.1
southpointhospitality.com,brand/retail,2,5,0.0,36.0,0.0
trulyfree.com,brand/retail,2,5,0.0,36.5,0.0
peluqueriainnove.com,brand/retail,2,5,0.0,46.5,0.0
canvellostudio.com,brand/retail,2,5,0.0,30.5,0.0
bodyworkmall.com,brand/retail,2,5,0.0,36.0,0.0
avantserveis.com,brand/retail,2,5,0.0,36.0,0.0
hospitality.kassatex.com,brand/retail,2,5,0.0,37.5,0.0
cozyanddozy.com,brand/retail,2,5,0.0,37.5,0.0
tlc.com,brand/retail,2,5,0.0,42.0,0.0
relaxusonline.com,brand/retail,2,5,0.0,45.0,0.0
pillowscience.com.au,brand/retail,2,5,0.0,45.5,0.0
velouroriginals.com,brand/retail,2,5,0.0,51.5,0.0
canadiantire.ca,brand/retail,2,5,0.0,55.0,0.0
hairgp.co.uk,brand/retail,1,5,0.0,18.0,0.1
sleepgram.org,brand/retail,1,5,0.0,18.0,0.1
alejandrasquiltstudio.com,brand/retail,2,5,0.0,26.0,0.0
rabbitsnyc.com,brand/retail,2,5,0.0,27.5,0.0
meundies.com,brand/retail,2,5,0.0,27.5,0.0
time.com,brand/retail,2,5,0.0,28.0,0.0
indexbath.com,brand/retail,2,5,0.0,31.0,0.0
moderndomesticpdx.com,brand/retail,2,5,0.0,33.5,0.0
naturalclothingcompany.com,brand/retail,2,5,0.0,34.0,0.1
candieanderson.com,brand/retail,2,5,0.0,35.5,0.0
bouxavenue.com,brand/retail,2,5,0.0,37.0,0.0
organicandhealthy.com,brand/retail,2,5,0.0,37.0,0.0
alicewalk.com,brand/retail,2,5,0.0,41.0,0.0
whitetrousseau.com,brand/retail,2,5,0.0,41.0,0.0
homeclarity.org,brand/retail,2,5,0.0,41.0,0.0
dianasilk.com,brand/retail,2,5,0.0,41.0,0.0
pacsun.com,brand/retail,2,5,0.0,42.0,0.0
bindingcalculatorquilt.com,brand/retail,2,5,0.0,42.5,0.0
bluedahlia.in,brand/retail,2,5,0.0,43.0,0.0
thenaturalsleepstore.com,brand/retail,2,5,0.0,47.5,0.0
easycraftspatterns.com,brand/retail,2,5,0.0,49.0,0.0
mainequiltcompany.com,brand/retail,2,5,0.0,49.5,0.0
cientithelabel.com,brand/retail,2,5,0.0,52.0,0.0
livehealthysleep.com,brand/retail,2,5,0.0,53.0,0.0
quiltmetric.com,brand/retail,2,5,0.0,53.0,0.0
homereelspaper.com,brand/retail,2,5,0.0,53.5,0.0
milkbarnkids.com,brand/retail,2,5,0.0,24.0,0.0
indemedical.com,brand/retail,2,5,0.0,33.0,0.0
cradleplanet.com,brand/retail,2,5,0.0,33.5,0.0
earthethical.com,brand/retail,2,5,0.0,34.5,0.0
castleware.com,brand/retail,2,5,0.0,39.0,0.0
homeydecos.com,brand/retail,2,5,0.0,39.0,0.0
dozhome.co,brand/retail,2,5,0.0,40.0,0.0
fleetfarm.com,brand/retail,2,5,0.0,43.5,0.0
americantrucks.com,brand/retail,2,5,0.0,46.0,0.0
decorativedecoranddesign.com,brand/retail,2,5,0.0,47.0,0.0
myearthybaby.com,brand/retail,2,5,0.0,48.5,0.0
babytula.com,brand/retail,2,5,0.0,48.5,0.0
perfecttradingco.com,brand/retail,2,5,0.0,48.5,0.0
lakehausmn.com,brand/retail,2,5,0.0,54.0,0.0
cozytrendscollection.com,brand/retail,2,5,0.0,56.5,0.0
hagerty.com,brand/retail,1,5,0.0,14.0,0.1
threedaughtersproperties.com,brand/retail,1,5,0.0,15.0,0.1
shopempathic.com,brand/retail,1,5,0.0,15.0,0.1
hadleyolivia.com,brand/retail,1,5,0.0,15.0,0.1
northamptonwools.com,brand/retail,1,5,0.0,15.0,0.1
smartliner-usa.com,brand/retail,1,5,0.0,15.0,0.1
stillmadeinusa.com,brand/retail,1,5,0.0,18.0,0.1
quality-time.com,brand/retail,2,5,0.0,23.5,0.1
dormvibes.com,brand/retail,3,5,0.0,37.7,0.1
encompassrl.com,brand/retail,2,5,0.0,54.5,0.0
toplessbedding.com,brand/retail,1,5,0.0,13.0,0.1
cedarrosesalonandsuites.com,brand/retail,2,5,0.0,36.5,0.0
newsweek.com,brand/retail,2,5,0.0,44.0,0.0
blockbustercostumes.com,brand/retail,3,5,0.0,38.3,0.0
thesun.co.uk,brand/retail,2,5,0.0,49.0,0.0
mirror.co.uk,brand/retail,2,5,0.0,50.5,0.0
shaws.ie,brand/retail,2,5,0.0,52.5,0.0
majesticsleepsystems.com,brand/retail,1,5,0.0,13.0,0.1
smoothradio.com,brand/retail,1,5,0.0,13.0,0.1
tkboudoir.co,brand/retail,1,5,0.0,14.0,0.1
keepingitfabulous.com,brand/retail,2,5,0.0,57.0,0.0
diamondathletic.com,brand/retail,1,5,0.0,15.0,0.1
wamsuttas.com,brand/retail,1,5,0.0,15.0,0.1
linenshed.uk,brand/retail,1,5,0.0,15.0,0.1
asherautocare.com,brand/retail,1,5,0.0,15.0,0.1
indochino.com,brand/retail,1,5,0.0,15.0,0.1
sleepybelly.co,brand/retail,1,5,0.0,15.0,0.1
dolcewe.com,brand/retail,1,5,0.0,15.0,0.1
foco.com,brand/retail,1,5,0.0,15.0,0.1
nextlevelcustomsigns.com,brand/retail,1,5,0.0,15.0,0.1
buffalocollection.com,brand/retail,1,5,0.0,15.0,0.1
thefrankieshop.com,brand/retail,1,5,0.0,15.0,0.1
georgestreetlinen.com,brand/retail,1,5,0.0,15.0,0.1
thefinleyshirt.com,brand/retail,3,5,0.0,34.3,0.0
catofashions.com,brand/retail,3,5,0.0,36.3,0.0
softsurroundings.com,brand/retail,3,5,0.0,45.7,0.0
consciousclothing.net,brand/retail,2,5,0.0,24.5,0.1
lasenza.com,brand/retail,3,5,0.0,54.7,0.0
na.sofitelboutique.com,brand/retail,5,5,0.0,23.6,0.1
peteralexander.com.au,brand/retail,3,5,0.0,57.0,0.0
plumo.com,brand/retail,1,5,0.0,12.0,0.1
monkeesofthewestend.com,brand/retail,1,5,0.0,12.0,0.1
kotton-bar.com,brand/retail,1,5,0.0,12.0,0.1
stpatricksguild.com,brand/retail,1,5,0.0,12.0,0.1
themonastery.org,brand/retail,1,5,0.0,12.0,0.1
imprintnow.com,brand/retail,1,5,0.0,12.0,0.1
cosanila.com,brand/retail,1,5,0.0,12.0,0.1
flo.health,brand/retail,1,5,0.0,13.0,0.1
rubykates.com,brand/retail,1,5,0.0,13.0,0.1
jakks.com,brand/retail,1,5,0.0,13.0,0.1
articlesofstyle.com,brand/retail,1,5,0.0,13.0,0.1
procoreshop.com,brand/retail,1,5,0.0,13.0,0.1
us.sundaysupply.co,brand/retail,1,5,0.0,13.0,0.1
us.akris.com,brand/retail,1,5,0.0,13.0,0.1
magicalearscollectibles.com,brand/retail,1,5,0.0,13.0,0.1
realry.com,brand/retail,2,5,0.0,17.5,0.1
americasuits.com,brand/retail,1,5,0.0,13.0,0.1
flourishcommunitycare.com,brand/retail,1,5,0.0,14.0,0.1
shopsaltychic.com,brand/retail,1,5,0.0,14.0,0.1
topshelfwardrobe.com,brand/retail,1,5,0.0,14.0,0.1
dollsclothes-emilyrose.com,brand/retail,1,5,0.0,14.0,0.1
madebygaia.vn,brand/retail,1,5,0.0,14.0,0.1
curtsyapp.com,brand/retail,2,5,0.0,17.5,0.1
bumsandroses.com,brand/retail,1,5,0.0,14.0,0.1
fruugo.us,brand/retail,2,5,0.0,17.5,0.1
forums.redflagdeals.com,brand/retail,3,5,0.0,28.3,0.1
aothia.com,brand/retail,3,5,0.0,33.7,0.0
gapcanada.ca,brand/retail,5,5,0.0,40.4,0.0
shopcaliandco.com,brand/retail,4,5,0.0,55.5,0.0
churchgoers.com,brand/retail,2,5,0.0,22.5,0.1
amishadesign.com,brand/retail,2,5,0.0,25.5,0.1
jdwilliams.co.uk,brand/retail,4,5,0.0,30.5,0.0
cristallini.com,brand/retail,1,5,0.0,10.0,0.1
pixiegirl.com,brand/retail,1,5,0.0,11.0,0.1
homestyler.com,brand/retail,1,5,0.0,11.0,0.1
africaimports.com,brand/retail,1,5,0.0,11.0,0.1
christeninggowns.com,brand/retail,1,5,0.0,11.0,0.1
almina-concept.com,brand/retail,1,5,0.0,12.0,0.1
us.wavespas.com,brand/retail,4,5,0.0,31.5,0.1
outdoorswimmer.com,brand/retail,2,5,0.0,25.5,0.1
pagesix.com,brand/retail,1,5,0.0,9.0,0.2
gracecenteronline.org,brand/retail,1,5,0.0,10.0,0.1
hellogoodland.com,brand/retail,1,5,0.0,10.0,0.1
finisterre.com,brand/retail,1,5,0.0,10.0,0.1
templeinstitute.org,brand/retail,1,5,0.0,11.0,0.1
chillychild.com,brand/retail,1,5,0.0,11.0,0.1
hoe-farming.com,brand/retail,1,5,0.0,11.0,0.1
secondipity.com,brand/retail,1,5,0.0,11.0,0.1
bestdealonfurniture.com,brand/retail,4,5,0.0,24.0,0.1
disney-frozen-bedding-sets8.webnode.page,brand/retail,2,5,0.0,16.0,0.1
bedroomfurniturediscounts.com,brand/retail,1,5,0.0,9.0,0.2
lanelinen.com.au,brand/retail,1,5,0.0,10.0,0.1
anticafarmacista.com,brand/retail,1,5,0.0,10.0,0.1
mohairsandmore.com,brand/retail,1,5,0.0,10.0,0.1
sleepwithmebeauty.com,brand/retail,2,5,0.0,17.0,0.1
usbathproducts.com,brand/retail,1,5,0.0,8.0,0.3
ksat.com,brand/retail,1,4,0.0,19.0,0.1
nisienhome.com,brand/retail,1,4,0.0,22.0,0.0
hermell.com,brand/retail,1,4,0.0,22.0,0.0
wp.skoolgadget.com,brand/retail,2,4,0.0,55.0,0.0
exxactsports.com,brand/retail,1,4,0.0,18.0,0.1
wealcan.com,brand/retail,1,4,0.0,18.0,0.1
passionforsavings.com,brand/retail,1,4,0.0,18.0,0.1
iconixbrand.com,brand/retail,1,4,0.0,18.0,0.1
hangersar.com,brand/retail,1,4,0.0,18.0,0.1
leontinelinens.com,brand/retail,1,4,0.0,18.0,0.1
modaminnie.com,brand/retail,1,4,0.0,18.0,0.1
byjilleeshop.com,brand/retail,1,4,0.0,18.0,0.1
saloniture.com,brand/retail,1,4,0.0,18.0,0.1
tepsoluniversal.com,brand/retail,1,4,0.0,18.0,0.1
protextowels.com,brand/retail,1,4,0.0,18.0,0.1
broadwayhomemed.com,brand/retail,1,4,0.0,19.0,0.1
lb.cannonhome.me,brand/retail,1,4,0.0,19.0,0.1
sallybeauty.com,brand/retail,1,4,0.0,19.0,0.1
lilhelperusa.com,brand/retail,1,4,0.0,19.0,0.1
spicescottsdale.com,brand/retail,1,4,0.0,19.0,0.1
melbournetmjcentre.com.au,brand/retail,1,4,0.0,19.0,0.1
ubuy.com.jm,brand/retail,1,4,0.0,19.0,0.1
apstitch.com,brand/retail,1,4,0.0,19.0,0.1
groups.google.com,brand/retail,1,4,0.0,20.0,0.1
heatherbien.com,brand/retail,2,4,0.0,20.5,0.1
snoopn4pnuts.com,brand/retail,1,4,0.0,21.0,0.0
carcandy.com,brand/retail,1,4,0.0,15.0,0.1
m.marshalls.com,brand/retail,1,4,0.0,16.0,0.1
maskfittings.com,brand/retail,1,4,0.0,16.0,0.1
thebreastfeedingmama.com,brand/retail,1,4,0.0,16.0,0.1
thespeedypack.com,brand/retail,1,4,0.0,16.0,0.1
nissanzclub.com,brand/retail,1,4,0.0,16.0,0.1
parkdesigns.net,brand/retail,1,4,0.0,16.0,0.1
maternityandnursing.com,brand/retail,1,4,0.0,17.0,0.1
nashvillewraps.com,brand/retail,1,4,0.0,17.0,0.1
threedogdown.com,brand/retail,1,4,0.0,17.0,0.1
suryaliving.com,brand/retail,1,4,0.0,17.0,0.1
realmdrop.com,brand/retail,1,4,0.0,17.0,0.1
beddingplusmattress.com,brand/retail,1,4,0.0,17.0,0.1
bayperfect.com,brand/retail,1,4,0.0,17.0,0.1
mochni.com,brand/retail,1,4,0.0,17.0,0.1
adamsforums.com,brand/retail,1,4,0.0,17.0,0.1
leer.com,brand/retail,1,4,0.0,17.0,0.1
thecollectedhouse.com,brand/retail,1,4,0.0,17.0,0.1
jenniferslattery.com,brand/retail,1,4,0.0,18.0,0.1
brooklynfragrancecompany.com,brand/retail,1,4,0.0,18.0,0.1
patchbuilt.com,brand/retail,1,4,0.0,18.0,0.1
winsornewton.com,brand/retail,1,4,0.0,18.0,0.1
fluffandfields.com,brand/retail,1,4,0.0,18.0,0.1
forvo.com,brand/retail,1,4,0.0,18.0,0.1
jennaculleyevents.com,brand/retail,1,4,0.0,18.0,0.1
forum.breastcancernow.org,brand/retail,1,4,0.0,18.0,0.1
shopbluepeppermint.com,brand/retail,1,4,0.0,18.0,0.1
thelumberyard.com,brand/retail,2,4,0.0,22.5,0.0
thebeachpeople.co,brand/retail,2,4,0.0,24.0,0.0
pikkow.com,brand/retail,2,4,0.0,27.0,0.0
yourcommunityhardware.com,brand/retail,2,4,0.0,27.5,0.0
sandtdiscountdepot.com,brand/retail,2,4,0.0,28.5,0.0
ribblr.com,brand/retail,2,4,0.0,29.0,0.0
campmor.com,brand/retail,2,4,0.0,29.5,0.1
hy-vee.com,brand/retail,2,4,0.0,30.0,0.0
motherearthpillows.com,brand/retail,2,4,0.0,30.0,0.0
dokinhome.com,brand/retail,2,4,0.0,31.0,0.0
avitashome.com,brand/retail,2,4,0.0,31.0,0.0
shopping.kuhnsmarket.com,brand/retail,2,4,0.0,32.0,0.0
greenfibres.com,brand/retail,2,4,0.0,33.0,0.0
jsfiber.com,brand/retail,2,4,0.0,33.5,0.0
store.ridoutlumber.com,brand/retail,2,4,0.0,33.5,0.0
riversportsoutfitters.com,brand/retail,2,4,0.0,34.0,0.0
goodlifebean.com,brand/retail,2,4,0.0,34.0,0.0
schnucks.com,brand/retail,2,4,0.0,35.5,0.0
massageking.com,brand/retail,2,4,0.0,37.5,0.0
thedownhaus.com,brand/retail,2,4,0.0,38.0,0.0
fastfurnishings.com,brand/retail,3,4,0.0,37.7,0.0
furniturehomedecorshop.com,brand/retail,2,4,0.0,39.0,0.0
stockupexpress.com,brand/retail,2,4,0.0,39.5,0.0
nonbiasedreviews.com,brand/retail,2,4,0.0,40.0,0.0
sidesleepcomfort.com,brand/retail,2,4,0.0,40.5,0.0
psquarescents.com,brand/retail,2,4,0.0,40.5,0.0
kitchentowels.org,brand/retail,2,4,0.0,41.0,0.0
modabed.com,brand/retail,2,4,0.0,41.5,0.0
studiopillows.com,brand/retail,2,4,0.0,43.0,0.0
armageddonsports.com,brand/retail,2,4,0.0,43.0,0.0
drdawnswellnesstools.com,brand/retail,2,4,0.0,43.5,0.0
optortho.com,brand/retail,2,4,0.0,44.5,0.0
brawnydoublepaper.com,brand/retail,2,4,0.0,44.5,0.0
phantoscope.com,brand/retail,2,4,0.0,45.0,0.0
theinfinityhometuitions.com,brand/retail,2,4,0.0,47.5,0.0
theshopbydsi.com,brand/retail,2,4,0.0,48.0,0.0
pillowformsonline.com,brand/retail,2,4,0.0,48.5,0.0
wilportpillow.com,brand/retail,2,4,0.0,48.5,0.0
ursourcellc.com,brand/retail,2,4,0.0,51.5,0.0
wayfair.ca,brand/retail,2,4,0.0,52.0,0.0
homeandcooks.com,brand/retail,2,4,0.0,53.0,0.0
peakpillows.com,brand/retail,2,4,0.0,54.5,0.0
oursecondnature.com,brand/retail,2,4,0.0,22.5,0.1
heattechproducts.com,brand/retail,2,4,0.0,30.0,0.0
prohealproducts.com,brand/retail,2,4,0.0,30.5,0.0
bloomcustomrobes.com,brand/retail,2,4,0.0,30.5,0.0
rolkingfelt.com,brand/retail,2,4,0.0,32.0,0.0
queenswearrobes.com,brand/retail,2,4,0.0,32.5,0.0
susannahcotton.com,brand/retail,2,4,0.0,32.5,0.0
usa.tommy.com,brand/retail,2,4,0.0,34.5,0.1
coastclothing.com,brand/retail,2,4,0.0,36.0,0.0
wmagazine.com,brand/retail,2,4,0.0,38.0,0.0
thehotcarpet.com,brand/retail,2,4,0.0,39.0,0.0
theunderfloorheatingstore.com,brand/retail,2,4,0.0,43.5,0.0
savagex.com,brand/retail,2,4,0.0,45.0,0.0
bohoattire.com,brand/retail,2,4,0.0,45.5,0.0
findersandkeep.com,brand/retail,2,4,0.0,47.0,0.0
klarra.com,brand/retail,2,4,0.0,48.5,0.0
ilwoulusa.com,brand/retail,2,4,0.0,51.0,0.0
zellbury.com,brand/retail,2,4,0.0,54.0,0.0
thegreenhead.com,brand/retail,2,4,0.0,54.5,0.0
wendellrodricks.com,brand/retail,2,4,0.0,55.0,0.0
wed2b.com,brand/retail,2,4,0.0,55.5,0.0
directtilewarehouse.com,brand/retail,2,4,0.0,56.0,0.0
ploufwear.com,brand/retail,2,4,0.0,56.0,0.0
pepeandbertaguayabera.com,brand/retail,1,4,0.0,14.0,0.1
dollskill.com,brand/retail,1,4,0.0,15.0,0.1
baethelabel.com,brand/retail,1,4,0.0,15.0,0.1
blog.skylum.com,brand/retail,1,4,0.0,15.0,0.1
shop.fosterscreations.us,brand/retail,1,4,0.0,16.0,0.1
uspoloassn.com,brand/retail,2,4,0.0,28.0,0.1
photowhoa.com,brand/retail,1,4,0.0,16.0,0.1
exmed.net,brand/retail,1,4,0.0,16.0,0.1
cloudymattress.com,brand/retail,1,4,0.0,16.0,0.1
saccochiropractic.com,brand/retail,1,4,0.0,16.0,0.1
faireladiesfairelords.com,brand/retail,1,4,0.0,16.0,0.1
relaxhomelife.com,brand/retail,1,4,0.0,16.0,0.1
wanderlustywoman.com,brand/retail,1,4,0.0,16.0,0.1
nineteenseventy.us,brand/retail,1,4,0.0,16.0,0.1
getpurap.com,brand/retail,1,4,0.0,17.0,0.1
us.hogwired.com,brand/retail,1,4,0.0,17.0,0.1
eastandsouthinteriors.com,brand/retail,1,4,0.0,17.0,0.1
tensnet.com,brand/retail,1,4,0.0,17.0,0.1
boden.com,brand/retail,1,4,0.0,17.0,0.1
wraplondon.com,brand/retail,1,4,0.0,17.0,0.1
nixysports.com,brand/retail,1,4,0.0,17.0,0.1
crimsoneg.com,brand/retail,1,4,0.0,17.0,0.1
c-c-california.myshopify.com,brand/retail,1,4,0.0,17.0,0.1
shopjrsports.com,brand/retail,1,4,0.0,17.0,0.1
glacierwear.com,brand/retail,1,4,0.0,17.0,0.1
barnandwillow.com,brand/retail,1,4,0.0,17.0,0.1
canada.shopmarriott.com,brand/retail,3,4,0.0,18.3,0.1
fountsociety.com,brand/retail,2,4,0.0,22.0,0.1
bellabubear.com,brand/retail,2,4,0.0,25.5,0.1
hellomamma.us,brand/retail,2,4,0.0,28.0,0.0
justrug.com,brand/retail,2,4,0.0,28.0,0.0
wellwoven.com,brand/retail,2,4,0.0,29.5,0.0
bananarepublic.gapcanada.ca,brand/retail,3,4,0.0,28.0,0.0
thebridalfinery.com,brand/retail,2,4,0.0,32.0,0.0
trousseauofdallas.com,brand/retail,2,4,0.0,32.5,0.0
friendtex.com,brand/retail,2,4,0.0,41.0,0.0
m.witchery.com.au,brand/retail,3,4,0.0,50.0,0.0
kpophome.net,brand/retail,1,4,0.0,13.0,0.1
medievalcollectibles.com,brand/retail,1,4,0.0,13.0,0.1
oceanearth.us,brand/retail,2,4,0.0,56.5,0.0
glami.eco,brand/retail,1,4,0.0,13.0,0.1
forever.com,brand/retail,1,4,0.0,13.0,0.1
fine-et-flair-furniture.myshopify.com,brand/retail,1,4,0.0,13.0,0.1
arabicattire.com,brand/retail,1,4,0.0,13.0,0.1
tkmaxx.com,brand/retail,1,4,0.0,13.0,0.1
theoutnet.com,brand/retail,1,4,0.0,13.0,0.1
libbiesummerslabel.com,brand/retail,1,4,0.0,14.0,0.1
thecatholicspirit.com,brand/retail,1,4,0.0,14.0,0.1
3056gear.com,brand/retail,1,4,0.0,14.0,0.1
garmentory.com,brand/retail,1,4,0.0,14.0,0.1
kabayarefashion.com,brand/retail,1,4,0.0,14.0,0.1
odysee.com,brand/retail,1,4,0.0,15.0,0.1
voyclothing.com,brand/retail,1,4,0.0,15.0,0.1
kpoppinkstore.com,brand/retail,1,4,0.0,15.0,0.1
moonrocksbrand.com,brand/retail,1,4,0.0,15.0,0.1
alohafromdeer.com,brand/retail,1,4,0.0,15.0,0.1
thepinkleopardboutique.org,brand/retail,1,4,0.0,15.0,0.1
shop.madeeveryday.com,brand/retail,1,4,0.0,15.0,0.1
famantextiles.com,brand/retail,1,4,0.0,15.0,0.1
mymodefa.com,brand/retail,1,4,0.0,15.0,0.1
thesavvyheart.com,brand/retail,1,4,0.0,15.0,0.1
fourseasonstowerbridge.giftpro.co.uk,brand/retail,1,4,0.0,15.0,0.1
threadsmonthly.com,brand/retail,1,4,0.0,15.0,0.1
tylerdurdenoutfit.com,brand/retail,1,4,0.0,15.0,0.1
hauteandrebellious.com,brand/retail,1,4,0.0,15.0,0.1
uamshealth.com,brand/retail,1,4,0.0,16.0,0.1
finebedding.co.uk,brand/retail,1,4,0.0,16.0,0.1
arvadasurplus.com,brand/retail,1,4,0.0,16.0,0.1
sageprosrvs.com,brand/retail,1,4,0.0,16.0,0.1
schnittmuster.net,brand/retail,1,4,0.0,16.0,0.1
durdenshop.com,brand/retail,1,4,0.0,16.0,0.1
snuggleshield.com,brand/retail,1,4,0.0,16.0,0.1
moonboon.com,brand/retail,1,4,0.0,17.0,0.1
oregonbodyandbath.com,brand/retail,1,4,0.0,17.0,0.1
robeworks.com,brand/retail,3,4,0.0,40.0,0.0
the-sleeper.com,brand/retail,3,4,0.0,42.7,0.0
segoviamodernliving.com,brand/retail,2,4,0.0,20.5,0.1
onia.com,brand/retail,2,4,0.0,21.5,0.1
milly.com,brand/retail,3,4,0.0,64.3,0.0
frida.com,brand/retail,1,4,0.0,12.0,0.1
sabrina-lee.com,brand/retail,1,4,0.0,12.0,0.1
culturalinteriors.com,brand/retail,1,4,0.0,13.0,0.1
alandusa.com,brand/retail,1,4,0.0,14.0,0.1
endource.com,brand/retail,2,4,0.0,21.0,0.1
nomidesigns.net,brand/retail,1,4,0.0,15.0,0.1
beautifulbedco.com,brand/retail,1,4,0.0,15.0,0.1
sameday.dollartree.com,brand/retail,2,4,0.0,17.0,0.1
datura.com,brand/retail,2,4,0.0,18.5,0.1
jigsaw-online.com,brand/retail,3,4,0.0,19.0,0.2
ballwool.com,brand/retail,2,4,0.0,18.5,0.1
cottageandbungalow.com,brand/retail,2,4,0.0,18.0,0.1
chafingarmor.com,brand/retail,4,4,0.0,26.5,0.0
shop.summersalt.com,brand/retail,4,4,0.0,55.5,0.0
hermeneutics.stackexchange.com,brand/retail,1,4,0.0,11.0,0.1
ourgreenhouse.com,brand/retail,1,4,0.0,11.0,0.1
rockandrolldenim.com,brand/retail,1,4,0.0,11.0,0.1
historicalemporium.com,brand/retail,1,4,0.0,11.0,0.1
corneliani.com,brand/retail,1,4,0.0,11.0,0.1
esv.org,brand/retail,1,4,0.0,12.0,0.1
danword.com,brand/retail,1,4,0.0,12.0,0.1
sasquatchoutpost.com,brand/retail,1,4,0.0,12.0,0.1
secstore.com,brand/retail,1,4,0.0,12.0,0.1
rosettagetty.com,brand/retail,1,4,0.0,12.0,0.1
officialfiesta.com,brand/retail,1,4,0.0,12.0,0.1
loves-bedding-furniture.wheree.com,brand/retail,1,4,0.0,12.0,0.1
thedrillshed.com,brand/retail,1,4,0.0,12.0,0.1
arrayedindreams.com,brand/retail,1,4,0.0,12.0,0.1
westerngrande.com,brand/retail,1,4,0.0,13.0,0.1
plantdays.com,brand/retail,1,4,0.0,13.0,0.1
billsbedding.com,brand/retail,3,4,0.0,23.0,0.1
hamptonsblue.com,brand/retail,2,4,0.0,32.0,0.1
maritimetribes.com,brand/retail,1,4,0.0,10.0,0.1
bedthreads.co.uk,brand/retail,1,4,0.0,10.0,0.1
i-x.io,brand/retail,1,4,0.0,10.0,0.1
furniture-deals-bedding.wheree.com,brand/retail,1,4,0.0,10.0,0.1
dev-housing.rice.edu,brand/retail,1,4,0.0,11.0,0.1
zilksleep.com,brand/retail,2,4,0.0,22.0,0.1
alberene.com,brand/retail,1,4,0.0,11.0,0.1
home.ashleydirect.com,brand/retail,1,4,0.0,11.0,0.1
us.neomwellbeing.com,brand/retail,1,4,0.0,12.0,0.1
thesleep-source.com,brand/retail,1,4,0.0,12.0,0.1
blueowl.us,brand/retail,1,4,0.0,12.0,0.1
americanfreight.com,brand/retail,3,4,0.0,20.7,0.3
thefinecottoncompany.com,brand/retail,5,4,0.0,15.0,0.2
theforcegifts.com,brand/retail,3,4,0.0,15.3,0.2
web.sandbox.mor.merce.io,brand/retail,1,4,0.0,7.0,0.4
furniturepluslaf.com,brand/retail,2,4,0.0,8.5,0.5
sweetdreamsmaine.com,brand/retail,1,4,0.0,8.0,0.3
bedding-and-furniture-discounters.wheree.com,brand/retail,1,4,0.0,8.0,0.3
three-sheets-a-linen-shop.wheree.com,brand/retail,1,4,0.0,9.0,0.2
bathtubrefinishingfl.com,brand/retail,1,4,0.0,6.0,0.5
2modern.com,brand/retail,1,3,0.0,28.0,0.0
happybeinghealthy.com,brand/retail,1,3,0.0,21.0,0.0
dimefitt.com,brand/retail,1,3,0.0,20.0,0.1
brocantemajolie.com,brand/retail,1,3,0.0,20.0,0.1
wishingwellmedical.com,brand/retail,1,3,0.0,20.0,0.1
wildflowersfairhope.com,brand/retail,1,3,0.0,20.0,0.1
tiipikids.com,brand/retail,1,3,0.0,20.0,0.1
chelseapeers.com,brand/retail,1,3,0.0,20.0,0.1
ukje.com,brand/retail,1,3,0.0,20.0,0.1
knitknotnatter.com,brand/retail,1,3,0.0,20.0,0.1
pastelsprintspapers.com,brand/retail,1,3,0.0,20.0,0.1
sorellegifts.com,brand/retail,1,3,0.0,20.0,0.1
spathreads.com,brand/retail,1,3,0.0,20.0,0.1
augusthaven.com,brand/retail,1,3,0.0,20.0,0.1
shopelitepromo.com,brand/retail,1,3,0.0,20.0,0.1
ajcustomsports.com,brand/retail,1,3,0.0,21.0,0.0
medexsupply.com,brand/retail,1,3,0.0,21.0,0.0
grantchirocare.com,brand/retail,1,3,0.0,21.0,0.0
jmldirect.com,brand/retail,1,3,0.0,21.0,0.0
5littlemonkeysbed.com,brand/retail,1,3,0.0,21.0,0.0
321zips.com,brand/retail,1,3,0.0,21.0,0.0
honeybucket.com,brand/retail,1,3,0.0,21.0,0.0
swaddlesbaby.com,brand/retail,1,3,0.0,21.0,0.0
skinsafeproducts.com,brand/retail,1,3,0.0,21.0,0.0
hyweb.com,brand/retail,1,3,0.0,21.0,0.0
astorialifestyle.com,brand/retail,1,3,0.0,21.0,0.0
frenchcountryfurnitureusa.com,brand/retail,1,3,0.0,21.0,0.0
gripboost.com,brand/retail,1,3,0.0,22.0,0.0
willsandprior.com,brand/retail,1,3,0.0,22.0,0.0
spaandequipment.com,brand/retail,1,3,0.0,22.0,0.0
joannekidswear.square.site,brand/retail,1,3,0.0,18.0,0.1
lewrencare.com,brand/retail,1,3,0.0,18.0,0.1
thingsfortwins.com.au,brand/retail,1,3,0.0,18.0,0.1
thegadgetflow.com,brand/retail,1,3,0.0,18.0,0.1
funexpress.com,brand/retail,1,3,0.0,18.0,0.1
mattressforlesss.com,brand/retail,1,3,0.0,18.0,0.1
footrestpillow.com,brand/retail,1,3,0.0,18.0,0.1
detailingworld.co.uk,brand/retail,1,3,0.0,18.0,0.1
knitterynook.com,brand/retail,1,3,0.0,18.0,0.1
joemerino.com,brand/retail,1,3,0.0,16.0,0.1
gabrielscloset.org,brand/retail,1,3,0.0,17.0,0.1
robedwithlove.com,brand/retail,1,3,0.0,18.0,0.1
cokesbury.com,brand/retail,2,3,0.0,26.5,0.1
amberlinen.com,brand/retail,2,3,0.0,27.5,0.0
onestopplus.com,brand/retail,2,3,0.0,29.5,0.0
shop.ohouse.com,brand/retail,2,3,0.0,30.5,0.0
jasperconran.com,brand/retail,2,3,0.0,31.0,0.0
bullockandjones.com,brand/retail,2,3,0.0,31.5,0.0
shopbambooyou.com,brand/retail,2,3,0.0,32.0,0.0
sansfaff.com,brand/retail,2,3,0.0,32.0,0.0
thelavendercottageandgarden.com,brand/retail,2,3,0.0,34.5,0.0
sonfre.com,brand/retail,2,3,0.0,35.5,0.0
leatherjacketblack.com,brand/retail,2,3,0.0,35.5,0.0
self-care-shop-5.myshopify.com,brand/retail,2,3,0.0,36.0,0.0
jadeandmay.com.au,brand/retail,2,3,0.0,36.5,0.0
williejseasypjs.com,brand/retail,2,3,0.0,37.5,0.0
reddress.com,brand/retail,2,3,0.0,38.0,0.0
diamondtowel.com,brand/retail,2,3,0.0,38.5,0.0
italist.com,brand/retail,2,3,0.0,38.5,0.0
glassons.com,brand/retail,2,3,0.0,38.5,0.0
toynk.com,brand/retail,2,3,0.0,38.5,0.0
toileandbubble.com,brand/retail,2,3,0.0,41.0,0.0
taylorleecomfort.com,brand/retail,2,3,0.0,41.0,0.0
elliesageboutique.com,brand/retail,2,3,0.0,41.5,0.0
boottique.com,brand/retail,2,3,0.0,43.5,0.0
blueskyclothingcousa.com,brand/retail,2,3,0.0,43.5,0.0
blueillusion.com,brand/retail,2,3,0.0,43.5,0.0
shop.playboy.com,brand/retail,2,3,0.0,43.5,0.0
stegaro.com,brand/retail,2,3,0.0,43.5,0.0
michellefarmer.com,brand/retail,2,3,0.0,44.5,0.0
girlboy.com,brand/retail,2,3,0.0,44.5,0.0
jeansjacketsjewels.com,brand/retail,2,3,0.0,47.5,0.0
royalsilkusa.com,brand/retail,2,3,0.0,48.0,0.0
eco-essentials.com,brand/retail,2,3,0.0,48.5,0.0
luxurybamboobedding.com,brand/retail,2,3,0.0,49.0,0.0
rails.com,brand/retail,2,3,0.0,51.5,0.0
littlewonderandco.com,brand/retail,2,3,0.0,51.5,0.0
verybamboo.com,brand/retail,2,3,0.0,51.5,0.0
linentoday.com,brand/retail,2,3,0.0,52.5,0.0
bathrobes-suppliers.com,brand/retail,2,3,0.0,53.0,0.0
thevillaau.com,brand/retail,2,3,0.0,53.5,0.0
halynclothing.com,brand/retail,2,3,0.0,54.0,0.0
elanstudio.co,brand/retail,2,3,0.0,54.0,0.0
us.fairmontstore.com,brand/retail,1,3,0.0,11.0,0.1
tickledteal.com,brand/retail,1,3,0.0,13.0,0.1
selenedress.com,brand/retail,2,3,0.0,57.0,0.0
dolcevitafashions.com,brand/retail,1,3,0.0,14.0,0.1
spiritoftheearth.com,brand/retail,1,3,0.0,16.0,0.1
shop.weverse.io,brand/retail,1,3,0.0,16.0,0.1
sunnahstyle.com,brand/retail,1,3,0.0,16.0,0.1
livewellfurnishings.com,brand/retail,1,3,0.0,16.0,0.1
likemychoice.com,brand/retail,1,3,0.0,16.0,0.1
suits-r-us.com,brand/retail,1,3,0.0,17.0,0.1
kpop-ftw.com,brand/retail,1,3,0.0,17.0,0.1
patrickjames.com,brand/retail,1,3,0.0,17.0,0.1
neighborlyshop.com,brand/retail,1,3,0.0,17.0,0.1
prettypittydesign.com,brand/retail,1,3,0.0,17.0,0.1
leonardo-carbone.com,brand/retail,1,3,0.0,17.0,0.1
heniemo.com,brand/retail,1,3,0.0,17.0,0.1
goop.com,brand/retail,1,3,0.0,17.0,0.1
saloniworld.com,brand/retail,1,3,0.0,17.0,0.1
shoplacera.com,brand/retail,2,3,0.0,20.5,0.1
clerkmans.com,brand/retail,2,3,0.0,24.0,0.1
kingdom.com,brand/retail,2,3,0.0,24.5,0.1
tall-women-resource.com,brand/retail,2,3,0.0,26.0,0.1
containerdienst-wrensch.de,brand/retail,2,3,0.0,27.5,0.0
moderntrendystore.com,brand/retail,2,3,0.0,28.0,0.0
robekimono.com,brand/retail,2,3,0.0,30.0,0.0
awesomeskulls.com,brand/retail,2,3,0.0,32.0,0.0
housejungle07.com,brand/retail,2,3,0.0,34.5,0.0
tidyiacs.com,brand/retail,2,3,0.0,36.5,0.0
us.killstar.com,brand/retail,2,3,0.0,37.0,0.0
gorillarugs.com,brand/retail,2,3,0.0,37.5,0.0
cheeryroom.com,brand/retail,2,3,0.0,38.0,0.0
barenecessities.com,brand/retail,2,3,0.0,38.0,0.0
matethelabel.com,brand/retail,3,3,0.0,31.7,0.1
rendview.com,brand/retail,2,3,0.0,40.0,0.0
mytheresa.com,brand/retail,2,3,0.0,40.5,0.0
snapbuyme.com,brand/retail,2,3,0.0,41.5,0.0
notonlyforboomers.com,brand/retail,2,3,0.0,43.0,0.0
tailormade-shirts.com,brand/retail,2,3,0.0,43.0,0.0
voyagemaison.com,brand/retail,2,3,0.0,45.0,0.0
frogsfeet.com,brand/retail,2,3,0.0,47.0,0.0
flannels.com,brand/retail,2,3,0.0,48.5,0.0
wayfair.co.uk,brand/retail,3,3,0.0,42.7,0.0
boozt.com,brand/retail,2,3,0.0,49.5,0.0
loloirugs.com,brand/retail,2,3,0.0,52.0,0.0
forevernew.com.au,brand/retail,2,3,0.0,55.0,0.0
usamensoutlet.com,brand/retail,2,3,0.0,55.0,0.0
huntmydeal.com,brand/retail,2,3,0.0,55.5,0.0
shopdrift.com,brand/retail,1,3,0.0,13.0,0.1
zeelproject.com,brand/retail,1,3,0.0,13.0,0.1
marketplace.anka.africa,brand/retail,1,3,0.0,13.0,0.1
petitemendigote.com,brand/retail,1,3,0.0,13.0,0.1
goddessgear.net,brand/retail,1,3,0.0,13.0,0.1
choirbuy.com,brand/retail,1,3,0.0,14.0,0.1
blenderkit.com,brand/retail,1,3,0.0,14.0,0.1
sensationzafricanboutique.com,brand/retail,1,3,0.0,14.0,0.1
galerieslafayette.com,brand/retail,1,3,0.0,14.0,0.1
boohooman.com,brand/retail,1,3,0.0,14.0,0.1
bendthetrend.com,brand/retail,1,3,0.0,14.0,0.1
miccostumes.com,brand/retail,1,3,0.0,15.0,0.1
en.zalando.de,brand/retail,1,3,0.0,15.0,0.1
bathfitter.com,brand/retail,1,3,0.0,15.0,0.1
selfthebrand.com,brand/retail,1,3,0.0,15.0,0.1
craftedbykaiyo.com,brand/retail,1,3,0.0,15.0,0.1
solidandstriped.com,brand/retail,1,3,0.0,15.0,0.1
bernardofashions.com,brand/retail,1,3,0.0,15.0,0.1
charmpatterns.com,brand/retail,1,3,0.0,15.0,0.1
newyorkcouture.net,brand/retail,1,3,0.0,15.0,0.1
churchsuitsforless.com,brand/retail,1,3,0.0,16.0,0.1
cattlekate.com,brand/retail,1,3,0.0,16.0,0.1
tothecurlmarket.com,brand/retail,1,3,0.0,16.0,0.1
jamsworld.com,brand/retail,1,3,0.0,16.0,0.1
chiefarchitect.com,brand/retail,1,3,0.0,16.0,0.1
satsumaafricanclothing.com,brand/retail,1,3,0.0,16.0,0.1
maison123.com,brand/retail,1,3,0.0,16.0,0.1
meandem.com,brand/retail,1,3,0.0,16.0,0.1
newyorkdress.com,brand/retail,3,3,0.0,51.3,0.0
amkglobalgroup.com,brand/retail,1,3,0.0,16.0,0.1
columbiahotelashland.com,brand/retail,1,3,0.0,16.0,0.1
grandlemar.com,brand/retail,1,3,0.0,16.0,0.1
swansoninc.com,brand/retail,1,3,0.0,16.0,0.1
lafemmeennoir.net,brand/retail,1,3,0.0,17.0,0.1
burchhilltack.com,brand/retail,1,3,0.0,17.0,0.1
harperellishair.com,brand/retail,1,3,0.0,17.0,0.1
contemporary-african-art.com,brand/retail,1,3,0.0,17.0,0.1
olmtoys.com,brand/retail,1,3,0.0,17.0,0.1
pacificblankettradingpost.com,brand/retail,1,3,0.0,17.0,0.1
leathelabel.com,brand/retail,1,3,0.0,17.0,0.1
midnightvelvet.com,brand/retail,2,3,0.0,24.0,0.1
snsspecialists.com,brand/retail,1,3,0.0,17.0,0.1
catholicfaithstore.com,brand/retail,1,3,0.0,17.0,0.1
oldhollywoodglamourrobes.com,brand/retail,1,3,0.0,17.0,0.1
contemposuits.com,brand/retail,1,3,0.0,17.0,0.1
markandday.com,brand/retail,1,3,0.0,17.0,0.1
seasonaleatings.com,brand/retail,1,3,0.0,17.0,0.1
shopstateside.us,brand/retail,1,3,0.0,17.0,0.1
shop-mi-med.com,brand/retail,2,3,0.0,16.0,0.1
dipanddoze.com,brand/retail,2,3,0.0,23.0,0.0
gianthoodies.com,brand/retail,3,3,0.0,27.3,0.0
purespadirect.com,brand/retail,3,3,0.0,29.3,0.0
mythicalyarnlings.com,brand/retail,2,3,0.0,19.5,0.1
mybathrobe.store,brand/retail,3,3,0.0,49.0,0.0
shopcoastalcottage.com,brand/retail,2,3,0.0,25.5,0.0
beachdecorshop.com,brand/retail,3,3,0.0,25.7,0.0
nikkaplace.com,brand/retail,2,3,0.0,30.5,0.1
amandauprichard.com,brand/retail,3,3,0.0,67.7,0.0
faithward.org,brand/retail,1,3,0.0,13.0,0.1
jpeterman.com,brand/retail,1,3,0.0,13.0,0.1
wrenbys.com,brand/retail,1,3,0.0,13.0,0.1
sewofworld.com,brand/retail,1,3,0.0,13.0,0.1
prashantisarees.com,brand/retail,1,3,0.0,13.0,0.1
thelightcompany.co.uk,brand/retail,1,3,0.0,13.0,0.1
edenbrothers.com,brand/retail,1,3,0.0,13.0,0.1
lindoproducts.com,brand/retail,1,3,0.0,13.0,0.1
cedarbarrelsaunas.com,brand/retail,1,3,0.0,13.0,0.1
global.mjbale.com,brand/retail,1,3,0.0,13.0,0.1
lovinsfurniture.com,brand/retail,1,3,0.0,13.0,0.1
jesuswalk.com,brand/retail,1,3,0.0,14.0,0.1
itoofashion.com,brand/retail,1,3,0.0,14.0,0.1
celticandco.com,brand/retail,1,3,0.0,14.0,0.1
shop-pajama-mama.com,brand/retail,1,3,0.0,14.0,0.1
perniaspopupshop.com,brand/retail,1,3,0.0,14.0,0.1
behealthyusa.net,brand/retail,1,3,0.0,14.0,0.1
estheclothing.com,brand/retail,1,3,0.0,14.0,0.1
zusenzomer.com,brand/retail,1,3,0.0,14.0,0.1
thehatsfactory.com,brand/retail,1,3,0.0,14.0,0.1
loves-approval.microdinc.com,brand/retail,1,3,0.0,14.0,0.1
fashionheritage.eu,brand/retail,1,3,0.0,14.0,0.1
mlle-champetre.com,brand/retail,1,3,0.0,14.0,0.1
urbanweddingcompany.co.uk,brand/retail,1,3,0.0,15.0,0.1
pothys.com,brand/retail,1,3,0.0,15.0,0.1
parkscollectibles.com,brand/retail,1,3,0.0,15.0,0.1
thymegarden.com,brand/retail,1,3,0.0,15.0,0.1
superherostuff.com,brand/retail,2,3,0.0,17.0,0.1
pronovias.com,brand/retail,1,3,0.0,15.0,0.1
jaypore.com,brand/retail,1,3,0.0,16.0,0.1
amarillo.com,brand/retail,1,3,0.0,16.0,0.1
linencharm.com,brand/retail,1,3,0.0,16.0,0.1
the-are.com,brand/retail,1,3,0.0,16.0,0.1
nalli.com,brand/retail,1,3,0.0,17.0,0.1
lammles.com,brand/retail,1,3,0.0,17.0,0.1
thehomeofinteriors.co.uk,brand/retail,1,3,0.0,17.0,0.1
lonestarloomroom.com,brand/retail,1,3,0.0,17.0,0.1
zippysack.com,brand/retail,4,3,0.0,29.8,0.0
satinserenity.com,brand/retail,3,3,0.0,45.0,0.1
amazingspecialtycoffee.com,brand/retail,2,3,0.0,20.0,0.1
iambeautycollection.com,brand/retail,4,3,0.0,63.0,0.0
cnwonderfultextile.com,brand/retail,2,3,0.0,26.5,0.1
loc8nearme.com,brand/retail,2,3,0.0,34.0,0.1
textileinnovations.com,brand/retail,1,3,0.0,12.0,0.1
roomstogo.pr,brand/retail,1,3,0.0,12.0,0.1
qualityfurnituremattress.com,brand/retail,1,3,0.0,13.0,0.1
shopcaprine.com,brand/retail,1,3,0.0,13.0,0.1
drifthomeinteriors.com,brand/retail,1,3,0.0,13.0,0.1
woolite.us,brand/retail,1,3,0.0,14.0,0.1
skelliggiftstore.com,brand/retail,1,3,0.0,14.0,0.1
limelush.com,brand/retail,1,3,0.0,17.0,0.1
moldhelpforyou.com,brand/retail,4,3,0.0,19.2,0.1
greenworksllc.com,brand/retail,3,3,0.0,17.7,0.1
s7d2.scene7.com,brand/retail,4,3,0.0,31.5,0.1
planetmisona.com,brand/retail,2,3,0.0,13.0,0.1
fatbraintoys.com,brand/retail,1,3,0.0,8.0,0.3
flag-city-furniture-bedding.wheree.com,brand/retail,1,3,0.0,8.0,0.3
thesleepstore.co.nz,brand/retail,1,3,0.0,9.0,0.2
sweetdreamsfurnitureus.com,brand/retail,1,3,0.0,9.0,0.2
tiffinmotorhomes.com,brand/retail,1,3,0.0,9.0,0.2
savannahfinelinens.com,brand/retail,1,2,0.0,20.0,0.1
wallstreetoasis.com,brand/retail,2,2,0.0,36.5,0.0
unefemme.net,brand/retail,2,2,0.0,41.0,0.0
eliyachina.com,brand/retail,3,2,0.0,47.7,0.0
blackberrys.com,brand/retail,2,2,0.0,43.0,0.0
eklozet.com,brand/retail,2,2,0.0,32.0,0.0
concordiasupply.com,brand/retail,2,2,0.0,34.0,0.0
gradwear.com,brand/retail,2,2,0.0,34.0,0.0
zalando.fr,brand/retail,2,2,0.0,34.5,0.0
fameoffcentral.com,brand/retail,2,2,0.0,35.0,0.0
toggedapparel.com,brand/retail,2,2,0.0,37.5,0.0
momzjoy.com,brand/retail,2,2,0.0,40.0,0.0
religioussupply.com,brand/retail,2,2,0.0,47.5,0.0
unique-vintage.com,brand/retail,2,2,0.0,47.5,0.0
candhrobes.com,brand/retail,2,2,0.0,48.0,0.0
studiolegalebarravecchia.com,brand/retail,2,2,0.0,49.5,0.0
terrycosta.com,brand/retail,2,2,0.0,51.0,0.0
dressedformyday.com,brand/retail,1,2,0.0,16.0,0.1
littlespruceorganics.com,brand/retail,2,2,0.0,58.5,0.0
freshcleantees.com,brand/retail,1,2,0.0,18.0,0.1
tragicbeautiful.com,brand/retail,1,2,0.0,18.0,0.1
nikikay.com,brand/retail,1,2,0.0,18.0,0.1
tristanstyle.com,brand/retail,1,2,0.0,18.0,0.1
tweedmaker.com,brand/retail,1,2,0.0,18.0,0.1
orvis.com,brand/retail,1,2,0.0,18.0,0.1
liquidation125plus.com,brand/retail,1,2,0.0,18.0,0.1
shop-hellsheadbangers.com,brand/retail,1,2,0.0,18.0,0.1
hurrcollective.com,brand/retail,1,2,0.0,18.0,0.1
bigmen.com,brand/retail,1,2,0.0,18.0,0.1
thecostumekitty.com,brand/retail,1,2,0.0,19.0,0.1
juicycouture.co.uk,brand/retail,1,2,0.0,19.0,0.1
bathplanet.com,brand/retail,1,2,0.0,19.0,0.1
pomuyoo.com,brand/retail,1,2,0.0,19.0,0.1
thenkcstore.com,brand/retail,1,2,0.0,19.0,0.1
sexyshoes.com,brand/retail,1,2,0.0,19.0,0.1
estellboutiques.com,brand/retail,1,2,0.0,19.0,0.1
girlpower247.com,brand/retail,1,2,0.0,19.0,0.1
themushroomnola.com,brand/retail,1,2,0.0,19.0,0.1
pinkhousemustique.com,brand/retail,1,2,0.0,19.0,0.1
threelittletots.com,brand/retail,1,2,0.0,19.0,0.1
lovevisionkarma.com,brand/retail,1,2,0.0,19.0,0.1
babybeauandbelle.com,brand/retail,1,2,0.0,19.0,0.1
ortcclothingco.com,brand/retail,1,2,0.0,19.0,0.1
lalunalifestyle.com,brand/retail,1,2,0.0,19.0,0.1
vintagecrossroads.com,brand/retail,1,2,0.0,19.0,0.1
maxdaniel.com,brand/retail,1,2,0.0,19.0,0.1
cozyarray.com,brand/retail,1,2,0.0,19.0,0.1
anartfulmom.com,brand/retail,2,2,0.0,32.5,0.1
thewhistlingdixies.com,brand/retail,1,2,0.0,20.0,0.1
pursuityourself.com,brand/retail,1,2,0.0,20.0,0.1
linessense.com,brand/retail,1,2,0.0,20.0,0.1
justdecohome.com,brand/retail,1,2,0.0,21.0,0.0
swansonbeddingsdesign.com,brand/retail,2,2,0.0,29.5,0.0
logikfreight.com,brand/retail,1,2,0.0,22.0,0.0
cholp.co,brand/retail,1,2,0.0,22.0,0.0
olivias.com,brand/retail,1,2,0.0,22.0,0.0
lucystoys.com,brand/retail,1,2,0.0,22.0,0.0
costumepub.com,brand/retail,2,2,0.0,29.0,0.0
riobeauty.com,brand/retail,1,2,0.0,23.0,0.0
wrogn.com,brand/retail,1,2,0.0,23.0,0.0
pawmatpets.com,brand/retail,1,2,0.0,24.0,0.0
linenme.ca,brand/retail,1,2,0.0,24.0,0.0
print.throwblanket.org,brand/retail,1,2,0.0,24.0,0.0
kohlerasiapacific.com,brand/retail,2,2,0.0,19.0,0.1
rovedesigns.com,brand/retail,2,2,0.0,21.5,0.0
kohler.ca,brand/retail,2,2,0.0,21.5,0.0
buffaloplumbingshowroom.com,brand/retail,2,2,0.0,21.5,0.1
regatta.com,brand/retail,2,2,0.0,23.0,0.1
fatface.com,brand/retail,2,2,0.0,23.5,0.0
bluefoxdrivein.com,brand/retail,2,2,0.0,33.5,0.0
shopkohlernj.com,brand/retail,2,2,0.0,33.5,0.0
amiclubwear.com,brand/retail,2,2,0.0,35.5,0.0
pillowfight.store,brand/retail,2,2,0.0,37.0,0.0
us.oosc-clothing.com,brand/retail,2,2,0.0,39.5,0.0
snsnola.com,brand/retail,2,2,0.0,40.0,0.0
sagradoscorazones.es,brand/retail,2,2,0.0,40.5,0.0
us.spierandmackay.com,brand/retail,2,2,0.0,41.5,0.0
ariat.com,brand/retail,2,2,0.0,42.5,0.0
princessly.com,brand/retail,2,2,0.0,43.5,0.0
target.com.au,brand/retail,2,2,0.0,45.0,0.0
charmed-interiors.co.uk,brand/retail,2,2,0.0,45.5,0.0
havedressstore.com,brand/retail,2,2,0.0,46.0,0.0
project-linen.com,brand/retail,2,2,0.0,46.5,0.0
thevalerie.boutique,brand/retail,2,2,0.0,49.0,0.0
millanova.com,brand/retail,2,2,0.0,55.5,0.0
etonline.com,brand/retail,2,2,0.0,56.0,0.0
nbcchicago.com,brand/retail,1,2,0.0,14.0,0.1
shop.colbo.nyc,brand/retail,1,2,0.0,15.0,0.1
generationtux.com,brand/retail,1,2,0.0,15.0,0.1
pbswisconsin.org,brand/retail,1,2,0.0,15.0,0.1
penelopewildberry.com,brand/retail,1,2,0.0,15.0,0.1
thetabernacleman.com,brand/retail,1,2,0.0,16.0,0.1
lavenderhillclothing.com,brand/retail,1,2,0.0,16.0,0.1
shoplordon.com,brand/retail,1,2,0.0,16.0,0.1
senarituals.com,brand/retail,1,2,0.0,16.0,0.1
blluemade.com,brand/retail,1,2,0.0,16.0,0.1
threadbare.com,brand/retail,1,2,0.0,16.0,0.1
topthatusa.com,brand/retail,1,2,0.0,16.0,0.1
thirstytowels.com,brand/retail,1,2,0.0,16.0,0.1
ecochoices.com,brand/retail,1,2,0.0,17.0,0.1
andieswim.com,brand/retail,1,2,0.0,17.0,0.1
bazilliondreams.com,brand/retail,1,2,0.0,17.0,0.1
hussarjackets.com,brand/retail,1,2,0.0,17.0,0.1
snugrobes.com,brand/retail,1,2,0.0,17.0,0.1
aurelien-online.com,brand/retail,1,2,0.0,17.0,0.1
awellstyledlife.com,brand/retail,1,2,0.0,17.0,0.1
c21stores.com,brand/retail,1,2,0.0,17.0,0.1
themanual.com,brand/retail,1,2,0.0,17.0,0.1
advanceplumbing.com,brand/retail,1,2,0.0,17.0,0.1
usaboutique.us,brand/retail,1,2,0.0,17.0,0.1
nuajenuaje.com,brand/retail,1,2,0.0,18.0,0.1
kalanjali.com,brand/retail,1,2,0.0,18.0,0.1
sonomalavender.com,brand/retail,1,2,0.0,18.0,0.1
boggi.com,brand/retail,1,2,0.0,18.0,0.1
kingspersianbistro.com,brand/retail,1,2,0.0,18.0,0.1
makemesurprise.com,brand/retail,1,2,0.0,18.0,0.1
bzbcabinsandoutdoors.net,brand/retail,1,2,0.0,18.0,0.1
cappellofashion.com,brand/retail,1,2,0.0,18.0,0.1
youandallfashion.com,brand/retail,1,2,0.0,18.0,0.1
ervetbedding.com,brand/retail,1,2,0.0,18.0,0.1
bostonproper.com,brand/retail,1,2,0.0,18.0,0.1
robesdecoeur.com,brand/retail,1,2,0.0,18.0,0.1
karagiri.com,brand/retail,1,2,0.0,19.0,0.1
fountainheadmuseum.com,brand/retail,1,2,0.0,19.0,0.1
silkandpink.com,brand/retail,1,2,0.0,20.0,0.1
cowkidclothingcompany.com,brand/retail,2,2,0.0,22.5,0.0
dreamrecovery.io,brand/retail,2,2,0.0,19.0,0.1
mysilkpillowcase.com,brand/retail,1,2,0.0,21.0,0.0
zippity.com.au,brand/retail,3,2,0.0,36.0,0.0
mathildaandmoon.com,brand/retail,2,2,0.0,22.5,0.1
furnishnearme.com,brand/retail,2,2,0.0,24.0,0.1
bigdisneystore.com,brand/retail,2,2,0.0,29.0,0.0
insidepersonalgrowth.com,brand/retail,2,2,0.0,35.5,0.1
sleepysilk.com,brand/retail,2,2,0.0,41.5,0.0
thenaturalfaces.com,brand/retail,2,2,0.0,42.5,0.0
chichateashop.com,brand/retail,2,2,0.0,46.0,0.0
couturecandy.com,brand/retail,2,2,0.0,46.0,0.0
thegoodsleeping.com,brand/retail,2,2,0.0,47.5,0.1
silkpillowcasewholesale.us,brand/retail,3,2,0.0,42.0,0.0
yanibest.com,brand/retail,2,2,0.0,51.5,0.0
baskinsilk.com,brand/retail,2,2,0.0,51.5,0.0
news.yahoo.com,brand/retail,2,2,0.0,51.5,0.0
dressthepopulation.com,brand/retail,2,2,0.0,52.0,0.0
shopatmfl.com,brand/retail,2,2,0.0,53.0,0.0
storeus.com,brand/retail,1,2,0.0,9.0,0.2
defenage.com,brand/retail,2,2,0.0,55.0,0.0
crispsheets.com,brand/retail,1,2,0.0,12.0,0.1
greatdealsaugusta.com,brand/retail,1,2,0.0,12.0,0.1
keishacharmaine.com,brand/retail,1,2,0.0,13.0,0.1
purecountry.com,brand/retail,1,2,0.0,13.0,0.1
sageinteriors.com,brand/retail,1,2,0.0,14.0,0.1
bargainfurnitures.com,brand/retail,1,2,0.0,14.0,0.1
yandex.com,brand/retail,1,2,0.0,14.0,0.1
gentrymagic.com,brand/retail,1,2,0.0,15.0,0.1
realsilkpillowcase.com,brand/retail,2,2,0.0,57.5,0.0
pokoloko.com,brand/retail,1,2,0.0,15.0,0.1
bargainsandbuyoutshome.com,brand/retail,1,2,0.0,15.0,0.1
giftly.com,brand/retail,1,2,0.0,15.0,0.1
myvitabath.com,brand/retail,1,2,0.0,16.0,0.1
bestqualityfurnituremke.com,brand/retail,1,2,0.0,16.0,0.1
cabanahome.com,brand/retail,1,2,0.0,16.0,0.1
csilks.com,brand/retail,3,2,0.0,50.0,0.0
il.ebay.com,brand/retail,1,2,0.0,16.0,0.1
driduck.com,brand/retail,1,2,0.0,16.0,0.1
crateandbarrel.me,brand/retail,1,2,0.0,17.0,0.1
maisondeux.com,brand/retail,1,2,0.0,17.0,0.1
toysrus.ca,brand/retail,1,2,0.0,18.0,0.1
johnhanly.com,brand/retail,1,2,0.0,18.0,0.1
lisanhoangofficial.com,brand/retail,1,2,0.0,18.0,0.1
shopblushbuffalo.com,brand/retail,1,2,0.0,18.0,0.1
feblilacmat.com,brand/retail,1,2,0.0,19.0,0.1
driptu.com,brand/retail,2,2,0.0,60.5,0.0
deepdiscountfurniture.com,brand/retail,3,2,0.0,24.7,0.1
silkpedia.com,brand/retail,2,2,0.0,61.0,0.0
support.ruggable.com,brand/retail,3,2,0.0,39.7,0.0
naturalhaircares.com,brand/retail,2,2,0.0,62.5,0.0
eventfuleve.com,brand/retail,2,2,0.0,63.5,0.0
mysilvera.com,brand/retail,2,2,0.0,65.5,0.0
badeloftusa.com,brand/retail,3,2,0.0,51.3,0.0
mattresssmartanddecor.com,brand/retail,3,2,0.0,57.7,0.0
habitat.co.uk,brand/retail,7,2,0.0,48.9,0.0
whiteandgreenhome.com,brand/retail,4,2,0.0,30.5,0.1
juliancharles.co.uk,brand/retail,5,2,0.0,41.4,0.0
rubbermaidproducts.co.uk,brand/retail,2,2,0.0,15.5,0.1
basichomegears.com,brand/retail,3,2,0.0,46.0,0.0
naturescrib.com,brand/retail,3,2,0.0,48.3,0.0
shopvcf.com,brand/retail,1,2,0.0,9.0,0.2
marijane.somnvie.com,brand/retail,1,2,0.0,9.0,0.2
halohomestore.com,brand/retail,1,2,0.0,9.0,0.2
lynnens.com,brand/retail,1,2,0.0,10.0,0.1
dungenesskids.com,brand/retail,1,2,0.0,10.0,0.1
thedump.com,brand/retail,1,2,0.0,10.0,0.1
ournewbabyinc.com,brand/retail,1,2,0.0,11.0,0.1
cuddledown.co.uk,brand/retail,1,2,0.0,11.0,0.1
expedia.com,brand/retail,1,2,0.0,11.0,0.1
sweetdreamsnc.com,brand/retail,1,2,0.0,11.0,0.1
myedsfurniture.com,brand/retail,1,2,0.0,12.0,0.1
business.homewoodchamber.org,brand/retail,1,2,0.0,13.0,0.1
idealhome.co.uk,brand/retail,1,2,0.0,13.0,0.1
designthusiasm.com,brand/retail,2,2,0.0,15.0,0.2
leedistributors.com,brand/retail,1,2,0.0,9.0,0.2
myza.co,brand/retail,1,1,0.0,19.0,0.1
bellalinolinens.com,brand/retail,2,1,0.0,33.5,0.0
home.by.me,brand/retail,1,1,0.0,20.0,0.1
helline.fr,brand/retail,1,1,0.0,20.0,0.1
lycanhoodies.co.nz,brand/retail,1,1,0.0,20.0,0.1
terijon.com,brand/retail,1,1,0.0,20.0,0.1
roseandlinen.co,brand/retail,1,1,0.0,20.0,0.1
schoffelcountry.com,brand/retail,1,1,0.0,21.0,0.0
church.christianbrands.com,brand/retail,1,1,0.0,21.0,0.0
publicdealz.com,brand/retail,1,1,0.0,21.0,0.0
endlesssummerboutiquesd.com,brand/retail,1,1,0.0,21.0,0.0
turbosquid.com,brand/retail,1,1,0.0,21.0,0.0
afrikanattire.com,brand/retail,1,1,0.0,21.0,0.0
breal.net,brand/retail,1,1,0.0,21.0,0.0
kawaiiwaru.com,brand/retail,1,1,0.0,21.0,0.0
aetherapparel.com,brand/retail,1,1,0.0,21.0,0.0
swordbooks.com,brand/retail,1,1,0.0,21.0,0.0
vesselsofglory.biz,brand/retail,1,1,0.0,22.0,0.0
gettrend.com,brand/retail,1,1,0.0,22.0,0.0
ylistyle.com,brand/retail,1,1,0.0,22.0,0.0
modelbuilderssupply.com,brand/retail,1,1,0.0,22.0,0.0
kipfashion.com,brand/retail,1,1,0.0,22.0,0.0
riuparis.fr,brand/retail,1,1,0.0,22.0,0.0
amorcustomgifts.com,brand/retail,1,1,0.0,22.0,0.0
strasburgchildrens.com,brand/retail,1,1,0.0,22.0,0.0
spacetouch.com,brand/retail,1,1,0.0,22.0,0.0
cgtrader.com,brand/retail,1,1,0.0,23.0,0.0
tjafricanprintdresses.com,brand/retail,1,1,0.0,23.0,0.0
carolinak.com,brand/retail,1,1,0.0,23.0,0.0
wanderlustboutiquedrum.com,brand/retail,1,1,0.0,23.0,0.0
alicemccrown.com,brand/retail,1,1,0.0,23.0,0.0
architeg-prints.com,brand/retail,1,1,0.0,23.0,0.0
magdalenarobes.com,brand/retail,1,1,0.0,23.0,0.0
oodie.eu,brand/retail,1,1,0.0,24.0,0.0
scottatomic.com,brand/retail,1,1,0.0,24.0,0.0
pearlriver.com,brand/retail,1,1,0.0,24.0,0.0
inkermannyc.com,brand/retail,1,1,0.0,24.0,0.0
aubainerie.com,brand/retail,1,1,0.0,24.0,0.0
housesandparties.com,brand/retail,1,1,0.0,24.0,0.0
angelafriedman.com,brand/retail,1,1,0.0,24.0,0.0
coolshey.com,brand/retail,1,1,0.0,24.0,0.0
mykidsdream.com,brand/retail,1,1,0.0,19.0,0.1
leighsfashions.com,brand/retail,1,1,0.0,19.0,0.1
oldtradingpost.com,brand/retail,1,1,0.0,19.0,0.1
pbssocal.org,brand/retail,1,1,0.0,19.0,0.1
devilinspired.com,brand/retail,1,1,0.0,19.0,0.1
crosswalk.com,brand/retail,1,1,0.0,20.0,0.1
suitsandmore.com,brand/retail,1,1,0.0,20.0,0.1
theblvdboutik.com,brand/retail,1,1,0.0,20.0,0.1
avishya.com,brand/retail,1,1,0.0,20.0,0.1
backbagnd.myshopify.com,brand/retail,1,1,0.0,20.0,0.1
store.vavstuga.com,brand/retail,1,1,0.0,20.0,0.1
cayscurls.com,brand/retail,1,1,0.0,20.0,0.1
healthmatesauna.com,brand/retail,1,1,0.0,20.0,0.1
bencrafthats.com,brand/retail,1,1,0.0,20.0,0.1
gilt.com,brand/retail,1,1,0.0,20.0,0.1
royalcastleconsignment.com,brand/retail,1,1,0.0,20.0,0.1
chadandjake.com,brand/retail,1,1,0.0,20.0,0.1
wildoakboutique.com,brand/retail,1,1,0.0,20.0,0.1
thedreamstress.com,brand/retail,1,1,0.0,20.0,0.1
beachcandyswimwear.com,brand/retail,1,1,0.0,21.0,0.0
snehalayaasilks.com,brand/retail,1,1,0.0,21.0,0.0
seymourshome.com,brand/retail,1,1,0.0,21.0,0.0
atlanticcoastsports.com,brand/retail,1,1,0.0,21.0,0.0
hugoboss.com,brand/retail,1,1,0.0,21.0,0.0
naturesoftbedding.com,brand/retail,1,1,0.0,21.0,0.0
vossen.com,brand/retail,1,1,0.0,21.0,0.0
peppermintmag.com,brand/retail,1,1,0.0,21.0,0.0
savilerowco.com,brand/retail,1,1,0.0,21.0,0.0
dinmed.com.co,brand/retail,1,1,0.0,21.0,0.0
knix.com,brand/retail,1,1,0.0,21.0,0.0
edwardianpromenade.com,brand/retail,1,1,0.0,21.0,0.0
landsend.co.uk,brand/retail,1,1,0.0,21.0,0.0
azazie.ca,brand/retail,1,1,0.0,21.0,0.0
theadditionalneedsblogfather.com,brand/retail,1,1,0.0,22.0,0.0
dressfolk.com,brand/retail,1,1,0.0,22.0,0.0
la-ginestra.com,brand/retail,2,1,0.0,25.5,0.0
furniture42.com,brand/retail,2,1,0.0,29.0,0.0
janieandjack.com,brand/retail,2,1,0.0,33.5,0.0
shopskippersfurniture.com,brand/retail,2,1,0.0,36.5,0.0
yachtbedding.com,brand/retail,1,1,0.0,16.0,0.1
bargainhousefurniture.us,brand/retail,1,1,0.0,16.0,0.1
familydealsoh.com,brand/retail,1,1,0.0,17.0,0.1
levtexbaby.com,brand/retail,1,1,0.0,17.0,0.1
ourboathouse.com,brand/retail,1,1,0.0,18.0,0.1
juanwitdalocs.com,brand/retail,1,1,0.0,18.0,0.1
bargainfurnitureni.com,brand/retail,1,1,0.0,18.0,0.1
discountrugsandfurniture.com,brand/retail,1,1,0.0,18.0,0.1
valledevalle.com,brand/retail,1,1,0.0,19.0,0.1
martdiscover.com,brand/retail,1,1,0.0,19.0,0.1
bestcozythrows.com,brand/retail,1,1,0.0,19.0,0.1
harmonygallery.net,brand/retail,1,1,0.0,19.0,0.1
blankstyle.com,brand/retail,1,1,0.0,19.0,0.1
bonsoirfinelinens.com,brand/retail,1,1,0.0,20.0,0.1
es.pinterest.com,brand/retail,1,1,0.0,20.0,0.1
linticoshop.com,brand/retail,1,1,0.0,20.0,0.1
atlanticfinefurniture.com,brand/retail,1,1,0.0,20.0,0.1
shopryann.com,brand/retail,1,1,0.0,20.0,0.1
prettyparlor.com,brand/retail,1,1,0.0,20.0,0.1
schaeferoutfitter.com,brand/retail,1,1,0.0,20.0,0.1
crateandbarrel.ca,brand/retail,1,1,0.0,21.0,0.0
thelanelinen.com,brand/retail,1,1,0.0,21.0,0.0
depilloweg.com,brand/retail,1,1,0.0,21.0,0.0
pamandander.com,brand/retail,1,1,0.0,21.0,0.0
qualityhome.com,brand/retail,1,1,0.0,21.0,0.0
jennacooperla.com,brand/retail,1,1,0.0,21.0,0.0
bargainbedsmattressoutlet.com,brand/retail,1,1,0.0,21.0,0.0
gamineworkwear.com,brand/retail,1,1,0.0,21.0,0.0
ellawinston.com,brand/retail,1,1,0.0,21.0,0.0
scottevest.com,brand/retail,1,1,0.0,21.0,0.0
lanelinensales.shop,brand/retail,1,1,0.0,22.0,0.0
flroplus.com,brand/retail,1,1,0.0,22.0,0.0
babobotanicals.com,brand/retail,1,1,0.0,22.0,0.0
jacksonvillebedding.com,brand/retail,1,1,0.0,22.0,0.0
bargaincityfurniture.net,brand/retail,1,1,0.0,22.0,0.0
bocancouture.com,brand/retail,1,1,0.0,22.0,0.0
thrilrug.com,brand/retail,1,1,0.0,23.0,0.0
linenstars.shop,brand/retail,1,1,0.0,23.0,0.0
9teenboutique.com,brand/retail,1,1,0.0,23.0,0.0
styleelyst.com,brand/retail,1,1,0.0,23.0,0.0
southwestindian.com,brand/retail,1,1,0.0,23.0,0.0
karazlinen.com,brand/retail,1,1,0.0,23.0,0.0
pemberlyrow.com,brand/retail,1,1,0.0,23.0,0.0
thebargainshop.com,brand/retail,1,1,0.0,23.0,0.0
hadleighs.com,brand/retail,1,1,0.0,23.0,0.0
nationalwpsupply.com,brand/retail,1,1,0.0,24.0,0.0
eoproducts.com,brand/retail,1,1,0.0,24.0,0.0
luxfurnituregallery.com,brand/retail,1,1,0.0,24.0,0.0
jun-per.com,brand/retail,2,1,0.0,22.5,0.0
jutionsilicone.com,brand/retail,1,1,0.0,24.0,0.0
mohairpossumstore.com,brand/retail,1,1,0.0,24.0,0.0
healthysenior.com,brand/retail,2,1,0.0,26.0,0.0
sistersilk.com,brand/retail,2,1,0.0,27.5,0.0
oldeglory.co.uk,brand/retail,1,1,0.0,24.0,0.0
bargain-town-furniture-and-mattresse.wheree.com,brand/retail,1,1,0.0,24.0,0.0
frcmarketplace.com,brand/retail,1,1,0.0,24.0,0.0
dinosaurmadness.com,brand/retail,1,1,0.0,24.0,0.0
sleepinginstitute.org,brand/retail,1,1,0.0,25.0,0.0
nori.co,brand/retail,1,1,0.0,25.0,0.0
blogs.lymabedding.com,brand/retail,1,1,0.0,25.0,0.0
bargaintownonline.com,brand/retail,1,1,0.0,25.0,0.0
theberkshireblanket.shop,brand/retail,1,1,0.0,26.0,0.0
oceanofferings.com,brand/retail,1,1,0.0,26.0,0.0
monkeesoflakenorman.com,brand/retail,1,1,0.0,26.0,0.0
twosistersspa.com,brand/retail,1,1,0.0,26.0,0.0
qualityfurnituredirect.com,brand/retail,1,1,0.0,26.0,0.0
studyfinds.com,brand/retail,1,1,0.0,26.0,0.0
masterweavetextiles.com,brand/retail,1,1,0.0,26.0,0.0
paisleyandsparrow.com,brand/retail,1,1,0.0,26.0,0.0
rusticsforless.com,brand/retail,1,1,0.0,26.0,0.0
bigamart.com,brand/retail,2,1,0.0,21.5,0.1
roomsforlessoh.com,brand/retail,1,1,0.0,26.0,0.0
herportraits.com,brand/retail,1,1,0.0,26.0,0.0
shopgossamer.com,brand/retail,1,1,0.0,26.0,0.0
caromiohome.com,brand/retail,1,1,0.0,27.0,0.0
ninthavenue.ca,brand/retail,1,1,0.0,27.0,0.0
nauticalboutique.co,brand/retail,1,1,0.0,27.0,0.0
shelhealth.com,brand/retail,1,1,0.0,27.0,0.0
bestbrandsfurniture.com,brand/retail,1,1,0.0,27.0,0.0
luxurioushomefurnishings.com,brand/retail,1,1,0.0,27.0,0.0
westerntradingcompany.com.au,brand/retail,1,1,0.0,27.0,0.0
myfurnitureandmattress.com,brand/retail,1,1,0.0,27.0,0.0
utopia-bedding.com,brand/retail,2,1,0.0,24.0,0.0
merkadoxx.com,brand/retail,1,1,0.0,27.0,0.0
dinosaur-universe.com,brand/retail,1,1,0.0,27.0,0.0
themichaelrubino.com,brand/retail,1,1,0.0,28.0,0.0
thefunkydelicstore.com,brand/retail,1,1,0.0,28.0,0.0
mumubath.com,brand/retail,1,1,0.0,28.0,0.0
yellowpages.net,brand/retail,1,1,0.0,28.0,0.0
eleganceboutiqueonline.com,brand/retail,1,1,0.0,28.0,0.0
a-boutique-kw.com,brand/retail,1,1,0.0,28.0,0.0
us.savetheduck.com,brand/retail,1,1,0.0,28.0,0.0
koltexhometextile.com,brand/retail,1,1,0.0,28.0,0.0
arneclo.com,brand/retail,1,1,0.0,29.0,0.0
viviansfurniture.com,brand/retail,1,1,0.0,29.0,0.0
inkl.com,brand/retail,1,1,0.0,29.0,0.0
alicelanehome.com,brand/retail,1,1,0.0,29.0,0.0
magnoliasilk.com,brand/retail,1,1,0.0,29.0,0.0
wanderingbull.com,brand/retail,1,1,0.0,29.0,0.0
redcloudscollective.com,brand/retail,1,1,0.0,29.0,0.0
schaferandweiner.com,brand/retail,1,1,0.0,29.0,0.0
notiexpressdemexico.com,brand/retail,1,1,0.0,30.0,0.0
wdbj7.com,brand/retail,1,1,0.0,30.0,0.0
qualityfurniturend.com,brand/retail,1,1,0.0,30.0,0.0
mohairmillshop.com,brand/retail,1,1,0.0,30.0,0.0
forstersfinery.com,brand/retail,1,1,0.0,30.0,0.0
shopcactusroseboutique.com,brand/retail,1,1,0.0,30.0,0.0
bestfurnituredeals.com,brand/retail,1,1,0.0,30.0,0.0
nazixstore.com,brand/retail,1,1,0.0,30.0,0.0
cozylil.com,brand/retail,1,1,0.0,30.0,0.0
okaytrendy.com,brand/retail,1,1,0.0,31.0,0.0
jeremyargyle.com,brand/retail,1,1,0.0,31.0,0.0
bejuliet.com,brand/retail,1,1,0.0,31.0,0.0
thelaundress.com,brand/retail,1,1,0.0,31.0,0.0
ashleyhomestore.ca,brand/retail,1,1,0.0,31.0,0.0
bargainsandtreasuresthevillages.com,brand/retail,1,1,0.0,31.0,0.0
margecarson.com,brand/retail,2,1,0.0,29.0,0.0
furnituredepotohio.com,brand/retail,1,1,0.0,31.0,0.0
thekidsdidit.com,brand/retail,1,1,0.0,31.0,0.0
bexley.com,brand/retail,1,1,0.0,31.0,0.0
boatthread.com,brand/retail,1,1,0.0,32.0,0.0
qgec.net,brand/retail,1,1,0.0,32.0,0.0
mytrii.com,brand/retail,1,1,0.0,32.0,0.0
sixtyandme.com,brand/retail,2,1,0.0,34.5,0.0
bestdealsfurnitureoh.com,brand/retail,1,1,0.0,32.0,0.0
tinkandposh.com,brand/retail,1,1,0.0,32.0,0.0
boreji.com,brand/retail,1,1,0.0,33.0,0.0
zarnik.com,brand/retail,1,1,0.0,33.0,0.0
cassiaclover.com,brand/retail,1,1,0.0,33.0,0.0
southwest-bedazzle.com,brand/retail,1,1,0.0,33.0,0.0
casagrandefurniture.com,brand/retail,1,1,0.0,33.0,0.0
bedsnstuff.com,brand/retail,1,1,0.0,33.0,0.0
orianalifestyle.com,brand/retail,1,1,0.0,33.0,0.0
rachelsilk.com,brand/retail,1,1,0.0,33.0,0.0
bluebella.us,brand/retail,1,1,0.0,33.0,0.0
emeralddecorideas.ca,brand/retail,1,1,0.0,34.0,0.0
leehanton.com,brand/retail,1,1,0.0,34.0,0.0
bodyandearth.shop,brand/retail,1,1,0.0,34.0,0.0
besthomefurnituremattress.com,brand/retail,1,1,0.0,34.0,0.0
wapatobeads.com,brand/retail,1,1,0.0,34.0,0.0
baci.com,brand/retail,1,1,0.0,34.0,0.0
newbalance.com,brand/retail,1,1,0.0,35.0,0.0
rubynz.com,brand/retail,1,1,0.0,35.0,0.0
cottonandcrete.com,brand/retail,1,1,0.0,35.0,0.0
playoffside.com,brand/retail,1,1,0.0,35.0,0.0
essence.com,brand/retail,1,1,0.0,35.0,0.0
homeofdeals4less.com,brand/retail,1,1,0.0,35.0,0.0
sleeplove.co,brand/retail,1,1,0.0,35.0,0.0
rizeno.com,brand/retail,1,1,0.0,36.0,0.0
hotelhomepillows.com,brand/retail,2,1,0.0,44.5,0.0
shopaleena.com,brand/retail,1,1,0.0,36.0,0.0
perfectlynaturalsoap.com,brand/retail,1,1,0.0,36.0,0.0
consumersearch.com,brand/retail,1,1,0.0,36.0,0.0
woolblankets.ca,brand/retail,1,1,0.0,36.0,0.0
hearthandhomesteadwools.com,brand/retail,1,1,0.0,36.0,0.0
kluvers.com,brand/retail,1,1,0.0,36.0,0.0
thefurnituredepot.net,brand/retail,1,1,0.0,36.0,0.0
realsilklife.com,brand/retail,1,1,0.0,36.0,0.0
hair.style.narkive.com,brand/retail,1,1,0.0,36.0,0.0
oceanlife.com,brand/retail,1,1,0.0,37.0,0.0
organicsnmore.com,brand/retail,1,1,0.0,37.0,0.0
thewavemat.com,brand/retail,1,1,0.0,37.0,0.0
oldtribes.com,brand/retail,1,1,0.0,37.0,0.0
directdealfurniturestyles.com,brand/retail,1,1,0.0,37.0,0.0
theeditorsmarket.com,brand/retail,1,1,0.0,38.0,0.0
michaelsdiscountfurniture.com,brand/retail,1,1,0.0,38.0,0.0
shopdignify.com,brand/retail,1,1,0.0,38.0,0.0
shopstyle.co.uk,brand/retail,3,1,0.0,27.0,0.0
argos.co.uk,brand/retail,4,1,0.0,45.5,0.0
bedandbathemporium.com,brand/retail,3,1,0.0,30.3,0.0
gearfrost.com,brand/retail,2,1,0.0,15.5,0.1
cologneandcotton.com,brand/retail,3,1,0.0,44.0,0.0
homehardware.ca,brand/retail,2,1,0.0,17.5,0.1
instocksupplies.com,brand/retail,2,1,0.0,19.5,0.1
gransnet.com,brand/retail,2,1,0.0,19.5,0.1
airfreshenersandmore.com,brand/retail,2,1,0.0,20.0,0.1
nextdirect.com,brand/retail,3,1,0.0,47.0,0.0
harrycorry.com,brand/retail,3,1,0.0,47.7,0.0
innspiring.com,brand/retail,2,1,0.0,23.0,0.1
abelsupply.com,brand/retail,2,1,0.0,24.0,0.1
allrubbermaid.com,brand/retail,2,1,0.0,25.5,0.0
bellabellaco.com,brand/retail,2,1,0.0,29.5,0.1
exclusivefurniture.com,brand/retail,2,1,0.0,29.5,0.1
bedroomsandmore.com,brand/retail,2,1,0.0,30.0,0.0
wildwings.com,brand/retail,2,1,0.0,30.5,0.0
horow.com,brand/retail,2,1,0.0,31.0,0.0
mychemicalfreehouse.net,brand/retail,2,1,0.0,31.5,0.0
custombeddingset.com,brand/retail,2,1,0.0,32.0,0.0
ufurnish.com,brand/retail,3,1,0.0,55.7,0.0
lullabuybed.com,brand/retail,2,1,0.0,34.0,0.0
themulberrysilkco.com,brand/retail,2,1,0.0,34.5,0.0
dadreviews.org,brand/retail,3,1,0.0,57.3,0.0
westernleathershop.com,brand/retail,2,1,0.0,37.0,0.0
guineys.ie,brand/retail,2,1,0.0,39.0,0.0
linensonline.co.uk,brand/retail,2,1,0.0,40.0,0.0
tampafurnitureoutlet.us,brand/retail,2,1,0.0,42.0,0.0
darvin.com,brand/retail,2,1,0.0,43.0,0.0
homify.co.uk,brand/retail,2,1,0.0,45.0,0.0
best4lessfurnitureatl.com,brand/retail,2,1,0.0,45.5,0.0
trendsfuego.com,brand/retail,2,1,0.0,47.0,0.0
maisongokan.com,brand/retail,2,1,0.0,48.0,0.0
jellymoni.com,brand/retail,2,1,0.0,48.0,0.0
thoemmescabinet.com,brand/retail,2,1,0.0,50.0,0.0
mayberryhome.com,brand/retail,2,1,0.0,52.0,0.0
drleonards.com,brand/retail,2,1,0.0,52.5,0.0
megafurniture.us,brand/retail,2,1,0.0,52.5,0.0
luxurysilkpjs.com,brand/retail,2,1,0.0,53.0,0.0
furnitureandmattresswarehouse.com,brand/retail,2,1,0.0,53.0,0.0
boomsbeat.com,brand/retail,3,1,0.0,69.3,0.0
thelinentree.com,brand/retail,1,1,0.0,11.0,0.1
jungmaven.com,brand/retail,1,1,0.0,12.0,0.1
parentsfavorite.com,brand/retail,1,1,0.0,12.0,0.1
ohiobiz.com,brand/retail,1,1,0.0,12.0,0.1
sweetdreams-us.com,brand/retail,1,1,0.0,13.0,0.1
aoamall.com,brand/retail,2,1,0.0,57.0,0.0
subtlevariations.substack.com,brand/retail,1,1,0.0,14.0,0.1
fatbrainbaby.com,brand/retail,1,1,0.0,14.0,0.1
sawmillcreek.org,brand/retail,1,1,0.0,14.0,0.1
brsdiscounters.com,brand/retail,1,1,0.0,14.0,0.1
troublefreepool.com,brand/retail,1,1,0.0,15.0,0.1
nauticalia.com,brand/retail,2,1,0.0,57.5,0.0
blueybedding.com,brand/retail,1,1,0.0,15.0,0.1
thefurniturewarehouse.com,brand/retail,2,1,0.0,57.5,0.0
belleenfant-boutique.com,brand/retail,1,1,0.0,16.0,0.1
goavm.com,brand/retail,1,1,0.0,16.0,0.1
github.com,brand/retail,1,1,0.0,16.0,0.1
dukeimports.com,brand/retail,1,1,0.0,16.0,0.1
sweet-dreams-bedding-furniture.wheree.com,brand/retail,1,1,0.0,16.0,0.1
azdiscounters.com,brand/retail,1,1,0.0,16.0,0.1
latemornings.com,brand/retail,1,1,0.0,17.0,0.1
ebay.com.au,brand/retail,1,1,0.0,18.0,0.1
discount-furniturestore.com,brand/retail,1,1,0.0,18.0,0.1
character.com,brand/retail,1,1,0.0,19.0,0.1
hmecatalog.com,brand/retail,1,1,0.0,19.0,0.1
draft-zero.com,brand/retail,1,1,0.0,20.0,0.1
tdawi.com,brand/retail,1,1,0.0,20.0,0.1
discountfurniturelandnc.com,brand/retail,1,1,0.0,20.0,0.1
cleaning.lifetips.com,brand/retail,1,1,0.0,20.0,0.1
disneycruise.disney.go.com,brand/retail,1,1,0.0,21.0,0.0
buysilkpillowcase.shop,brand/retail,1,1,0.0,21.0,0.0
bestlifeonline.com,brand/retail,1,1,0.0,21.0,0.0
snappyliving.com,brand/retail,2,1,0.0,62.0,0.0
thesocialitefamily.com,brand/retail,1,1,0.0,24.0,0.0
zirconic.com.au,brand/retail,1,1,0.0,25.0,0.0
buysecuremat.com,brand/retail,2,1,0.0,62.5,0.0
thesleepguard.co,brand/retail,1,1,0.0,25.0,0.0
threesheetslinen.com,brand/retail,1,1,0.0,25.0,0.0
completely-coastal.com,brand/retail,1,1,0.0,27.0,0.0
matalan.co.uk,brand/retail,2,1,0.0,64.0,0.0
wellness-tools.com,brand/retail,1,1,0.0,28.0,0.0
ecocarmel.com,brand/retail,1,1,0.0,29.0,0.0
wiseconsumer.com,brand/retail,1,1,0.0,30.0,0.0
findbathbest.com,brand/retail,1,1,0.0,30.0,0.0
futonland.com,brand/retail,1,1,0.0,30.0,0.0
hotelcollectionbedding.com,brand/retail,2,1,0.0,61.5,0.0
carolinalinens.com,brand/retail,1,1,0.0,32.0,0.0
tallpaulstallmall.com,brand/retail,1,1,0.0,32.0,0.0
kabuki-anime.com,brand/retail,1,1,0.0,32.0,0.0
lowbillenergy.com,brand/retail,1,1,0.0,33.0,0.0
silk22.com,brand/retail,1,1,0.0,33.0,0.0
merinowoolbedding.com,brand/retail,1,1,0.0,33.0,0.0
carreblanc.ca,brand/retail,1,1,0.0,33.0,0.0
princess.com,brand/retail,1,1,0.0,34.0,0.0
silkwoolfleece.com,brand/retail,1,1,0.0,35.0,0.0
elalane.com,brand/retail,1,1,0.0,35.0,0.0
thesilkspace.com,brand/retail,1,1,0.0,36.0,0.0
thecleanbedroom.com,brand/retail,1,1,0.0,36.0,0.0
ecoluxeliving.com,brand/retail,1,1,0.0,37.0,0.0
fawcettmattress.com,brand/retail,1,1,0.0,37.0,0.0
kidsbeddingdreams.com,brand/retail,1,1,0.0,38.0,0.0
decorstylish.com,brand/retail,1,1,0.0,39.0,0.0
bseid.com,brand/retail,1,1,0.0,40.0,0.0
townssilk.com,brand/retail,1,1,0.0,40.0,0.0
dumanhome.com,brand/retail,1,1,0.0,40.0,0.0
noamanycenter.com,brand/retail,1,1,0.0,41.0,0.0
sweetdreamsboutique.com,brand/retail,2,1,0.0,70.5,0.0
tenstickers.com,brand/retail,1,1,0.0,13.0,0.1
seattlebathtubguy.com,brand/retail,1,1,0.0,14.0,0.1
home-furniture-plus-bedding-4.wheree.com,brand/retail,1,1,0.0,14.0,0.1
capitalmedicalsupply.ca,brand/retail,1,0,0.0,16.0,0.1
healthierspaces.com,brand/retail,1,0,0.0,20.0,0.1
hotelsalesandsurplus.com,brand/retail,1,0,0.0,23.0,0.0
thewrightstuff.com,brand/retail,1,0,0.0,28.0,0.0
homeitusa.com,brand/retail,1,0,0.0,30.0,0.0
homeintuition.com,brand/retail,1,0,0.0,33.0,0.0
foldingbed.net,brand/retail,1,0,0.0,36.0,0.0
terrysfabrics.co.uk,brand/retail,2,0,0.0,31.5,0.0
luxurylinen.co.nz,brand/retail,2,0,0.0,49.0,0.0
patersonrose.com,brand/retail,2,0,0.0,49.5,0.0
hometown-comfortstation.com,brand/retail,1,0,0.0,13.0,0.1
yellowjackethomeproducts.com,brand/retail,2,0,0.0,58.0,0.0
hip2save.com,brand/retail,1,0,0.0,16.0,0.1
mattressman1.com,brand/retail,1,0,0.0,17.0,0.1
linens-and-hutch.tenereteam.com,brand/retail,1,0,0.0,17.0,0.1
finedecordirect.com,brand/retail,1,0,0.0,18.0,0.1
bentleypriorylinens.co.uk,brand/retail,1,0,0.0,18.0,0.1
living.ky,brand/retail,1,0,0.0,19.0,0.1
rona.ca,brand/retail,1,0,0.0,19.0,0.1
inkandrags.com,brand/retail,1,0,0.0,20.0,0.1
cocoandwolf.com,brand/retail,1,0,0.0,21.0,0.0
goodshomefurnishings.com,brand/retail,1,0,0.0,21.0,0.0
densandfriends.com,brand/retail,1,0,0.0,21.0,0.0
seventhavenue.com,brand/retail,1,0,0.0,21.0,0.0
lizandroo.com,brand/retail,1,0,0.0,22.0,0.0
homehagen.com,brand/retail,1,0,0.0,22.0,0.0
linensandhutchhome.shop,brand/retail,1,0,0.0,22.0,0.0
best-price-furniture-bedding.wheree.com,brand/retail,1,0,0.0,22.0,0.0
capecoralfurnitures.com,brand/retail,1,0,0.0,22.0,0.0
aptdeco.com,brand/retail,1,0,0.0,23.0,0.0
mamasfirst.com,brand/retail,1,0,0.0,23.0,0.0
underprice.us,brand/retail,1,0,0.0,23.0,0.0
cornucopialiving.com,brand/retail,1,0,0.0,23.0,0.0
primermagazine.com,brand/retail,1,0,0.0,23.0,0.0
bedpostfurniturestore.com,brand/retail,1,0,0.0,23.0,0.0
perlesilk.com,brand/retail,1,0,0.0,24.0,0.0
greystonemarketplace280.com,brand/retail,1,0,0.0,24.0,0.0
tellmebaby.com.au,brand/retail,1,0,0.0,24.0,0.0
thelinenhutch.shop,brand/retail,1,0,0.0,24.0,0.0
tallahasseediscountfurniture.com,brand/retail,1,0,0.0,24.0,0.0
trinity.global,brand/retail,1,0,0.0,25.0,0.0
ecaremedicalsupplies.com,brand/retail,1,0,0.0,25.0,0.0
robertandwallace.com,brand/retail,1,0,0.0,25.0,0.0
seasaltcornwall.com,brand/retail,1,0,0.0,25.0,0.0
pushchairexpert.com,brand/retail,1,0,0.0,25.0,0.0
morfurnitureforlessliving.shop,brand/retail,1,0,0.0,25.0,0.0
hutchisonfinefurniture.com,brand/retail,1,0,0.0,25.0,0.0
nationwidefurniture.net,brand/retail,1,0,0.0,25.0,0.0
shopwesternedge.com,brand/retail,1,0,0.0,25.0,0.0
mensjournal.com,brand/retail,1,0,0.0,25.0,0.0
discountfurniture2052.com,brand/retail,1,0,0.0,25.0,0.0
touchgoods.com,brand/retail,1,0,0.0,26.0,0.0
nfm.com,brand/retail,1,0,0.0,26.0,0.0
babyroad.com.au,brand/retail,1,0,0.0,26.0,0.0
stores.ashleyfurniture.com,brand/retail,1,0,0.0,26.0,0.0
simplymebox.com,brand/retail,1,0,0.0,26.0,0.0
rusticranchfurniture.ca,brand/retail,1,0,0.0,26.0,0.0
maskura.co.uk,brand/retail,1,0,0.0,26.0,0.0
comfimattress.com,brand/retail,1,0,0.0,26.0,0.0
themattressbros.com,brand/retail,1,0,0.0,27.0,0.0
homebodydenver.com,brand/retail,1,0,0.0,27.0,0.0
kidobebe.com,brand/retail,1,0,0.0,27.0,0.0
debhealthgrow.com,brand/retail,1,0,0.0,27.0,0.0
crane-home.com,brand/retail,1,0,0.0,27.0,0.0
linencupboard.co.uk,brand/retail,1,0,0.0,27.0,0.0
dealnede.com,brand/retail,1,0,0.0,27.0,0.0
bayareafurnitureandmattress.com,brand/retail,1,0,0.0,27.0,0.0
grattan.co.uk,brand/retail,1,0,0.0,28.0,0.0
babybunting.com.au,brand/retail,1,0,0.0,28.0,0.0
wholesalefurnituremb.com,brand/retail,1,0,0.0,28.0,0.0
otty.com,brand/retail,1,0,0.0,28.0,0.0
laudsleep.com,brand/retail,1,0,0.0,28.0,0.0
maker-marketplace.com,brand/retail,1,0,0.0,28.0,0.0
rockinmtack.com,brand/retail,1,0,0.0,28.0,0.0
italianfinelinens.com,brand/retail,1,0,0.0,29.0,0.0
directsolutionstexas.com,brand/retail,1,0,0.0,29.0,0.0
residenthome.com,brand/retail,1,0,0.0,29.0,0.0
babyvillage.com.au,brand/retail,1,0,0.0,29.0,0.0
webedealing.com,brand/retail,1,0,0.0,29.0,0.0
silver-guard.co.uk,brand/retail,1,0,0.0,29.0,0.0
furniturediscountersc.com,brand/retail,1,0,0.0,29.0,0.0
landscapesource.com,brand/retail,1,0,0.0,30.0,0.0
affordablemedicalusa.com,brand/retail,1,0,0.0,30.0,0.0
portoluenzo.com,brand/retail,1,0,0.0,30.0,0.0
bestbuy.ca,brand/retail,1,0,0.0,30.0,0.0
jackandjillboutique.com,brand/retail,1,0,0.0,31.0,0.0
thebeddingco.com,brand/retail,1,0,0.0,31.0,0.0
thenaturalbabyco.com,brand/retail,1,0,0.0,31.0,0.0
rettigfurniture.com,brand/retail,1,0,0.0,31.0,0.0
cardis.com,brand/retail,1,0,0.0,31.0,0.0
phantomtagprotector.com,brand/retail,1,0,0.0,31.0,0.0
themattressshop.com,brand/retail,1,0,0.0,32.0,0.0
hydromassageproducts.com,brand/retail,1,0,0.0,32.0,0.0
premierjanitorial.com,brand/retail,1,0,0.0,32.0,0.0
furninfo.com,brand/retail,1,0,0.0,32.0,0.0
fashionfurnitureco.com,brand/retail,1,0,0.0,32.0,0.0
avisbedlinen.us,brand/retail,1,0,0.0,32.0,0.0
aldeahome.com,brand/retail,1,0,0.0,32.0,0.0
closetocustomlinens.com,brand/retail,1,0,0.0,32.0,0.0
terrasi.com,brand/retail,1,0,0.0,32.0,0.0
halfpricefurniturestore.com,brand/retail,1,0,0.0,32.0,0.0
bedroomaffairs.com,brand/retail,1,0,0.0,32.0,0.0
emissarylinens.com,brand/retail,1,0,0.0,33.0,0.0
cnysupply.com,brand/retail,1,0,0.0,33.0,0.0
babyshoppe.us,brand/retail,1,0,0.0,33.0,0.0
linen-sandhutch.shop,brand/retail,1,0,0.0,33.0,0.0
turnersbudgetfurniture.com,brand/retail,1,0,0.0,33.0,0.0
ibspot.com,brand/retail,1,0,0.0,34.0,0.0
gentlehubs.com,brand/retail,1,0,0.0,34.0,0.0
captainedsfurniture.com,brand/retail,1,0,0.0,34.0,0.0
homespice.com,brand/retail,1,0,0.0,34.0,0.0
snugglebugz.ca,brand/retail,1,0,0.0,35.0,0.0
casanbeyond.com,brand/retail,1,0,0.0,35.0,0.0
sweetdreamsfurniture.ca,brand/retail,1,0,0.0,35.0,0.0
shopjg.com,brand/retail,1,0,0.0,35.0,0.0
thebubblemat.com,brand/retail,1,0,0.0,35.0,0.0
dreamcat.us,brand/retail,1,0,0.0,36.0,0.0
padini.com,brand/retail,1,0,0.0,36.0,0.0
dearbornbaby.com,brand/retail,1,0,0.0,36.0,0.0
hoffmanbedding.com,brand/retail,1,0,0.0,36.0,0.0
linenminimal.com,brand/retail,1,0,0.0,36.0,0.0
bobmillsfurniture.com,brand/retail,1,0,0.0,36.0,0.0
evalinens.com,brand/retail,1,0,0.0,37.0,0.0
trendygalaxy.com,brand/retail,1,0,0.0,37.0,0.0
familydiscountfurniture.org,brand/retail,1,0,0.0,37.0,0.0
fxdougherty.com,brand/retail,1,0,0.0,38.0,0.0
rifeshomefurnitureonline.com,brand/retail,1,0,0.0,38.0,0.0
hometextilestoday.com,brand/retail,1,0,0.0,38.0,0.0
furniturecrateland.com,brand/retail,1,0,0.0,38.0,0.0
ychhome.com.my,brand/retail,1,0,0.0,38.0,0.0
mattblatt.com.au,brand/retail,1,0,0.0,38.0,0.0
gainesvillediscountfurniture.com,brand/retail,1,0,0.0,38.0,0.0
ca.style.yahoo.com,brand/retail,1,0,0.0,39.0,0.0
macklems.com,brand/retail,1,0,0.0,39.0,0.0
domisana.com,brand/retail,1,0,0.0,39.0,0.0
oxfordpink.com,brand/retail,1,0,0.0,39.0,0.0
sweetdream.com.my,brand/retail,1,0,0.0,39.0,0.0
eathappyproject.com,brand/retail,1,0,0.0,39.0,0.0
dubairubbermats.com,brand/retail,1,0,0.0,39.0,0.0
mattresstopper.com,brand/retail,1,0,0.0,40.0,0.0
burkebeddingandfurniture.com,brand/retail,1,0,0.0,40.0,0.0
peppyparents.com,brand/retail,1,0,0.0,40.0,0.0
oliverbonas.com,brand/retail,1,0,0.0,40.0,0.0
istylefurniture.com,brand/retail,1,0,0.0,40.0,0.0
hatcreek.us,brand/retail,1,0,0.0,40.0,0.0
mymemphisfurniture.com,brand/retail,1,0,0.0,40.0,0.0
jungleeny.com,brand/retail,1,0,0.0,41.0,0.0
morrisathome.com,brand/retail,1,0,0.0,41.0,0.0
bartletthomefurnishingsmemphis.com,brand/retail,1,0,0.0,41.0,0.0
homisu.store,brand/retail,1,0,0.0,41.0,0.0
homefurnishings.com,brand/retail,1,0,0.0,41.0,0.0
pizunalinens.com,brand/retail,1,0,0.0,41.0,0.0
umarpharmacy.net,brand/retail,1,0,0.0,41.0,0.0
wrinklesshop.com,brand/retail,1,0,0.0,41.0,0.0
crazy-wonderful.com,brand/retail,1,0,0.0,17.0,0.1
fivestarbathsolutions.com,brand/retail,1,0,0.0,18.0,0.1
rafaelinteriors.com,brand/retail,1,0,0.0,19.0,0.1
ushomeplus.com,brand/retail,1,0,0.0,19.0,0.1
europeancoatings.com,brand/retail,1,0,0.0,21.0,0.0
alltimetrading.com,brand/retail,1,0,0.0,23.0,0.0
homefurniture-outlet.com,brand/retail,1,0,0.0,26.0,0.0
uglytub.com,brand/retail,1,0,0.0,27.0,0.0
vmathome.com,brand/retail,1,0,0.0,28.0,0.0
mrgsolutionsincorp.com,brand/retail,1,0,0.0,28.0,0.0
devarshy.com,brand/retail,1,0,0.0,31.0,0.0
europe.shopedition.com,brand/retail,1,0,0.0,32.0,0.0
jennaburger.com,brand/retail,1,0,0.0,32.0,0.0
homefurniturela.godaddysites.com,brand/retail,1,0,0.0,32.0,0.0
paynesgray.com,brand/retail,1,0,0.0,33.0,0.0
hydstm.com,brand/retail,1,0,0.0,39.0,0.0
oakandsand.com,brand/retail,1,0,0.0,40.0,0.0
thriftydecorchick.com,brand/retail,1,0,0.0,40.0,0.0
luxuryhoteltoiletries.com,brand/retail,1,0,0.0,49.0,0.0
trend4us.com,brand/retail,1,0,0.0,49.0,0.0
haotees.com,brand/retail,1,0,0.0,50.0,0.0
yourcitywithin.com,brand/retail,1,0,0.0,50.0,0.0
bellinofinelinens.com,brand/retail,1,0,0.0,55.0,0.0
delightedtobe.com,brand/retail,1,0,0.0,59.0,0.0
touleco.fr,brand/retail,1,0,0.0,62.0,0.0
agirlandagluegun.com,brand/retail,1,0,0.0,63.0,0.0
quadernidaltritempi.eu,brand/retail,1,0,0.0,63.0,0.0
thebetterhome.com,brand/retail,1,0,0.0,64.0,0.0
10best.usatoday.com,brand/retail,1,0,0.0,65.0,0.0
portalcantagalo.com.br,brand/retail,2,0,0.0,82.5,0.0
us.homesense.com,brand/retail,1,0,0.0,65.0,0.0
decoravity.com,brand/retail,1,0,0.0,65.0,0.0
thriftyandchic.com,brand/retail,1,0,0.0,66.0,0.0
ruhrkanal.news,brand/retail,1,0,0.0,67.0,0.0
bagofbrands.com,brand/retail,1,0,0.0,70.0,0.0
decorpickspot.com,brand/retail,1,0,0.0,73.0,0.0
buongiornomiami.com,brand/retail,1,0,0.0,73.0,0.0
dgpliving.com,brand/retail,1,0,0.0,75.0,0.0
umlconnector.com,brand/retail,1,0,0.0,77.0,0.0
magelangnews.com,brand/retail,1,0,0.0,83.0,0.0
finandforage.com,brand/retail,1,0,0.0,86.0,0.0
socialsearch.com,brand/retail,1,0,0.0,96.0,0.0
