page,status_code,redirects_to,backlinks,referring_domains,referring_main_domains,page_rank,spam_score,title,first_seen,last_visited
https://wassersfurniture.com/,200,,73,52,49,36,36,"Wasser's Exclusive Furniture | Italian & Luxury Furniture
 – wassersfurniture",2021-09-21 23:21:35 +00:00,2026-07-17 10:24:12 +00:00
http://www.wassersfurniture.com/,301,https://www.wassersfurniture.com/,44,18,15,69,7,,2021-12-18 02:41:41 +00:00,2026-07-25 15:57:55 +00:00
http://wassersfurniture.com/,301,https://wassersfurniture.com/,48,16,15,62,20,,2019-01-22 19:41:42 +00:00,2026-05-01 08:17:17 +00:00
https://www.wassersfurniture.com/,301,https://wassersfurniture.com/,4,2,2,0,5,,2024-02-09 00:10:27 +00:00,2026-07-02 10:24:29 +00:00
http://www.wassersfurniture.com/shop-by-brand/a-c/american-leather.html,301,https://www.wassersfurniture.com/shop-by-brand/a-c/american-leather.html,3,2,2,0,10,,2019-03-25 08:53:46 +00:00,2026-06-22 17:07:18 +00:00
https://wassersfurniture.com/shop-by-brand/l-p/monte-design.html,404,,2,2,2,0,20,,2021-09-10 15:17:55 +00:00,2026-07-01 08:51:44 +00:00
http://wassersfurniture.com/furniture/livingroom/sectionals.html,301,https://wassersfurniture.com/furniture/livingroom/sectionals.html,2,2,2,0,27,,2019-02-21 12:07:14 +00:00,2026-06-18 01:43:08 +00:00
https://wassersfurniture.com/customer/account/,302,https://wassersfurniture.com/customer/account/login/referer/aHR0cHM6Ly93YXNzZXJzZnVybml0dXJlLmNvbS9jdXN0b21lci9hY2NvdW50L2luZGV4Lw%2C%2C/,2,2,2,0,27,,2019-04-23 08:28:52 +00:00,2026-04-15 01:42:41 +00:00
http://wassersfurniture.com/stone-international-cocktail-table-with-wenge-base-8043-p.html,302,https://wassersfurniture.com/stone-international-cocktail-table-with-wenge-base-8043-p.html,2,2,2,0,0,,2023-07-25 15:44:59 +00:00,2026-04-15 01:40:32 +00:00
http://wassersfurniture.com/idealsedia-transformable-ottoman.html,301,https://wassersfurniture.com/idealsedia-transformable-ottoman.html,4,1,1,0,0,,2023-02-14 04:10:29 +00:00,2026-07-15 05:21:41 +00:00
http://wassersfurniture.com/american-leather-brynlee-comfort-sleeper.html,301,https://wassersfurniture.com/american-leather-brynlee-comfort-sleeper.html,2,1,1,0,10,,2026-07-08 11:11:05 +00:00,2026-07-08 11:11:05 +00:00
http://wassersfurniture.com/american-leather-cole.html,302,https://wassersfurniture.com/american-leather-cole.html,2,1,1,0,0,,2019-06-19 11:05:39 +00:00,2026-03-14 01:58:10 +00:00
http://www.wassersfurniture.com/driving-directions-to-wassers-furniture,301,https://www.wassersfurniture.com/driving-directions-to-wassers-furniture,1,1,1,0,0,,2021-12-24 05:42:09 +00:00,2026-07-25 14:33:19 +00:00
http://www.wassersfurniture.com/contact-us,301,https://www.wassersfurniture.com/contact-us,1,1,1,0,0,,2021-12-24 05:46:50 +00:00,2026-07-25 10:59:07 +00:00
http://wassersfurniture.com/american-leather-grisham.html,301,https://wassersfurniture.com/american-leather-grisham.html,1,1,1,0,0,,2026-07-16 20:41:53 +00:00,2026-07-16 20:41:53 +00:00
http://wassersfurniture.com/american-leather-uno-ottoman.html,301,https://wassersfurniture.com/american-leather-uno-ottoman.html,1,1,1,0,25,,2026-07-08 15:47:42 +00:00,2026-07-08 15:47:42 +00:00
http://wassersfurniture.com/shop-by-brand/a-c/american-leather.html,302,https://wassersfurniture.com/shop-by-brand/a-c/american-leather.html,1,1,1,0,55,,2019-01-22 19:16:10 +00:00,2026-03-13 15:03:11 +00:00
https://wassersfurniture.com/products/brooklyn-accent-chair,200,,0,0,0,0,0,"Brooklyn Accent Chair
 – wassersfurniture",2026-05-30 05:24:47 +00:00,2026-08-01 20:20:03 +00:00
https://wassersfurniture.com/products/miranda-swivel-lounge-chair,200,,0,0,0,0,0,"Miranda Swivel Lounge Chair
 – wassersfurniture",2026-07-03 12:22:11 +00:00,2026-08-01 18:43:50 +00:00
https://wassersfurniture.com/products/daisy-dining-chair,200,,0,0,0,0,0,"Daisy Dining Chair
 – wassersfurniture",2026-05-31 01:19:02 +00:00,2026-08-01 16:54:49 +00:00
https://wassersfurniture.com/products/cos-cantilever-dining-chair,200,,0,0,0,0,0,"Cos Cantilever Dining Chair
 – wassersfurniture",2026-05-30 23:35:44 +00:00,2026-08-01 15:02:49 +00:00
https://wassersfurniture.com/products/cosmos-wall-mirror,200,,0,0,0,0,0,"Cosmos Wall Mirror
 – wassersfurniture",2026-05-30 21:34:51 +00:00,2026-08-01 13:26:52 +00:00
https://wassersfurniture.com/products/link-tv-reversible-adjustable-cabinet,200,,0,0,0,0,0,"Link TV Reversible & Adjustable Cabinet
 – wassersfurniture",2026-05-30 19:57:41 +00:00,2026-08-01 11:54:01 +00:00
https://wassersfurniture.com/products/papel-keramik-dining-table-sag,200,,0,0,0,0,0,"Papel Keramik Dining Table: Sag
 – wassersfurniture",2026-05-30 18:00:52 +00:00,2026-08-01 10:18:17 +00:00
https://wassersfurniture.com/products/magellano-suspension-light,200,,0,0,0,0,0,"Magellano Suspension Light
 – wassersfurniture",2026-05-30 16:01:49 +00:00,2026-08-01 08:45:00 +00:00
https://wassersfurniture.com/products/cocoon-trousse-leather-dressing-desk,200,,0,0,0,0,0,"Cocoon Trousse Leather Dressing Desk
 – wassersfurniture",2026-05-30 05:15:40 +00:00,2026-08-01 07:11:10 +00:00
https://wassersfurniture.com/products/soho-keramik-round-dining-table,200,,0,0,0,0,0,"Soho Keramik Round Dining Table
 – wassersfurniture",2026-05-30 04:59:20 +00:00,2026-08-01 04:53:22 +00:00
https://wassersfurniture.com/products/cub-chair,200,,0,0,0,0,0,"Cub Chair
 – wassersfurniture",2026-08-01 01:41:16 +00:00,2026-08-01 01:41:16 +00:00
https://wassersfurniture.com/products/perry-coffee-table-glass-top,200,,0,0,0,0,0,"Perry Coffee Table: Glass Top
 – wassersfurniture",2026-05-30 04:31:44 +00:00,2026-08-01 01:07:01 +00:00
https://wassersfurniture.com/products/luca-ottoman,200,,0,0,0,0,0,"Luca Ottoman
 – wassersfurniture",2026-08-01 00:22:29 +00:00,2026-08-01 00:22:29 +00:00
https://wassersfurniture.com/products/hawaii-mirror,200,,0,0,0,0,0,"Hawaii Mirror
 – wassersfurniture",2026-05-30 03:55:34 +00:00,2026-07-31 23:34:36 +00:00
https://wassersfurniture.com/products/plai-console-table-marble-top,200,,0,0,0,0,0,"Plai Console Table: Marble Top
 – wassersfurniture",2026-05-30 03:17:07 +00:00,2026-07-31 22:47:26 +00:00
https://wassersfurniture.com/products/corridor-office-credenza,200,,0,0,0,0,0,"Corridor Office Credenza
 – wassersfurniture",2026-05-30 02:41:25 +00:00,2026-07-31 21:58:39 +00:00
https://wassersfurniture.com/products/cilindro-round-dining-table-marble-top,200,,0,0,0,0,0,"Cilindro Dining Table: Marble Top
 – wassersfurniture",2026-05-30 02:09:25 +00:00,2026-07-31 21:02:20 +00:00
https://wassersfurniture.com/products/norma-ml-bar-counter-stool,200,,0,0,0,0,0,"Norma ML Bar + Counter Stool
 – wassersfurniture",2026-05-30 01:37:30 +00:00,2026-07-31 20:09:50 +00:00
https://wassersfurniture.com/products/athlea-sectional-sofa,200,,0,0,0,0,0,"Athlea Sectional Sofa
 – wassersfurniture",2026-05-30 01:03:03 +00:00,2026-07-31 19:10:50 +00:00
https://wassersfurniture.com/products/isidora-swivel-armchair-4-ways-base,200,,0,0,0,0,0,"Isidora Swivel Armchair: 4 Ways Base
 – wassersfurniture",2026-05-30 00:30:48 +00:00,2026-07-31 17:16:55 +00:00
https://wassersfurniture.com/products/cilindro-low-coffee-table-marble-top,200,,0,0,0,0,0,"Cilindro Low Coffee Table: Marble Top
 – wassersfurniture",2026-05-29 23:56:50 +00:00,2026-07-31 14:51:19 +00:00
https://wassersfurniture.com/products/moxy-sofa-sectionals,200,,0,0,0,0,0,"Moxy Sofa / Sectionals
 – wassersfurniture",2026-07-31 14:26:37 +00:00,2026-07-31 14:26:37 +00:00
https://wassersfurniture.com/products/sting-brushed-coffee-table-set,200,,0,0,0,0,0,"Sting Brushed Coffee Table: Set
 – wassersfurniture",2026-06-29 23:25:15 +00:00,2026-07-29 02:48:25 +00:00
https://wassersfurniture.com/products/miranda-bar-counter-stool,200,,0,0,0,0,0,"Miranda Bar + Counter Stool
 – wassersfurniture",2026-05-30 14:21:13 +00:00,2026-07-29 01:28:48 +00:00
https://wassersfurniture.com/products/mumbai-round-rug,200,,0,0,0,0,0,"Mumbai Round Rug
 – wassersfurniture",2026-06-29 21:00:22 +00:00,2026-07-29 00:10:07 +00:00
https://wassersfurniture.com/products/vulcano-swivel-armchair-5-ways-base,200,,0,0,0,0,0,"Vulcano Swivel Armchair: 5 Ways Base
 – wassersfurniture",2026-06-29 19:41:10 +00:00,2026-07-28 22:49:57 +00:00
https://wassersfurniture.com/products/donovan-chaise-lounge,200,,0,0,0,0,0,"Donovan Chaise Lounge
 – wassersfurniture",2026-06-29 18:19:12 +00:00,2026-07-28 21:28:13 +00:00
https://www.wassersfurniture.com/driving-directions-to-wassers-furniture,301,https://wassersfurniture.com/driving-directions-to-wassers-furniture,0,0,0,0,0,,2026-05-15 19:36:56 +00:00,2026-07-28 20:43:47 +00:00
https://wassersfurniture.com/products/rotolo-low-coffee-table-glass-top,200,,0,0,0,0,0,"Rotolo Low Coffee Table: Glass Top
 – wassersfurniture",2026-06-29 15:46:38 +00:00,2026-07-28 20:06:17 +00:00
https://wassersfurniture.com/products/geo-wall-mirror,200,,0,0,0,0,0,"Geo Wall Mirror
 – wassersfurniture",2026-06-29 13:09:58 +00:00,2026-07-28 18:38:53 +00:00
https://www.wassersfurniture.com/contact-us,301,https://wassersfurniture.com/contact-us,0,0,0,0,0,,2026-05-15 14:39:56 +00:00,2026-07-28 18:13:16 +00:00
https://wassersfurniture.com/products/noa-dining-table-glass-top,200,,0,0,0,0,0,"Noa Dining Table: Glass Top
 – wassersfurniture",2026-06-29 12:47:04 +00:00,2026-07-28 17:05:56 +00:00
https://wassersfurniture.com/products/ribot-keramik-round-bistrot-table,200,,0,0,0,0,0,"Ribot Keramik Round Bistrot Table
 – wassersfurniture",2026-06-29 12:21:21 +00:00,2026-07-28 15:32:46 +00:00
https://wassersfurniture.com/products/dorado-dining-table-marble-top,200,,0,0,0,0,0,"Dorado Dining Table: Marble Top
 – wassersfurniture",2026-06-29 11:52:36 +00:00,2026-07-28 13:51:45 +00:00
https://wassersfurniture.com/products/stratos-masterwood-dining-table,200,,0,0,0,0,0,"Stratos Masterwood Dining Table
 – wassersfurniture",2026-05-30 12:45:35 +00:00,2026-07-28 10:35:58 +00:00
https://wassersfurniture.com/products/terminal-keramik-drive-extendable-console-table,200,,0,0,0,0,0,"Terminal Keramik Drive Extendable Console Table
 – wassersfurniture",2026-06-29 10:55:48 +00:00,2026-07-28 10:32:14 +00:00
https://wassersfurniture.com/products/yoda-argile-dining-table-oval,200,,0,0,0,0,0,"Yoda Argile Dining Table: Oval
 – wassersfurniture",2026-06-29 10:20:38 +00:00,2026-07-28 10:28:26 +00:00
https://wassersfurniture.com/products/falco-side-table,200,,0,0,0,0,0,"Falco Side Table
 – wassersfurniture",2026-06-29 09:44:24 +00:00,2026-07-28 10:24:37 +00:00
https://wassersfurniture.com/products/camilla-lounge-chair,200,,0,0,0,0,0,"Camilla Lounge Chair
 – wassersfurniture",2026-06-29 09:05:55 +00:00,2026-07-28 10:20:47 +00:00
https://wassersfurniture.com/products/spencer-lounge-chair,200,,0,0,0,0,0,"Spencer Lounge Chair
 – wassersfurniture",2026-06-29 08:29:05 +00:00,2026-07-28 10:16:04 +00:00
https://wassersfurniture.com/products/zermatt-argile-round-dining-table,200,,0,0,0,0,0,"Zermatt Argile Round Dining Table
 – wassersfurniture",2026-06-29 07:49:04 +00:00,2026-07-28 10:10:14 +00:00
https://wassersfurniture.com/products/run-leather-desk,200,,0,0,0,0,0,"Run Leather Desk
 – wassersfurniture",2026-06-29 06:54:53 +00:00,2026-07-28 10:01:05 +00:00
https://wassersfurniture.com/products/baban-suspension-light,200,,0,0,0,0,0,"Baban Suspension Light
 – wassersfurniture",2026-06-29 05:59:34 +00:00,2026-07-28 09:50:18 +00:00
https://wassersfurniture.com/products/harrison-sofa-collection,200,,0,0,0,0,0,"Harrison Sofa Collection
 – wassersfurniture",2026-06-29 05:04:57 +00:00,2026-07-28 09:39:03 +00:00
https://wassersfurniture.com/products/atrium-keramik-premium-dining-table,200,,0,0,0,0,0,"Atrium Keramik Premium Dining Table
 – wassersfurniture",2026-06-29 01:58:11 +00:00,2026-07-28 09:27:26 +00:00
https://wassersfurniture.com/products/wanda-dining-chair,200,,0,0,0,0,0,"Wanda Dining Chair
 – wassersfurniture",2026-05-30 09:30:39 +00:00,2026-07-28 09:15:45 +00:00
https://wassersfurniture.com/products/danford-sofa,200,,0,0,0,0,0,"Danford Sofa
 – wassersfurniture",2026-06-28 19:18:33 +00:00,2026-07-28 09:05:02 +00:00
https://wassersfurniture.com/products/pigalle-floor-lamp,200,,0,0,0,0,0,"Pigalle Floor Lamp
 – wassersfurniture",2026-06-28 14:42:17 +00:00,2026-07-28 08:54:20 +00:00
https://wassersfurniture.com/products/arcadia-couture-bar-counter-stool,200,,0,0,0,0,0,"Arcadia Couture Bar + Counter Stool
 – wassersfurniture",2026-06-28 10:17:57 +00:00,2026-07-28 08:42:33 +00:00
https://wassersfurniture.com/products/centro-height-adjustable-standing-desk,200,,0,0,0,0,0,"Centro Height Adjustable Standing Desk
 – wassersfurniture",2026-06-28 05:09:34 +00:00,2026-07-28 08:30:07 +00:00
https://wassersfurniture.com/products/baly-dining-table-wooden-top,200,,0,0,0,0,0,"Baly Dining Table: Wooden Top
 – wassersfurniture",2026-05-31 23:31:31 +00:00,2026-07-28 08:14:24 +00:00
https://wassersfurniture.com/products/yoda-keramik-dining-table-oval,200,,0,0,0,0,0,"Yoda Keramik Dining Table: Oval
 – wassersfurniture",2026-05-31 12:51:12 +00:00,2026-07-28 07:50:41 +00:00
https://wassersfurniture.com/products/dodo-bistro-table-glass-top,200,,0,0,0,0,0,"Dodo Bistro Table: Glass Top
 – wassersfurniture",2026-05-31 11:27:58 +00:00,2026-07-28 07:21:21 +00:00
https://wassersfurniture.com/products/paris-pendant,200,,0,0,0,0,0,"Paris Pendant
 – wassersfurniture",2026-05-30 05:31:14 +00:00,2026-07-28 06:48:30 +00:00
https://wassersfurniture.com/pages/terms-conditions,200,,0,0,0,0,0,"Terms & Conditions
 – wassersfurniture",2026-05-24 07:08:59 +00:00,2026-07-28 02:20:30 +00:00
https://wassersfurniture.com/products/steve-sofa-collection,200,,0,0,0,0,0,"Steve Sofa Collection
 – wassersfurniture",2026-06-13 11:41:40 +00:00,2026-07-27 23:23:25 +00:00
https://wassersfurniture.com/products/remi-comfort-relax-recliner-four-star-base,200,,0,0,0,0,0,"Remi Comfort Relax Recliner: Four Star Base
 – wassersfurniture",2026-06-13 12:14:53 +00:00,2026-07-27 21:10:48 +00:00
https://wassersfurniture.com/products/totem-mini-flush-downlight,200,,0,0,0,0,0,"Totem Mini Flush Downlight
 – wassersfurniture",2026-06-14 15:42:28 +00:00,2026-07-27 16:44:13 +00:00
https://wassersfurniture.com/products/tokyo-ottoman,200,,0,0,0,0,0,"Tokyo Ottoman
 – wassersfurniture",2026-07-27 14:22:03 +00:00,2026-07-27 14:22:03 +00:00
https://wassersfurniture.com/products/matera-glider-recliner-swivel-base,200,,0,0,0,0,0,"Matera Glider Recliner: Swivel Base
 – wassersfurniture",2026-07-27 14:04:10 +00:00,2026-07-27 14:04:10 +00:00
https://wassersfurniture.com/products/drums-coffee-table,200,,0,0,0,0,0,"Drums Coffee Table
 – wassersfurniture",2026-07-27 13:46:16 +00:00,2026-07-27 13:46:16 +00:00
https://wassersfurniture.com/products/vera-glider,200,,0,0,0,0,0,"Vera Glider
 – wassersfurniture",2026-07-27 13:28:31 +00:00,2026-07-27 13:28:31 +00:00
https://wassersfurniture.com/products/new-york-mirror,200,,0,0,0,0,0,"New York Mirror
 – wassersfurniture",2026-07-27 13:12:06 +00:00,2026-07-27 13:12:06 +00:00
https://wassersfurniture.com/products/gem-swivel-glider-chair,200,,0,0,0,0,0,"Gem Swivel Glider Chair
 – wassersfurniture",2026-07-27 12:51:55 +00:00,2026-07-27 12:51:55 +00:00
https://wassersfurniture.com/products/bridge-dining-table,200,,0,0,0,0,0,"Bridge Dining Table
 – wassersfurniture",2026-07-27 12:33:47 +00:00,2026-07-27 12:33:47 +00:00
https://wassersfurniture.com/products/cova-daybed,200,,0,0,0,0,0,"Cova Daybed
 – wassersfurniture",2026-07-27 12:17:58 +00:00,2026-07-27 12:17:58 +00:00
https://wassersfurniture.com/products/space-coffee-table,200,,0,0,0,0,0,"Space Coffee Table
 – wassersfurniture",2026-07-27 11:58:54 +00:00,2026-07-27 11:58:54 +00:00
https://wassersfurniture.com/products/roger-coffee-table,200,,0,0,0,0,0,"Roger Coffee Table
 – wassersfurniture",2026-07-27 11:43:03 +00:00,2026-07-27 11:43:03 +00:00
https://wassersfurniture.com/products/dorma-twin-xl-bed-low-headboard,200,,0,0,0,0,0,"Dorma Twin XL Bed: Low Headboard
 – wassersfurniture",2026-07-27 11:26:33 +00:00,2026-07-27 11:26:33 +00:00
https://wassersfurniture.com/products/round-storage-ottoman,200,,0,0,0,0,0,"Round Storage Ottoman
 – wassersfurniture",2026-07-27 11:11:32 +00:00,2026-07-27 11:11:32 +00:00
https://wassersfurniture.com/products/luna-twin-bed-high-headboard,200,,0,0,0,0,0,"Luna Twin Bed: High Headboard
 – wassersfurniture",2026-07-27 10:50:16 +00:00,2026-07-27 10:50:16 +00:00
https://wassersfurniture.com/products/mcqueen-night-bed,200,,0,0,0,0,0,"Mcqueen Night Bed
 – wassersfurniture",2026-07-27 10:29:07 +00:00,2026-07-27 10:29:07 +00:00
https://wassersfurniture.com/products/aston-night-bed,200,,0,0,0,0,0,"Aston Night Bed
 – wassersfurniture",2026-07-27 10:05:17 +00:00,2026-07-27 10:05:17 +00:00
https://wassersfurniture.com/products/cocoon-night-bed,200,,0,0,0,0,0,"Cocoon Night Bed
 – wassersfurniture",2026-07-27 09:43:39 +00:00,2026-07-27 09:43:39 +00:00
https://wassersfurniture.com/products/pillowback-bed,200,,0,0,0,0,0,"Pillowback Bed
 – wassersfurniture",2026-07-27 09:22:45 +00:00,2026-07-27 09:22:45 +00:00
https://wassersfurniture.com/products/sound-night-bed,200,,0,0,0,0,0,"Sound Night Bed
 – wassersfurniture",2026-07-27 09:06:19 +00:00,2026-07-27 09:06:19 +00:00
https://wassersfurniture.com/products/poco-side-table,200,,0,0,0,0,0,"Poco Side Table
 – wassersfurniture",2026-07-27 08:50:33 +00:00,2026-07-27 08:50:33 +00:00
https://wassersfurniture.com/products/moxy-coffee-table,200,,0,0,0,0,0,"Moxy Coffee Table
 – wassersfurniture",2026-07-27 08:27:12 +00:00,2026-07-27 08:27:12 +00:00
https://wassersfurniture.com/products/dorma-twin-xl-bed-high-headboard,200,,0,0,0,0,0,"Dorma Twin XL Bed: High Headboard
 – wassersfurniture",2026-07-27 08:01:36 +00:00,2026-07-27 08:01:36 +00:00
https://wassersfurniture.com/products/keystone-recliner,200,,0,0,0,0,0,"Keystone Recliner
 – wassersfurniture",2026-06-26 00:39:19 +00:00,2026-07-27 07:42:54 +00:00
https://wassersfurniture.com/products/gordon-keramik-round-dining-table,200,,0,0,0,0,0,"Gordon Keramik Round Dining Table
 – wassersfurniture",2026-06-23 15:25:44 +00:00,2026-07-27 06:42:05 +00:00
https://wassersfurniture.com/products/isabel-ml-bar-counter-stool,200,,0,0,0,0,0,"Isabel ML Bar + Counter Stool
 – wassersfurniture",2026-06-23 16:15:19 +00:00,2026-07-27 05:27:47 +00:00
https://wassersfurniture.com/products/gliss-coffee-table,200,,0,0,0,0,0,"Gliss Coffee Table
 – wassersfurniture",2026-06-23 17:10:45 +00:00,2026-07-27 03:57:56 +00:00
https://wassersfurniture.com/products/rotolo-low-coffee-table-marble-top,200,,0,0,0,0,0,"Rotolo Low Coffee Table: Marble Top
 – wassersfurniture",2026-06-23 18:06:41 +00:00,2026-07-27 01:57:27 +00:00
https://wassersfurniture.com/products/athlea-sofa,200,,0,0,0,0,0,"Athlea Sofa
 – wassersfurniture",2026-06-23 18:56:18 +00:00,2026-07-27 00:14:21 +00:00
https://wassersfurniture.com/products/minni-dining-chair-4-metal-legs,200,,0,0,0,0,0,"Minni Dining Chair: 4 Metal Legs
 – wassersfurniture",2026-06-23 19:41:21 +00:00,2026-07-26 22:36:27 +00:00
https://wassersfurniture.com/products/arizona-sideboard,200,,0,0,0,0,0,"Arizona Sideboard
 – wassersfurniture",2026-06-23 20:29:29 +00:00,2026-07-26 21:05:53 +00:00
https://wassersfurniture.com/products/costes-cabinet,200,,0,0,0,0,0,"Costes Cabinet
 – wassersfurniture",2026-06-23 21:13:14 +00:00,2026-07-26 19:26:55 +00:00
https://wassersfurniture.com/products/cocoon-trousse-keramik-dressing-desk,200,,0,0,0,0,0,"Cocoon Trousse Keramik Dressing Desk
 – wassersfurniture",2026-06-23 22:08:27 +00:00,2026-07-26 17:50:23 +00:00
https://wassersfurniture.com/products/napoleon-wood-dining-table-barrel-top,200,,0,0,0,0,0,"Napoleon Wood Dining Table: Barrel Top
 – wassersfurniture",2026-06-23 22:48:01 +00:00,2026-07-26 16:25:15 +00:00
https://wassersfurniture.com/products/heaven-suspension-light,200,,0,0,0,0,0,"Heaven Suspension Light
 – wassersfurniture",2026-06-23 23:46:44 +00:00,2026-07-26 14:57:49 +00:00
https://wassersfurniture.com/products/lisa-swivel-chair-4-ways-base,200,,0,0,0,0,0,"Lisa Swivel Chair: 4 Ways Base
 – wassersfurniture",2026-06-24 06:32:47 +00:00,2026-07-26 09:21:54 +00:00
https://wassersfurniture.com/products/norma-ml-couture-bar-counter-stool,200,,0,0,0,0,0,"Norma ML Couture Bar + Counter Stool
 – wassersfurniture",2026-06-24 08:03:03 +00:00,2026-07-26 02:26:01 +00:00
https://wassersfurniture.com/products/ecape-sofa,200,,0,0,0,0,0,"Escape Sofa
 – wassersfurniture",2026-06-24 09:35:38 +00:00,2026-07-26 02:07:01 +00:00
https://wassersfurniture.com/products/gordon-deep-wood-dining-table,200,,0,0,0,0,0,"Gordon Deep Wood Dining Table
 – wassersfurniture",2026-07-26 01:49:46 +00:00,2026-07-26 01:49:46 +00:00
https://wassersfurniture.com/products/diapason-rectangular-dining-table,200,,0,0,0,0,0,"Diapason Rectangular Dining Table
 – wassersfurniture",2026-06-24 12:55:04 +00:00,2026-07-26 01:27:30 +00:00
https://wassersfurniture.com/products/isidora-dining-armchair,200,,0,0,0,0,0,"Isidora Dining Armchair
 – wassersfurniture",2026-06-24 14:24:23 +00:00,2026-07-26 00:59:33 +00:00
https://wassersfurniture.com/products/rhonda-ml-lounge-armchair,200,,0,0,0,0,0,"Rhonda ML Lounge Armchair
 – wassersfurniture",2026-06-24 17:15:37 +00:00,2026-07-25 23:56:57 +00:00
https://wassersfurniture.com/products/linq-executive-office-desk,200,,0,0,0,0,0,"Linq Executive Office Desk
 – wassersfurniture",2026-06-24 18:45:52 +00:00,2026-07-25 23:18:42 +00:00
https://wassersfurniture.com/products/alessandro-sectional-sofa,200,,0,0,0,0,0,"Alessandro Sectional Sofa
 – wassersfurniture",2026-06-24 21:43:10 +00:00,2026-07-25 21:59:19 +00:00
https://wassersfurniture.com/products/max-lounge-armchair-wooden-base,200,,0,0,0,0,0,"Max Lounge Armchair: Wooden Base
 – wassersfurniture",2026-06-24 23:15:50 +00:00,2026-07-25 21:20:31 +00:00
https://wassersfurniture.com/products/flamingo-bench,200,,0,0,0,0,0,"Flamingo Bench
 – wassersfurniture",2026-07-25 19:57:58 +00:00,2026-07-25 19:57:58 +00:00
https://wassersfurniture.com/products/polifemo-console-table-glass-top,200,,0,0,0,0,0,"Polifemo Console Table: Glass Top
 – wassersfurniture",2026-05-24 08:57:11 +00:00,2026-07-25 19:17:49 +00:00
https://wassersfurniture.com/products/skorpio-dining-table-rectangle,200,,0,0,0,0,0,"Skorpio Dining Table: Rectangle
 – wassersfurniture",2026-05-24 10:53:48 +00:00,2026-07-25 18:20:51 +00:00
https://wassersfurniture.com/products/skyline-keramik-dining-table-sag,200,,0,0,0,0,0,"Skyline Keramik Dining Table: Sag
 – wassersfurniture",2026-06-23 00:17:18 +00:00,2026-07-25 17:01:12 +00:00
https://wassersfurniture.com/products/plai-dining-table-marble-top,200,,0,0,0,0,0,"Plai Dining Table: Marble Top
 – wassersfurniture",2026-06-22 23:28:02 +00:00,2026-07-25 15:57:29 +00:00
https://wassersfurniture.com/products/matisse-wall-mirror,200,,0,0,0,0,0,"Matisse Wall Mirror
 – wassersfurniture",2026-06-22 22:27:41 +00:00,2026-07-25 14:49:39 +00:00
https://wassersfurniture.com/products/lady-dining-chair-4-wooden-legs,200,,0,0,0,0,0,"Lady Dining Chair: 4 Wooden Legs
 – wassersfurniture",2026-06-22 20:44:12 +00:00,2026-07-25 12:21:33 +00:00
https://wassersfurniture.com/products/times-mirror,200,,0,0,0,0,0,"Times Mirror
 – wassersfurniture",2026-06-22 19:55:21 +00:00,2026-07-25 11:16:09 +00:00
https://wassersfurniture.com/products/victor-height-adjustable-bar-stool,200,,0,0,0,0,0,"Victor Height Adjustable Bar Stool
 – wassersfurniture",2026-06-22 19:04:11 +00:00,2026-07-25 10:06:56 +00:00
https://wassersfurniture.com/products/dorado-low-coffee-table-wood-top,200,,0,0,0,0,0,"Dorado Low Coffee Table: Wood Top
 – wassersfurniture",2026-06-22 18:13:21 +00:00,2026-07-25 08:51:38 +00:00
https://wassersfurniture.com/products/danford-ottoman,200,,0,0,0,0,0,"Danford Ottoman
 – wassersfurniture",2026-06-22 17:27:05 +00:00,2026-07-25 07:26:22 +00:00
https://wassersfurniture.com/products/planer-keramik-premium-dining-table,200,,0,0,0,0,0,"Planer Keramik Premium Dining Table
 – wassersfurniture",2026-06-22 16:34:42 +00:00,2026-07-25 06:04:56 +00:00
https://wassersfurniture.com/products/ted-bistro-table-marble-top,200,,0,0,0,0,0,"Ted Bistro Table: Marble Top
 – wassersfurniture",2026-06-22 15:37:47 +00:00,2026-07-25 04:54:08 +00:00
https://wassersfurniture.com/products/elvis-wood-dining-table,200,,0,0,0,0,0,"Elvis Wood Dining Table
 – wassersfurniture",2026-06-22 14:44:08 +00:00,2026-07-25 03:44:21 +00:00
https://wassersfurniture.com/products/biagio-nightstand,200,,0,0,0,0,0,"Biagio Nightstand
 – wassersfurniture",2026-06-22 13:50:51 +00:00,2026-07-25 02:29:42 +00:00
https://wassersfurniture.com/products/planer-keramik-dining-table-square,200,,0,0,0,0,0,"Planer Keramik Dining Table: Square
 – wassersfurniture",2026-06-22 13:00:17 +00:00,2026-07-25 01:10:01 +00:00
https://wassersfurniture.com/products/asia-soft-dining-chair,200,,0,0,0,0,0,"Asia Soft Dining Chair
 – wassersfurniture",2026-06-22 12:10:56 +00:00,2026-07-24 23:49:54 +00:00
https://wassersfurniture.com/products/planer-keramik-premium-round-dining-table,200,,0,0,0,0,0,"Planer Keramik Premium Round Dining Table
 – wassersfurniture",2026-06-22 11:20:38 +00:00,2026-07-24 22:31:15 +00:00
https://wassersfurniture.com/products/sequel-20-compact-desk,200,,0,0,0,0,0,"Sequel 20 Compact Desk
 – wassersfurniture",2026-06-22 10:23:11 +00:00,2026-07-24 21:05:11 +00:00
https://wassersfurniture.com/products/corridor-l-shaped-desk,200,,0,0,0,0,0,"Corridor L - Shaped Desk
 – wassersfurniture",2026-06-22 09:25:24 +00:00,2026-07-24 19:50:36 +00:00
https://wassersfurniture.com/products/noa-dining-table-marble-top,200,,0,0,0,0,0,"Noa Dining Table: Marble Top
 – wassersfurniture",2026-06-22 08:29:35 +00:00,2026-07-24 18:27:25 +00:00
https://wassersfurniture.com/products/dodo-coffee-table,200,,0,0,0,0,0,"Dodo Coffee Table
 – wassersfurniture",2026-06-22 07:32:19 +00:00,2026-07-24 17:13:37 +00:00
https://wassersfurniture.com/products/day-wall-mirror,200,,0,0,0,0,0,"Day Wall Mirror
 – wassersfurniture",2026-06-22 06:39:04 +00:00,2026-07-24 15:56:29 +00:00
https://wassersfurniture.com/products/sofia-bar-counter-stool,200,,0,0,0,0,0,"Sofia Bar + Counter Stool
 – wassersfurniture",2026-06-22 05:45:31 +00:00,2026-07-24 14:38:51 +00:00
https://wassersfurniture.com/products/wish-magnum-wall-mirror,200,,0,0,0,0,0,"Wish Magnum Wall Mirror
 – wassersfurniture",2026-06-22 04:52:36 +00:00,2026-07-24 13:09:46 +00:00
https://wassersfurniture.com/products/arcadia-dining-chair,200,,0,0,0,0,0,"Arcadia Dining Chair
 – wassersfurniture",2026-06-22 03:54:58 +00:00,2026-07-24 11:44:17 +00:00
https://wassersfurniture.com/products/kaden-motion-recliner,200,,0,0,0,0,0,"Kaden Motion Recliner
 – wassersfurniture",2026-06-22 02:58:32 +00:00,2026-07-24 10:25:00 +00:00
https://wassersfurniture.com/products/linq-bed,200,,0,0,0,0,0,"Linq Bed
 – wassersfurniture",2026-06-22 02:04:10 +00:00,2026-07-24 09:00:55 +00:00
https://wassersfurniture.com/products/passepartout-bench,200,,0,0,0,0,0,"Passepartout Bench
 – wassersfurniture",2026-07-24 07:38:32 +00:00,2026-07-24 07:38:32 +00:00
https://wassersfurniture.com/products/cilindro-round-dining-table-ceramic-top,200,,0,0,0,0,0,"Cilindro Round Dining Table: Ceramic Top
 – wassersfurniture",2026-06-22 01:07:37 +00:00,2026-07-24 06:18:58 +00:00
https://wassersfurniture.com/products/kira-dining-armchair,200,,0,0,0,0,0,"Kira Dining Armchair
 – wassersfurniture",2026-06-22 00:12:18 +00:00,2026-07-24 04:57:37 +00:00
https://wassersfurniture.com/products/planer-dining-table-sag,200,,0,0,0,0,0,"Planer Dining Table: Sag
 – wassersfurniture",2026-06-21 23:15:06 +00:00,2026-07-24 03:33:40 +00:00
https://wassersfurniture.com/products/margot-dining-chair,200,,0,0,0,0,0,"Margot Dining Chair
 – wassersfurniture",2026-06-21 21:47:35 +00:00,2026-07-24 01:39:02 +00:00
https://wassersfurniture.com/products/mesa-credenza,200,,0,0,0,0,0,"Mesa Credenza
 – wassersfurniture",2026-06-21 20:36:07 +00:00,2026-07-24 00:00:50 +00:00
https://wassersfurniture.com/products/westin-console-table-wooden-top,200,,0,0,0,0,0,"Westin Console Table: Wooden Top
 – wassersfurniture",2026-06-21 19:39:29 +00:00,2026-07-23 22:24:46 +00:00
https://wassersfurniture.com/products/cilindro-round-dining-table-glass-top,200,,0,0,0,0,0,"Cilindro Round Dining Table: Glass Top
 – wassersfurniture",2026-06-21 18:31:01 +00:00,2026-07-23 20:46:13 +00:00
https://wassersfurniture.com/products/vulcano-dining-armchair-4-wooden-legs,200,,0,0,0,0,0,"Vulcano Dining Armchair: 4 Wooden Legs
 – wassersfurniture",2026-06-21 17:33:06 +00:00,2026-07-23 19:17:54 +00:00
https://wassersfurniture.com/products/spyder-wood-dining-table,200,,0,0,0,0,0,"Spyder Wood Dining Table
 – wassersfurniture",2026-06-21 16:29:53 +00:00,2026-07-23 17:45:04 +00:00
https://wassersfurniture.com/products/dorian-dining-table-wood-top,200,,0,0,0,0,0,"Dorian Dining Table: Wood Top
 – wassersfurniture",2026-06-21 15:32:08 +00:00,2026-07-23 16:19:28 +00:00
https://wassersfurniture.com/products/hawaii-magnum-wall-mirror,200,,0,0,0,0,0,"Hawaii Magnum Wall Mirror
 – wassersfurniture",2026-06-21 14:33:24 +00:00,2026-07-23 14:42:42 +00:00
https://wassersfurniture.com/products/harlowe-comfort-relax-recliner-disc-base,200,,0,0,0,0,0,"Harlowe Comfort Relax Recliner: Disc Base
 – wassersfurniture",2026-06-21 13:36:41 +00:00,2026-07-23 12:21:31 +00:00
https://wassersfurniture.com/products/pedro-drive-extendable-dining-table,200,,0,0,0,0,0,"Pedro Drive Extendable Dining Table
 – wassersfurniture",2026-06-21 12:40:56 +00:00,2026-07-23 10:28:49 +00:00
https://wassersfurniture.com/products/planer-masterwood-dining-table,200,,0,0,0,0,0,"Planer Masterwood Dining Table
 – wassersfurniture",2026-06-21 11:44:52 +00:00,2026-07-23 09:00:11 +00:00
https://wassersfurniture.com/products/papelito-keramik-dining-table-oval,200,,0,0,0,0,0,"Papelito Keramik Dining Table: Oval
 – wassersfurniture",2026-06-21 10:46:40 +00:00,2026-07-23 07:32:37 +00:00
https://wassersfurniture.com/products/ely-diamond-swivel-dining-armchair,200,,0,0,0,0,0,"Ely Diamond Swivel Dining Armchair
 – wassersfurniture",2026-06-21 09:48:49 +00:00,2026-07-23 06:08:09 +00:00
https://wassersfurniture.com/products/max-diamond-dining-armchair-metal-base,200,,0,0,0,0,0,"Max Diamond Dining Armchair: Metal Base
 – wassersfurniture",2026-06-21 08:51:19 +00:00,2026-07-23 04:41:34 +00:00
https://wassersfurniture.com/products/rhonda-cantilever-dining-chair,200,,0,0,0,0,0,"Rhonda Cantilever Dining Chair
 – wassersfurniture",2026-06-21 07:52:04 +00:00,2026-07-23 03:20:02 +00:00
https://wassersfurniture.com/products/voca-office-chair,200,,0,0,0,0,0,"Voca Office Chair
 – wassersfurniture",2026-06-21 06:49:28 +00:00,2026-07-23 01:29:37 +00:00
https://wassersfurniture.com/products/teo-dining-table-marble-top,200,,0,0,0,0,0,"Teo Dining Table: Marble Top
 – wassersfurniture",2026-06-21 05:49:07 +00:00,2026-07-22 23:48:08 +00:00
https://wassersfurniture.com/products/aladdin-supension-light,200,,0,0,0,0,0,"Aladdin Suspension Light
 – wassersfurniture",2026-06-21 04:48:06 +00:00,2026-07-22 22:15:03 +00:00
https://wassersfurniture.com/products/stratos-crystalart-dining-table-rectangle,200,,0,0,0,0,0,"Stratos Crystalart Dining Table: Rectangle
 – wassersfurniture",2026-06-21 03:44:35 +00:00,2026-07-22 20:47:41 +00:00
https://wassersfurniture.com/products/asia-flex-dining-chair,200,,0,0,0,0,0,"Asia Flex Dining Chair
 – wassersfurniture",2026-06-21 02:41:01 +00:00,2026-07-22 19:10:36 +00:00
https://wassersfurniture.com/products/dean-recliner,200,,0,0,0,0,0,"Dean Recliner
 – wassersfurniture",2026-06-21 01:37:35 +00:00,2026-07-22 17:38:36 +00:00
https://wassersfurniture.com/products/jane-lounge-swivel-armchair,200,,0,0,0,0,0,"Jane Lounge Swivel Armchair
 – wassersfurniture",2026-06-20 23:19:45 +00:00,2026-07-22 14:35:37 +00:00
https://wassersfurniture.com/products/penguin-side-table,200,,0,0,0,0,0,"Penguin Side Table
 – wassersfurniture",2026-06-20 22:11:31 +00:00,2026-07-22 12:17:38 +00:00
https://wassersfurniture.com/products/lisa-wood-trestle-dining-chair,200,,0,0,0,0,0,"Lisa Wood Trestle Dining Chair
 – wassersfurniture",2026-06-20 20:23:50 +00:00,2026-07-22 10:08:56 +00:00
https://wassersfurniture.com/products/vega-office-desk,200,,0,0,0,0,0,"Vega Office Desk
 – wassersfurniture",2026-06-20 19:17:17 +00:00,2026-07-22 08:15:00 +00:00
https://wassersfurniture.com/products/alisei-dining-table-glass-top,200,,0,0,0,0,0,"Alisei Dining Table: Glass Top
 – wassersfurniture",2026-06-20 18:00:39 +00:00,2026-07-22 06:38:03 +00:00
https://wassersfurniture.com/products/sunset-table-lamp,200,,0,0,0,0,0,"Sunset Table Lamp
 – wassersfurniture",2026-06-20 16:52:56 +00:00,2026-07-22 04:56:56 +00:00
https://wassersfurniture.com/products/stratos-keramik-dining-table-polygon,200,,0,0,0,0,0,"Stratos Keramik Dining Table: Polygon
 – wassersfurniture",2026-06-20 15:45:19 +00:00,2026-07-22 02:58:47 +00:00
https://wassersfurniture.com/products/corridor-office-desk,200,,0,0,0,0,0,"Corridor Office Desk
 – wassersfurniture",2026-06-20 14:33:40 +00:00,2026-07-22 00:14:19 +00:00
https://wassersfurniture.com/products/narciso-dining-table-marble-top,200,,0,0,0,0,0,"Narciso Dining Table: Marble Top
 – wassersfurniture",2026-06-20 13:25:51 +00:00,2026-07-21 21:35:52 +00:00
https://wassersfurniture.com/products/luma-desk,200,,0,0,0,0,0,"Luma Desk
 – wassersfurniture",2026-06-20 12:15:50 +00:00,2026-07-21 19:32:27 +00:00
https://wassersfurniture.com/products/papelito-wood-dining-table-rounded-edge,200,,0,0,0,0,0,"Papelito Wood Dining Table: Rounded Edge
 – wassersfurniture",2026-06-20 11:06:56 +00:00,2026-07-21 17:07:34 +00:00
https://wassersfurniture.com/products/dynasty-sideboard,200,,0,0,0,0,0,"Dynasty Sideboard
 – wassersfurniture",2026-06-20 09:54:32 +00:00,2026-07-21 15:06:09 +00:00
https://wassersfurniture.com/products/cloudine-chandelier,200,,0,0,0,0,0,"Cloudine Chandelier
 – wassersfurniture",2026-06-20 08:44:38 +00:00,2026-07-21 13:18:48 +00:00
https://wassersfurniture.com/products/sarasota-recliner,200,,0,0,0,0,0,"Sarasota Recliner
 – wassersfurniture",2026-06-20 06:23:32 +00:00,2026-07-21 08:33:18 +00:00
https://wassersfurniture.com/products/sequel-20-office-desk,200,,0,0,0,0,0,"Sequel 20 Office Desk
 – wassersfurniture",2026-05-14 03:27:47 +00:00,2026-07-20 20:37:59 +00:00
https://wassersfurniture.com/products/parker-sectional-sofa,200,,0,0,0,0,0,"Parker Sectional Sofa
 – wassersfurniture",2026-06-17 19:34:23 +00:00,2026-07-20 19:48:57 +00:00
https://wassersfurniture.com/products/sequel-20-return-desk,200,,0,0,0,0,0,"Sequel 20 Return Desk
 – wassersfurniture",2026-05-14 02:55:48 +00:00,2026-07-20 18:55:20 +00:00
https://wassersfurniture.com/products/narciso-dining-table-wood-top,200,,0,0,0,0,0,"Narciso Dining Table: Wood Top
 – wassersfurniture",2026-05-14 02:13:13 +00:00,2026-07-20 17:58:49 +00:00
https://wassersfurniture.com/products/seneca-tv-cabinet,200,,0,0,0,0,0,"Seneca TV Cabinet
 – wassersfurniture",2026-05-14 01:21:58 +00:00,2026-07-20 17:00:48 +00:00
https://wassersfurniture.com/products/thea-dining-chair,200,,0,0,0,0,0,"Thea Dining Chair
 – wassersfurniture",2026-05-14 00:24:14 +00:00,2026-07-20 16:01:27 +00:00
https://wassersfurniture.com/products/elvis-dining-table-square,200,,0,0,0,0,0,"Elvis Dining Table: Square
 – wassersfurniture",2026-05-13 23:26:26 +00:00,2026-07-20 15:00:56 +00:00
https://wassersfurniture.com/products/onda-dining-table-ceramic-king-top,200,,0,0,0,0,0,"Onda Dining Table: Ceramic King Top
 – wassersfurniture",2026-05-13 22:30:02 +00:00,2026-07-20 14:04:52 +00:00
https://wassersfurniture.com/products/rachel-turn-swivel-dining-chair,200,,0,0,0,0,0,"Rachel Turn Swivel Dining Chair
 – wassersfurniture",2026-05-13 21:35:39 +00:00,2026-07-20 13:01:53 +00:00
https://wassersfurniture.com/products/spillo-side-table-set-of-3,200,,0,0,0,0,0,"Spillo Side Table: Set of 3
 – wassersfurniture",2026-05-13 20:32:46 +00:00,2026-07-20 12:06:39 +00:00
https://wassersfurniture.com/products/plai-console-table-glass-top,200,,0,0,0,0,0,"Plai Console Table: Glass Top
 – wassersfurniture",2026-05-13 19:37:50 +00:00,2026-07-20 10:54:27 +00:00
https://wassersfurniture.com/products/papel-masterwood-dining-table,200,,0,0,0,0,0,"Papel Masterwood Dining Table
 – wassersfurniture",2026-05-13 18:35:52 +00:00,2026-07-20 08:36:09 +00:00
https://wassersfurniture.com/products/jack-sofa-sectionals,200,,0,0,0,0,0,"Jack Sofa / Sectionals
 – wassersfurniture",2026-07-19 10:47:23 +00:00,2026-07-19 10:47:23 +00:00
https://wassersfurniture.com/products/mcqueen-sofa-sectionals,200,,0,0,0,0,0,"Mcqueen Sofa / Sectionals
 – wassersfurniture",2026-07-19 09:26:13 +00:00,2026-07-19 09:26:13 +00:00
https://wassersfurniture.com/products/telluride-recliner,200,,0,0,0,0,0,"Telluride Recliner
 – wassersfurniture",2026-06-13 10:37:20 +00:00,2026-07-19 07:19:35 +00:00
https://wassersfurniture.com/products/nash-ottoman,200,,0,0,0,0,0,"Nash Ottoman
 – wassersfurniture",2026-06-13 09:23:44 +00:00,2026-07-19 04:17:17 +00:00
https://wassersfurniture.com/products/edwin-sofa-sectionals,200,,0,0,0,0,0,"Edwin Sofa / Scetionals
 – wassersfurniture",2026-07-19 01:27:00 +00:00,2026-07-19 01:27:00 +00:00
https://wassersfurniture.com/products/saks-sofa-sectionals,200,,0,0,0,0,0,"Saks Sofa / Sectionals
 – wassersfurniture",2026-07-18 23:56:45 +00:00,2026-07-18 23:56:45 +00:00
https://wassersfurniture.com/products/uma-lantern,200,,0,0,0,0,0,"Uma Lantern
 – wassersfurniture",2026-06-13 08:26:40 +00:00,2026-07-18 22:31:09 +00:00
https://wassersfurniture.com/products/bellevue-sofa-sectionals,200,,0,0,0,0,0,"Bellevue Sofa / Sectionals
 – wassersfurniture",2026-07-18 21:00:34 +00:00,2026-07-18 21:00:34 +00:00
https://wassersfurniture.com/products/uno-ottoman,200,,0,0,0,0,0,"Uno Ottoman
 – wassersfurniture",2026-06-13 07:50:17 +00:00,2026-07-18 19:33:44 +00:00
https://wassersfurniture.com/products/hollywood-sofa-sectionals,200,,0,0,0,0,0,"Hollywood Sofa / Sectionals
 – wassersfurniture",2026-07-18 18:04:48 +00:00,2026-07-18 18:04:48 +00:00
https://wassersfurniture.com/products/totem-table-lamp,200,,0,0,0,0,0,"Totem Table Lamp
 – wassersfurniture",2026-06-13 07:12:12 +00:00,2026-07-18 16:38:58 +00:00
https://wassersfurniture.com/products/smart-sofa-sectionals,200,,0,0,0,0,0,"Smart Sofa / Sectionals
 – wassersfurniture",2026-07-18 15:11:47 +00:00,2026-07-18 15:11:47 +00:00
https://wassersfurniture.com/products/totem-flush-downlight-b,200,,0,0,0,0,0,"Totem Flush Downlight: B
 – wassersfurniture",2026-06-13 05:55:42 +00:00,2026-07-18 12:13:10 +00:00
https://wassersfurniture.com/pages/wishlist,200,,0,0,0,0,0,"Wishlist
 – wassersfurniture",2026-07-18 10:40:14 +00:00,2026-07-18 10:40:14 +00:00
https://wassersfurniture.com/products/taos-recliner,200,,0,0,0,0,0,"Taos Recliner
 – wassersfurniture",2026-06-13 05:14:38 +00:00,2026-07-18 09:09:42 +00:00
https://wassersfurniture.com/products/philly-sofa-sectionals,200,,0,0,0,0,0,"Philly Sofa / Sectionals
 – wassersfurniture",2026-07-18 06:35:20 +00:00,2026-07-18 06:35:20 +00:00
https://wassersfurniture.com/products/swell-flush,200,,0,0,0,0,0,"Swell Flush
 – wassersfurniture",2026-06-13 04:33:33 +00:00,2026-07-18 04:52:09 +00:00
https://wassersfurniture.com/products/new-york-sofa-sectionals,200,,0,0,0,0,0,"New York Sofa / Sectionals
 – wassersfurniture",2026-07-18 03:20:38 +00:00,2026-07-18 03:20:38 +00:00
https://wassersfurniture.com/products/marlon-sofa-sectionals,200,,0,0,0,0,0,"Marlon Sofa / Sectionals
 – wassersfurniture",2026-07-18 01:48:42 +00:00,2026-07-18 01:48:42 +00:00
https://wassersfurniture.com/products/pearson-comfort-sleeper-sectional-sofa,200,,0,0,0,0,0,"Pearson Comfort Sleeper Sectional Sofa
 – wassersfurniture",2026-06-13 03:49:48 +00:00,2026-07-18 00:12:53 +00:00
https://wassersfurniture.com/products/sulley-comfort-sleeper-sofa-collection,200,,0,0,0,0,0,"Sulley Comfort Sleeper Sofa Collection
 – wassersfurniture",2026-06-13 03:03:01 +00:00,2026-07-17 22:24:14 +00:00
https://wassersfurniture.com/products/lennox-comfort-relax-ottoman,200,,0,0,0,0,0,"Lennox Comfort Relax Ottoman
 – wassersfurniture",2026-06-13 02:16:10 +00:00,2026-07-17 20:43:13 +00:00
https://wassersfurniture.com/products/vida-recliner,200,,0,0,0,0,0,"Vida Recliner
 – wassersfurniture",2026-06-13 00:26:56 +00:00,2026-07-17 19:03:09 +00:00
https://wassersfurniture.com/products/belmont-pendant,200,,0,0,0,0,0,"Belmont Pendant
 – wassersfurniture",2026-06-07 23:48:35 +00:00,2026-07-17 17:21:54 +00:00
https://wassersfurniture.com/products/solis-pendant,200,,0,0,0,0,0,"Solis Pendant
 – wassersfurniture",2026-06-06 18:28:13 +00:00,2026-07-17 15:42:24 +00:00
https://wassersfurniture.com/products/bel-occhio-pendant,200,,0,0,0,0,0,"Bel Occhio Pendant
 – wassersfurniture",2026-06-06 18:10:32 +00:00,2026-07-17 14:02:15 +00:00
https://wassersfurniture.com/products/lumen-chair,200,,0,0,0,0,0,"Lumen Chair
 – wassersfurniture",2026-06-06 16:12:20 +00:00,2026-07-17 12:13:21 +00:00
https://wassersfurniture.com/products/melody-chandelier,200,,0,0,0,0,0,"Melody Chandelier
 – wassersfurniture",2026-05-31 22:06:14 +00:00,2026-07-16 20:03:20 +00:00
https://wassersfurniture.com/products/danford-chair,200,,0,0,0,0,0,"Danford Accent Chair
 – wassersfurniture",2026-05-31 20:43:53 +00:00,2026-07-16 19:27:04 +00:00
https://wassersfurniture.com/products/polifemo-dining-table-wood-top,200,,0,0,0,0,0,"Polifemo Dining Table: Wood Top
 – wassersfurniture",2026-05-31 19:04:24 +00:00,2026-07-16 18:50:20 +00:00
https://wassersfurniture.com/products/doria-carpet,200,,0,0,0,0,0,"Doria Carpet
 – wassersfurniture",2026-05-31 17:19:32 +00:00,2026-07-16 18:12:36 +00:00
https://wassersfurniture.com/products/piuma-edition-dining-chair,200,,0,0,0,0,0,"Piuma Edition Dining Chair
 – wassersfurniture",2026-05-31 14:16:14 +00:00,2026-07-16 17:34:37 +00:00
https://wassersfurniture.com/products/emery-sofa,200,,0,0,0,0,0,"Emery Sofa
 – wassersfurniture",2026-05-29 20:55:28 +00:00,2026-07-16 16:56:08 +00:00
https://wassersfurniture.com/products/asia-flex-edge-dining-chair,200,,0,0,0,0,0,"Asia Flex Edge Dining Chair
 – wassersfurniture",2026-05-29 19:55:39 +00:00,2026-07-16 16:17:56 +00:00
https://wassersfurniture.com/products/air-ceiling-coat-hanger,200,,0,0,0,0,0,"Air Ceiling Coat Hanger
 – wassersfurniture",2026-05-29 18:22:14 +00:00,2026-07-16 15:38:06 +00:00
https://wassersfurniture.com/products/vulcano-dining-armchair-4-metal-legs,200,,0,0,0,0,0,"Vulcano Dining Armchair: 4 Metal Legs
 – wassersfurniture",2026-05-29 16:06:32 +00:00,2026-07-16 14:57:33 +00:00
https://wassersfurniture.com/products/rihanna-x-height-adjustable-bar-stool,200,,0,0,0,0,0,"Rihanna X Height Adjustable Bar Stool
 – wassersfurniture",2026-05-29 15:35:19 +00:00,2026-07-16 14:18:41 +00:00
https://wassersfurniture.com/products/tina-dining-chair,200,,0,0,0,0,0,"Tina Dining Chair
 – wassersfurniture",2026-05-26 09:31:59 +00:00,2026-07-16 13:39:46 +00:00
https://wassersfurniture.com/products/africa-wall-mirror,200,,0,0,0,0,0,"Africa Wall Mirror
 – wassersfurniture",2026-05-26 07:49:12 +00:00,2026-07-16 13:02:35 +00:00
https://wassersfurniture.com/products/sequel-20-multifunction-cabinet,200,,0,0,0,0,0,"Sequel 20 Multifunction Cabinet
 – wassersfurniture",2026-05-26 06:45:59 +00:00,2026-07-16 12:23:51 +00:00
https://wassersfurniture.com/products/rihanna-ml-dining-chair,200,,0,0,0,0,0,"Rihanna ML Dining Chair
 – wassersfurniture",2026-05-26 05:36:59 +00:00,2026-07-16 11:46:22 +00:00
https://wassersfurniture.com/products/papel-glass-dining-table-rectangle,200,,0,0,0,0,0,"Papel Glass Dining Table: Rectangle
 – wassersfurniture",2026-05-26 04:52:31 +00:00,2026-07-16 11:00:53 +00:00
https://wassersfurniture.com/products/polifemo-low-coffee-table-glass-top,200,,0,0,0,0,0,"Polifemo Low Coffee Table: Glass Top
 – wassersfurniture",2026-05-26 04:08:03 +00:00,2026-07-16 10:21:42 +00:00
https://wassersfurniture.com/products/stratos-keramik-dining-table-biscuit,200,,0,0,0,0,0,"Stratos Keramik Dining Table: Biscuit
 – wassersfurniture",2026-05-26 03:25:07 +00:00,2026-07-16 09:44:23 +00:00
https://wassersfurniture.com/products/run-keramik-desk,200,,0,0,0,0,0,"Run Keramik Desk
 – wassersfurniture",2026-05-26 02:42:08 +00:00,2026-07-16 09:02:18 +00:00
https://wassersfurniture.com/products/asia-diamond-dining-chair-4-metal-legs,200,,0,0,0,0,0,"Asia Diamond Dining Chair: 4 Metal Legs
 – wassersfurniture",2026-05-26 02:00:29 +00:00,2026-07-16 08:25:01 +00:00
https://wassersfurniture.com/products/apollo-chandelier,200,,0,0,0,0,0,"Apollo Chandelier
 – wassersfurniture",2026-05-26 01:16:11 +00:00,2026-07-16 07:48:02 +00:00
https://wassersfurniture.com/products/musa-dining-chair,200,,0,0,0,0,0,"Musa Dining Chair
 – wassersfurniture",2026-05-26 00:31:11 +00:00,2026-07-16 07:10:14 +00:00
https://wassersfurniture.com/products/planeta-wall-sconce,200,,0,0,0,0,0,"Planeta Wall Sconce
 – wassersfurniture",2026-05-25 23:44:41 +00:00,2026-07-16 06:33:20 +00:00
https://wassersfurniture.com/products/regata-suspension-light,200,,0,0,0,0,0,"Regata Suspension Light
 – wassersfurniture",2026-05-25 23:02:44 +00:00,2026-07-16 05:53:33 +00:00
https://wassersfurniture.com/products/sting-xl-wood-coffee-table-set-of-3,200,,0,0,0,0,0,"Sting XL Wood Coffee Table: Set of 3
 – wassersfurniture",2026-05-25 22:20:23 +00:00,2026-07-16 05:02:45 +00:00
https://wassersfurniture.com/products/nido-keramik-bistrot-round-dining-table,200,,0,0,0,0,0,"Nido Keramik Round Bistrot Table
 – wassersfurniture",2026-05-25 21:38:38 +00:00,2026-07-16 04:15:27 +00:00
https://wassersfurniture.com/products/zermatt-argile-dining-table-oval,200,,0,0,0,0,0,"Zermatt Argile Dining Table: Oval
 – wassersfurniture",2026-05-25 20:55:30 +00:00,2026-07-16 03:27:52 +00:00
https://wassersfurniture.com/products/twist-dining-table-ceramic-top,200,,0,0,0,0,0,"Twist Dining Table: Ceramic Top
 – wassersfurniture",2026-05-25 20:11:10 +00:00,2026-07-16 02:34:26 +00:00
https://wassersfurniture.com/products/dyno-nightstand,200,,0,0,0,0,0,"Dyno Nightstand
 – wassersfurniture",2026-05-25 19:17:55 +00:00,2026-07-16 01:43:42 +00:00
https://wassersfurniture.com/products/rachel-ml-dining-chair,200,,0,0,0,0,0,"Rachel ML Dining Chair
 – wassersfurniture",2026-05-25 17:44:05 +00:00,2026-07-16 00:52:46 +00:00
https://wassersfurniture.com/products/nido-coffee-table,200,,0,0,0,0,0,"Nido Coffee Table
 – wassersfurniture",2026-05-25 16:51:11 +00:00,2026-07-15 23:55:27 +00:00
https://wassersfurniture.com/products/dragon-keramik-rectangular-dining-table,200,,0,0,0,0,0,"Dragon Keramik Rectangular Dining Table
 – wassersfurniture",2026-05-25 15:57:20 +00:00,2026-07-15 23:07:16 +00:00
https://wassersfurniture.com/products/atlantis-wood-dining-table,200,,0,0,0,0,0,"Atlantis Wood Dining Table
 – wassersfurniture",2026-05-25 15:03:56 +00:00,2026-07-15 22:21:08 +00:00
https://wassersfurniture.com/products/lancer-masterwood-dining-table,200,,0,0,0,0,0,"Lancer Masterwood Dining Table
 – wassersfurniture",2026-05-25 14:07:54 +00:00,2026-07-15 21:32:18 +00:00
https://wassersfurniture.com/products/lukas-bed,200,,0,0,0,0,0,"Lukas Bed
 – wassersfurniture",2026-05-25 13:26:23 +00:00,2026-07-15 20:34:10 +00:00
https://wassersfurniture.com/products/nettuno-wood-console-table-low,200,,0,0,0,0,0,"Nettuno Wood Console Table: Low
 – wassersfurniture",2026-05-25 12:42:26 +00:00,2026-07-15 19:36:41 +00:00
https://wassersfurniture.com/products/kava-6-drawer-dresser,200,,0,0,0,0,0,"Kava 6 Drawer Dresser
 – wassersfurniture",2026-05-24 05:29:57 +00:00,2026-07-15 18:44:28 +00:00
https://wassersfurniture.com/products/skorpio-round-dining-table-wooden-top,200,,0,0,0,0,0,"Skorpio Round Dining Table: Wooden Top
 – wassersfurniture",2026-05-24 03:42:21 +00:00,2026-07-15 17:54:22 +00:00
https://wassersfurniture.com/products/onda-dining-table-glass-top,200,,0,0,0,0,0,"Onda Dining Table: Glass Top
 – wassersfurniture",2026-05-24 01:58:39 +00:00,2026-07-15 17:03:28 +00:00
https://wassersfurniture.com/products/maxim-round-dining-table,200,,0,0,0,0,0,"Maxim Round Dining Table
 – wassersfurniture",2026-05-24 00:01:44 +00:00,2026-07-15 16:12:34 +00:00
https://wassersfurniture.com/products/cilindro-extendable-dining-table-glass-top,200,,0,0,0,0,0,"Cilindro Extendable Dining Table: Glass Top
 – wassersfurniture",2026-05-23 22:10:41 +00:00,2026-07-15 15:21:21 +00:00
https://wassersfurniture.com/products/sofia-dining-armchair,200,,0,0,0,0,0,"Sofia Dining Armchair
 – wassersfurniture",2026-05-23 20:20:43 +00:00,2026-07-15 14:28:31 +00:00
https://wassersfurniture.com/products/skorpio-ker-wood-round-dining-table,200,,0,0,0,0,0,"Skorpio Ker - Wood Round Dining Table
 – wassersfurniture",2026-05-23 18:18:02 +00:00,2026-07-15 13:33:11 +00:00
https://wassersfurniture.com/products/papel-keramik-dining-table-polygon,200,,0,0,0,0,0,"Papel Keramik Dining Table: Polygon
 – wassersfurniture",2026-05-23 16:10:33 +00:00,2026-07-15 12:41:50 +00:00
https://wassersfurniture.com/products/lady-wood-trestle-dining-chair,200,,0,0,0,0,0,"Lara Wood Trestle Dining Chair
 – wassersfurniture",2026-05-23 13:50:02 +00:00,2026-07-15 11:48:44 +00:00
https://wassersfurniture.com/products/anna-dining-chair-low-backrest,200,,0,0,0,0,0,"Anna Dining Chair: Low Backrest
 – wassersfurniture",2026-05-23 11:33:30 +00:00,2026-07-15 10:46:44 +00:00
https://wassersfurniture.com/products/sofia-dining-chair-wood-base,200,,0,0,0,0,0,"Sofia Dining Chair: Wooden Base
 – wassersfurniture",2026-05-23 04:36:33 +00:00,2026-07-15 09:39:37 +00:00
https://wassersfurniture.com/products/papelito-glass-dining-table,200,,0,0,0,0,0,"Papelito Glass Dining Table
 – wassersfurniture",2026-05-23 01:41:01 +00:00,2026-07-15 08:24:01 +00:00
https://wassersfurniture.com/products/zanziball-chandelier,200,,0,0,0,0,0,"Zanziball Chandelier
 – wassersfurniture",2026-05-22 22:33:46 +00:00,2026-07-15 07:24:21 +00:00
https://wassersfurniture.com/products/dragon-wood-dining-table-barrel-top,200,,0,0,0,0,0,"Dragon Wood Dining Table: Barrel Top
 – wassersfurniture",2026-05-22 20:10:23 +00:00,2026-07-15 06:23:01 +00:00
https://wassersfurniture.com/products/thomas-bed,200,,0,0,0,0,0,"Thomas Bed
 – wassersfurniture",2026-05-06 14:44:07 +00:00,2026-07-13 22:45:23 +00:00
https://wassersfurniture.com/products/jane-swivel-armchair-4-ways-base,200,,0,0,0,0,0,"Jane Swivel Armchair: 4 Ways Base
 – wassersfurniture",2026-05-06 14:12:22 +00:00,2026-07-13 21:31:37 +00:00
https://wassersfurniture.com/products/gordon-dining-table-square,200,,0,0,0,0,0,"Gordon Dining Table: Square
 – wassersfurniture",2026-05-06 09:45:57 +00:00,2026-07-13 20:21:30 +00:00
https://wassersfurniture.com/products/jamison-comfort-relax-recliner-sofa,200,,0,0,0,0,0,"Jamison Comfort Relax Recliner Sofa
 – wassersfurniture",2026-06-06 23:02:09 +00:00,2026-07-13 19:11:17 +00:00
https://wassersfurniture.com/products/tyron-keramik-drive-extendable-dining-table-sag,200,,0,0,0,0,0,"Tyron Keramik Drive Extendable Dining Table: Sag
 – wassersfurniture",2026-05-06 08:06:41 +00:00,2026-07-13 17:59:01 +00:00
https://wassersfurniture.com/products/magda-couture-ml-dining-chair,200,,0,0,0,0,0,"Magda Couture ML Dining Chair
 – wassersfurniture",2026-05-06 05:37:15 +00:00,2026-07-13 16:44:14 +00:00
https://wassersfurniture.com/products/contour-floor-lamp,200,,0,0,0,0,0,"Contour Floor Lamp
 – wassersfurniture",2026-06-07 00:10:13 +00:00,2026-07-13 15:29:07 +00:00
https://wassersfurniture.com/products/sequel-studio-multifunction-cabinet,200,,0,0,0,0,0,"Sequel Studio Multifunction Cabinet
 – wassersfurniture",2026-05-06 04:03:35 +00:00,2026-07-13 14:15:41 +00:00
https://wassersfurniture.com/products/dorian-dining-table-wood-ceramic-top,200,,0,0,0,0,0,"Dorian Dining Table: Wood + Ceramic Top
 – wassersfurniture",2026-05-06 00:47:20 +00:00,2026-07-13 12:57:09 +00:00
https://wassersfurniture.com/products/giano-keramik-dining-table-sag,200,,0,0,0,0,0,"Giano Keramik Dining Table: Sag
 – wassersfurniture",2026-05-05 23:35:48 +00:00,2026-07-13 11:40:09 +00:00
https://wassersfurniture.com/products/open-wind-showcase,200,,0,0,0,0,0,"Open Wind Showcase
 – wassersfurniture",2026-05-05 22:33:32 +00:00,2026-07-13 10:25:24 +00:00
https://wassersfurniture.com/products/mad-max-wood-dining-table-barrel-top,200,,0,0,0,0,0,"Mad Max Wood Dining Table: Barrel Top
 – wassersfurniture",2026-05-05 21:36:30 +00:00,2026-07-13 07:22:34 +00:00
https://wassersfurniture.com/products/rotolo-low-coffee-table-ceramic-top,200,,0,0,0,0,0,"Rotolo Low Coffee Table: Ceramic Top
 – wassersfurniture",2026-05-05 20:22:46 +00:00,2026-07-13 06:08:29 +00:00
https://wassersfurniture.com/products/bottone-coat-hanger,200,,0,0,0,0,0,"Bottone Coat Hanger
 – wassersfurniture",2026-05-05 19:26:37 +00:00,2026-07-13 04:52:58 +00:00
https://wassersfurniture.com/products/cortina-floor-lamp,200,,0,0,0,0,0,"Cortina Floor Lamp
 – wassersfurniture",2026-06-07 02:45:03 +00:00,2026-07-13 03:35:57 +00:00
https://wassersfurniture.com/products/montara-sectional-sofa,200,,0,0,0,0,0,"Montara Sectional Sofa
 – wassersfurniture",2026-06-07 03:02:16 +00:00,2026-07-13 02:15:22 +00:00
https://wassersfurniture.com/products/bola-sphere-flush,200,,0,0,0,0,0,"Bola Sphere Flush
 – wassersfurniture",2026-06-07 03:17:44 +00:00,2026-07-13 00:47:40 +00:00
https://wassersfurniture.com/products/cliff-bar-counter-stool,200,,0,0,0,0,0,"Cliff Bar + Counter Stool
 – wassersfurniture",2026-07-12 23:20:02 +00:00,2026-07-12 23:20:02 +00:00
https://wassersfurniture.com/products/belmont-floor-lamp,200,,0,0,0,0,0,"Belmont Floor Lamp
 – wassersfurniture",2026-06-07 03:34:12 +00:00,2026-07-12 21:54:51 +00:00
https://wassersfurniture.com/products/nivel-flush-wall-ceiling-light,200,,0,0,0,0,0,"Nivel Flush Wall + Ceiling Light
 – wassersfurniture",2026-06-07 03:52:33 +00:00,2026-07-12 20:35:11 +00:00
https://wassersfurniture.com/products/margot-accent-chair,200,,0,0,0,0,0,"Margot Accent Chair
 – wassersfurniture",2026-07-12 19:13:15 +00:00,2026-07-12 19:13:15 +00:00
https://wassersfurniture.com/products/sky-solo-pendant,200,,0,0,0,0,0,"Sky Solo Pendant
 – wassersfurniture",2026-06-07 04:10:06 +00:00,2026-07-12 17:44:53 +00:00
https://wassersfurniture.com/products/piuma-dining-chair,200,,0,0,0,0,0,"Piuma Dining Chair
 – wassersfurniture",2026-05-07 11:15:22 +00:00,2026-07-12 16:18:57 +00:00
https://wassersfurniture.com/products/sofia-dining-chair-high-backrest,200,,0,0,0,0,0,"Sofia Dining Chair: High Backrest
 – wassersfurniture",2026-05-07 14:12:41 +00:00,2026-07-12 14:52:33 +00:00
https://wassersfurniture.com/products/emery-bench,200,,0,0,0,0,0,"Emery Bench
 – wassersfurniture",2026-05-07 17:01:37 +00:00,2026-07-12 11:55:07 +00:00
https://wassersfurniture.com/products/max-deluxe-dining-chair-wooden-base,200,,0,0,0,0,0,"Max Deluxe Dining Chair: Wooden Base
 – wassersfurniture",2026-05-07 18:19:32 +00:00,2026-07-12 10:17:13 +00:00
https://wassersfurniture.com/products/bola-disc-wall-ceiling-light,200,,0,0,0,0,0,"Bola Disc Wall + Ceiling Light
 – wassersfurniture",2026-06-07 05:52:28 +00:00,2026-07-12 08:38:30 +00:00
https://wassersfurniture.com/products/cilindro-extendable-dining-table-ceramic-top-monocolor-version,200,,0,0,0,0,0,"Cilindro Extendable Dining Table: Ceramic Top
 – wassersfurniture",2026-05-07 19:34:21 +00:00,2026-07-12 06:36:38 +00:00
https://wassersfurniture.com/products/eliot-wood-drive-extendable-dining-table,200,,0,0,0,0,0,"Eliot Wood Drive Extendable Dining Table
 – wassersfurniture",2026-05-07 20:53:40 +00:00,2026-07-12 06:32:38 +00:00
https://wassersfurniture.com/products/ginger-dining-armchair-4-metal-legs-monocolor-version,200,,0,0,0,0,0,"Ginger Dining Armchair: 4 Metal Legs: Monocolor Version
 – wassersfurniture",2026-05-07 22:09:25 +00:00,2026-07-12 06:28:32 +00:00
https://wassersfurniture.com/products/bea-diamond-dining-chair-4-metal-legs,200,,0,0,0,0,0,"Bea Diamond Dining Chair: 4 Metal Legs
 – wassersfurniture",2026-05-07 23:23:23 +00:00,2026-07-12 06:18:28 +00:00
https://wassersfurniture.com/products/twist-dining-table-marble-top,200,,0,0,0,0,0,"Twist Dining Table: Marble Top
 – wassersfurniture",2026-05-08 00:59:02 +00:00,2026-07-12 06:04:36 +00:00
https://wassersfurniture.com/products/baly-dining-table-marble-top,200,,0,0,0,0,0,"Baly Dining Table: Marble Top
 – wassersfurniture",2026-05-08 02:20:14 +00:00,2026-07-12 05:45:22 +00:00
https://wassersfurniture.com/products/bea-dining-chair-4-metal-legs,200,,0,0,0,0,0,"Bea Dining Chair: 4 Metal Legs
 – wassersfurniture",2026-05-08 03:35:47 +00:00,2026-07-12 05:23:31 +00:00
https://wassersfurniture.com/products/oscar-coat-hanger,200,,0,0,0,0,0,"Oscar Coat Hanger
 – wassersfurniture",2026-05-08 04:49:10 +00:00,2026-07-12 04:58:59 +00:00
https://wassersfurniture.com/products/kayak-sideboard-small,200,,0,0,0,0,0,"Kayak Sideboard: Small
 – wassersfurniture",2026-05-08 06:05:59 +00:00,2026-07-12 04:27:03 +00:00
https://wassersfurniture.com/products/circa-table-lamp,200,,0,0,0,0,0,"Circa Table Lamp
 – wassersfurniture",2026-06-07 08:32:19 +00:00,2026-07-12 03:51:52 +00:00
https://wassersfurniture.com/products/contour-table-lamp,200,,0,0,0,0,0,"Contour Table Lamp
 – wassersfurniture",2026-06-07 08:49:20 +00:00,2026-07-12 03:07:48 +00:00
https://wassersfurniture.com/products/klein-comfort-sleeper-sectional-sofa,200,,0,0,0,0,0,"Klein Comfort Sleeper Sectional Sofa
 – wassersfurniture",2026-06-07 09:04:22 +00:00,2026-07-12 02:23:01 +00:00
https://wassersfurniture.com/products/monroe-comfort-theater-recliner,200,,0,0,0,0,0,"Monroe Comfort Theater Recliner
 – wassersfurniture",2026-06-07 09:39:30 +00:00,2026-07-12 01:36:00 +00:00
https://wassersfurniture.com/products/elise-floor-lamp-marble-base,200,,0,0,0,0,0,"Elise Floor Lamp: Marble Base
 – wassersfurniture",2026-06-07 10:30:19 +00:00,2026-07-11 22:56:54 +00:00
https://wassersfurniture.com/products/midwood-ottoman,200,,0,0,0,0,0,"Midwood Ottoman
 – wassersfurniture",2026-06-07 11:03:10 +00:00,2026-07-11 22:04:33 +00:00
https://wassersfurniture.com/products/cielo-plus-pendant,200,,0,0,0,0,0,"Cielo Plus Pendant
 – wassersfurniture",2026-06-07 20:47:03 +00:00,2026-07-11 20:18:51 +00:00
https://wassersfurniture.com/products/medea-lounge-chair,200,,0,0,0,0,0,"Medea Lounge Chair
 – wassersfurniture",2026-07-11 19:32:05 +00:00,2026-07-11 19:32:05 +00:00
https://wassersfurniture.com/products/nina-dining-chair,200,,0,0,0,0,0,"Nina Dining Chair
 – wassersfurniture",2026-05-05 04:42:21 +00:00,2026-07-11 18:08:09 +00:00
https://wassersfurniture.com/products/norma-couture-dining-chair-high-backrest,200,,0,0,0,0,0,"Norma Couture Dining Chair: High Backrest
 – wassersfurniture",2026-05-05 03:37:20 +00:00,2026-07-11 17:00:25 +00:00
https://wassersfurniture.com/products/linea-office-desk,200,,0,0,0,0,0,"Linea Office Desk
 – wassersfurniture",2026-05-05 02:27:55 +00:00,2026-07-11 15:52:59 +00:00
https://wassersfurniture.com/products/madras-rug,200,,0,0,0,0,0,"Madras Rug
 – wassersfurniture",2026-05-05 01:22:15 +00:00,2026-07-11 14:41:23 +00:00
https://wassersfurniture.com/products/bentley-comfort-sleeper-sectional-sofa,200,,0,0,0,0,0,"Bentley Comfort Sleeper Sectional Sofa
 – wassersfurniture",2026-05-05 00:16:57 +00:00,2026-07-11 13:32:12 +00:00
https://wassersfurniture.com/products/carousel-table-lamp,200,,0,0,0,0,0,"Carousel Table Lamp
 – wassersfurniture",2026-06-06 11:58:28 +00:00,2026-07-11 12:23:45 +00:00
https://wassersfurniture.com/products/norma-ml-dining-chair-high-backrest,200,,0,0,0,0,0,"Norma ML Dining Chair: High Backrest
 – wassersfurniture",2026-05-04 23:09:26 +00:00,2026-07-11 11:07:35 +00:00
https://wassersfurniture.com/products/rachel-bar-counter-stool,200,,0,0,0,0,0,"Rachel Bar + Counter Stool
 – wassersfurniture",2026-05-04 22:00:24 +00:00,2026-07-11 09:48:59 +00:00
https://wassersfurniture.com/products/dora-console-table-glass-top,200,,0,0,0,0,0,"Dora Console Table: Glass Top
 – wassersfurniture",2026-05-04 20:52:49 +00:00,2026-07-11 08:34:21 +00:00
https://wassersfurniture.com/products/zermatt-keramik-dining-table-sag,200,,0,0,0,0,0,"Zermatt Keramik Dining Table: Sag
 – wassersfurniture",2026-05-04 19:44:54 +00:00,2026-07-11 07:22:32 +00:00
https://wassersfurniture.com/products/zig-credenza,200,,0,0,0,0,0,"Zig Credenza
 – wassersfurniture",2026-05-04 18:34:12 +00:00,2026-07-11 06:08:40 +00:00
https://wassersfurniture.com/products/polifemo-dining-table-glass-top,200,,0,0,0,0,0,"Polifemo Dining Table: Glass Top
 – wassersfurniture",2026-05-04 17:13:32 +00:00,2026-07-11 04:54:01 +00:00
https://wassersfurniture.com/products/billy-keramik-coffee-table-set-of-3,200,,0,0,0,0,0,"Billy Keramik Coffee Table: Set of 3
 – wassersfurniture",2026-05-04 15:39:47 +00:00,2026-07-11 03:31:07 +00:00
https://wassersfurniture.com/products/mariel-dining-chair,200,,0,0,0,0,0,"Mariel Dining Chair
 – wassersfurniture",2026-05-04 12:50:55 +00:00,2026-07-11 00:49:11 +00:00
https://wassersfurniture.com/products/kira-swivel-armchair-5-ways-legs,200,,0,0,0,0,0,"Kira Swivel Armchair: 5 Ways Legs
 – wassersfurniture",2026-05-04 09:39:31 +00:00,2026-07-10 23:11:40 +00:00
https://wassersfurniture.com/products/mykonos-sofa-collection,200,,0,0,0,0,0,"Mykonos Sofa Collection
 – wassersfurniture",2026-05-04 08:11:08 +00:00,2026-07-10 21:48:37 +00:00
https://wassersfurniture.com/products/eliot-keramik-sag-dining-table,200,,0,0,0,0,0,"Eliot Keramik Sag Dining Table
 – wassersfurniture",2026-05-04 06:56:09 +00:00,2026-07-10 20:06:35 +00:00
https://wassersfurniture.com/products/max-dining-chair-wooden-base,200,,0,0,0,0,0,"Max Dining Chair: Wooden Base
 – wassersfurniture",2026-05-04 05:39:38 +00:00,2026-07-10 18:49:52 +00:00
https://wassersfurniture.com/products/butterfly-keramik-dining-table,200,,0,0,0,0,0,"Butterfly Keramik Dining Table
 – wassersfurniture",2026-05-04 04:27:16 +00:00,2026-07-10 17:30:27 +00:00
https://wassersfurniture.com/products/polifemo-dining-table-marble-top,200,,0,0,0,0,0,"Polifemo Dining Table: Marble Top
 – wassersfurniture",2026-05-04 03:13:47 +00:00,2026-07-10 16:12:01 +00:00
https://wassersfurniture.com/products/craig-sofa-collection,200,,0,0,0,0,0,"Craig Sofa Collection
 – wassersfurniture",2026-05-04 01:45:26 +00:00,2026-07-10 14:25:56 +00:00
https://wassersfurniture.com/products/twist-dining-table-glass-top,200,,0,0,0,0,0,"Twist Dining Table: Glass Top
 – wassersfurniture",2026-05-04 00:31:32 +00:00,2026-07-10 12:24:08 +00:00
https://wassersfurniture.com/products/veronica-swivel-accent-chair,200,,0,0,0,0,0,"Veronica Swivel Accent Chair
 – wassersfurniture",2026-07-10 10:38:40 +00:00,2026-07-10 10:38:40 +00:00
https://wassersfurniture.com/products/aston-sofa-sectionals,200,,0,0,0,0,0,"Aston Sofa / Sectionals
 – wassersfurniture",2026-07-10 09:08:19 +00:00,2026-07-10 09:08:19 +00:00
https://wassersfurniture.com/products/levante-coffee-table-oval,200,,0,0,0,0,0,"Levante Coffee Table: Oval
 – wassersfurniture",2026-05-03 23:14:23 +00:00,2026-07-10 07:46:30 +00:00
https://wassersfurniture.com/products/benny-keramik-coffee-table-60-x-60-set-of-3,200,,0,0,0,0,0,"Benny Keramik Coffee Table 60 x 60 : Set of 3
 – wassersfurniture",2026-05-03 21:59:00 +00:00,2026-07-10 05:30:15 +00:00
https://wassersfurniture.com/products/hayden-sofa-collection,200,,0,0,0,0,0,"Hayden Sofa Collection
 – wassersfurniture",2026-05-03 20:44:01 +00:00,2026-07-10 02:52:43 +00:00
https://wassersfurniture.com/products/langdon-comfort-sleeper-sectional-sofa,200,,0,0,0,0,0,"Langdon Comfort Sleeper Sectional Sofa
 – wassersfurniture",2026-05-03 19:21:32 +00:00,2026-07-10 00:07:16 +00:00
https://wassersfurniture.com/products/wish-s-mirror,200,,0,0,0,0,0,"Wish S Mirror
 – wassersfurniture",2026-05-03 17:59:56 +00:00,2026-07-09 21:31:41 +00:00
https://wassersfurniture.com/products/gordon-crystalart-dining-table-rectangle,200,,0,0,0,0,0,"Gordon Crystalart Dining Table: Rectangle
 – wassersfurniture",2026-05-03 16:37:26 +00:00,2026-07-09 19:09:06 +00:00
https://wassersfurniture.com/products/cilindro-round-dining-table-wood-ceramic-top-monocolor-version,200,,0,0,0,0,0,"Cilindro Round Dining Table: Wood + Ceramic Top
 – wassersfurniture",2026-05-03 15:01:02 +00:00,2026-07-09 17:07:26 +00:00
https://wassersfurniture.com/products/rado-ker-wood-round-dining-table-swivel-insert,200,,0,0,0,0,0,"Rado Ker - Wood Round Dining Table: Swivel Insert
 – wassersfurniture",2026-05-03 12:13:18 +00:00,2026-07-09 15:41:43 +00:00
https://wassersfurniture.com/products/malibu-sectional-sofa,200,,0,0,0,0,0,"Malibu Sectional Sofa
 – wassersfurniture",2026-06-12 23:48:24 +00:00,2026-07-09 13:04:11 +00:00
https://wassersfurniture.com/products/vida-pendant,200,,0,0,0,0,0,"Vida Pendant
 – wassersfurniture",2026-05-03 10:49:25 +00:00,2026-07-09 11:14:13 +00:00
https://wassersfurniture.com/products/narciso-dining-table-ceramic-top,200,,0,0,0,0,0,"Narciso Dining Table: Ceramic Top
 – wassersfurniture",2026-05-03 09:14:39 +00:00,2026-07-09 08:35:29 +00:00
https://wassersfurniture.com/products/rotolo-dining-table-marble-top,200,,0,0,0,0,0,"Rotolo Dining Table: Marble Top
 – wassersfurniture",2026-05-03 07:40:30 +00:00,2026-07-09 06:39:27 +00:00
https://wassersfurniture.com/products/adrian-wood-coffee-table,200,,0,0,0,0,0,"Adrian Wood Coffee Table
 – wassersfurniture",2026-05-03 06:17:11 +00:00,2026-07-09 03:55:30 +00:00
https://wassersfurniture.com/products/benny-keramik-coffee-table,200,,0,0,0,0,0,"Benny Keramik Coffee Table
 – wassersfurniture",2026-05-03 04:57:50 +00:00,2026-07-09 01:18:56 +00:00
https://wassersfurniture.com/products/auri-vanity-desk,200,,0,0,0,0,0,"Auri Vanity Desk
 – wassersfurniture",2026-05-03 03:38:00 +00:00,2026-07-08 22:52:58 +00:00
https://wassersfurniture.com/products/skyline-keramik-premium-console-table,200,,0,0,0,0,0,"Skyline Keramik Premium Console Table
 – wassersfurniture",2026-05-03 02:16:35 +00:00,2026-07-08 20:51:19 +00:00
https://wassersfurniture.com/products/mad-max-crystalart-dining-table-sag,200,,0,0,0,0,0,"Mad Max Crystalart Dining Table: Sag
 – wassersfurniture",2026-05-03 00:28:24 +00:00,2026-07-08 18:31:49 +00:00
https://wassersfurniture.com/products/diploma-floor-lamp,200,,0,0,0,0,0,"Diploma Floor Lamp
 – wassersfurniture",2026-05-31 07:46:46 +00:00,2026-07-03 17:25:04 +00:00
https://wassersfurniture.com/products/alessandro-accent-chair,200,,0,0,0,0,0,"Alessandro Accent Chair
 – wassersfurniture",2026-05-31 05:54:00 +00:00,2026-07-03 15:43:47 +00:00
https://wassersfurniture.com/products/leia-recliner,200,,0,0,0,0,0,"Leia Recliner
 – wassersfurniture",2026-07-01 22:12:52 +00:00,2026-07-01 22:12:52 +00:00
https://wassersfurniture.com/products/billy-coffee-table,200,,0,0,0,0,0,"Billy Coffee Table
 – wassersfurniture",2026-05-29 23:24:19 +00:00,2026-07-01 21:04:48 +00:00
https://wassersfurniture.com/products/aston-ottoman,200,,0,0,0,0,0,"Aston Ottoman
 – wassersfurniture",2026-07-01 18:47:54 +00:00,2026-07-01 18:47:54 +00:00
https://wassersfurniture.com/products/domingo-coffee-table,200,,0,0,0,0,0,"Domingo Coffee Table
 – wassersfurniture",2026-05-29 22:51:00 +00:00,2026-07-01 17:42:22 +00:00
https://wassersfurniture.com/products/lisa-office-chair-5-ways-base,200,,0,0,0,0,0,"Lisa Office Chair: 5 Ways Base
 – wassersfurniture",2026-07-01 16:18:58 +00:00,2026-07-01 16:18:58 +00:00
https://wassersfurniture.com/products/onda-dining-table-ceramic-top,200,,0,0,0,0,0,"Onda Dining Table: Ceramic Top
 – wassersfurniture",2026-05-29 21:41:13 +00:00,2026-07-01 15:28:08 +00:00
https://wassersfurniture.com/products/savoy-motion-sofa,200,,0,0,0,0,0,"Savoy Motion Sofa
 – wassersfurniture",2026-07-01 11:00:29 +00:00,2026-07-01 11:00:29 +00:00
https://wassersfurniture.com/products/gordon-keramik-dining-table-rectangle,200,,0,0,0,0,0,"Gordon Keramik Dining Table: Rectangle
 – wassersfurniture",2026-05-28 04:36:33 +00:00,2026-07-01 07:46:15 +00:00
https://wassersfurniture.com/products/atari-round-coffee-table,200,,0,0,0,0,0,"Atari Round Coffee Table
 – wassersfurniture",2026-05-28 06:58:42 +00:00,2026-07-01 06:45:46 +00:00
https://wassersfurniture.com/products/paramount-sideboard-small,200,,0,0,0,0,0,"Paramount Sideboard: Small
 – wassersfurniture",2026-05-28 08:21:56 +00:00,2026-07-01 05:42:49 +00:00
https://wassersfurniture.com/products/perla-dining-table-glass-top,200,,0,0,0,0,0,"Perla Dining Table: Glass Top
 – wassersfurniture",2026-05-28 11:36:38 +00:00,2026-07-01 04:40:13 +00:00
https://wassersfurniture.com/products/topaz-pendant-light,200,,0,0,0,0,0,"Topaz Pendant Light
 – wassersfurniture",2026-05-28 13:13:19 +00:00,2026-07-01 03:35:52 +00:00
https://wassersfurniture.com/products/linq-nightstand,200,,0,0,0,0,0,"Linq Nightstand
 – wassersfurniture",2026-05-28 14:31:03 +00:00,2026-07-01 02:30:09 +00:00
https://wassersfurniture.com/products/boutique-sideboard,200,,0,0,0,0,0,"Boutique Sideboard
 – wassersfurniture",2026-05-28 15:35:13 +00:00,2026-07-01 01:23:59 +00:00
https://wassersfurniture.com/products/skyline-wood-dining-table,200,,0,0,0,0,0,"Skyline Wood Dining Table
 – wassersfurniture",2026-05-28 16:38:37 +00:00,2026-07-01 00:14:27 +00:00
https://wassersfurniture.com/products/lazy-susan-tray,200,,0,0,0,0,0,"Lazy Susan Tray
 – wassersfurniture",2026-05-28 17:39:40 +00:00,2026-06-30 23:13:03 +00:00
https://wassersfurniture.com/products/tokyo-bookcase,200,,0,0,0,0,0,"Tokyo Bookcase
 – wassersfurniture",2026-05-28 18:39:06 +00:00,2026-06-30 22:12:26 +00:00
https://wassersfurniture.com/products/senator-dining-table,200,,0,0,0,0,0,"Senator Dining Table
 – wassersfurniture",2026-05-28 19:42:02 +00:00,2026-06-30 21:10:03 +00:00
https://wassersfurniture.com/products/etoile-console-table-set-of-2,200,,0,0,0,0,0,"Etoile Console Table: Set of 2
 – wassersfurniture",2026-05-28 20:43:47 +00:00,2026-06-30 20:05:31 +00:00
https://wassersfurniture.com/products/carson-sectional-sofa,200,,0,0,0,0,0,"Carson Sectional Sofa
 – wassersfurniture",2026-05-28 21:46:53 +00:00,2026-06-30 19:00:24 +00:00
https://wassersfurniture.com/products/dorian-dining-table-glass-top,200,,0,0,0,0,0,"Dorian Dining Table: Glass Top
 – wassersfurniture",2026-05-28 22:45:35 +00:00,2026-06-30 17:40:24 +00:00
https://wassersfurniture.com/products/berger-accent-chair,200,,0,0,0,0,0,"Berger Accent Chair
 – wassersfurniture",2026-05-28 23:41:40 +00:00,2026-06-30 16:23:14 +00:00
https://wassersfurniture.com/products/peyote-coffee-table,200,,0,0,0,0,0,"Peyote Coffee Table
 – wassersfurniture",2026-05-29 00:38:56 +00:00,2026-06-30 15:03:05 +00:00
https://wassersfurniture.com/products/benny-coffee-table-60-x-60-set-of-3,200,,0,0,0,0,0,"Benny Coffee Table 60 x 60 : Set of 3
 – wassersfurniture",2026-05-29 01:42:56 +00:00,2026-06-30 13:59:02 +00:00
https://wassersfurniture.com/products/giano-argile-round-dining-table,200,,0,0,0,0,0,"Giano Argile Round Dining Table
 – wassersfurniture",2026-05-29 02:38:13 +00:00,2026-06-30 12:46:43 +00:00
https://wassersfurniture.com/products/rina-carpet,200,,0,0,0,0,0,"Rina Carpet
 – wassersfurniture",2026-05-29 03:35:14 +00:00,2026-06-30 11:36:27 +00:00
https://wassersfurniture.com/products/stratos-wood-dining-table-barrel-top,200,,0,0,0,0,0,"Stratos Wood Dining Table: Barrel Top
 – wassersfurniture",2026-06-30 10:26:27 +00:00,2026-06-30 10:26:27 +00:00
https://wassersfurniture.com/products/cloud-table-lamp,200,,0,0,0,0,0,"Cloud Table Lamp
 – wassersfurniture",2026-06-30 09:18:28 +00:00,2026-06-30 09:18:28 +00:00
https://wassersfurniture.com/products/cindy-height-adjustable-bar-stool,200,,0,0,0,0,0,"Cindy Height Adjustable Bar Stool
 – wassersfurniture",2026-06-30 08:00:09 +00:00,2026-06-30 08:00:09 +00:00
https://wassersfurniture.com/products/sunset-chandelier,200,,0,0,0,0,0,"Sunset Chandelier
 – wassersfurniture",2026-06-30 06:48:09 +00:00,2026-06-30 06:48:09 +00:00
https://wassersfurniture.com/products/maxim-argile-round-dining-table,200,,0,0,0,0,0,"Maxim Argile Round Dining Table
 – wassersfurniture",2026-06-30 05:37:02 +00:00,2026-06-30 05:37:02 +00:00
https://wassersfurniture.com/products/decor-ceiling-chandelier,200,,0,0,0,0,0,"Decor Ceiling Chandelier
 – wassersfurniture",2026-06-30 04:26:37 +00:00,2026-06-30 04:26:37 +00:00
https://wassersfurniture.com/products/emma-swivel-accent-chair,200,,0,0,0,0,0,"Emma Swivel Accent Chair
 – wassersfurniture",2026-06-30 03:13:45 +00:00,2026-06-30 03:13:45 +00:00
https://wassersfurniture.com/products/axel-height-adjustable-stool,200,,0,0,0,0,0,"Axel Height Adjustable Stool
 – wassersfurniture",2026-06-30 01:58:08 +00:00,2026-06-30 01:58:08 +00:00
https://wassersfurniture.com/products/gordon-round-dining-table,200,,0,0,0,0,0,"Gordon Round Dining Table
 – wassersfurniture",2026-06-30 00:43:56 +00:00,2026-06-30 00:43:56 +00:00
https://wassersfurniture.com/products/soho-ker-wood-dining-table,200,,0,0,0,0,0,"Soho Ker Wood Dining Table
 – wassersfurniture",2026-05-26 10:15:48 +00:00,2026-06-27 16:48:21 +00:00
https://wassersfurniture.com/products/langdon-comfort-sleeper-sofa,200,,0,0,0,0,0,"Langdon Comfort Sleeper Sofa
 – wassersfurniture",2026-05-26 10:59:51 +00:00,2026-06-27 15:18:14 +00:00
https://wassersfurniture.com/products/cristal-chandelier,200,,0,0,0,0,0,"Cristal Chandelier
 – wassersfurniture",2026-05-26 12:28:36 +00:00,2026-06-27 12:41:57 +00:00
https://wassersfurniture.com/products/nettuno-wood-console-table-high,200,,0,0,0,0,0,"Nettuno Wood Console Table: High
 – wassersfurniture",2026-05-26 13:09:03 +00:00,2026-06-27 11:24:50 +00:00
https://wassersfurniture.com/products/scacco-coffee-table-rectangle,200,,0,0,0,0,0,"Scacco Coffee Table: Rectangle
 – wassersfurniture",2026-05-26 13:49:30 +00:00,2026-06-27 10:04:47 +00:00
https://wassersfurniture.com/products/greta-dining-chair,200,,0,0,0,0,0,"Greta Dining Chair
 – wassersfurniture",2026-05-26 14:30:08 +00:00,2026-06-27 08:46:31 +00:00
https://wassersfurniture.com/products/dora-console-table-ceramic-top,200,,0,0,0,0,0,"Dora Console Table: Ceramic Top
 – wassersfurniture",2026-05-26 15:21:05 +00:00,2026-06-27 07:29:07 +00:00
https://wassersfurniture.com/products/saturno-keramik-bistrot-table,200,,0,0,0,0,0,"Saturno Keramik Bistrot Table
 – wassersfurniture",2026-05-26 16:16:49 +00:00,2026-06-27 06:08:52 +00:00
https://wassersfurniture.com/products/harrison-modular-sofa,200,,0,0,0,0,0,"Harrison Modular Sofa
 – wassersfurniture",2026-05-26 17:20:05 +00:00,2026-06-27 04:46:29 +00:00
https://wassersfurniture.com/products/levante-coffee-table-rectangle,200,,0,0,0,0,0,"Levante Coffee Table: Rectangle
 – wassersfurniture",2026-05-26 18:04:01 +00:00,2026-06-27 03:23:33 +00:00
https://wassersfurniture.com/products/lenny-bar-counter-stool-4-metal-legs,200,,0,0,0,0,0,"Lenny Bar + Counter Stool: 4 Metal Legs
 – wassersfurniture",2026-05-26 18:44:25 +00:00,2026-06-27 01:55:50 +00:00
https://wassersfurniture.com/products/cindy-bar-counter-stool,200,,0,0,0,0,0,"Cindy Bar + Counter Stool
 – wassersfurniture",2026-05-26 21:16:11 +00:00,2026-06-27 00:32:47 +00:00
https://wassersfurniture.com/products/scarlett-turn-swivel-dining-chair,200,,0,0,0,0,0,"Scarlett Turn Swivel Dining Chair
 – wassersfurniture",2026-05-26 22:45:43 +00:00,2026-06-26 23:09:49 +00:00
https://wassersfurniture.com/products/boulevard-keramik-dining-table,200,,0,0,0,0,0,"Boulevard Keramik Dining Table
 – wassersfurniture",2026-05-27 00:17:41 +00:00,2026-06-26 21:27:20 +00:00
https://wassersfurniture.com/products/baly-dining-table-ceramic-top,200,,0,0,0,0,0,"Baly Dining Table: Ceramic Top
 – wassersfurniture",2026-05-27 01:47:38 +00:00,2026-06-26 19:17:56 +00:00
https://wassersfurniture.com/products/scott-keramik-dining-table-biscuit,200,,0,0,0,0,0,"Scott Keramik Dining Table: Biscuit
 – wassersfurniture",2026-05-27 04:30:15 +00:00,2026-06-26 14:56:45 +00:00
https://wassersfurniture.com/products/mamba-table-lamp,200,,0,0,0,0,0,"Mamba Table Lamp
 – wassersfurniture",2026-05-27 05:48:15 +00:00,2026-06-26 14:48:32 +00:00
https://wassersfurniture.com/products/runner-leather-height-adjustable-desk,200,,0,0,0,0,0,"Runner Leather Height Adjustable Desk
 – wassersfurniture",2026-05-27 07:09:24 +00:00,2026-06-26 14:37:58 +00:00
https://wassersfurniture.com/products/coimbra-pendant-light,200,,0,0,0,0,0,"Coimbra Pendant Light
 – wassersfurniture",2026-05-27 08:27:16 +00:00,2026-06-26 14:21:54 +00:00
https://wassersfurniture.com/products/royalton-sideboard-small,200,,0,0,0,0,0,"Royalton Sideboard: Small
 – wassersfurniture",2026-05-27 11:07:37 +00:00,2026-06-26 13:20:35 +00:00
https://wassersfurniture.com/products/planer-keramik-round-dining-table,200,,0,0,0,0,0,"Planer Keramik Round Dining Table
 – wassersfurniture",2026-05-27 12:31:16 +00:00,2026-06-26 12:51:12 +00:00
https://wassersfurniture.com/products/tresor-wall-shelf,200,,0,0,0,0,0,"Tresor Wall Shelf
 – wassersfurniture",2026-05-27 13:50:47 +00:00,2026-06-26 12:25:08 +00:00
https://wassersfurniture.com/products/arcadia-dining-armchair,200,,0,0,0,0,0,"Arcadia Dining Armchair
 – wassersfurniture",2026-05-27 15:06:32 +00:00,2026-06-26 11:52:58 +00:00
https://www.wassersfurniture.com/shop-by-brand/a-c/american-leather.html,301,https://wassersfurniture.com/collections/american-leather,0,0,0,0,0,,2026-05-15 21:28:21 +00:00,2026-06-26 11:25:02 +00:00
https://wassersfurniture.com/products/nelson-bed,200,,0,0,0,0,0,"Nelson Bed
 – wassersfurniture",2026-06-26 10:52:55 +00:00,2026-06-26 10:52:55 +00:00
https://wassersfurniture.com/products/skorpio-keramik-premium-dining-table,200,,0,0,0,0,0,"Skorpio Keramik Premium Dining Table
 – wassersfurniture",2026-05-27 17:39:13 +00:00,2026-06-26 10:19:12 +00:00
https://wassersfurniture.com/products/tyron-wood-dining-table-version-s,200,,0,0,0,0,0,"Tyron Wood Dining Table: Version S
 – wassersfurniture",2026-05-27 18:52:20 +00:00,2026-06-26 09:45:08 +00:00
https://wassersfurniture.com/products/butterfly-dining-table-sag,200,,0,0,0,0,0,"Butterfly Dining Table: Sag
 – wassersfurniture",2026-05-27 20:11:12 +00:00,2026-06-26 09:13:23 +00:00
https://wassersfurniture.com/products/sequel-studio-desk,200,,0,0,0,0,0,"Sequel Studio Desk
 – wassersfurniture",2026-05-27 23:02:18 +00:00,2026-06-26 08:39:49 +00:00
https://wassersfurniture.com/products/silhouette-deluxe-dining-chair-4-metal-legs,200,,0,0,0,0,0,"Silhouette Deluxe Dining Chair: 4 Metal Legs
 – wassersfurniture",2026-06-26 08:02:40 +00:00,2026-06-26 08:02:40 +00:00
https://wassersfurniture.com/products/papelito-glass-dining-table-rectangle,200,,0,0,0,0,0,"Papelito Keramik Dining Table: Rectangle
 – wassersfurniture",2026-05-28 01:17:16 +00:00,2026-06-26 07:32:33 +00:00
https://wassersfurniture.com/products/norma-dining-chair,200,,0,0,0,0,0,"Norma Dining Chair
 – wassersfurniture",2026-05-28 02:24:29 +00:00,2026-06-26 07:01:23 +00:00
https://wassersfurniture.com/products/ciro-nightstand,200,,0,0,0,0,0,"Ciro Nightstand
 – wassersfurniture",2026-05-28 03:29:59 +00:00,2026-06-26 06:30:45 +00:00
https://wassersfurniture.com/products/draper-recliner-four-star-base,200,,0,0,0,0,0,"Draper Recliner: Four Star Base
 – wassersfurniture",2026-06-26 05:57:28 +00:00,2026-06-26 05:57:28 +00:00
https://wassersfurniture.com/products/denny-sofa,200,,0,0,0,0,0,"Denny Sofa
 – wassersfurniture",2026-06-26 04:39:55 +00:00,2026-06-26 04:39:55 +00:00
https://wassersfurniture.com/products/border-sofa,200,,0,0,0,0,0,"Border Sofa
 – wassersfurniture",2026-06-26 03:20:42 +00:00,2026-06-26 03:20:42 +00:00
https://wassersfurniture.com/products/luca-comfort-relax-recliner-four-star-base,200,,0,0,0,0,0,"Luca Comfort Relax Recliner: Four Star Base
 – wassersfurniture",2026-06-26 01:54:38 +00:00,2026-06-26 01:54:38 +00:00
https://wassersfurniture.com/products/denny-armchair,200,,0,0,0,0,0,"Denny Armchair
 – wassersfurniture",2026-06-25 23:24:23 +00:00,2026-06-25 23:24:23 +00:00
https://wassersfurniture.com/products/carolina-recliner,200,,0,0,0,0,0,"Carolina Recliner
 – wassersfurniture",2026-06-25 22:09:48 +00:00,2026-06-25 22:09:48 +00:00
https://wassersfurniture.com/products/spyder-keramik-dining-table-square,200,,0,0,0,0,0,"Spyder Keramik Dining Table: Square
 – wassersfurniture",2026-05-25 11:11:11 +00:00,2026-06-25 20:53:36 +00:00
https://wassersfurniture.com/products/magda-ml-couture-bar-counter-stool,200,,0,0,0,0,0,"Magda ML Couture Bar + Counter Stool
 – wassersfurniture",2026-05-25 09:28:59 +00:00,2026-06-25 19:41:11 +00:00
https://wassersfurniture.com/products/roll-keramik-dining-table-oval,200,,0,0,0,0,0,"Roll Keramik Dining Table: Oval
 – wassersfurniture",2026-05-25 07:45:56 +00:00,2026-06-25 18:25:22 +00:00
https://wassersfurniture.com/products/cilindro-desk-ceramic-top,200,,0,0,0,0,0,"Cilindro Desk: Ceramic Top
 – wassersfurniture",2026-05-25 06:18:05 +00:00,2026-06-25 17:08:00 +00:00
https://wassersfurniture.com/products/giano-keramik-premium-round-dining-table,200,,0,0,0,0,0,"Giano Keramik Premium Round Dining Table
 – wassersfurniture",2026-05-25 04:43:18 +00:00,2026-06-25 15:52:00 +00:00
https://wassersfurniture.com/products/boulevard-keramik-drive-dining-table,200,,0,0,0,0,0,"Boulevard Keramik Drive Dining Table
 – wassersfurniture",2026-05-25 03:10:02 +00:00,2026-06-25 14:36:23 +00:00
https://wassersfurniture.com/products/arx-floor-lamp,200,,0,0,0,0,0,"Arx Floor Lamp
 – wassersfurniture",2026-05-25 01:04:07 +00:00,2026-06-25 13:24:00 +00:00
https://wassersfurniture.com/products/rhonda-bar-counter-stool,200,,0,0,0,0,0,"Rhonda Bar + Counter Stool
 – wassersfurniture",2026-05-24 23:14:23 +00:00,2026-06-25 12:12:28 +00:00
https://wassersfurniture.com/products/rhonda-dining-chair,200,,0,0,0,0,0,"Rhonda Dining Chair
 – wassersfurniture",2026-05-24 21:40:16 +00:00,2026-06-25 10:56:26 +00:00
https://wassersfurniture.com/products/lenny-wood-trestle-dining-chair,200,,0,0,0,0,0,"Lenny Wood Trestle Dining Chair
 – wassersfurniture",2026-05-24 18:29:48 +00:00,2026-06-25 09:43:51 +00:00
https://wassersfurniture.com/products/greta-bar-stool,200,,0,0,0,0,0,"Greta Bar Stool
 – wassersfurniture",2026-05-24 16:39:29 +00:00,2026-06-25 08:24:57 +00:00
https://wassersfurniture.com/products/atari-square-coffee-table,200,,0,0,0,0,0,"Atari Square Coffee Table
 – wassersfurniture",2026-05-24 14:29:04 +00:00,2026-06-25 07:06:53 +00:00
https://wassersfurniture.com/products/bottone-coat-hanger-set,200,,0,0,0,0,0,"Bottone Coat Hanger Set
 – wassersfurniture",2026-05-24 12:36:02 +00:00,2026-06-25 05:47:37 +00:00
https://wassersfurniture.com/products/breckenridge-recliner,200,,0,0,0,0,0,"Breckenridge Recliner
 – wassersfurniture",2026-06-23 14:40:10 +00:00,2026-06-23 14:40:10 +00:00
https://wassersfurniture.com/products/cilindro-bistro-table-wood-top,200,,0,0,0,0,0,"Cilindro Bistro Table: Wood Top
 – wassersfurniture",2026-06-23 13:54:05 +00:00,2026-06-23 13:54:05 +00:00
https://wassersfurniture.com/products/planer-keramik-dining-table-rectangle,200,,0,0,0,0,0,"Planer Keramik Dining Table: Rectangle
 – wassersfurniture",2026-06-23 13:08:32 +00:00,2026-06-23 13:08:32 +00:00
https://wassersfurniture.com/products/valentinox-console-table,200,,0,0,0,0,0,"Valentinox Console Table
 – wassersfurniture",2026-06-23 12:23:23 +00:00,2026-06-23 12:23:23 +00:00
https://wassersfurniture.com/products/papel-keramik-dining-table-rectangle,200,,0,0,0,0,0,"Papel Keramik Dining Table: Rectangle
 – wassersfurniture",2026-06-23 11:36:33 +00:00,2026-06-23 11:36:33 +00:00
https://wassersfurniture.com/products/botero-keramik-dining-table-oval,200,,0,0,0,0,0,"Botero Keramik Dining Table: Oval
 – wassersfurniture",2026-06-23 10:53:18 +00:00,2026-06-23 10:53:18 +00:00
https://wassersfurniture.com/products/rado-keramik-console-table,200,,0,0,0,0,0,"Rado Keramik Console Table
 – wassersfurniture",2026-06-23 10:10:05 +00:00,2026-06-23 10:10:05 +00:00
https://wassersfurniture.com/products/onda-console-table-ceramic-top,200,,0,0,0,0,0,"Onda Console Table: Ceramic Top
 – wassersfurniture",2026-06-23 09:22:50 +00:00,2026-06-23 09:22:50 +00:00
https://wassersfurniture.com/products/nido-coffee-table-glass-top,200,,0,0,0,0,0,"Nido Coffee Table: Glass Top
 – wassersfurniture",2026-06-23 08:22:13 +00:00,2026-06-23 08:22:13 +00:00
https://wassersfurniture.com/products/cora-coffee-table,200,,0,0,0,0,0,"Cora Coffee Table
 – wassersfurniture",2026-06-23 07:39:29 +00:00,2026-06-23 07:39:29 +00:00
https://wassersfurniture.com/products/dragon-keramik-dining-table-biscuit,200,,0,0,0,0,0,"Dragon Keramik Dining Table: Biscuit
 – wassersfurniture",2026-06-23 06:57:12 +00:00,2026-06-23 06:57:12 +00:00
https://wassersfurniture.com/products/dragon-keramik-sag-dining-table,200,,0,0,0,0,0,"Dragon Keramik Sag Dining Table
 – wassersfurniture",2026-06-23 05:33:59 +00:00,2026-06-23 05:33:59 +00:00
https://wassersfurniture.com/products/camilla-ml-lounge-chair,200,,0,0,0,0,0,"Camilla ML Lounge Chair
 – wassersfurniture",2026-06-23 04:50:46 +00:00,2026-06-23 04:50:46 +00:00
https://wassersfurniture.com/products/sofia-dining-chair,200,,0,0,0,0,0,"Sofia Dining Chair
 – wassersfurniture",2026-06-23 04:04:26 +00:00,2026-06-23 04:04:26 +00:00
https://wassersfurniture.com/products/ulisse-wall-mirror,200,,0,0,0,0,0,"Ulisse Wall Mirror
 – wassersfurniture",2026-06-23 03:21:02 +00:00,2026-06-23 03:21:02 +00:00
https://wassersfurniture.com/products/chrishell-ml-dining-chair,200,,0,0,0,0,0,"Chrishell ML Dining Chair
 – wassersfurniture",2026-06-23 02:35:55 +00:00,2026-06-23 02:35:55 +00:00
https://wassersfurniture.com/products/storm-desk,200,,0,0,0,0,0,"Storm Desk
 – wassersfurniture",2026-06-23 01:49:16 +00:00,2026-06-23 01:49:16 +00:00
https://wassersfurniture.com/products/ruby-lounge-chair,200,,0,0,0,0,0,"Ruby Lounge Chair
 – wassersfurniture",2026-06-23 01:02:03 +00:00,2026-06-23 01:02:03 +00:00
https://wassersfurniture.com/products/lennox-comfort-relax-recliner-chair-four-star-base,404,,0,0,0,0,0,,2026-06-20 04:02:25 +00:00,2026-06-20 04:02:25 +00:00
https://wassersfurniture.com/products/totem-mini-up-downlight-pendant,200,,0,0,0,0,0,"Totem Mini Up + Downlight Pendant
 – wassersfurniture",2026-06-20 02:47:39 +00:00,2026-06-20 02:47:39 +00:00
https://wassersfurniture.com/products/whitby-swivel-glider-chair,200,,0,0,0,0,0,"Whitby Swivel Glider Chair
 – wassersfurniture",2026-06-20 01:33:31 +00:00,2026-06-20 01:33:31 +00:00
https://wassersfurniture.com/products/totem-flush-downlight-c,200,,0,0,0,0,0,"Totem Flush Downlight: C
 – wassersfurniture",2026-06-20 00:17:34 +00:00,2026-06-20 00:17:34 +00:00
https://wassersfurniture.com/products/lennox-comfort-relax-recliner-chair-tulip-base,404,,0,0,0,0,0,,2026-06-19 23:01:46 +00:00,2026-06-19 23:01:46 +00:00
https://wassersfurniture.com/products/sarasota-sofa,200,,0,0,0,0,0,"Sarasota Sofa
 – wassersfurniture",2026-06-19 21:42:49 +00:00,2026-06-19 21:42:49 +00:00
https://wassersfurniture.com/products/lawson-lounge-chair,200,,0,0,0,0,0,"Lawson Lounge Chair
 – wassersfurniture",2026-06-19 19:20:25 +00:00,2026-06-19 19:20:25 +00:00
https://wassersfurniture.com/products/nicholas-accent-chair,200,,0,0,0,0,0,"Nicholas Accent Chair
 – wassersfurniture",2026-06-19 17:50:04 +00:00,2026-06-19 17:50:04 +00:00
https://wassersfurniture.com/products/luca-comfort-relax-recliner-chair-four-star-base,404,,0,0,0,0,0,,2026-06-19 16:25:03 +00:00,2026-06-19 16:25:03 +00:00
https://wassersfurniture.com/products/totem-flush-downlight-a,200,,0,0,0,0,0,"Totem Flush Downlight: A
 – wassersfurniture",2026-06-19 15:04:49 +00:00,2026-06-19 15:04:49 +00:00
https://wassersfurniture.com/products/remi-comfort-relax-ottoman,200,,0,0,0,0,0,"Remi Comfort Relax Ottoman
 – wassersfurniture",2026-06-19 13:46:27 +00:00,2026-06-19 13:46:27 +00:00
https://wassersfurniture.com/products/lumen-sofa-collection,200,,0,0,0,0,0,"Lumen Sofa Collection
 – wassersfurniture",2026-06-19 12:29:43 +00:00,2026-06-19 12:29:43 +00:00
https://wassersfurniture.com/products/parker-chair,200,,0,0,0,0,0,"Parker Chair
 – wassersfurniture",2026-06-19 11:10:20 +00:00,2026-06-19 11:10:20 +00:00
https://wassersfurniture.com/products/pileus-l-series-recliner,200,,0,0,0,0,0,"Pileus L Series Recliner
 – wassersfurniture",2026-06-19 09:46:49 +00:00,2026-06-19 09:46:49 +00:00
https://wassersfurniture.com/products/nicholas-ottoman,200,,0,0,0,0,0,"Nicholas Ottoman
 – wassersfurniture",2026-06-19 08:28:03 +00:00,2026-06-19 08:28:03 +00:00
https://wassersfurniture.com/products/wallace-accent-chair,200,,0,0,0,0,0,"Wallace Accent Chair
 – wassersfurniture",2026-06-19 07:09:01 +00:00,2026-06-19 07:09:01 +00:00
https://wassersfurniture.com/products/siena-sectional-sofa,200,,0,0,0,0,0,"Siena Sectional Sofa
 – wassersfurniture",2026-06-19 02:59:19 +00:00,2026-06-19 02:59:19 +00:00
https://wassersfurniture.com/products/totem-sconce,200,,0,0,0,0,0,"Totem Sconce
 – wassersfurniture",2026-06-19 01:32:09 +00:00,2026-06-19 01:32:09 +00:00
https://wassersfurniture.com/products/totem-puck,200,,0,0,0,0,0,"Totem Puck
 – wassersfurniture",2026-06-18 22:29:55 +00:00,2026-06-18 22:29:55 +00:00
https://wassersfurniture.com/products/sulley-comfort-sleeper-sectional-sofa,200,,0,0,0,0,0,"Sulley Comfort Sleeper Sectional Sofa
 – wassersfurniture",2026-06-18 20:55:31 +00:00,2026-06-18 20:55:31 +00:00
https://wassersfurniture.com/products/sterling-comfort-relax-sofa,200,,0,0,0,0,0,"Sterling Comfort Relax Sofa Collection
 – wassersfurniture",2026-06-18 17:22:36 +00:00,2026-06-18 17:22:36 +00:00
https://wassersfurniture.com/products/soho-chair,200,,0,0,0,0,0,"Soho Chair
 – wassersfurniture",2026-06-18 17:14:01 +00:00,2026-06-18 17:14:01 +00:00
https://wassersfurniture.com/products/menlo-park-bed,200,,0,0,0,0,0,"Menlo Park Bed
 – wassersfurniture",2026-06-18 17:05:28 +00:00,2026-06-18 17:05:28 +00:00
https://wassersfurniture.com/products/waverly-chair,200,,0,0,0,0,0,"Waverly Chair
 – wassersfurniture",2026-06-18 16:56:58 +00:00,2026-06-18 16:56:58 +00:00
https://wassersfurniture.com/products/orion-accent-chair,200,,0,0,0,0,0,"Orion Accent Chair
 – wassersfurniture",2026-06-18 16:38:58 +00:00,2026-06-18 16:38:58 +00:00
https://wassersfurniture.com/products/totem-up-downlight-pendant,200,,0,0,0,0,0,"Totem Up + Downlight Pendant
 – wassersfurniture",2026-06-18 16:30:24 +00:00,2026-06-18 16:30:24 +00:00
https://wassersfurniture.com/products/menlo-park-sectional-sofa,200,,0,0,0,0,0,"Menlo Park Sectional Sofa
 – wassersfurniture",2026-06-18 16:17:10 +00:00,2026-06-18 16:17:10 +00:00
https://wassersfurniture.com/products/swell-single-pendant,200,,0,0,0,0,0,"Swell Single Pendant
 – wassersfurniture",2026-06-18 16:04:50 +00:00,2026-06-18 16:04:50 +00:00
https://wassersfurniture.com/products/matteo-sectional-sofa,200,,0,0,0,0,0,"Matteo Sectional Sofa
 – wassersfurniture",2026-06-18 15:50:03 +00:00,2026-06-18 15:50:03 +00:00
https://wassersfurniture.com/products/tali-petite-track-arm-sectional-sofa,200,,0,0,0,0,0,"Tali Petite Track Arm Sectional Sofa
 – wassersfurniture",2026-06-18 15:40:26 +00:00,2026-06-18 15:40:26 +00:00
https://wassersfurniture.com/products/pileus-comfort-air-ottoman,200,,0,0,0,0,0,"Pileus Comfort Air Ottoman
 – wassersfurniture",2026-06-18 15:31:45 +00:00,2026-06-18 15:31:45 +00:00
https://wassersfurniture.com/products/napa-recliner,200,,0,0,0,0,0,"Napa Recliner
 – wassersfurniture",2026-06-18 15:23:05 +00:00,2026-06-18 15:23:05 +00:00
https://wassersfurniture.com/products/tennessee-motion-recliner,200,,0,0,0,0,0,"Tennessee Motion Recliner
 – wassersfurniture",2026-06-18 15:14:31 +00:00,2026-06-18 15:14:31 +00:00
https://wassersfurniture.com/products/lanier-comfort-air-echo-base-recliner-chair,404,,0,0,0,0,0,,2026-06-18 15:05:05 +00:00,2026-06-18 15:05:05 +00:00
https://wassersfurniture.com/products/uma-mini-lantern,200,,0,0,0,0,0,"Uma Mini Lantern
 – wassersfurniture",2026-06-18 14:56:32 +00:00,2026-06-18 14:56:32 +00:00
https://wassersfurniture.com/products/remi-comfort-relax-recliner-tulip-base,200,,0,0,0,0,0,"Remi Comfort Relax Recliner: Tulip Base
 – wassersfurniture",2026-06-18 14:47:58 +00:00,2026-06-18 14:47:58 +00:00
https://wassersfurniture.com/products/steve-chair,200,,0,0,0,0,0,"Steve Chair
 – wassersfurniture",2026-06-18 14:39:17 +00:00,2026-06-18 14:39:17 +00:00
https://wassersfurniture.com/products/tennessee-motion-sofa-collection,200,,0,0,0,0,0,"Tennessee Motion Sofa Collection
 – wassersfurniture",2026-06-18 14:30:43 +00:00,2026-06-18 14:30:43 +00:00
https://wassersfurniture.com/products/t-o-floor-lamp,200,,0,0,0,0,0,"T.O Floor Lamp
 – wassersfurniture",2026-06-18 14:21:55 +00:00,2026-06-18 14:21:55 +00:00
https://wassersfurniture.com/products/sarasota-recliner-chair,404,,0,0,0,0,0,,2026-06-18 14:13:13 +00:00,2026-06-18 14:13:13 +00:00
https://wassersfurniture.com/products/totem-flush-downlight-d,200,,0,0,0,0,0,"Totem Flush Downlight: D
 – wassersfurniture",2026-06-18 13:55:55 +00:00,2026-06-18 13:55:55 +00:00
https://wassersfurniture.com/products/oscar-chair,200,,0,0,0,0,0,"Oscar Chair
 – wassersfurniture",2026-06-18 13:37:02 +00:00,2026-06-18 13:37:02 +00:00
https://wassersfurniture.com/products/lorimer-ottoman,200,,0,0,0,0,0,"Lorimer Ottoman
 – wassersfurniture",2026-06-18 13:28:22 +00:00,2026-06-18 13:28:22 +00:00
https://wassersfurniture.com/products/swell-string-pendant,200,,0,0,0,0,0,"Swell String Pendant
 – wassersfurniture",2026-06-18 13:19:30 +00:00,2026-06-18 13:19:30 +00:00
https://wassersfurniture.com/products/lanier-disc-base-recliner-chair,404,,0,0,0,0,0,,2026-06-18 13:10:16 +00:00,2026-06-18 13:10:16 +00:00
https://wassersfurniture.com/products/tube-top-table-lamp,200,,0,0,0,0,0,"Tube Top Table Lamp
 – wassersfurniture",2026-06-18 13:00:17 +00:00,2026-06-18 13:00:17 +00:00
https://wassersfurniture.com/products/sterling-comfort-relax-four-star-base-chair,404,,0,0,0,0,0,,2026-06-18 12:51:15 +00:00,2026-06-18 12:51:15 +00:00
https://wassersfurniture.com/products/totem-mini-up-downlight-table-lamp,200,,0,0,0,0,0,"Totem Mini Up + Downlight Table Lamp
 – wassersfurniture",2026-06-18 12:42:10 +00:00,2026-06-18 12:42:10 +00:00
https://wassersfurniture.com/products/zephyr-re-invented-recliner,200,,0,0,0,0,0,"Zephyr Re - Invented Recliner
 – wassersfurniture",2026-06-18 12:33:07 +00:00,2026-06-18 12:33:07 +00:00
https://wassersfurniture.com/products/marin-ottoman,200,,0,0,0,0,0,"Marin Ottoman
 – wassersfurniture",2026-06-18 12:23:53 +00:00,2026-06-18 12:23:53 +00:00
https://wassersfurniture.com/products/talia-table-lamp,200,,0,0,0,0,0,"Talia Table Lamp
 – wassersfurniture",2026-06-18 12:14:50 +00:00,2026-06-18 12:14:50 +00:00
https://wassersfurniture.com/products/marshall-accent-chair,200,,0,0,0,0,0,"Marshall Accent Chair
 – wassersfurniture",2026-06-18 11:46:50 +00:00,2026-06-18 11:46:50 +00:00
https://wassersfurniture.com/products/swell-flush-xl,200,,0,0,0,0,0,"Swell Flush XL
 – wassersfurniture",2026-06-18 11:37:03 +00:00,2026-06-18 11:37:03 +00:00
https://wassersfurniture.com/products/lennox-comfort-relax-disc-base-recliner,404,,0,0,0,0,0,,2026-06-18 11:08:17 +00:00,2026-06-18 11:08:17 +00:00
https://wassersfurniture.com/products/totem-downlight-pendant,200,,0,0,0,0,0,"Totem Downlight Pendant
 – wassersfurniture",2026-06-18 10:58:41 +00:00,2026-06-18 10:58:41 +00:00
https://wassersfurniture.com/products/luca-comfort-relax-recliner-chair-tulip-base,404,,0,0,0,0,0,,2026-06-18 10:48:16 +00:00,2026-06-18 10:48:16 +00:00
https://wassersfurniture.com/products/totem-mini-downlight-pendant,200,,0,0,0,0,0,"Totem Mini Downlight Pendant
 – wassersfurniture",2026-06-18 10:38:44 +00:00,2026-06-18 10:38:44 +00:00
https://wassersfurniture.com/products/rainier-comfort-air-ottoman,200,,0,0,0,0,0,"Rainier Comfort Air Ottoman
 – wassersfurniture",2026-06-18 10:29:10 +00:00,2026-06-18 10:29:10 +00:00
https://wassersfurniture.com/products/talia-floor-lamp,200,,0,0,0,0,0,"Talia Floor Lamp
 – wassersfurniture",2026-06-18 10:19:36 +00:00,2026-06-18 10:19:36 +00:00
https://wassersfurniture.com/products/pira-chair,200,,0,0,0,0,0,"Pira Chair
 – wassersfurniture",2026-06-18 10:09:56 +00:00,2026-06-18 10:09:56 +00:00
https://wassersfurniture.com/products/margo-rolled-arm-sectional-sofa,200,,0,0,0,0,0,"Margo Rolled Arm Sectional Sofa
 – wassersfurniture",2026-06-18 10:00:26 +00:00,2026-06-18 10:00:26 +00:00
https://wassersfurniture.com/products/quinton-recliner,200,,0,0,0,0,0,"Quinton Recliner
 – wassersfurniture",2026-06-18 09:50:15 +00:00,2026-06-18 09:50:15 +00:00
https://wassersfurniture.com/products/ontario-l-series-recliner-four-star-base,200,,0,0,0,0,0,"Ontario L-Series Recliner: Four Star Base
 – wassersfurniture",2026-06-18 09:40:37 +00:00,2026-06-18 09:40:37 +00:00
https://wassersfurniture.com/products/versa-ottoman,200,,0,0,0,0,0,"Versa Ottoman
 – wassersfurniture",2026-06-18 09:11:23 +00:00,2026-06-18 09:11:23 +00:00
https://wassersfurniture.com/products/t-o-pendant,200,,0,0,0,0,0,"T.O Pendant
 – wassersfurniture",2026-06-18 08:51:45 +00:00,2026-06-18 08:51:45 +00:00
https://wassersfurniture.com/products/t-o-table-lamp,200,,0,0,0,0,0,"T.O Table Lamp
 – wassersfurniture",2026-06-18 08:41:46 +00:00,2026-06-18 08:41:46 +00:00
https://wassersfurniture.com/products/parker-sofa,200,,0,0,0,0,0,"Parker Sofa
 – wassersfurniture",2026-06-18 08:31:47 +00:00,2026-06-18 08:31:47 +00:00
https://wassersfurniture.com/products/lisben-sectional-sofa,200,,0,0,0,0,0,"Lisben Sectional Sofa
 – wassersfurniture",2026-06-18 08:21:35 +00:00,2026-06-18 08:21:35 +00:00
https://wassersfurniture.com/products/remi-comfort-relax-recliner-disc-base,200,,0,0,0,0,0,"Remi Comfort Relax Recliner: Disc Base
 – wassersfurniture",2026-06-18 08:01:35 +00:00,2026-06-18 08:01:35 +00:00
https://wassersfurniture.com/products/odette-soft-curve-arm-sectional-sofa,200,,0,0,0,0,0,"Odette Soft Curve Arm Sectional Sofa
 – wassersfurniture",2026-06-18 07:40:01 +00:00,2026-06-18 07:40:01 +00:00
https://wassersfurniture.com/products/blues-sideboard,200,,0,0,0,0,0,"Blues Sideboard
 – wassersfurniture",2026-05-18 23:32:16 +00:00,2026-06-18 07:29:59 +00:00
https://wassersfurniture.com/products/melody-pendant-light,200,,0,0,0,0,0,"Melody Pendant Light
 – wassersfurniture",2026-05-19 00:34:46 +00:00,2026-06-18 07:19:34 +00:00
https://wassersfurniture.com/products/stratos-keramik-dining-table-sag,200,,0,0,0,0,0,"Stratos Keramik Dining Table: Sag
 – wassersfurniture",2026-05-20 08:03:12 +00:00,2026-06-18 07:09:30 +00:00
https://wassersfurniture.com/products/pepe-bar-counter-stool,200,,0,0,0,0,0,"Pepe Bar + Counter Stool
 – wassersfurniture",2026-05-20 09:02:07 +00:00,2026-06-18 06:59:25 +00:00
https://wassersfurniture.com/products/atrium-keramik-console-table,200,,0,0,0,0,0,"Atrium Keramik Console Table
 – wassersfurniture",2026-05-20 11:15:07 +00:00,2026-06-18 06:49:22 +00:00
https://wassersfurniture.com/products/nasdaq-keramik-office-desk,200,,0,0,0,0,0,"Nasdaq Keramik Office Desk
 – wassersfurniture",2026-05-20 12:34:02 +00:00,2026-06-18 06:39:13 +00:00
https://wassersfurniture.com/products/cuba-keramik-bistrot-table,200,,0,0,0,0,0,"Cuba Keramik Bistrot Table
 – wassersfurniture",2026-05-20 13:54:28 +00:00,2026-06-18 06:28:17 +00:00
https://wassersfurniture.com/products/toto-height-adjustable-bar-stool,200,,0,0,0,0,0,"Toto Height Adjustable Bar Stool
 – wassersfurniture",2026-05-20 15:09:58 +00:00,2026-06-18 06:17:52 +00:00
https://wassersfurniture.com/products/barcelona-lounge-chair,200,,0,0,0,0,0,"Barcelona Lounge Chair
 – wassersfurniture",2026-05-20 16:28:16 +00:00,2026-06-18 06:05:46 +00:00
https://wassersfurniture.com/products/tour-console-table-wooden-top,200,,0,0,0,0,0,"Tour Console Table: Wooden Top
 – wassersfurniture",2026-05-20 17:41:52 +00:00,2026-06-18 05:55:20 +00:00
https://wassersfurniture.com/products/terrace-console-table,200,,0,0,0,0,0,"Terrace Console table
 – wassersfurniture",2026-05-20 18:55:39 +00:00,2026-06-18 05:45:01 +00:00
https://wassersfurniture.com/products/carson-classic-motion-sofa,200,,0,0,0,0,0,"Carson Classic Motion Sofa
 – wassersfurniture",2026-05-20 20:02:12 +00:00,2026-06-18 05:34:28 +00:00
https://wassersfurniture.com/products/dora-dining-table-glass-top,200,,0,0,0,0,0,"Dora Dining Table: Glass Top
 – wassersfurniture",2026-05-20 21:10:52 +00:00,2026-06-18 05:23:16 +00:00
https://wassersfurniture.com/products/cloud-comfort-air-echo-recliner-chair-four-star-base,404,,0,0,0,0,0,,2026-06-18 05:12:40 +00:00,2026-06-18 05:12:40 +00:00
https://wassersfurniture.com/products/harbour-modular-bookcase,200,,0,0,0,0,0,"Harbour Modular Bookcase
 – wassersfurniture",2026-05-20 23:39:12 +00:00,2026-06-18 05:01:11 +00:00
https://wassersfurniture.com/products/bea-diamond-dining-chair,200,,0,0,0,0,0,"Bea Diamond Dining Chair
 – wassersfurniture",2026-05-21 00:45:24 +00:00,2026-06-18 04:50:34 +00:00
https://wassersfurniture.com/products/napoleon-keramik-dining-table-biscuit,200,,0,0,0,0,0,"Napoleon Keramik Dining Table: Biscuit
 – wassersfurniture",2026-05-21 01:43:23 +00:00,2026-06-18 04:40:05 +00:00
https://wassersfurniture.com/products/fulham-bookcase,200,,0,0,0,0,0,"Fulham Bookcase
 – wassersfurniture",2026-05-21 02:15:50 +00:00,2026-06-18 04:28:36 +00:00
https://wassersfurniture.com/products/lady-swivel-chair-4-ways-base,200,,0,0,0,0,0,"Lady Swivel Chair: 4 Ways Base
 – wassersfurniture",2026-05-21 02:26:32 +00:00,2026-06-18 04:17:00 +00:00
https://wassersfurniture.com/products/era-height-adjustable-stool-swivel-base,200,,0,0,0,0,0,"Era Height Adjustable Bar Stool: Swivel Base
 – wassersfurniture",2026-05-21 02:34:28 +00:00,2026-06-18 04:06:05 +00:00
https://wassersfurniture.com/products/maya-flex-dining-chair,200,,0,0,0,0,0,"Maya Flex Dining Chair
 – wassersfurniture",2026-05-21 07:06:46 +00:00,2026-06-18 03:55:20 +00:00
https://wassersfurniture.com/products/cirrus-comfort-air-echo-recliner-chair,404,,0,0,0,0,0,,2026-06-18 03:44:39 +00:00,2026-06-18 03:44:39 +00:00
https://wassersfurniture.com/products/matteo-curved-sofa,200,,0,0,0,0,0,"Matteo Curved Sofa
 – wassersfurniture",2026-06-18 03:33:58 +00:00,2026-06-18 03:33:58 +00:00
https://wassersfurniture.com/products/atrium-masterwood-dining-table,200,,0,0,0,0,0,"Atrium Masterwood Dining Table
 – wassersfurniture",2026-05-21 16:04:37 +00:00,2026-06-18 03:23:24 +00:00
https://wassersfurniture.com/products/rolli-mirror,200,,0,0,0,0,0,"Rolli Mirror
 – wassersfurniture",2026-05-21 20:02:16 +00:00,2026-06-18 03:01:51 +00:00
https://wassersfurniture.com/products/botero-ker-wood-round-dining-table,200,,0,0,0,0,0,"Botero Ker-Wood Round Dining Table
 – wassersfurniture",2026-05-21 23:40:56 +00:00,2026-06-18 02:50:59 +00:00
https://wassersfurniture.com/products/ginger-dining-chair,200,,0,0,0,0,0,"Ginger Dining Chair
 – wassersfurniture",2026-05-22 04:23:10 +00:00,2026-06-18 02:40:01 +00:00
https://wassersfurniture.com/products/dino-coffee-table,200,,0,0,0,0,0,"Dino Coffee Table
 – wassersfurniture",2026-05-22 09:53:06 +00:00,2026-06-18 02:29:00 +00:00
https://wassersfurniture.com/products/chantal-grand-track-arm-sectional-sofa,200,,0,0,0,0,0,"Chantal Grand Track Arm Sectional Sofa
 – wassersfurniture",2026-05-22 14:04:30 +00:00,2026-06-18 02:17:55 +00:00
https://wassersfurniture.com/products/simon-recliner,200,,0,0,0,0,0,"Simon Recliner
 – wassersfurniture",2026-06-18 01:54:30 +00:00,2026-06-18 01:54:30 +00:00
https://wassersfurniture.com/collections/american-leather,200,,0,0,0,0,0,"American Leather Furniture South Florida | Wasser's Exclusive Furniture
 – wassersfurniture",2026-06-07 17:12:21 +00:00,2026-06-18 01:30:14 +00:00
https://wassersfurniture.com/products/mykonos-modular-sofa,200,,0,0,0,0,0,"Mykonos Modular Sofa
 – wassersfurniture",2026-05-14 21:01:57 +00:00,2026-06-18 01:18:45 +00:00
https://wassersfurniture.com/products/premier-wood-drive-extendable-dining-table,200,,0,0,0,0,0,"Premier Wood Drive Extendable Dining Table
 – wassersfurniture",2026-05-14 18:59:47 +00:00,2026-06-18 01:06:27 +00:00
https://wassersfurniture.com/products/skorpio-dining-table-sag,200,,0,0,0,0,0,"Skorpio Dining Table: Sag
 – wassersfurniture",2026-05-14 16:48:17 +00:00,2026-06-18 00:53:40 +00:00
https://wassersfurniture.com/products/senator-keramik-dining-table-polygon,200,,0,0,0,0,0,"Senator Keramik Dining Table: Polygon
 – wassersfurniture",2026-05-14 14:31:12 +00:00,2026-06-18 00:41:34 +00:00
https://wassersfurniture.com/products/kava-bed,200,,0,0,0,0,0,"Kava Bed
 – wassersfurniture",2026-05-14 12:01:31 +00:00,2026-06-18 00:30:09 +00:00
https://wassersfurniture.com/products/napoleon-keramik-dining-table-oval,200,,0,0,0,0,0,"Napoleon Keramik Dining Table: Oval
 – wassersfurniture",2026-05-14 08:48:02 +00:00,2026-06-18 00:18:02 +00:00
https://wassersfurniture.com/products/lisa-dining-chair-cantilever-base,200,,0,0,0,0,0,"Lisa Dining Chair: Cantilever Base
 – wassersfurniture",2026-05-14 04:39:53 +00:00,2026-06-18 00:03:30 +00:00
https://wassersfurniture.com/products/dodo-bistro-table-wood-top,200,,0,0,0,0,0,"Dodo Bistro Table: Wood Top
 – wassersfurniture",2026-05-14 04:36:41 +00:00,2026-06-17 23:44:09 +00:00
https://wassersfurniture.com/products/nasdaq-office-desk,200,,0,0,0,0,0,"Nasdaq Office Desk
 – wassersfurniture",2026-05-14 04:33:02 +00:00,2026-06-17 23:22:24 +00:00
https://wassersfurniture.com/products/asia-dining-chair,200,,0,0,0,0,0,"Asia Dining Chair
 – wassersfurniture",2026-05-14 04:29:16 +00:00,2026-06-17 23:00:36 +00:00
https://wassersfurniture.com/products/callum-recliner-chair,404,,0,0,0,0,0,,2026-05-14 04:25:23 +00:00,2026-06-17 22:38:02 +00:00
https://wassersfurniture.com/products/como-comfort-air-echo-recliner-chair,404,,0,0,0,0,0,,2026-06-17 22:08:44 +00:00,2026-06-17 22:08:44 +00:00
https://wassersfurniture.com/products/benny-coffee-table,200,,0,0,0,0,0,"Benny Coffee Table
 – wassersfurniture",2026-05-14 04:09:11 +00:00,2026-06-17 21:34:41 +00:00
https://wassersfurniture.com/products/ted-bistro-table-wood-top,200,,0,0,0,0,0,"Ted Bistro Table: Wood Top
 – wassersfurniture",2026-05-14 03:48:54 +00:00,2026-06-17 21:03:49 +00:00
https://wassersfurniture.com/products/nash-chair,200,,0,0,0,0,0,"Nash Chair
 – wassersfurniture",2026-06-17 20:33:40 +00:00,2026-06-17 20:33:40 +00:00
https://wassersfurniture.com/products/isabel-ml-dining-chair,200,,0,0,0,0,0,"Isabel ML Dining Chair
 – wassersfurniture",2026-05-13 17:33:36 +00:00,2026-06-15 13:57:00 +00:00
https://wassersfurniture.com/products/phoenix-chandelier,200,,0,0,0,0,0,"Phoenix Chandelier
 – wassersfurniture",2026-05-13 16:40:39 +00:00,2026-06-15 13:27:47 +00:00
https://wassersfurniture.com/products/onda-dining-table-wood-top,200,,0,0,0,0,0,"Onda Dining Table: Wood Top
 – wassersfurniture",2026-05-13 15:48:47 +00:00,2026-06-15 13:11:30 +00:00
https://wassersfurniture.com/products/totem-table-lamp-double,200,,0,0,0,0,0,"Totem Table Lamp: Double
 – wassersfurniture",2026-06-15 12:58:28 +00:00,2026-06-15 12:58:28 +00:00
https://wassersfurniture.com/products/dorian-dining-table-ceramic-top,200,,0,0,0,0,0,"Dorian Dining Table: Ceramic Top
 – wassersfurniture",2026-05-13 14:52:55 +00:00,2026-06-15 12:43:31 +00:00
https://wassersfurniture.com/products/rhonda-lounge-swivel-armchair,200,,0,0,0,0,0,"Rhonda Lounge Swivel Armchair
 – wassersfurniture",2026-05-13 13:41:50 +00:00,2026-06-15 12:25:39 +00:00
https://wassersfurniture.com/products/febe-low-coffee-table-ceramic-top,200,,0,0,0,0,0,"Febe Low Coffee Table: Ceramic Top
 – wassersfurniture",2026-05-13 12:43:14 +00:00,2026-06-15 11:36:31 +00:00
https://wassersfurniture.com/products/planer-ker-wood-round-dining-table-swivel-top,200,,0,0,0,0,0,"Planer Ker - Wood Round Dining Table: Swivel Top
 – wassersfurniture",2026-05-13 11:47:57 +00:00,2026-06-15 11:20:06 +00:00
https://wassersfurniture.com/products/skorpio-keramik-round-dining-table,200,,0,0,0,0,0,"Skorpio Keramik Round Dining Table
 – wassersfurniture",2026-05-13 10:41:30 +00:00,2026-06-15 11:03:34 +00:00
https://wassersfurniture.com/products/aviator-keramik-lift-dining-table,200,,0,0,0,0,0,"Aviator Keramik Lift Dining Table
 – wassersfurniture",2026-05-13 09:32:20 +00:00,2026-06-15 10:45:46 +00:00
https://wassersfurniture.com/products/espen-ottoman-grand,200,,0,0,0,0,0,"Espen Ottoman
 – wassersfurniture",2026-05-13 08:13:39 +00:00,2026-06-15 10:30:45 +00:00
https://wassersfurniture.com/products/revie-chair,200,,0,0,0,0,0,"Revie Chair
 – wassersfurniture",2026-06-15 09:58:49 +00:00,2026-06-15 09:58:49 +00:00
https://wassersfurniture.com/products/lisa-bar-counter-stool-4-metal-legs,200,,0,0,0,0,0,"Lisa Bar + Counter Stool: 4 Metal Legs
 – wassersfurniture",2026-05-14 23:06:26 +00:00,2026-06-15 09:39:35 +00:00
https://wassersfurniture.com/products/corridor-triple-cabinet,200,,0,0,0,0,0,"Corridor Triple Cabinet
 – wassersfurniture",2026-05-15 01:28:21 +00:00,2026-06-15 09:18:07 +00:00
https://wassersfurniture.com/products/magda-couture-bar-counter-stool,200,,0,0,0,0,0,"Magda Couture Bar + Counter Stool
 – wassersfurniture",2026-05-15 03:46:45 +00:00,2026-06-15 08:58:12 +00:00
https://wassersfurniture.com/products/atrium-keramik-dining-table-sag,200,,0,0,0,0,0,"Atrium Keramik Dining Table: Sag
 – wassersfurniture",2026-05-15 06:03:19 +00:00,2026-06-15 08:37:05 +00:00
https://wassersfurniture.com/products/jerry-magazine-rack,200,,0,0,0,0,0,"Jerry Magazine Rack
 – wassersfurniture",2026-05-15 08:31:42 +00:00,2026-06-15 07:55:39 +00:00
https://wassersfurniture.com/products/altea-stitch-dining-chair,200,,0,0,0,0,0,"Altea Stitch Dining Chair
 – wassersfurniture",2026-05-15 11:05:30 +00:00,2026-06-15 07:15:47 +00:00
https://wassersfurniture.com/products/teo-dining-table-ceramic-king-top,200,,0,0,0,0,0,"Teo Dining Table: Ceramic King Top
 – wassersfurniture",2026-05-15 13:25:42 +00:00,2026-06-15 06:31:01 +00:00
https://wassersfurniture.com/products/yoda-dining-table,200,,0,0,0,0,0,"Yoda Dining Table
 – wassersfurniture",2026-05-15 15:38:09 +00:00,2026-06-15 05:39:00 +00:00
https://wassersfurniture.com/products/alma-sideboard,200,,0,0,0,0,0,"Alma Sideboard
 – wassersfurniture",2026-05-15 18:20:57 +00:00,2026-06-15 04:49:49 +00:00
https://wassersfurniture.com/products/max-diamond-bar-counter-stool-wooden-base,200,,0,0,0,0,0,"Max Diamond Bar + Counter Stool: Wooden Base
 – wassersfurniture",2026-05-15 20:48:37 +00:00,2026-06-15 03:59:03 +00:00
https://wassersfurniture.com/products/kirty-wall-mirror,200,,0,0,0,0,0,"Kirty Wall Mirror
 – wassersfurniture",2026-05-15 23:20:02 +00:00,2026-06-15 03:09:45 +00:00
https://wassersfurniture.com/products/sendai-rug-rectangle,200,,0,0,0,0,0,"Sendai Rug: Rectangle
 – wassersfurniture",2026-05-16 01:55:45 +00:00,2026-06-15 02:24:52 +00:00
https://wassersfurniture.com/products/lara-dining-chair-4-wooden-legs,200,,0,0,0,0,0,"Lara Dining Chair: 4 Wooden Legs
 – wassersfurniture",2026-05-16 04:30:49 +00:00,2026-06-15 01:26:46 +00:00
https://wassersfurniture.com/products/sterling-comfort-relax-disc-base-chair,404,,0,0,0,0,0,,2026-06-15 00:03:50 +00:00,2026-06-15 00:03:50 +00:00
https://wassersfurniture.com/products/nanum-pendant,200,,0,0,0,0,0,"Nanum Pendant
 – wassersfurniture",2026-05-16 07:09:33 +00:00,2026-06-14 22:50:42 +00:00
https://wassersfurniture.com/products/rachel-wood-dining-chair,200,,0,0,0,0,0,"Rachel Wood Dining Chair
 – wassersfurniture",2026-05-16 09:57:07 +00:00,2026-06-14 22:06:43 +00:00
https://wassersfurniture.com/products/stealth-floor-lamp,200,,0,0,0,0,0,"Stealth Floor Lamp
 – wassersfurniture",2026-05-16 12:29:07 +00:00,2026-06-14 21:15:43 +00:00
https://wassersfurniture.com/products/tahiti-trousse-dressing-desk,200,,0,0,0,0,0,"Tahiti Trousse Dressing Desk
 – wassersfurniture",2026-05-16 14:42:45 +00:00,2026-06-14 20:32:15 +00:00
https://wassersfurniture.com/products/cilindro-low-coffee-table-glass-top,200,,0,0,0,0,0,"Cilindro Low Coffee Table: Glass Top
 – wassersfurniture",2026-05-16 16:55:07 +00:00,2026-06-14 19:35:12 +00:00
https://wassersfurniture.com/products/atrium-ker-wood-round-dining-table-with-swivel-insert,200,,0,0,0,0,0,"Atrium Ker - Wood Round Dining Table with Swivel Insert
 – wassersfurniture",2026-05-16 18:59:07 +00:00,2026-06-14 18:39:42 +00:00
https://wassersfurniture.com/products/cirrus-comfort-air-ottoman,200,,0,0,0,0,0,"Cirrus Comfort Air Ottoman
 – wassersfurniture",2026-05-16 20:54:52 +00:00,2026-06-14 17:32:12 +00:00
https://wassersfurniture.com/products/betty-dining-chair,200,,0,0,0,0,0,"Betty Dining Chair
 – wassersfurniture",2026-05-16 22:37:17 +00:00,2026-06-14 16:48:29 +00:00
https://wassersfurniture.com/products/dodo-bistro-table-marble-top,200,,0,0,0,0,0,"Dodo Bistro Table: Marble Top
 – wassersfurniture",2026-05-17 00:15:27 +00:00,2026-06-14 16:14:41 +00:00
https://wassersfurniture.com/products/amerigo-coffee-table,200,,0,0,0,0,0,"Amerigo Coffee Table
 – wassersfurniture",2026-05-17 01:59:03 +00:00,2026-06-14 15:06:27 +00:00
https://wassersfurniture.com/products/giano-crystalart-dining-table-rectangle,200,,0,0,0,0,0,"Giano Crystalart Dining Table: Rectangle
 – wassersfurniture",2026-05-17 03:25:35 +00:00,2026-06-14 14:28:02 +00:00
https://wassersfurniture.com/products/era-swivel-armchair-5-ways-base,200,,0,0,0,0,0,"Era Swivel Armchair: 5 Ways Base
 – wassersfurniture",2026-05-17 05:08:10 +00:00,2026-06-14 13:51:16 +00:00
https://wassersfurniture.com/products/tee-console-table,200,,0,0,0,0,0,"Tee Console Table
 – wassersfurniture",2026-05-17 06:38:35 +00:00,2026-06-14 13:14:06 +00:00
https://wassersfurniture.com/products/elvis-wood-drive-extendable-dining-table,200,,0,0,0,0,0,"Elvis Wood Drive Extendable Dining Table
 – wassersfurniture",2026-05-17 07:54:36 +00:00,2026-06-14 12:32:16 +00:00
https://wassersfurniture.com/products/sendai-rug-sag,200,,0,0,0,0,0,"Sendai Rug: Sag
 – wassersfurniture",2026-05-17 09:51:06 +00:00,2026-06-14 11:45:09 +00:00
https://wassersfurniture.com/products/yago-side-table,200,,0,0,0,0,0,"Yago Side Table
 – wassersfurniture",2026-05-17 11:24:01 +00:00,2026-06-14 10:52:09 +00:00
https://wassersfurniture.com/products/kiss-height-adjustable-stool,200,,0,0,0,0,0,"Kiss Height Adjustable Stool
 – wassersfurniture",2026-05-17 12:59:47 +00:00,2026-06-14 09:51:30 +00:00
https://wassersfurniture.com/products/atelier-showcase,200,,0,0,0,0,0,"Atelier Showcase
 – wassersfurniture",2026-05-17 14:21:16 +00:00,2026-06-14 09:06:06 +00:00
https://wassersfurniture.com/products/magellano-magnum-suspension-light,200,,0,0,0,0,0,"Magellano Magnum Suspension Light
 – wassersfurniture",2026-05-17 15:33:57 +00:00,2026-06-14 08:28:55 +00:00
https://wassersfurniture.com/products/amadeus-bed,200,,0,0,0,0,0,"Amadeus Bed
 – wassersfurniture",2026-05-17 16:54:13 +00:00,2026-06-14 07:47:03 +00:00
https://wassersfurniture.com/products/dna-bookcase,200,,0,0,0,0,0,"DNA Bookcase
 – wassersfurniture",2026-05-17 18:10:11 +00:00,2026-06-14 07:11:10 +00:00
https://wassersfurniture.com/products/isabel-dining-chair,200,,0,0,0,0,0,"Isabel Dining Chair
 – wassersfurniture",2026-05-17 19:41:07 +00:00,2026-06-14 06:33:47 +00:00
https://wassersfurniture.com/products/alma-diamond-tv-cabinet,200,,0,0,0,0,0,"Alma Diamond TV Cabinet
 – wassersfurniture",2026-05-17 21:02:24 +00:00,2026-06-14 05:46:08 +00:00
https://wassersfurniture.com/products/helix-coffee-table-square,200,,0,0,0,0,0,"Helix Coffee Table: Square
 – wassersfurniture",2026-05-17 22:14:39 +00:00,2026-06-14 04:52:43 +00:00
https://wassersfurniture.com/products/daley-sofa,200,,0,0,0,0,0,"Daley Sofa
 – wassersfurniture",2026-05-17 23:27:09 +00:00,2026-06-14 03:58:59 +00:00
https://wassersfurniture.com/products/carioca-round-dining-table,200,,0,0,0,0,0,"Carioca Round Dining Table
 – wassersfurniture",2026-05-18 00:52:38 +00:00,2026-06-14 02:59:07 +00:00
https://wassersfurniture.com/products/tyron-wood-dining-table-barrel-top,200,,0,0,0,0,0,"Tyron Wood Dining Table: Barrel Top
 – wassersfurniture",2026-05-18 02:25:12 +00:00,2026-06-14 02:01:56 +00:00
https://wassersfurniture.com/products/eileen-leaning-wall-shelf,200,,0,0,0,0,0,"Eileen Leaning Wall Shelf
 – wassersfurniture",2026-05-18 03:52:23 +00:00,2026-06-14 01:16:03 +00:00
https://wassersfurniture.com/products/norma-ml-couture-dining-chair,200,,0,0,0,0,0,"Norma ML Couture Dining Chair
 – wassersfurniture",2026-05-18 05:30:33 +00:00,2026-06-14 00:18:23 +00:00
https://wassersfurniture.com/products/sigma-dining-table,200,,0,0,0,0,0,"Sigma Dining Table
 – wassersfurniture",2026-05-18 06:52:02 +00:00,2026-06-13 22:37:47 +00:00
https://wassersfurniture.com/products/qwerty-desk,200,,0,0,0,0,0,"Qwerty Desk
 – wassersfurniture",2026-05-18 08:13:13 +00:00,2026-06-13 21:36:50 +00:00
https://wassersfurniture.com/products/leia-recliner-chair,404,,0,0,0,0,0,,2026-06-13 20:41:36 +00:00,2026-06-13 20:41:36 +00:00
https://wassersfurniture.com/products/indy-swivel-chair-4-spokes-base,200,,0,0,0,0,0,"Indy Swivel Chair: 4 Spokes Base
 – wassersfurniture",2026-05-18 10:19:00 +00:00,2026-06-13 19:37:50 +00:00
https://wassersfurniture.com/products/altea-dining-chair,200,,0,0,0,0,0,"Altea Dining Chair
 – wassersfurniture",2026-05-18 11:55:01 +00:00,2026-06-13 18:47:03 +00:00
https://wassersfurniture.com/products/perla-dining-table-ceramic-top,200,,0,0,0,0,0,"Perla Dining Table: Ceramic Top
 – wassersfurniture",2026-05-18 13:21:13 +00:00,2026-06-13 18:06:58 +00:00
https://wassersfurniture.com/products/isidora-office-chair-5-ways-base,200,,0,0,0,0,0,"Isidora Office Chair: 5 Ways Base
 – wassersfurniture",2026-05-18 14:39:41 +00:00,2026-06-13 17:26:39 +00:00
https://wassersfurniture.com/products/regal-wall-mirror-rectangle,200,,0,0,0,0,0,"Regal Wall Mirror: Rectangle
 – wassersfurniture",2026-05-18 15:52:58 +00:00,2026-06-13 16:38:30 +00:00
https://wassersfurniture.com/products/radja-rug-round,200,,0,0,0,0,0,"Radja Rug: Round
 – wassersfurniture",2026-05-18 17:20:18 +00:00,2026-06-13 15:57:12 +00:00
https://wassersfurniture.com/products/linus-keramik-drive-extendable-dining-table,200,,0,0,0,0,0,"Linus Keramik Drive Extendable Dining Table
 – wassersfurniture",2026-05-18 18:55:57 +00:00,2026-06-13 15:18:45 +00:00
https://wassersfurniture.com/products/rounded-wall-mirror,200,,0,0,0,0,0,"Rounded Wall Mirror
 – wassersfurniture",2026-05-18 20:15:52 +00:00,2026-06-13 14:41:42 +00:00
https://wassersfurniture.com/products/brooklyn-sofa,200,,0,0,0,0,0,"Brooklyn Sofa
 – wassersfurniture",2026-05-18 21:18:15 +00:00,2026-06-13 14:01:51 +00:00
https://wassersfurniture.com/products/scott-masterwood-dining-table,200,,0,0,0,0,0,"Scott Masterwood Dining Table
 – wassersfurniture",2026-05-18 22:08:49 +00:00,2026-06-13 13:25:32 +00:00
https://wassersfurniture.com/products/sterling-comfort-relax-recliner-chair-tulip-base,404,,0,0,0,0,0,,2026-06-13 12:49:51 +00:00,2026-06-13 12:49:51 +00:00
https://wassersfurniture.com/products/luca-comfort-relax-recliner-chair-disc-base,404,,0,0,0,0,0,,2026-06-13 01:25:27 +00:00,2026-06-13 01:25:27 +00:00
https://wassersfurniture.com/products/kaden-motion-sofa,200,,0,0,0,0,0,"Kaden Motion Sofa
 – wassersfurniture",2026-06-11 15:59:25 +00:00,2026-06-11 15:59:25 +00:00
https://wassersfurniture.com/products/bola-disc-pendant,200,,0,0,0,0,0,"Bola Disc Pendant
 – wassersfurniture",2026-06-11 13:47:15 +00:00,2026-06-11 13:47:15 +00:00
https://wassersfurniture.com/products/superlight-wall-lamp,200,,0,0,0,0,0,"Superlight Wall Lamp
 – wassersfurniture",2026-06-11 12:21:08 +00:00,2026-06-11 12:21:08 +00:00
https://wassersfurniture.com/products/kava-storage-bench,200,,0,0,0,0,0,"Kava Storage Bench
 – wassersfurniture",2026-06-11 11:01:52 +00:00,2026-06-11 11:01:52 +00:00
https://wassersfurniture.com/products/kaden-motion-recliner-chair,404,,0,0,0,0,0,,2026-06-11 09:35:29 +00:00,2026-06-11 09:35:29 +00:00
https://wassersfurniture.com/products/brazo-table-lamp,200,,0,0,0,0,0,"Brazo Table Lamp
 – wassersfurniture",2026-06-11 08:13:27 +00:00,2026-06-11 08:13:27 +00:00
https://wassersfurniture.com/products/luke-accent-chair,200,,0,0,0,0,0,"Luke Accent Chair
 – wassersfurniture",2026-06-11 06:50:17 +00:00,2026-06-11 06:50:17 +00:00
https://wassersfurniture.com/products/elise-table-lamp,200,,0,0,0,0,0,"Elise Table Lamp
 – wassersfurniture",2026-06-11 05:33:31 +00:00,2026-06-11 05:33:31 +00:00
https://wassersfurniture.com/products/nivel-portable-floor-lamp,200,,0,0,0,0,0,"Nivel Portable Floor Lamp
 – wassersfurniture",2026-06-11 04:18:24 +00:00,2026-06-11 04:18:24 +00:00
https://wassersfurniture.com/products/kensington-chair,200,,0,0,0,0,0,"Kensington Swivel Chair
 – wassersfurniture",2026-06-11 01:31:01 +00:00,2026-06-11 01:31:01 +00:00
https://wassersfurniture.com/products/pixo-wall-lamp,200,,0,0,0,0,0,"Pixo Wall Lamp
 – wassersfurniture",2026-06-11 00:13:22 +00:00,2026-06-11 00:13:22 +00:00
https://wassersfurniture.com/products/keystone-recliner-chair,404,,0,0,0,0,0,,2026-06-10 22:56:29 +00:00,2026-06-10 22:56:29 +00:00
https://wassersfurniture.com/products/pablo-designs-link-table-lamp,200,,0,0,0,0,0,"Link Table Lamp
 – wassersfurniture",2026-06-10 21:41:59 +00:00,2026-06-10 21:41:59 +00:00
https://wassersfurniture.com/products/hollis-comfort-sleeper-sofa,200,,0,0,0,0,0,"Hollis Comfort Sleeper Sofa
 – wassersfurniture",2026-06-10 20:03:37 +00:00,2026-06-10 20:03:37 +00:00
https://wassersfurniture.com/products/harlowe-comfort-relax-recliner-chair-tulip-base,404,,0,0,0,0,0,,2026-06-10 18:35:11 +00:00,2026-06-10 18:35:11 +00:00
https://wassersfurniture.com/products/cortina-table-lamp,200,,0,0,0,0,0,"Cortina Table Lamp
 – wassersfurniture",2026-06-10 15:29:04 +00:00,2026-06-10 15:29:04 +00:00
https://wassersfurniture.com/products/brazo-floor-lamp,200,,0,0,0,0,0,"Brazo Floor Lamp
 – wassersfurniture",2026-06-10 13:20:14 +00:00,2026-06-10 13:20:14 +00:00
https://wassersfurniture.com/products/harlowe-comfort-relax-sofa,200,,0,0,0,0,0,"Harlowe Comfort Relax Sofa
 – wassersfurniture",2026-06-10 11:25:39 +00:00,2026-06-10 11:25:39 +00:00
https://wassersfurniture.com/products/pablo-designs-piccola-table-lamp,200,,0,0,0,0,0,"Piccola Table Lamp
 – wassersfurniture",2026-06-10 09:31:33 +00:00,2026-06-10 09:31:33 +00:00
https://wassersfurniture.com/products/hugo-accent-chair,200,,0,0,0,0,0,"Hugo Accent Chair
 – wassersfurniture",2026-06-10 07:43:31 +00:00,2026-06-10 07:43:31 +00:00
https://wassersfurniture.com/products/candel-portable-lamp,200,,0,0,0,0,0,"Candel Portable Lamp
 – wassersfurniture",2026-06-10 06:01:47 +00:00,2026-06-10 06:01:47 +00:00
https://wassersfurniture.com/products/henley-sectional-sofa,200,,0,0,0,0,0,"Henley Sectional Sofa
 – wassersfurniture",2026-06-10 04:16:11 +00:00,2026-06-10 04:16:11 +00:00
https://wassersfurniture.com/products/bola-sphere-pendant-light,200,,0,0,0,0,0,"Bola Sphere Pendant Light
 – wassersfurniture",2026-06-10 02:26:58 +00:00,2026-06-10 02:26:58 +00:00
https://wassersfurniture.com/products/belmont-table-lamp,200,,0,0,0,0,0,"Belmont Table Lamp
 – wassersfurniture",2026-06-10 00:39:06 +00:00,2026-06-10 00:39:06 +00:00
https://wassersfurniture.com/products/pablo-design-stella-pendant,200,,0,0,0,0,0,"Stella Pendant
 – wassersfurniture",2026-06-09 23:05:23 +00:00,2026-06-09 23:05:23 +00:00
https://wassersfurniture.com/products/solis-drum-pendant,200,,0,0,0,0,0,"Solis Drum Pendant
 – wassersfurniture",2026-06-09 21:30:30 +00:00,2026-06-09 21:30:30 +00:00
https://wassersfurniture.com/products/superlight-floor-lamp,200,,0,0,0,0,0,"Superlight Floor Lamp
 – wassersfurniture",2026-06-09 17:45:42 +00:00,2026-06-09 17:45:42 +00:00
https://wassersfurniture.com/products/lim-floor-lamp,200,,0,0,0,0,0,"Lim Floor Lamp
 – wassersfurniture",2026-06-09 14:31:16 +00:00,2026-06-09 14:31:16 +00:00
https://wassersfurniture.com/products/circa-floor-lamp,200,,0,0,0,0,0,"Circa Floor Lamp
 – wassersfurniture",2026-06-09 12:15:44 +00:00,2026-06-09 12:15:44 +00:00
https://wassersfurniture.com/products/bel-occhio-table-lamp,200,,0,0,0,0,0,"Bel Occhio Table Lamp
 – wassersfurniture",2026-06-09 10:05:41 +00:00,2026-06-09 10:05:41 +00:00
https://wassersfurniture.com/products/nivel-pendant,200,,0,0,0,0,0,"Nivel Pendant
 – wassersfurniture",2026-06-09 07:47:37 +00:00,2026-06-09 07:47:37 +00:00
https://wassersfurniture.com/products/sky-dome-flush-light,200,,0,0,0,0,0,"Sky Dome Flush Light
 – wassersfurniture",2026-06-09 05:31:07 +00:00,2026-06-09 05:31:07 +00:00
https://wassersfurniture.com/products/pablo-designs-pilar-table-lamp,200,,0,0,0,0,0,"Pilar Table Lamp
 – wassersfurniture",2026-06-09 03:08:51 +00:00,2026-06-09 03:08:51 +00:00
https://wassersfurniture.com/products/sky-dome-pendant,200,,0,0,0,0,0,"Sky Dome Pendant
 – wassersfurniture",2026-06-09 01:15:04 +00:00,2026-06-09 01:15:04 +00:00
https://wassersfurniture.com/products/pixo-plus-table-lamp,200,,0,0,0,0,0,"Pixo Plus Table Lamp
 – wassersfurniture",2026-06-08 23:08:43 +00:00,2026-06-08 23:08:43 +00:00
https://wassersfurniture.com/products/superlight-table-lamp,200,,0,0,0,0,0,"Superlight Table Lamp
 – wassersfurniture",2026-06-08 20:52:42 +00:00,2026-06-08 20:52:42 +00:00
https://wassersfurniture.com/products/midwood-bench,200,,0,0,0,0,0,"Midwood Bench
 – wassersfurniture",2026-06-08 18:56:30 +00:00,2026-06-08 18:56:30 +00:00
https://wassersfurniture.com/products/hollis-sofa,200,,0,0,0,0,0,"Hollis Sofa
 – wassersfurniture",2026-06-08 17:15:21 +00:00,2026-06-08 17:15:21 +00:00
https://wassersfurniture.com/products/bola-sphere-table-lamp,200,,0,0,0,0,0,"Bola Sphere Table Lamp
 – wassersfurniture",2026-06-08 13:52:09 +00:00,2026-06-08 13:52:09 +00:00
https://wassersfurniture.com/products/circa-flush-wall-ceiling-light,200,,0,0,0,0,0,"Circa Flush Wall + Ceiling Light
 – wassersfurniture",2026-06-08 12:02:25 +00:00,2026-06-08 12:02:25 +00:00
https://wassersfurniture.com/products/circa-pendant,200,,0,0,0,0,0,"Circa Pendant
 – wassersfurniture",2026-06-08 10:17:52 +00:00,2026-06-08 10:17:52 +00:00
https://wassersfurniture.com/products/bola-felt-pendant,200,,0,0,0,0,0,"Bola Felt Pendant
 – wassersfurniture",2026-06-08 07:53:18 +00:00,2026-06-08 07:53:18 +00:00
https://wassersfurniture.com/products/carousel-floor-lamp,200,,0,0,0,0,0,"Carousel Floor Lamp
 – wassersfurniture",2026-06-08 05:20:13 +00:00,2026-06-08 05:20:13 +00:00
https://wassersfurniture.com/products/sky-sound-pendant,200,,0,0,0,0,0,"Sky Sound Pendant
 – wassersfurniture",2026-06-08 02:36:42 +00:00,2026-06-08 02:36:42 +00:00
https://wassersfurniture.com/products/peo-low-coffee-table-glass-top,200,,0,0,0,0,0,"Peo Low Coffee Table: Glass Top
 – wassersfurniture",2026-05-05 11:05:38 +00:00,2026-06-07 11:56:13 +00:00
https://wassersfurniture.com/products/harlowe-comfort-relax-recliner-chair-disc-base,404,,0,0,0,0,0,,2026-06-07 10:46:25 +00:00,2026-06-07 10:46:25 +00:00
https://wassersfurniture.com/products/kaden-sofa,200,,0,0,0,0,0,"Kaden Sofa
 – wassersfurniture",2026-06-07 09:55:43 +00:00,2026-06-07 09:55:43 +00:00
https://wassersfurniture.com/products/harlowe-comfort-relax-four-star-base-chair,404,,0,0,0,0,0,,2026-06-07 09:21:19 +00:00,2026-06-07 09:21:19 +00:00
https://wassersfurniture.com/products/daley-chair,200,,0,0,0,0,0,"Daley Accent Chair
 – wassersfurniture",2026-05-07 15:38:35 +00:00,2026-06-07 05:03:38 +00:00
https://wassersfurniture.com/products/cumulus-comfort-air-recliner-chair-disc-base,404,,0,0,0,0,0,,2026-06-07 00:44:08 +00:00,2026-06-07 00:44:08 +00:00
https://wassersfurniture.com/products/aston-recliner-chair,404,,0,0,0,0,0,,2026-05-06 06:43:45 +00:00,2026-06-06 23:35:07 +00:00
https://wassersfurniture.com/products/corridor-mobile-file-pedestal,200,,0,0,0,0,0,"Corridor Mobile File Pedestal
 – wassersfurniture",2026-05-06 15:03:58 +00:00,2026-06-06 21:52:07 +00:00
https://wassersfurniture.com/products/mapoon-rug,200,,0,0,0,0,0,"Mapoon Rug
 – wassersfurniture",2026-05-06 15:24:55 +00:00,2026-06-06 21:34:09 +00:00
https://wassersfurniture.com/products/bea-dining-chair,200,,0,0,0,0,0,"Bea Dining Chair
 – wassersfurniture",2026-05-06 15:45:27 +00:00,2026-06-06 21:16:14 +00:00
https://wassersfurniture.com/products/papel-wood-dining-table,200,,0,0,0,0,0,"Papel Wood Dining Table
 – wassersfurniture",2026-05-06 16:05:32 +00:00,2026-06-06 20:59:08 +00:00
https://wassersfurniture.com/products/dragon-masterwood-dining-table,200,,0,0,0,0,0,"Dragon Masterwood Dining Table
 – wassersfurniture",2026-05-06 16:29:29 +00:00,2026-06-06 20:43:51 +00:00
https://wassersfurniture.com/products/spiga-cupboard,200,,0,0,0,0,0,"Spiga Cupboard
 – wassersfurniture",2026-05-06 16:54:06 +00:00,2026-06-06 20:27:25 +00:00
https://wassersfurniture.com/products/convivium-extendable-console-table,200,,0,0,0,0,0,"Convivium Extendable Console Table
 – wassersfurniture",2026-05-06 17:21:27 +00:00,2026-06-06 20:10:13 +00:00
https://wassersfurniture.com/products/asia-flex-dining-chair-4-metal-legs,200,,0,0,0,0,0,"Asia Flex Dining Chair: 4 Metal Legs
 – wassersfurniture",2026-05-06 18:02:59 +00:00,2026-06-06 19:52:09 +00:00
https://wassersfurniture.com/products/barcelona-sectional-sofa,200,,0,0,0,0,0,"Barcelona Sectional Sofa
 – wassersfurniture",2026-05-06 18:54:59 +00:00,2026-06-06 19:36:18 +00:00
https://wassersfurniture.com/products/senator-wood-dining-table,200,,0,0,0,0,0,"Senator Wood Dining Table
 – wassersfurniture",2026-05-06 19:42:38 +00:00,2026-06-06 19:19:13 +00:00
https://wassersfurniture.com/products/belinda-dining-armchair,200,,0,0,0,0,0,"Belinda Dining Armchair
 – wassersfurniture",2026-05-06 20:35:23 +00:00,2026-06-06 19:02:26 +00:00
https://wassersfurniture.com/products/tyron-crystalart-dining-table-rectangle,200,,0,0,0,0,0,"Tyron Crystalart Dining Table: Rectangle
 – wassersfurniture",2026-05-06 21:23:32 +00:00,2026-06-06 18:44:52 +00:00
https://wassersfurniture.com/products/mojito-wood-bar-trolley,200,,0,0,0,0,0,"Mojito Wood Bar Trolley
 – wassersfurniture",2026-05-05 18:48:51 +00:00,2026-06-06 17:52:02 +00:00
https://wassersfurniture.com/products/como-comfort-air-disc-base-recliner,404,,0,0,0,0,0,,2026-06-06 17:31:35 +00:00,2026-06-06 17:31:35 +00:00
https://wassersfurniture.com/products/cora-end-table,200,,0,0,0,0,0,"Cora End Table
 – wassersfurniture",2026-05-05 16:17:28 +00:00,2026-06-06 17:12:53 +00:00
https://wassersfurniture.com/products/kelly-swivel-chair,200,,0,0,0,0,0,"Kelly Swivel Chair
 – wassersfurniture",2026-05-05 15:01:52 +00:00,2026-06-06 16:53:18 +00:00
https://wassersfurniture.com/products/skyline-keramik-dining-table-rectangle,200,,0,0,0,0,0,"Skyline Keramik Dining Table: Rectangle
 – wassersfurniture",2026-05-05 13:59:37 +00:00,2026-06-06 16:33:08 +00:00
https://wassersfurniture.com/products/jack-coffee-table-ceramic-top,200,,0,0,0,0,0,"Jack Coffee Table: Ceramic Top
 – wassersfurniture",2026-05-05 13:03:13 +00:00,2026-06-06 15:51:55 +00:00
https://wassersfurniture.com/products/dora-console-table-marble-top,200,,0,0,0,0,0,"Dora Console Table: Marble Top
 – wassersfurniture",2026-05-05 12:04:01 +00:00,2026-06-06 15:34:03 +00:00
https://wassersfurniture.com/products/nigel-nightstand,200,,0,0,0,0,0,"Nigel Nightstand
 – wassersfurniture",2026-05-05 08:58:38 +00:00,2026-06-06 15:06:32 +00:00
https://wassersfurniture.com/products/dexter-recliner-chair-wooden-base,404,,0,0,0,0,0,,2026-05-05 07:56:24 +00:00,2026-06-06 14:45:27 +00:00
https://wassersfurniture.com/products/botero-wood-dining-table-u-version,200,,0,0,0,0,0,"Botero Wood Dining Table: U Version
 – wassersfurniture",2026-05-05 06:49:33 +00:00,2026-06-06 14:22:57 +00:00
https://wassersfurniture.com/products/yannik-valet-stand-copy,200,,0,0,0,0,0,"Yannik Valet Stand: Leather Seat
 – wassersfurniture",2026-05-05 05:46:17 +00:00,2026-06-06 13:55:37 +00:00
https://wassersfurniture.com/products/cumulus-comfort-air-echo-disc-base-recliner,404,,0,0,0,0,0,,2026-06-06 07:30:35 +00:00,2026-06-06 07:30:35 +00:00
https://wassersfurniture.com/products/cirrus-comfort-air-disc-base-chair,404,,0,0,0,0,0,,2026-06-05 23:22:58 +00:00,2026-06-05 23:22:58 +00:00
https://wassersfurniture.com/idealsedia-transformable-ottoman.html,404,,0,0,0,0,0,,2023-02-14 04:11:34 +00:00,2026-06-05 13:34:41 +00:00
https://wassersfurniture.com/products/duffy-keramik-drive-extendable-dining-table,200,,0,0,0,0,0,"Duffy Keramik Drive Extendable Dining Table
 – wassersfurniture",2026-06-01 07:08:25 +00:00,2026-06-01 07:08:25 +00:00
https://wassersfurniture.com/products/malibu-desk,200,,0,0,0,0,0,"Malibu Desk
 – wassersfurniture",2026-06-01 06:16:38 +00:00,2026-06-01 06:16:38 +00:00
https://wassersfurniture.com/products/photo-mirror,200,,0,0,0,0,0,"Photo Mirror
 – wassersfurniture",2026-06-01 05:24:57 +00:00,2026-06-01 05:24:57 +00:00
https://wassersfurniture.com/products/stripes-wall-mirror,200,,0,0,0,0,0,"Stripes Wall Mirror
 – wassersfurniture",2026-06-01 04:33:26 +00:00,2026-06-01 04:33:26 +00:00
https://wassersfurniture.com/products/katana-magnum-suspension-light,200,,0,0,0,0,0,"Katana Magnum Suspension Light
 – wassersfurniture",2026-06-01 03:45:32 +00:00,2026-06-01 03:45:32 +00:00
https://wassersfurniture.com/products/lisa-height-adjustable-bar-stool-4-ways-swivel-base,200,,0,0,0,0,0,"Lisa Height Adjustable Bar Stool: 4 Ways Swivel Base
 – wassersfurniture",2026-06-01 02:57:16 +00:00,2026-06-01 02:57:16 +00:00
https://wassersfurniture.com/products/karma-dining-chair,200,,0,0,0,0,0,"Karma Dining Chair
 – wassersfurniture",2026-06-01 02:07:29 +00:00,2026-06-01 02:07:29 +00:00
https://wassersfurniture.com/pages/driving-directions,200,,0,0,0,0,0,"Driving Directions
 – wassersfurniture",2026-06-01 01:15:37 +00:00,2026-06-01 01:15:37 +00:00
https://wassersfurniture.com/products/victor-x-height-adjustable-bar-stool,200,,0,0,0,0,0,"Victor X Height Adjustable Bar Stool
 – wassersfurniture",2026-06-01 00:30:31 +00:00,2026-06-01 00:30:31 +00:00
https://wassersfurniture.com/products/corridor-corner-media-cabinet,200,,0,0,0,0,0,"Corridor Corner Media Cabinet
 – wassersfurniture",2026-06-01 00:10:27 +00:00,2026-06-01 00:10:27 +00:00
https://wassersfurniture.com/products/cumulus-l-series-recliner-chair,404,,0,0,0,0,0,,2026-05-31 15:51:23 +00:00,2026-05-31 15:51:23 +00:00
https://wassersfurniture.com/products/lanier-comfort-solace-recliner-chair-disc-base,404,,0,0,0,0,0,,2026-05-28 10:01:27 +00:00,2026-05-28 10:01:27 +00:00
https://wassersfurniture.com/products/felix-comfort-recliner-chair-wooden-base,404,,0,0,0,0,0,,2026-05-28 05:43:03 +00:00,2026-05-28 05:43:03 +00:00
https://wassersfurniture.com/pages/about-us,200,,0,0,0,0,0,"About Us
 – wassersfurniture",2026-05-27 21:51:08 +00:00,2026-05-27 21:51:08 +00:00
https://wassersfurniture.com/products/draper-recliner-chair-four-star-base,200,,0,0,0,0,0,"Draper Recliner Chair: Four Star Base
 – wassersfurniture",2026-05-24 20:07:17 +00:00,2026-05-24 20:07:17 +00:00
https://wassersfurniture.com/products/circa-office-chair,200,,0,0,0,0,0,"Circa Office Chair
 – wassersfurniture",2026-05-22 17:24:47 +00:00,2026-05-22 19:00:01 +00:00
https://wassersfurniture.com/products/asia-dining-chair-4-metal-legs,200,,0,0,0,0,0,"Asia Dining Chair: 4 Metal Legs
 – wassersfurniture",2026-05-05 10:03:50 +00:00,2026-05-05 10:03:50 +00:00
https://wassersfurniture.com/customer/account/login/referer/aHR0cHM6Ly93YXNzZXJzZnVybml0dXJlLmNvbS9jdXN0b21lci9hY2NvdW50L2luZGV4Lw%2C%2C/,200,,0,0,0,0,0,Customer Login,2023-12-11 00:09:58 +00:00,2026-04-15 01:43:37 +00:00
https://wassersfurniture.com/stone-international-cocktail-table-with-wenge-base-8043-p.html,200,,0,0,0,0,0,Stone International Cocktail Table with Wenge Base 8043/P,2021-09-10 13:34:40 +00:00,2026-04-15 01:41:37 +00:00
https://wassersfurniture.com/american-leather-cole.html,404,,0,0,0,0,0,,2022-06-28 14:10:53 +00:00,2026-03-14 01:59:20 +00:00
https://wassersfurniture.com/customer/account/login/referer/aHR0cHM6Ly93YXNzZXJzZnVybml0dXJlLmNvbS9jb3N0YW50aW5pLXBpZXRyby1kaW5pbmctY2hhaXItYXN0b24uaHRtbA%2C%2C/,200,,0,0,0,0,0,Customer Login,2024-02-17 09:37:53 +00:00,2026-03-13 15:18:29 +00:00
https://wassersfurniture.com/customer/account/login/referer/aHR0cHM6Ly93YXNzZXJzZnVybml0dXJlLmNvbS9jb3N0YW50aW5pLXBpZXRyby1kaW5pbmctY2hhaXItZ3JhY2UuaHRtbA%2C%2C/,200,,0,0,0,0,0,Customer Login,2024-02-17 09:37:49 +00:00,2026-03-13 15:18:25 +00:00
https://wassersfurniture.com/customer/account/login/referer/aHR0cHM6Ly93YXNzZXJzZnVybml0dXJlLmNvbS9jb3N0YW50aW5pLXBpZXRyby1kaW5pbmctY2hhaXItYXBvbGxvLmh0bWw%2C/,200,,0,0,0,0,0,Customer Login,2024-02-17 09:37:57 +00:00,2026-03-13 15:18:00 +00:00
https://wassersfurniture.com/customer/account/login/referer/aHR0cHM6Ly93YXNzZXJzZnVybml0dXJlLmNvbS9jb3N0YW50aW5pLXBpZXRyby1kaW5pbmctY2hhaXItZmF2b2xvc2EuaHRtbA%2C%2C/,200,,0,0,0,0,0,Customer Login,2024-02-17 09:37:45 +00:00,2026-03-13 15:17:56 +00:00
https://wassersfurniture.com/costantini-pietro-dining-chair-allure-quickship.html,200,,0,0,0,0,0,Costantini Pietro - Dining Chair - Allure - Quickship,2021-12-24 02:11:20 +00:00,2026-03-13 15:17:36 +00:00
https://wassersfurniture.com/costantini-pietro-dining-chair-allure-side-arm-chairs-in-stock-quickship.html,200,,0,0,0,0,0,Costantini Pietro - Dining Chair - Allure - Side & Arm Chairs In Stock - Quickship,2021-12-24 02:16:10 +00:00,2026-03-13 15:17:32 +00:00
https://wassersfurniture.com/costantini-pietro-dining-chair-apollo.html,200,,0,0,0,0,0,Costantini Pietro - DIning Chair - Apollo,2021-12-24 02:24:48 +00:00,2026-03-13 15:17:28 +00:00
https://wassersfurniture.com/costantini-pietro-dining-chair-aston.html,200,,0,0,0,0,0,Costantini Pietro - Dining Chair - Aston -,2021-12-24 02:42:04 +00:00,2026-03-13 15:17:24 +00:00
https://wassersfurniture.com/costantini-pietro-dining-chair-chandelier-haute-couture-come-in-try-it-out-choice-of-finish-fabric-leather.html,200,,0,0,0,0,0,Costantini Pietro - Dining Chair - Chandelier - Haute Couture - Come In & Try It Out - CHOICE OF FINISH - FABRIC - LEATHER,2021-12-24 01:54:31 +00:00,2026-03-13 15:17:20 +00:00
https://wassersfurniture.com/costantini-pietro-dining-chair-light-genuine-leather-in-stock-quickship.html,200,,0,0,0,0,0,Costantini Pietro - Dining Chair - Light - Genuine Leather - In Stock - Quickship,2021-12-24 03:37:42 +00:00,2026-03-13 15:17:16 +00:00
https://wassersfurniture.com/costantini-pietro-dining-chair-grace.html,200,,0,0,0,0,0,Costantini Pietro - Dining Chair - Grace,2021-12-24 03:41:41 +00:00,2026-03-13 15:17:12 +00:00
https://wassersfurniture.com/costantini-pietro-dining-chair-four-seasons-v1-come-in-try-it-out.html,200,,0,0,0,0,0,Costantini Pietro - Dining Chair - Four Seasons - V1 - Come In & Try It Out,2021-12-24 03:40:57 +00:00,2026-03-13 15:17:08 +00:00
https://wassersfurniture.com/costantini-pietro-dining-chair-light-come-in-try-it-out.html,200,,0,0,0,0,0,Costantini Pietro - Dining Chair - Light - Come In & Try It Out,2021-12-24 03:18:57 +00:00,2026-03-13 15:17:04 +00:00
https://wassersfurniture.com/costantini-pietro-dining-chair-favolosa.html,200,,0,0,0,0,0,Costantini Pietro - Dining Chair - Favolosa,2021-12-24 02:29:48 +00:00,2026-03-13 15:17:00 +00:00
https://wassersfurniture.com/costantini-pietro-dining-chair-life-haute-couture-choice-of-finish-fabric-leather.html,200,,0,0,0,0,0,Costantini Pietro - Dining Chair - Life - Haute Couture - CHOICE OF FINISH - FABRIC - LEATHER,2021-12-24 03:36:28 +00:00,2026-03-13 15:16:56 +00:00
https://wassersfurniture.com/costantini-pietro-dining-chair-diva-haute-couture-choice-of-finish-fabric-leather.html,200,,0,0,0,0,0,Costantini Pietro - Dining Chair - Diva - Haute Couture - CHOICE OF FINISH - FABRIC - LEATHER,2021-12-24 02:45:19 +00:00,2026-03-13 15:16:52 +00:00
https://wassersfurniture.com/costantini-pietro-dining-chair-four-seasons-v3-in-stock-on-display-come-in-try-it-out.html,200,,0,0,0,0,0,Costantini Pietro - Dining Chair - Four Seasons - V3 - IN STOCK - ON DISPLAY - Come In & Try It Out,2021-12-24 03:22:20 +00:00,2026-03-13 15:16:48 +00:00
https://wassersfurniture.com/costantini-pietro-dining-chair-four-seasons-v4-come-in-try-it-out.html,200,,0,0,0,0,0,Costantini Pietro - Dining Chair - Four Seasons - V4  - Come In & Try It Out,2021-12-24 03:34:39 +00:00,2026-03-13 15:16:44 +00:00
https://wassersfurniture.com/costantini-pietro-dining-chair-focus-choice-of-finish-fabric-leather.html,200,,0,0,0,0,0,Costantini Pietro - Dining Chair - Focus - CHOICE OF FINISH - FABRIC - LEATHER,2021-12-24 03:34:18 +00:00,2026-03-13 15:16:40 +00:00
https://wassersfurniture.com/customer/account/login/referer/aHR0cHM6Ly93YXNzZXJzZnVybml0dXJlLmNvbS9udXJzZXJ5LXdvcmtzLWx5ZGlhbi1jcmliLW53MTIwMDEuaHRtbA%2C%2C/,200,,0,0,0,0,0,Customer Login,2023-12-18 22:23:50 +00:00,2026-03-13 15:16:36 +00:00
https://wassersfurniture.com/customer/account/login/referer/aHR0cHM6Ly93YXNzZXJzZnVybml0dXJlLmNvbS9ib250ZW1waS1jYXNhLWVuZWEtNC1kcmF3ZXItZHJlc3Nlci0wMy05MS5odG1s/,200,,0,0,0,0,0,Customer Login,2021-12-24 00:51:19 +00:00,2026-03-13 15:16:32 +00:00
https://wassersfurniture.com/customer/account/login/referer/aHR0cHM6Ly93YXNzZXJzZnVybml0dXJlLmNvbS9zb25vcy1zdWIuaHRtbA%2C%2C/,200,,0,0,0,0,0,Customer Login,2023-11-28 21:41:52 +00:00,2026-03-13 15:16:28 +00:00
https://wassersfurniture.com/customer/account/login/referer/aHR0cHM6Ly93YXNzZXJzZnVybml0dXJlLmNvbS9zb25vcy1wbGF5LTEuaHRtbA%2C%2C/,200,,0,0,0,0,0,Customer Login,2023-12-18 21:56:17 +00:00,2026-03-13 15:16:24 +00:00
https://wassersfurniture.com/customer/account/login/referer/aHR0cHM6Ly93YXNzZXJzZnVybml0dXJlLmNvbS9zb25vcy1jb25uZWN0LXdpZmkuaHRtbA%2C%2C/,200,,0,0,0,0,0,Customer Login,2023-11-28 21:41:48 +00:00,2026-03-13 15:16:20 +00:00
https://wassersfurniture.com/customer/account/login/referer/aHR0cHM6Ly93YXNzZXJzZnVybml0dXJlLmNvbS9wYWJsby1waXhvLXdhbGwuaHRtbA%2C%2C/,200,,0,0,0,0,0,Customer Login,2023-11-28 21:59:35 +00:00,2026-03-13 15:16:16 +00:00
https://wassersfurniture.com/customer/account/login/referer/aHR0cHM6Ly93YXNzZXJzZnVybml0dXJlLmNvbS9wYWJsby1sYW5hLmh0bWw%2C/,200,,0,0,0,0,0,Customer Login,2023-11-28 21:59:31 +00:00,2026-03-13 15:16:12 +00:00
https://wassersfurniture.com/customer/account/login/referer/aHR0cHM6Ly93YXNzZXJzZnVybml0dXJlLmNvbS9wYWJsby1waXhvLXBsdXMuaHRtbA%2C%2C/,200,,0,0,0,0,0,Customer Login,2023-11-28 21:59:27 +00:00,2026-03-13 15:16:08 +00:00
https://wassersfurniture.com/customer/account/login/referer/aHR0cHM6Ly93YXNzZXJzZnVybml0dXJlLmNvbS9wYWJsby1waWNjb2xhLXRhYmxlLWxhbXAuaHRtbA%2C%2C/,200,,0,0,0,0,0,Customer Login,2023-11-28 21:59:23 +00:00,2026-03-13 15:16:04 +00:00
https://wassersfurniture.com/customer/account/login/referer/aHR0cHM6Ly93YXNzZXJzZnVybml0dXJlLmNvbS9wZWV0LXJvZ2Vycy1weXJhbWlkLWNvbnNvbGUtdGFibGUuaHRtbA%2C%2C/,200,,0,0,0,0,0,Customer Login,2023-11-28 21:59:19 +00:00,2026-03-13 15:16:00 +00:00
https://wassersfurniture.com/customer/account/login/referer/aHR0cHM6Ly93YXNzZXJzZnVybml0dXJlLmNvbS9wZWV0LXJvZ2Vycy1tYW5oYXR0YW4tc2VjdGlvbmFsLmh0bWw%2C/,200,,0,0,0,0,0,Customer Login,2023-11-28 21:59:15 +00:00,2026-03-13 15:15:56 +00:00
https://wassersfurniture.com/customer/account/login/referer/aHR0cHM6Ly93YXNzZXJzZnVybml0dXJlLmNvbS9jYXR0ZWxhbi1hcG9sbG8tbGFtcC1pbi1zdG9jay1xdWlja3NoaXAuaHRtbA%2C%2C/,200,,0,0,0,0,0,Customer Login,2024-01-28 03:10:36 +00:00,2026-03-13 15:15:52 +00:00
https://wassersfurniture.com/customer/account/login/referer/aHR0cHM6Ly93YXNzZXJzZnVybml0dXJlLmNvbS9wZWV0LXJvZ2Vycy1wbGF0ZWF1LWNvZmZlZS10YWJsZXMuaHRtbA%2C%2C/,200,,0,0,0,0,0,Customer Login,2023-11-28 21:59:11 +00:00,2026-03-13 15:15:48 +00:00
https://wassersfurniture.com/customer/account/login/referer/aHR0cHM6Ly93YXNzZXJzZnVybml0dXJlLmNvbS9jbGVhci12aWV3LWRpbmluZy10YWJsZS5odG1s/,200,,0,0,0,0,0,Customer Login,2021-12-25 10:07:49 +00:00,2026-03-13 15:15:44 +00:00
https://wassersfurniture.com/customer/account/login/referer/aHR0cHM6Ly93YXNzZXJzZnVybml0dXJlLmNvbS9wZWV0LXJvZ2Vycy1jaGFsZXQtY29mZmVlLXRhYmxlLmh0bWw%2C/,200,,0,0,0,0,0,Customer Login,2024-01-28 02:42:21 +00:00,2026-03-13 15:15:39 +00:00
https://wassersfurniture.com/customer/account/login/referer/aHR0cHM6Ly93YXNzZXJzZnVybml0dXJlLmNvbS9wZWV0LXJvZ2Vycy1kYWxlLWNvZmZlZS10YWJsZS5odG1s/,200,,0,0,0,0,0,Customer Login,2021-12-25 11:41:44 +00:00,2026-03-13 15:15:35 +00:00
https://wassersfurniture.com/customer/account/login/referer/aHR0cHM6Ly93YXNzZXJzZnVybml0dXJlLmNvbS9wZWV0LXJvZ2Vycy1oYWlmYS1iYXItaGVpZ2h0LXRhYmxlLmh0bWw%2C/,200,,0,0,0,0,0,Customer Login,2023-11-28 21:58:08 +00:00,2026-03-13 15:15:31 +00:00
https://wassersfurniture.com/customer/account/login/referer/aHR0cHM6Ly93YXNzZXJzZnVybml0dXJlLmNvbS9vcmJpdC1mdXNpb24tc2N1bHB0dXJlLmh0bWw%2C/,200,,0,0,0,0,0,Customer Login,2023-11-28 21:49:07 +00:00,2026-03-13 15:15:27 +00:00
https://wassersfurniture.com/customer/account/login/referer/aHR0cHM6Ly93YXNzZXJzZnVybml0dXJlLmNvbS9jb3N0YW50aW5pLXBpZXRyby1kaW5pbmctY2hhaXItZGVjb3IuaHRtbA%2C%2C/,200,,0,0,0,0,0,Customer Login,2024-01-28 03:36:29 +00:00,2026-03-13 15:15:23 +00:00
https://wassersfurniture.com/customer/account/login/referer/aHR0cHM6Ly93YXNzZXJzZnVybml0dXJlLmNvbS9hbWVyaWNhbi1sZWF0aGVyLXdlc3RjaGVzdGVyLWNoYWlyLmh0bWw%2C/,200,,0,0,0,0,0,Customer Login,2023-12-18 23:02:56 +00:00,2026-03-13 15:15:19 +00:00
https://wassersfurniture.com/customer/account/login/referer/aHR0cHM6Ly93YXNzZXJzZnVybml0dXJlLmNvbS9wZGctY29udGVtcG9yYXJ5LWdsYW0tcnVnLXJhZGlhbnQtZWdncGxhbnQuaHRtbA%2C%2C/,200,,0,0,0,0,0,Customer Login,2023-11-28 22:02:19 +00:00,2026-03-13 15:15:15 +00:00
https://wassersfurniture.com/customer/account/login/referer/aHR0cHM6Ly93YXNzZXJzZnVybml0dXJlLmNvbS9jb3N0YW50aW5pLXBpZXRyby1hY2NlbnQtY2hhaXItZm91ci1zZWFzb25zLmh0bWw%2C/,200,,0,0,0,0,0,Customer Login,2024-04-18 15:18:38 +00:00,2026-03-13 15:15:11 +00:00
https://wassersfurniture.com/customer/account/login/referer/aHR0cHM6Ly93YXNzZXJzZnVybml0dXJlLmNvbS9jb3N0YW50aW5pLXBpZXRyby1iYXItc3Rvb2wtcmVzb3J0LTEuaHRtbA%2C%2C/,200,,0,0,0,0,0,Customer Login,2024-01-28 03:24:48 +00:00,2026-03-13 15:15:07 +00:00
https://wassersfurniture.com/customer/account/login/referer/aHR0cHM6Ly93YXNzZXJzZnVybml0dXJlLmNvbS9jb3N0YW50aW5pLXBpZXRyby1iYXItc3Rvb2wtY2x1Yi5odG1s/,200,,0,0,0,0,0,Customer Login,2021-12-25 12:08:13 +00:00,2026-03-13 15:15:03 +00:00
https://wassersfurniture.com/customer/account/login/referer/aHR0cHM6Ly93YXNzZXJzZnVybml0dXJlLmNvbS9hbWVyaWNhbi1sZWF0aGVyLW1hZGRlbi1jb21mb3J0LXNsZWVwZXItdjguaHRtbA%2C%2C/,200,,0,0,0,0,0,Customer Login,2023-12-18 22:59:54 +00:00,2026-03-13 15:14:59 +00:00
https://wassersfurniture.com/customer/account/login/referer/aHR0cHM6Ly93YXNzZXJzZnVybml0dXJlLmNvbS9jYXR0ZWxhbi1pdGFsaWEtYnJhbmR5LWJhci1jYXJ0LWluLXN0b2NrLmh0bWw%2C/,200,,0,0,0,0,0,Customer Login,2023-12-18 22:44:45 +00:00,2026-03-13 15:14:55 +00:00
https://wassersfurniture.com/customer/account/login/referer/aHR0cHM6Ly93YXNzZXJzZnVybml0dXJlLmNvbS9jb3N0YW50aW5pLXBpZXRyby1idWZmZXQtZWRnZS5odG1s/,200,,0,0,0,0,0,Customer Login,2022-01-04 00:12:21 +00:00,2026-03-13 15:14:51 +00:00
https://wassersfurniture.com/customer/account/login/referer/aHR0cHM6Ly93YXNzZXJzZnVybml0dXJlLmNvbS9hbWVyaWNhbi1sZWF0aGVyLXdpbGRlci1jaGFpci1vdHRvbWFuLmh0bWw%2C/,200,,0,0,0,0,0,Customer Login,2023-12-18 22:57:34 +00:00,2026-03-13 15:14:47 +00:00
https://wassersfurniture.com/customer/account/login/referer/aHR0cHM6Ly93YXNzZXJzZnVybml0dXJlLmNvbS9hbWVyaWNhbi1sZWF0aGVyLWJlbGxhLWFjY2VudC1jaGFpci5odG1s/,200,,0,0,0,0,0,Customer Login,2021-12-25 12:29:30 +00:00,2026-03-13 15:14:43 +00:00
https://wassersfurniture.com/lafer-gaga-leather-manual-swivel-recliner.html,404,,0,0,0,0,0,,2021-12-25 16:09:39 +00:00,2026-03-13 15:14:39 +00:00
https://wassersfurniture.com/lafer-kiri-recliner.html,404,,0,0,0,0,0,,2021-12-25 16:03:58 +00:00,2026-03-13 15:14:35 +00:00
https://wassersfurniture.com/customer/account/login/referer/aHR0cHM6Ly93YXNzZXJzZnVybml0dXJlLmNvbS9jYXR0ZWxhbi1pdGFsaWEtcHJlbWllci1rZXJhbWlrLWRyaXZlLmh0bWw%2C/,200,,0,0,0,0,0,Customer Login,2023-12-27 13:23:20 +00:00,2026-03-13 15:14:31 +00:00
https://wassersfurniture.com/customer/account/login/referer/aHR0cHM6Ly93YXNzZXJzZnVybml0dXJlLmNvbS9jYXR0ZWxhbi1pdGFsaWEtaHlzdHJpeC1kaW5pbmctdGFibGUuaHRtbA%2C%2C/,200,,0,0,0,0,0,Customer Login,2023-12-18 22:44:29 +00:00,2026-03-13 15:14:27 +00:00
https://wassersfurniture.com/customer/account/login/referer/aHR0cHM6Ly93YXNzZXJzZnVybml0dXJlLmNvbS9jYXR0ZWxhbi1pdGFsaWEtd29vZC10b3Atc3B5ZGVyLWRpbmluZy10YWJsZS5odG1s/,200,,0,0,0,0,0,Customer Login,2021-12-25 10:26:24 +00:00,2026-03-13 15:14:23 +00:00
https://wassersfurniture.com/customer/account/login/referer/aHR0cHM6Ly93YXNzZXJzZnVybml0dXJlLmNvbS9jb3N0YW50aW5pLXBpZXRyby1kaW5pbmctdGFibGUtamV3ZWwuaHRtbA%2C%2C/,200,,0,0,0,0,0,Customer Login,2023-11-28 22:01:55 +00:00,2026-03-13 15:14:19 +00:00
https://wassersfurniture.com/customer/account/login/referer/aHR0cHM6Ly93YXNzZXJzZnVybml0dXJlLmNvbS9hbWVyaWNhbi1sZWF0aGVyLWh1Z28tY2hhaXIuaHRtbA%2C%2C/,200,,0,0,0,0,0,Customer Login,2023-11-28 21:40:48 +00:00,2026-03-13 15:14:15 +00:00
https://wassersfurniture.com/customer/account/login/referer/aHR0cHM6Ly93YXNzZXJzZnVybml0dXJlLmNvbS9hbWVyaWNhbi1sZWF0aGVyLW1pbGxlci1hY2NlbnQtY2hhaXIuaHRtbA%2C%2C/,200,,0,0,0,0,0,Customer Login,2023-12-11 00:11:54 +00:00,2026-03-13 15:14:11 +00:00
https://wassersfurniture.com/customer/account/login/referer/aHR0cHM6Ly93YXNzZXJzZnVybml0dXJlLmNvbS9jb3N0YW50aW5pLXBpZXRyby1iZW5jaC1oYW1wdG9uLmh0bWw%2C/,200,,0,0,0,0,0,Customer Login,2023-12-18 22:50:05 +00:00,2026-03-13 15:14:07 +00:00
https://wassersfurniture.com/customer/account/login/referer/aHR0cHM6Ly93YXNzZXJzZnVybml0dXJlLmNvbS9jb3N0YW50aW5pLXBpZXRyby1iYXItc3Rvb2wtYXJpYS1vbi1kaXNwbGF5Lmh0bWw%2C/,200,,0,0,0,0,0,Customer Login,2023-12-18 22:47:09 +00:00,2026-03-13 15:14:03 +00:00
https://wassersfurniture.com/customer/account/login/referer/aHR0cHM6Ly93YXNzZXJzZnVybml0dXJlLmNvbS9jb3N0YW50aW5pLXBpZXRyby1hcmlhLWNvbGxlY3Rpb24uaHRtbA%2C%2C/,200,,0,0,0,0,0,Customer Login,2023-12-18 22:47:05 +00:00,2026-03-13 15:13:59 +00:00
https://wassersfurniture.com/customer/account/login/referer/aHR0cHM6Ly93YXNzZXJzZnVybml0dXJlLmNvbS9jYXR0ZWxhbi1pdGFsaWEtbWFnZGEtZGluaW5nLWNoYWlyLmh0bWw%2C/,200,,0,0,0,0,0,Customer Login,2025-02-20 10:14:19 +00:00,2026-03-13 15:13:55 +00:00
https://wassersfurniture.com/customer/account/login/referer/aHR0cHM6Ly93YXNzZXJzZnVybml0dXJlLmNvbS9jYXR0ZWxhbi1pdGFsaWEtaXNhYmVsLWRpbmluZy1jaGFpci1pbi1zdG9jay5odG1s/,200,,0,0,0,0,0,Customer Login,2021-12-24 02:12:19 +00:00,2026-03-13 15:13:51 +00:00
https://wassersfurniture.com/customer/account/login/referer/aHR0cHM6Ly93YXNzZXJzZnVybml0dXJlLmNvbS9jb3N0YW50aW5pLXBpZXRyby1idWZmZXQtcGFyay1sYW5lLmh0bWw%2C/,200,,0,0,0,0,0,Customer Login,2023-12-18 22:45:33 +00:00,2026-03-13 15:13:47 +00:00
https://wassersfurniture.com/customer/account/login/referer/aHR0cHM6Ly93YXNzZXJzZnVybml0dXJlLmNvbS9jYXR0ZWxhbi1pdGFsaWEtbGl6LWRpbmluZy1jaGFpci1pbi1zdG9jay5odG1s/,200,,0,0,0,0,0,Customer Login,2021-12-25 09:31:47 +00:00,2026-03-13 15:13:43 +00:00
https://wassersfurniture.com/customer/account/login/referer/aHR0cHM6Ly93YXNzZXJzZnVybml0dXJlLmNvbS9hbWVyaWNhbi1sZWF0aGVyLXBhcmtlci1jaGFpci1zb2ZhLmh0bWw%2C/,200,,0,0,0,0,0,Customer Login,2023-11-28 22:01:27 +00:00,2026-03-13 15:13:39 +00:00
https://wassersfurniture.com/customer/account/login/referer/aHR0cHM6Ly93YXNzZXJzZnVybml0dXJlLmNvbS9hbWVyaWNhbi1sZWF0aGVyLWRhbmZvcmQtY2hhaXIuaHRtbA%2C%2C/,200,,0,0,0,0,0,Customer Login,2023-12-18 22:50:09 +00:00,2026-03-13 15:13:35 +00:00
https://wassersfurniture.com/customer/account/login/referer/aHR0cHM6Ly93YXNzZXJzZnVybml0dXJlLmNvbS9zaG9wLWJ5LWJyYW5kL2EtYy9hbWVyaWNhbi1sZWF0aGVyL2JlZHMuaHRtbA%2C%2C/,200,,0,0,0,0,0,Customer Login,2023-12-18 22:53:05 +00:00,2026-03-13 15:13:31 +00:00
https://wassersfurniture.com/customer/account/login/referer/aHR0cHM6Ly93YXNzZXJzZnVybml0dXJlLmNvbS9zaG9wLWJ5LWJyYW5kL2EtYy9hbWVyaWNhbi1sZWF0aGVyL3NvZmFzLmh0bWw%2C/,200,,0,0,0,0,0,Customer Login,2023-12-18 22:52:37 +00:00,2026-03-13 15:13:27 +00:00
https://wassersfurniture.com/customer/account/login/referer/aHR0cHM6Ly93YXNzZXJzZnVybml0dXJlLmNvbS9zaG9wLWJ5LWJyYW5kL2EtYy9hbWVyaWNhbi1sZWF0aGVyL2NoYWlycy5odG1s/,200,,0,0,0,0,0,Customer Login,2021-12-25 15:37:58 +00:00,2026-03-13 15:13:23 +00:00
https://wassersfurniture.com/customer/account/login/referer/aHR0cHM6Ly93YXNzZXJzZnVybml0dXJlLmNvbS9jYXR0ZWxhbi1pdGFsaWEtZ2xvYmUtY29mZmVlLXRhYmxlLTEuaHRtbA%2C%2C/,200,,0,0,0,0,0,Customer Login,2023-12-18 22:44:37 +00:00,2026-03-13 15:13:19 +00:00
https://wassersfurniture.com/customer/account/login/referer/aHR0cHM6Ly93YXNzZXJzZnVybml0dXJlLmNvbS9hbWVyaWNhbi1sZWF0aGVyLWNvbWZvcnQtcmVjbGluZXItZ29yZG9uLTItMC5odG1s/,200,,0,0,0,0,0,Customer Login,2021-12-24 02:12:56 +00:00,2026-03-13 15:13:15 +00:00
https://wassersfurniture.com/customer/account/login/referer/aHR0cHM6Ly93YXNzZXJzZnVybml0dXJlLmNvbS9hbWVyaWNhbi1sZWF0aGVyLWNvbWZvcnQtcmVjbGluZXItZGV4dGVyLTItMC5odG1s/,200,,0,0,0,0,0,Customer Login,2021-12-24 02:08:38 +00:00,2026-03-13 15:13:11 +00:00
https://wassersfurniture.com/customer/account/login/referer/aHR0cHM6Ly93YXNzZXJzZnVybml0dXJlLmNvbS9hbWVyaWNhbi1sZWF0aGVyLWNvbWZvcnQtcmVjbGluZXItZXZhLTItMC5odG1s/,200,,0,0,0,0,0,Customer Login,2021-12-24 02:16:44 +00:00,2026-03-13 15:13:07 +00:00
https://wassersfurniture.com/customer/account/login/referer/aHR0cHM6Ly93YXNzZXJzZnVybml0dXJlLmNvbS9hbWVyaWNhbi1sZWF0aGVyLWNvbWZvcnQtcmVjbGluZXItY2xhcmstMi0wLmh0bWw%2C/,200,,0,0,0,0,0,Customer Login,2023-11-28 22:01:03 +00:00,2026-03-13 15:13:03 +00:00
https://wassersfurniture.com/customer/account/login/referer/aHR0cHM6Ly93YXNzZXJzZnVybml0dXJlLmNvbS9hbWVyaWNhbi1sZWF0aGVyLWNvbWZvcnQtcmVjbGluZXItZmFsbG9uLTItMC5odG1s/,200,,0,0,0,0,0,Customer Login,2021-12-24 02:01:13 +00:00,2026-03-13 15:12:59 +00:00
https://wassersfurniture.com/customer/account/login/referer/aHR0cHM6Ly93YXNzZXJzZnVybml0dXJlLmNvbS9hbWVyaWNhbi1sZWF0aGVyLWNvbWZvcnQtcmVjbGluZXItYWRsZXktMi0wLmh0bWw%2C/,200,,0,0,0,0,0,Customer Login,2023-11-28 22:00:55 +00:00,2026-03-13 15:12:55 +00:00
https://wassersfurniture.com/customer/account/login/referer/aHR0cHM6Ly93YXNzZXJzZnVybml0dXJlLmNvbS9hbWVyaWNhbi1sZWF0aGVyLWNvbWZvcnQtcmVjbGluZXItYWRhLTItMC5odG1s/,200,,0,0,0,0,0,Customer Login,2021-12-24 02:04:05 +00:00,2026-03-13 15:12:51 +00:00
https://wassersfurniture.com/customer/account/login/referer/aHR0cHM6Ly93YXNzZXJzZnVybml0dXJlLmNvbS9hbWVyaWNhbi1sZWF0aGVyLWNvbWZvcnQtcmVjbGluZXItZWxsaW90LTItMC5odG1s/,200,,0,0,0,0,0,Customer Login,2021-12-24 02:06:22 +00:00,2026-03-13 15:12:47 +00:00
https://wassersfurniture.com/customer/account/login/referer/aHR0cHM6Ly93YXNzZXJzZnVybml0dXJlLmNvbS9hbWVyaWNhbi1sZWF0aGVyLWNvbWZvcnQtcmVjbGluZXItZmVsaXgtMi0wLmh0bWw%2C/,200,,0,0,0,0,0,Customer Login,2023-11-28 22:00:43 +00:00,2026-03-13 15:12:43 +00:00
https://wassersfurniture.com/customer/account/login/referer/aHR0cHM6Ly93YXNzZXJzZnVybml0dXJlLmNvbS9iZXJuaGFyZHQtaW50ZXJpb3JzLWFyZG1vcmUtYmVuY2gtbjg0MDBsLmh0bWw%2C/,200,,0,0,0,0,0,Customer Login,2023-11-28 22:00:31 +00:00,2026-03-13 15:12:39 +00:00
https://wassersfurniture.com/customer/account/login/referer/aHR0cHM6Ly93YXNzZXJzZnVybml0dXJlLmNvbS9iZXJuaGFyZHQtaW50ZXJpb3JzLWNvc3dheS1jaGFpci1uMzgyMy5odG1s/,200,,0,0,0,0,0,Customer Login,2021-12-25 15:18:09 +00:00,2026-03-13 15:12:35 +00:00
https://wassersfurniture.com/customer/account/login/referer/aHR0cHM6Ly93YXNzZXJzZnVybml0dXJlLmNvbS9iZXJuaGFyZHQtaW50ZXJpb3JzLXpvbGEtYWNjZW50LWNoYWlyLW44MTAzLmh0bWw%2C/,200,,0,0,0,0,0,Customer Login,2023-11-28 22:00:23 +00:00,2026-03-13 15:12:31 +00:00
https://wassersfurniture.com/customer/account/login/referer/aHR0cHM6Ly93YXNzZXJzZnVybml0dXJlLmNvbS9kdWV0dG8tb2NjYXNpb25hbC10YWJsZS5odG1s/,200,,0,0,0,0,0,Customer Login,2021-12-25 11:34:52 +00:00,2026-03-13 15:12:27 +00:00
https://wassersfurniture.com/customer/account/login/referer/aHR0cHM6Ly93YXNzZXJzZnVybml0dXJlLmNvbS9rZXktbGFyZ28tY29sbGVjdGlvbi1kaW5pbmctdGFibGUuaHRtbA%2C%2C/,200,,0,0,0,0,0,Customer Login,2023-11-28 22:00:15 +00:00,2026-03-13 15:12:23 +00:00
https://wassersfurniture.com/customer/account/login/referer/aHR0cHM6Ly93YXNzZXJzZnVybml0dXJlLmNvbS9hbWVyaWNhbi1sZWF0aGVyLXBoaWxsaXAtYWNjZW50LWNoYWlyLmh0bWw%2C/,200,,0,0,0,0,0,Customer Login,2023-11-28 21:58:04 +00:00,2026-03-13 15:12:19 +00:00
https://wassersfurniture.com/customer/account/login/referer/aHR0cHM6Ly93YXNzZXJzZnVybml0dXJlLmNvbS9nYW1tYS1zdG9yYWdlLXN0b29sLXBvdWYtb3R0b21hbi5odG1s/,200,,0,0,0,0,0,Customer Login,2021-12-25 10:23:44 +00:00,2026-03-13 15:12:15 +00:00
https://wassersfurniture.com/customer/account/login/referer/aHR0cHM6Ly93YXNzZXJzZnVybml0dXJlLmNvbS9ib3Jvd3NraS1maXJlYmlyZC5odG1s/,200,,0,0,0,0,0,Customer Login,2021-12-25 14:08:55 +00:00,2026-03-13 15:12:11 +00:00
https://wassersfurniture.com/customer/account/login/referer/aHR0cHM6Ly93YXNzZXJzZnVybml0dXJlLmNvbS9ib3Jvd3NraS1mYXQtZ29uem8uaHRtbA%2C%2C/,200,,0,0,0,0,0,Customer Login,2023-11-28 21:56:58 +00:00,2026-03-13 15:12:07 +00:00
https://wassersfurniture.com/customer/account/login/referer/aHR0cHM6Ly93YXNzZXJzZnVybml0dXJlLmNvbS9ib3Jvd3NraS1nb256by5odG1s/,200,,0,0,0,0,0,Customer Login,2021-12-25 13:51:47 +00:00,2026-03-13 15:12:03 +00:00
https://wassersfurniture.com/customer/account/login/referer/aHR0cHM6Ly93YXNzZXJzZnVybml0dXJlLmNvbS9ib3Jvd3NraS1jaGFtZWxlb24uaHRtbA%2C%2C/,200,,0,0,0,0,0,Customer Login,2023-11-28 21:56:50 +00:00,2026-03-13 15:11:59 +00:00
https://wassersfurniture.com/customer/account/login/referer/aHR0cHM6Ly93YXNzZXJzZnVybml0dXJlLmNvbS9ib3Jvd3NraS1mcm9nLmh0bWw%2C/,200,,0,0,0,0,0,Customer Login,2023-11-28 21:56:46 +00:00,2026-03-13 15:11:55 +00:00
https://wassersfurniture.com/customer/account/login/referer/aHR0cHM6Ly93YXNzZXJzZnVybml0dXJlLmNvbS9iZWtvb2wtY2hhaXNlLmh0bWw%2C/,200,,0,0,0,0,0,Customer Login,2023-11-28 21:56:42 +00:00,2026-03-13 15:11:51 +00:00
https://wassersfurniture.com/customer/account/login/referer/aHR0cHM6Ly93YXNzZXJzZnVybml0dXJlLmNvbS9ib3Jvd3NraS1jaGFtZWxlb24tYXJ0Lmh0bWw%2C/,200,,0,0,0,0,0,Customer Login,2023-11-28 21:56:38 +00:00,2026-03-13 15:11:47 +00:00
https://wassersfurniture.com/customer/account/login/referer/aHR0cHM6Ly93YXNzZXJzZnVybml0dXJlLmNvbS9ib3Jvd3NraS1mcm9nZ3kuaHRtbA%2C%2C/,200,,0,0,0,0,0,Customer Login,2023-11-28 21:56:34 +00:00,2026-03-13 15:11:43 +00:00
https://wassersfurniture.com/customer/account/login/referer/aHR0cHM6Ly93YXNzZXJzZnVybml0dXJlLmNvbS9ib3Jvd3NraS1oaXBwby5odG1s/,200,,0,0,0,0,0,Customer Login,2021-12-25 13:48:46 +00:00,2026-03-13 15:11:39 +00:00
https://wassersfurniture.com/customer/account/login/referer/aHR0cHM6Ly93YXNzZXJzZnVybml0dXJlLmNvbS9iZWF1dHktbG91bmdlLmh0bWw%2C/,200,,0,0,0,0,0,Customer Login,2023-11-28 21:56:30 +00:00,2026-03-13 15:11:35 +00:00
https://wassersfurniture.com/customer/account/login/referer/aHR0cHM6Ly93YXNzZXJzZnVybml0dXJlLmNvbS9wYWJsby1jaXJjYS5odG1s/,200,,0,0,0,0,0,Customer Login,2021-12-25 10:22:51 +00:00,2026-03-13 15:11:31 +00:00
https://wassersfurniture.com/customer/account/login/referer/aHR0cHM6Ly93YXNzZXJzZnVybml0dXJlLmNvbS9wYWJsby1jb250b3VyLmh0bWw%2C/,200,,0,0,0,0,0,Customer Login,2023-11-28 21:55:42 +00:00,2026-03-13 15:11:27 +00:00
https://wassersfurniture.com/customer/account/login/referer/aHR0cHM6Ly93YXNzZXJzZnVybml0dXJlLmNvbS9jb3N0YW50aW5pLXBpZXRyby1mZWxpY2UtZmxvb3ItbGFtcC5odG1s/,200,,0,0,0,0,0,Customer Login,2021-12-25 10:42:16 +00:00,2026-03-13 15:11:23 +00:00
https://wassersfurniture.com/customer/account/login/referer/aHR0cHM6Ly93YXNzZXJzZnVybml0dXJlLmNvbS9rYWMtbmF0dXJhbC1jb2xsZWN0aW9uLXRla2EtZmxvb3ItbGFtcC5odG1s/,200,,0,0,0,0,0,Customer Login,2021-12-24 02:28:43 +00:00,2026-03-13 15:11:19 +00:00
https://wassersfurniture.com/customer/account/login/referer/aHR0cHM6Ly93YXNzZXJzZnVybml0dXJlLmNvbS9ib3Jvd3NraS1iaXJkLWJhdGguaHRtbA%2C%2C/,200,,0,0,0,0,0,Customer Login,2023-11-28 21:58:00 +00:00,2026-03-13 15:11:15 +00:00
https://wassersfurniture.com/customer/account/login/referer/aHR0cHM6Ly93YXNzZXJzZnVybml0dXJlLmNvbS9ib3Jvd3NraS1hcm1hZGlsbG8uaHRtbA%2C%2C/,200,,0,0,0,0,0,Customer Login,2023-11-28 21:54:50 +00:00,2026-03-13 15:11:11 +00:00
https://wassersfurniture.com/customer/account/login/referer/aHR0cHM6Ly93YXNzZXJzZnVybml0dXJlLmNvbS9ib3Jvd3NraS1iaWctZ29uem8uaHRtbA%2C%2C/,200,,0,0,0,0,0,Customer Login,2023-11-28 21:54:46 +00:00,2026-03-13 15:11:07 +00:00
https://wassersfurniture.com/customer/account/login/referer/aHR0cHM6Ly93YXNzZXJzZnVybml0dXJlLmNvbS9saWdodGluZy1wZW5kYW50LWluLWJsYWNrLWFuZC1icmFzcy5odG1s/,200,,0,0,0,0,0,Customer Login,2021-12-25 14:40:15 +00:00,2026-03-13 15:11:03 +00:00
https://wassersfurniture.com/customer/account/login/referer/aHR0cHM6Ly93YXNzZXJzZnVybml0dXJlLmNvbS9saXR0bGUtd2Fzc2VyLXMtYm9oby13b29kLWJlYWQtY2hhbmRlbGllci5odG1s/,200,,0,0,0,0,0,Customer Login,2021-12-24 02:39:54 +00:00,2026-03-13 15:10:59 +00:00
https://wassersfurniture.com/customer/account/login/referer/aHR0cHM6Ly93YXNzZXJzZnVybml0dXJlLmNvbS9rYWMtZ2VudWluZS1zdWVkZS10aHJvdy1waWxsb3dzLTEuaHRtbA%2C%2C/,200,,0,0,0,0,0,Customer Login,2023-11-28 21:53:10 +00:00,2026-03-13 15:10:55 +00:00
https://wassersfurniture.com/customer/account/login/referer/aHR0cHM6Ly93YXNzZXJzZnVybml0dXJlLmNvbS9zaWxrLWRlY29yYXRpdmUtcGlsbG93LWNvcmUuaHRtbA%2C%2C/,200,,0,0,0,0,0,Customer Login,2023-11-28 21:53:02 +00:00,2026-03-13 15:10:51 +00:00
https://wassersfurniture.com/customer/account/login/referer/aHR0cHM6Ly93YXNzZXJzZnVybml0dXJlLmNvbS9yb21pbmEtZnVybml0dXJlLW5ldy15b3JrLWNyaWIuaHRtbA%2C%2C/,200,,0,0,0,0,0,Customer Login,2023-11-28 21:52:58 +00:00,2026-03-13 15:10:47 +00:00
https://wassersfurniture.com/customer/account/login/referer/aHR0cHM6Ly93YXNzZXJzZnVybml0dXJlLmNvbS9yb21pbmEtZnVybml0dXJlLW5ldy15b3JrLWRvdWJsZS1kcmVzc2VyLmh0bWw%2C/,200,,0,0,0,0,0,Customer Login,2023-11-28 21:52:54 +00:00,2026-03-13 15:10:43 +00:00
https://wassersfurniture.com/customer/account/login/referer/aHR0cHM6Ly93YXNzZXJzZnVybml0dXJlLmNvbS9yb21pbmEtZnVybml0dXJlLWNsZW9wYXRyYS1jb252ZXJ0aWJsZS1jcmliLmh0bWw%2C/,200,,0,0,0,0,0,Customer Login,2023-11-28 21:52:50 +00:00,2026-03-13 15:10:39 +00:00
https://wassersfurniture.com/customer/account/login/referer/aHR0cHM6Ly93YXNzZXJzZnVybml0dXJlLmNvbS9yb21pbmEtZnVybml0dXJlLW5ldy15b3JrLXNpbmdsZS1kcmVzc2VyLmh0bWw%2C/,200,,0,0,0,0,0,Customer Login,2023-11-28 21:52:46 +00:00,2026-03-13 15:10:35 +00:00
https://wassersfurniture.com/customer/account/login/referer/aHR0cHM6Ly93YXNzZXJzZnVybml0dXJlLmNvbS9yb21pbmEtZnVybml0dXJlLWNsZW9wYXRyYS1kb3VibGUtZHJlc3Nlci5odG1s/,200,,0,0,0,0,0,Customer Login,2021-12-24 02:35:35 +00:00,2026-03-13 15:10:31 +00:00
https://wassersfurniture.com/customer/account/login/referer/aHR0cHM6Ly93YXNzZXJzZnVybml0dXJlLmNvbS9yb21pbmEtZnVybml0dXJlLWltcGVyaW8tZG91YmxlLWRyZXNzZXIuaHRtbA%2C%2C/,200,,0,0,0,0,0,Customer Login,2023-11-28 21:52:38 +00:00,2026-03-13 15:10:27 +00:00
https://wassersfurniture.com/customer/account/login/referer/aHR0cHM6Ly93YXNzZXJzZnVybml0dXJlLmNvbS9yb21pbmEtZnVybml0dXJlLWNsZW9wYXRyYS1jbGFzc2ljLWNyaWIuaHRtbA%2C%2C/,200,,0,0,0,0,0,Customer Login,2023-11-28 21:52:34 +00:00,2026-03-13 15:10:23 +00:00
https://wassersfurniture.com/customer/account/login/referer/aHR0cHM6Ly93YXNzZXJzZnVybml0dXJlLmNvbS9rYWMtb3JhbmdlLWNydXNoLWRlc2lnbmVyLWFjY2Vzc29yeS1wYWNrYWdlLmh0bWw%2C/,200,,0,0,0,0,0,Customer Login,2023-11-28 21:52:26 +00:00,2026-03-13 15:10:19 +00:00
https://wassersfurniture.com/customer/account/login/referer/aHR0cHM6Ly93YXNzZXJzZnVybml0dXJlLmNvbS9wYXJ0eS1mZXR0dWNjaW5lLWFyZWEtcnVnLmh0bWw%2C/,200,,0,0,0,0,0,Customer Login,2023-11-28 21:52:22 +00:00,2026-03-13 15:10:15 +00:00
https://wassersfurniture.com/customer/account/login/referer/aHR0cHM6Ly93YXNzZXJzZnVybml0dXJlLmNvbS9rYWMtcmFkaWFudC1yZWQtZGVzaWduZXItYWNjZXNzb3J5LXBhY2thZ2UuaHRtbA%2C%2C/,200,,0,0,0,0,0,Customer Login,2024-01-28 02:14:14 +00:00,2026-03-13 15:10:11 +00:00
https://wassersfurniture.com/customer/account/login/referer/aHR0cHM6Ly93YXNzZXJzZnVybml0dXJlLmNvbS9wYXJ0eS1hcmVhLXJ1Zy5odG1s/,200,,0,0,0,0,0,Customer Login,2021-12-25 13:23:25 +00:00,2026-03-13 15:10:07 +00:00
https://wassersfurniture.com/customer/account/login/referer/aHR0cHM6Ly93YXNzZXJzZnVybml0dXJlLmNvbS9pY29uaWMtZGluaW5nLWJhc2UuaHRtbA%2C%2C/,200,,0,0,0,0,0,Customer Login,2023-11-28 21:51:15 +00:00,2026-03-13 15:10:03 +00:00
https://wassersfurniture.com/customer/account/login/referer/aHR0cHM6Ly93YXNzZXJzZnVybml0dXJlLmNvbS9wYXZvbmNlbGxvLWJvbnRlbXBvLWRlc2suaHRtbA%2C%2C/,200,,0,0,0,0,0,Customer Login,2023-11-28 21:51:07 +00:00,2026-03-13 15:09:59 +00:00
https://wassersfurniture.com/customer/account/login/referer/aHR0cHM6Ly93YXNzZXJzZnVybml0dXJlLmNvbS9wYXZvbmNlbGxvLW1pc3Nvbmktc2VjdGlvbmFsLmh0bWw%2C/,200,,0,0,0,0,0,Customer Login,2023-11-28 21:51:03 +00:00,2026-03-13 15:09:55 +00:00
https://wassersfurniture.com/customer/account/login/referer/aHR0cHM6Ly93YXNzZXJzZnVybml0dXJlLmNvbS9wYXZvbmNlbGxvLWMxLXJlY2xpbmVyLmh0bWw%2C/,200,,0,0,0,0,0,Customer Login,2023-11-28 21:50:59 +00:00,2026-03-13 15:09:51 +00:00
https://wassersfurniture.com/customer/account/login/referer/aHR0cHM6Ly93YXNzZXJzZnVybml0dXJlLmNvbS9lbGljYS1jb2NrdGFpbC10YWJsZS5odG1s/,200,,0,0,0,0,0,Customer Login,2021-12-25 11:34:59 +00:00,2026-03-13 15:09:47 +00:00
https://wassersfurniture.com/customer/account/login/referer/aHR0cHM6Ly93YXNzZXJzZnVybml0dXJlLmNvbS9vbWV0dG8tcm91bmQtZGluaW5nLXRhYmxlLmh0bWw%2C/,200,,0,0,0,0,0,Customer Login,2023-11-28 21:50:51 +00:00,2026-03-13 15:09:43 +00:00
https://wassersfurniture.com/customer/account/login/referer/aHR0cHM6Ly93YXNzZXJzZnVybml0dXJlLmNvbS9wYXZvbmNlbGxvLWN1Ym8tb3R0b21hbi1nZW51aW5lLWxlYXRoZXIuaHRtbA%2C%2C/,200,,0,0,0,0,0,Customer Login,2023-12-18 22:57:38 +00:00,2026-03-13 15:09:39 +00:00
https://wassersfurniture.com/customer/account/login/referer/aHR0cHM6Ly93YXNzZXJzZnVybml0dXJlLmNvbS9rYWMtamFpbWUtY29uc29sZS1icnVzaGVkLXN0YWlubGVzcy1zdGVlbC5odG1s/,200,,0,0,0,0,0,Customer Login,2021-12-24 01:32:40 +00:00,2026-03-13 15:09:35 +00:00
https://wassersfurniture.com/customer/account/login/referer/aHR0cHM6Ly93YXNzZXJzZnVybml0dXJlLmNvbS9rZXktbGFyZ28tY29sbGVjdGlvbi1lbGl0ZS1kaW5pbmctdGFibGUuaHRtbA%2C%2C/,200,,0,0,0,0,0,Customer Login,2023-11-28 21:50:27 +00:00,2026-03-13 15:09:31 +00:00
https://wassersfurniture.com/customer/account/login/referer/aHR0cHM6Ly93YXNzZXJzZnVybml0dXJlLmNvbS92ZXJzYWlsbGVzLXRlc3NpZWxsYXRlLXN0b25lLWNvbnNvbGUtZGVzay5odG1s/,200,,0,0,0,0,0,Customer Login,2021-12-25 09:07:02 +00:00,2026-03-13 15:09:27 +00:00
https://wassersfurniture.com/customer/account/login/referer/aHR0cHM6Ly93YXNzZXJzZnVybml0dXJlLmNvbS9rYWMtaGFuZC1pbmxheS1jaGFpci5odG1s/,200,,0,0,0,0,0,Customer Login,2021-12-25 08:33:22 +00:00,2026-03-13 15:09:23 +00:00
https://wassersfurniture.com/customer/account/login/referer/aHR0cHM6Ly93YXNzZXJzZnVybml0dXJlLmNvbS9wYWJsby1ib2xhLWRpc2MuaHRtbA%2C%2C/,200,,0,0,0,0,0,Customer Login,2023-11-28 21:50:11 +00:00,2026-03-13 15:09:19 +00:00
https://wassersfurniture.com/customer/account/login/referer/aHR0cHM6Ly93YXNzZXJzZnVybml0dXJlLmNvbS9wYWJsby1jaWVsby1wZW5kYW50LWxpZ2h0Lmh0bWw%2C/,200,,0,0,0,0,0,Customer Login,2024-01-28 02:14:10 +00:00,2026-03-13 15:09:15 +00:00
https://wassersfurniture.com/customer/account/login/referer/aHR0cHM6Ly93YXNzZXJzZnVybml0dXJlLmNvbS9wYWJsby1iZWwtb2NjaGlvLmh0bWw%2C/,200,,0,0,0,0,0,Customer Login,2023-11-28 21:49:55 +00:00,2026-03-13 15:09:11 +00:00
https://wassersfurniture.com/customer/account/login/referer/aHR0cHM6Ly93YXNzZXJzZnVybml0dXJlLmNvbS9wYWJsby1iZWxtb250Lmh0bWw%2C/,200,,0,0,0,0,0,Customer Login,2023-11-28 21:49:47 +00:00,2026-03-13 15:09:07 +00:00
https://wassersfurniture.com/customer/account/login/referer/aHR0cHM6Ly93YXNzZXJzZnVybml0dXJlLmNvbS9wYWJsby1nbG9zcy1sYW1wLmh0bWw%2C/,200,,0,0,0,0,0,Customer Login,2023-11-28 21:49:43 +00:00,2026-03-13 15:09:03 +00:00
https://wassersfurniture.com/customer/account/login/referer/aHR0cHM6Ly93YXNzZXJzZnVybml0dXJlLmNvbS9wYWJsby1ib2xhLWRpc2MtZmx1c2guaHRtbA%2C%2C/,200,,0,0,0,0,0,Customer Login,2023-11-28 21:49:39 +00:00,2026-03-13 15:08:59 +00:00
https://wassersfurniture.com/customer/account/login/referer/aHR0cHM6Ly93YXNzZXJzZnVybml0dXJlLmNvbS9wYWJsby1jbGFtcC1mbG9vci1sYW1wLmh0bWw%2C/,200,,0,0,0,0,0,Customer Login,2023-11-28 21:49:31 +00:00,2026-03-13 15:08:55 +00:00
https://wassersfurniture.com/customer/account/login/referer/aHR0cHM6Ly93YXNzZXJzZnVybml0dXJlLmNvbS9wYWJsby1ib2xhLWRpc2MtdGFibGUuaHRtbA%2C%2C/,200,,0,0,0,0,0,Customer Login,2023-11-28 21:49:27 +00:00,2026-03-13 15:08:51 +00:00
https://wassersfurniture.com/customer/account/login/referer/aHR0cHM6Ly93YXNzZXJzZnVybml0dXJlLmNvbS9jdXN0b21lci9hY2NvdW50L2ZvcmdvdHBhc3N3b3JkLw%2C%2C/,200,,0,0,0,0,0,Customer Login,2023-11-28 21:35:19 +00:00,2026-03-13 15:08:47 +00:00
https://wassersfurniture.com/customer/account/login/referer/aHR0cHM6Ly93YXNzZXJzZnVybml0dXJlLmNvbS9ib250ZW1waS1hbGdhLWNvYXQtaGFuZ2VyLTA3LTU2Lmh0bWw%2C/,200,,0,0,0,0,0,Customer Login,2023-11-28 21:49:15 +00:00,2026-03-13 15:08:43 +00:00
https://wassersfurniture.com/customer/account/login/referer/aHR0cHM6Ly93YXNzZXJzZnVybml0dXJlLmNvbS9ib250ZW1waS1jYXNhLWFsaWNlLWNoYWlyLTQwLTE3LXF1aWNrc2hpcC5odG1s/,200,,0,0,0,0,0,Customer Login,2021-12-23 22:21:08 +00:00,2026-03-13 15:08:39 +00:00
https://wassersfurniture.com/customer/account/login/referer/aHR0cHM6Ly93YXNzZXJzZnVybml0dXJlLmNvbS9ib250ZW1waS1jYXNhLWFyaWEtY2hhaXIuaHRtbA%2C%2C/,200,,0,0,0,0,0,Customer Login,2023-11-28 21:44:32 +00:00,2026-03-13 15:08:35 +00:00
https://wassersfurniture.com/customer/account/login/referer/aHR0cHM6Ly93YXNzZXJzZnVybml0dXJlLmNvbS9pLWxvdmUtcmluZ3MtY3VyaW8tZGlzcGxheS1jYWJpbmV0Lmh0bWw%2C/,200,,0,0,0,0,0,Customer Login,2023-11-28 21:44:28 +00:00,2026-03-13 15:08:31 +00:00
https://wassersfurniture.com/customer/account/login/referer/aHR0cHM6Ly93YXNzZXJzZnVybml0dXJlLmNvbS9yb3NzZXR0by1kaWFtb25kLWRpbmluZy10YWJsZS1xdWlja3NoaXAtMS5odG1s/,200,,0,0,0,0,0,Customer Login,2021-12-24 02:24:27 +00:00,2026-03-13 15:08:27 +00:00
https://wassersfurniture.com/customer/account/login/referer/aHR0cHM6Ly93YXNzZXJzZnVybml0dXJlLmNvbS9uYW9zLWFjY2VudC10YWJsZS1wYXBpLXF1aWNrc2hpcC5odG1s/,200,,0,0,0,0,0,Customer Login,2021-12-24 04:25:08 +00:00,2026-03-13 15:08:23 +00:00
https://wassersfurniture.com/customer/account/login/referer/aHR0cHM6Ly93YXNzZXJzZnVybml0dXJlLmNvbS9uYW9zLWFjY2VudC10YWJsZS1nZW1lbGxpbm8tcXVpY2tzaGlwLmh0bWw%2C/,200,,0,0,0,0,0,Customer Login,2023-11-28 21:44:16 +00:00,2026-03-13 15:08:19 +00:00
https://wassersfurniture.com/customer/account/login/referer/aHR0cHM6Ly93YXNzZXJzZnVybml0dXJlLmNvbS9uYW9zLWFjY2VudC10YWJsZS1nZW1pbGxpbm8uaHRtbA%2C%2C/,200,,0,0,0,0,0,Customer Login,2023-11-28 21:44:12 +00:00,2026-03-13 15:08:15 +00:00
https://wassersfurniture.com/customer/account/login/referer/aHR0cHM6Ly93YXNzZXJzZnVybml0dXJlLmNvbS9uYW9zLWFjY2VudC10YWJsZS1hcG9sbG8uaHRtbA%2C%2C/,200,,0,0,0,0,0,Customer Login,2023-11-28 21:44:08 +00:00,2026-03-13 15:08:11 +00:00
https://wassersfurniture.com/customer/account/login/referer/aHR0cHM6Ly93YXNzZXJzZnVybml0dXJlLmNvbS9uYW9zLWFjY2VudC10YWJsZS1oYXJyeS1xaWNrc2hpcC5odG1s/,200,,0,0,0,0,0,Customer Login,2021-12-24 04:16:58 +00:00,2026-03-13 15:08:07 +00:00
https://wassersfurniture.com/customer/account/login/referer/aHR0cHM6Ly93YXNzZXJzZnVybml0dXJlLmNvbS9uYW9zLWNvY2t0YWlsLXRhYmxlLWFwb2xsby1zaGlueS1ibGFjay1iYXNlLmh0bWw%2C/,200,,0,0,0,0,0,Customer Login,2023-11-28 21:44:00 +00:00,2026-03-13 15:08:03 +00:00
https://wassersfurniture.com/customer/account/login/referer/aHR0cHM6Ly93YXNzZXJzZnVybml0dXJlLmNvbS9uYW9zLWFjY2VudC10YWJsZS1oYXJyeS5odG1s/,200,,0,0,0,0,0,Customer Login,2021-12-24 04:23:29 +00:00,2026-03-13 15:07:59 +00:00
https://wassersfurniture.com/customer/account/login/referer/aHR0cHM6Ly93YXNzZXJzZnVybml0dXJlLmNvbS9uYW9zLWFjY2VudC10YWJsZS1wYXBpLmh0bWw%2C/,200,,0,0,0,0,0,Customer Login,2023-11-28 21:43:52 +00:00,2026-03-13 15:07:55 +00:00
https://wassersfurniture.com/customer/account/login/referer/aHR0cHM6Ly93YXNzZXJzZnVybml0dXJlLmNvbS9uYW9zLWFjY2VudC10YWJsZS1jbGF5LXF1aWNrc2hpcC5odG1s/,200,,0,0,0,0,0,Customer Login,2021-12-24 03:59:28 +00:00,2026-03-13 15:07:51 +00:00
https://wassersfurniture.com/customer/account/login/referer/aHR0cHM6Ly93YXNzZXJzZnVybml0dXJlLmNvbS9uYW9zLWNvY2t0YWlsLXRhYmxlLWFxdWkuaHRtbA%2C%2C/,200,,0,0,0,0,0,Customer Login,2023-11-28 21:43:44 +00:00,2026-03-13 15:07:47 +00:00
https://wassersfurniture.com/customer/account/login/referer/aHR0cHM6Ly93YXNzZXJzZnVybml0dXJlLmNvbS9pbnRlcmx1ZGUtYmFyLWNhcnQuaHRtbA%2C%2C/,200,,0,0,0,0,0,Customer Login,2023-11-28 21:43:28 +00:00,2026-03-13 15:07:43 +00:00
https://wassersfurniture.com/customer/account/login/referer/aHR0cHM6Ly93YXNzZXJzZnVybml0dXJlLmNvbS9ib250ZW1waS1jYXNhLXNlbnNvLWRpbmluZy10YWJsZS1leHRlbnNpb24uaHRtbA%2C%2C/,200,,0,0,0,0,0,Customer Login,2023-11-28 21:42:52 +00:00,2026-03-13 15:07:39 +00:00
https://wassersfurniture.com/customer/account/login/referer/aHR0cHM6Ly93YXNzZXJzZnVybml0dXJlLmNvbS9jYXR0ZWxhbi1pdGFsaWEtcXdlcnR5LWRlc2suaHRtbA%2C%2C/,200,,0,0,0,0,0,Customer Login,2023-12-27 13:23:57 +00:00,2026-03-13 15:07:35 +00:00
https://wassersfurniture.com/customer/account/login/referer/aHR0cHM6Ly93YXNzZXJzZnVybml0dXJlLmNvbS9jYXR0ZWxhbi1pdGFsaWEtc29maWEtZGluaW5nLWNoYWlyLWluLXN0b2NrLmh0bWw%2C/,200,,0,0,0,0,0,Customer Login,2023-12-27 13:23:13 +00:00,2026-03-13 15:07:31 +00:00
https://wassersfurniture.com/customer/account/login/referer/aHR0cHM6Ly93YXNzZXJzZnVybml0dXJlLmNvbS9wYXZvbmNlbGxvLWNvbW8tbGFnby1zb2ZhYmVkLWdlbnVpbmUtbGVhdGhlci5odG1s/,200,,0,0,0,0,0,Customer Login,2021-12-24 07:20:09 +00:00,2026-03-13 15:07:27 +00:00
https://wassersfurniture.com/customer/account/login/referer/aHR0cHM6Ly93YXNzZXJzZnVybml0dXJlLmNvbS9nYW1tYS10dWxpcC1jaGFpc2UtbG91bmdlLmh0bWw%2C/,200,,0,0,0,0,0,Customer Login,2023-11-28 21:42:44 +00:00,2026-03-13 15:07:23 +00:00
https://wassersfurniture.com/customer/account/login/referer/aHR0cHM6Ly93YXNzZXJzZnVybml0dXJlLmNvbS9yb3NzZXR0by1mbHktZGluaW5nLXRhYmxlLTYtY2hhaXJzLXF1aWNrc2hpcC5odG1s/,200,,0,0,0,0,0,Customer Login,2021-12-25 10:01:42 +00:00,2026-03-13 15:07:19 +00:00
https://wassersfurniture.com/customer/account/login/referer/aHR0cHM6Ly93YXNzZXJzZnVybml0dXJlLmNvbS9wZWV0LXJvZ2Vycy1lbm5lc2ltYS1kaW5pbmctdGFibGUuaHRtbA%2C%2C/,200,,0,0,0,0,0,Customer Login,2023-11-28 21:42:36 +00:00,2026-03-13 15:07:15 +00:00
https://wassersfurniture.com/customer/account/login/referer/aHR0cHM6Ly93YXNzZXJzZnVybml0dXJlLmNvbS9ib250ZW1waS1jYXNhLWdhcy1iYXJzdG9vbC0wNC00Mi5odG1s/,200,,0,0,0,0,0,Customer Login,2021-12-24 02:07:03 +00:00,2026-03-13 15:07:11 +00:00
https://wassersfurniture.com/customer/account/login/referer/aHR0cHM6Ly93YXNzZXJzZnVybml0dXJlLmNvbS9ib250ZW1waS1jYXNhLWxlei1iYXJzdG9vbC0wNC00My5odG1s/,200,,0,0,0,0,0,Customer Login,2021-12-24 01:51:33 +00:00,2026-03-13 15:07:07 +00:00
https://wassersfurniture.com/customer/account/login/referer/aHR0cHM6Ly93YXNzZXJzZnVybml0dXJlLmNvbS9yZWdpbmEtYW5kcmV3LWRlc2lnbi1kb2xsaWUtY2hhbmRlbGllci5odG1s/,200,,0,0,0,0,0,Customer Login,2021-12-23 20:23:34 +00:00,2026-03-13 15:07:03 +00:00
https://wassersfurniture.com/customer/account/login/referer/aHR0cHM6Ly93YXNzZXJzZnVybml0dXJlLmNvbS9zdXJ5YS1hcm9zLXJ1Zy5odG1s/,200,,0,0,0,0,0,Customer Login,2021-12-25 13:27:39 +00:00,2026-03-13 15:06:59 +00:00
https://wassersfurniture.com/customer/account/login/referer/aHR0cHM6Ly93YXNzZXJzZnVybml0dXJlLmNvbS9zdXJ5YS12aXZpZC1ydWdzLmh0bWw%2C/,200,,0,0,0,0,0,Customer Login,2023-12-18 21:29:38 +00:00,2026-03-13 15:06:55 +00:00
https://wassersfurniture.com/customer/account/login/referer/aHR0cHM6Ly93YXNzZXJzZnVybml0dXJlLmNvbS9mZXJndXNlbi1jb3BlbGFuZC10b3Vsb24uaHRtbA%2C%2C/,200,,0,0,0,0,0,Customer Login,2023-12-18 22:28:50 +00:00,2026-03-13 15:06:51 +00:00
https://wassersfurniture.com/customer/account/login/referer/aHR0cHM6Ly93YXNzZXJzZnVybml0dXJlLmNvbS92aW50YWdlLXBvcnR1Z2VzZS1jYWJpbmV0Lmh0bWw%2C/,200,,0,0,0,0,0,Customer Login,2023-12-18 22:42:21 +00:00,2026-03-13 15:06:47 +00:00
https://wassersfurniture.com/customer/account/login/referer/aHR0cHM6Ly93YXNzZXJzZnVybml0dXJlLmNvbS9hbWVyaWNhbi1sZWF0aGVyLWVtbWEtY2hhaXIuaHRtbA%2C%2C/,200,,0,0,0,0,0,Customer Login,2023-12-18 22:57:30 +00:00,2026-03-13 15:06:43 +00:00
https://wassersfurniture.com/customer/account/login/referer/aHR0cHM6Ly93YXNzZXJzZnVybml0dXJlLmNvbS9hbWVyaWNhbi1sZWF0aGVyLWNvbGUtYWNjZW50LWNoYWlyLmh0bWw%2C/,200,,0,0,0,0,0,Customer Login,2023-12-18 22:57:26 +00:00,2026-03-13 15:06:39 +00:00
https://wassersfurniture.com/customer/account/login/referer/aHR0cHM6Ly93YXNzZXJzZnVybml0dXJlLmNvbS9hbWVyaWNhbi1sZWF0aGVyLWhlbmxleS1sZWF0aGVyLXNlY3Rpb25hbC5odG1s/,200,,0,0,0,0,0,Customer Login,2021-12-25 11:08:38 +00:00,2026-03-13 15:06:35 +00:00
https://wassersfurniture.com/customer/account/login/referer/aHR0cHM6Ly93YXNzZXJzZnVybml0dXJlLmNvbS9jYXJyb2wtYm95ZXMtY2hpcC1kaXAtbGFpZC1iYWNrLXhiY2QtbGIuaHRtbA%2C%2C/,200,,0,0,0,0,0,Customer Login,2023-12-18 22:41:57 +00:00,2026-03-13 15:06:31 +00:00
https://wassersfurniture.com/customer/account/login/referer/aHR0cHM6Ly93YXNzZXJzZnVybml0dXJlLmNvbS9jYXJyb2wtYm95ZXMtYnJlYWQta25pZmUtd291bmQtdXAtYmstd3UuaHRtbA%2C%2C/,200,,0,0,0,0,0,Customer Login,2023-12-18 22:41:53 +00:00,2026-03-13 15:06:27 +00:00
https://wassersfurniture.com/customer/account/login/referer/aHR0cHM6Ly93YXNzZXJzZnVybml0dXJlLmNvbS9jYXJyb2wtYm95ZXMtY2FuZGxlc3RpY2std291bmQtdXAteGNhLXd1Lmh0bWw%2C/,200,,0,0,0,0,0,Customer Login,2023-12-18 22:41:49 +00:00,2026-03-13 15:06:23 +00:00
https://wassersfurniture.com/customer/account/login/referer/aHR0cHM6Ly93YXNzZXJzZnVybml0dXJlLmNvbS9jYXJyb2wtYm95ZXMtY2VudGVyLXBpZWNlLWJhY2tiZW5kLXhjcC1iYi5odG1s/,200,,0,0,0,0,0,Customer Login,2021-12-24 08:12:44 +00:00,2026-03-13 15:06:19 +00:00
https://wassersfurniture.com/customer/account/login/referer/aHR0cHM6Ly93YXNzZXJzZnVybml0dXJlLmNvbS9jYXJyb2wtYm95ZXMtY29uY2llcmdlLWJvd2wtYmFja2JlbmQteGJjby1iYi5odG1s/,200,,0,0,0,0,0,Customer Login,2021-12-24 08:06:36 +00:00,2026-03-13 15:06:15 +00:00
https://wassersfurniture.com/customer/account/login/referer/aHR0cHM6Ly93YXNzZXJzZnVybml0dXJlLmNvbS9jYXJyb2wtYm95ZXMtYmVycnktYm9hdC1hdC1yZXN0LXhiZWItYXRyLTEuaHRtbA%2C%2C/,200,,0,0,0,0,0,Customer Login,2023-12-18 22:40:49 +00:00,2026-03-13 15:06:11 +00:00
https://wassersfurniture.com/customer/account/login/referer/aHR0cHM6Ly93YXNzZXJzZnVybml0dXJlLmNvbS9uZXdwb3J0LWNvdHRhZ2VzLW1vbnRlcmV5LXRvZGRsZXItZ3VhcmRyYWlsLmh0bWw%2C/,200,,0,0,0,0,0,Customer Login,2023-11-28 21:57:52 +00:00,2026-03-13 15:06:07 +00:00
https://wassersfurniture.com/customer/account/login/referer/aHR0cHM6Ly93YXNzZXJzZnVybml0dXJlLmNvbS9uZXdwb3J0LWNvdHRhZ2VzLW1vbnRlcmV5LTYtZHJhd2VyLWRyZXNzZXIuaHRtbA%2C%2C/,200,,0,0,0,0,0,Customer Login,2024-02-17 09:37:29 +00:00,2026-03-13 15:06:03 +00:00
https://wassersfurniture.com/customer/account/login/referer/aHR0cHM6Ly93YXNzZXJzZnVybml0dXJlLmNvbS9uZXdwb3J0LWNvdHRhZ2VzLW1vbnRlcmV5LWNoYW5naW5nLXRyYXkuaHRtbA%2C%2C/,200,,0,0,0,0,0,Customer Login,2023-12-18 22:42:05 +00:00,2026-03-13 15:05:59 +00:00
https://wassersfurniture.com/customer/account/login/referer/aHR0cHM6Ly93YXNzZXJzZnVybml0dXJlLmNvbS9uZXdwb3J0LWNvdHRhZ2VzLW1vbnRlcmV5LTQtZHJhd2VyLWRyZXNzZXIuaHRtbA%2C%2C/,200,,0,0,0,0,0,Customer Login,2023-12-18 22:42:01 +00:00,2026-03-13 15:05:55 +00:00
https://wassersfurniture.com/customer/account/login/referer/aHR0cHM6Ly93YXNzZXJzZnVybml0dXJlLmNvbS92YXJpZXItcGVlbC1zd2l2ZWwtY2hhaXItd2l0aC1jcm9zcy1iYXNlLmh0bWw%2C/,200,,0,0,0,0,0,Customer Login,2023-11-28 21:36:11 +00:00,2026-03-13 15:05:51 +00:00
https://wassersfurniture.com/customer/account/login/referer/aHR0cHM6Ly93YXNzZXJzZnVybml0dXJlLmNvbS9jYXR0ZWxhbi1zcHlkZXItZGluaW5nLXRhYmxlLmh0bWw%2C/,200,,0,0,0,0,0,Customer Login,2023-12-18 22:40:45 +00:00,2026-03-13 15:05:47 +00:00
https://wassersfurniture.com/customer/account/login/referer/aHR0cHM6Ly93YXNzZXJzZnVybml0dXJlLmNvbS9jb3N0YW50aW5pLXBpZXRyby1kaW5pbmctdGFibGUtY2FwdHVyZS5odG1s/,200,,0,0,0,0,0,Customer Login,2021-12-24 02:35:15 +00:00,2026-03-13 15:05:43 +00:00
https://wassersfurniture.com/customer/account/login/referer/aHR0cHM6Ly93YXNzZXJzZnVybml0dXJlLmNvbS9nYW1tYS1hc3Rvbi1jaGFpci5odG1s/,200,,0,0,0,0,0,Customer Login,2021-12-25 10:57:34 +00:00,2026-03-13 15:05:39 +00:00
https://wassersfurniture.com/customer/account/login/referer/aHR0cHM6Ly93YXNzZXJzZnVybml0dXJlLmNvbS9nYW1tYS1hc3Rvbi1jaGFpc2UuaHRtbA%2C%2C/,200,,0,0,0,0,0,Customer Login,2023-12-18 22:40:33 +00:00,2026-03-13 15:05:35 +00:00
https://wassersfurniture.com/customer/account/login/referer/aHR0cHM6Ly93YXNzZXJzZnVybml0dXJlLmNvbS9nYW1tYS1iZWxsZXZ1ZS1zZWN0aW9uYWwuaHRtbA%2C%2C/,200,,0,0,0,0,0,Customer Login,2023-12-18 22:40:29 +00:00,2026-03-13 15:05:31 +00:00
https://wassersfurniture.com/customer/account/login/referer/aHR0cHM6Ly93YXNzZXJzZnVybml0dXJlLmNvbS9nYW1tYS1jYXByaS1zb2ZhYmVkLmh0bWw%2C/,200,,0,0,0,0,0,Customer Login,2023-12-18 22:40:25 +00:00,2026-03-13 15:05:27 +00:00
https://wassersfurniture.com/customer/account/login/referer/aHR0cHM6Ly93YXNzZXJzZnVybml0dXJlLmNvbS9nYW1tYS1hc3Rvbi1zb2ZhLTEuaHRtbA%2C%2C/,200,,0,0,0,0,0,Customer Login,2023-12-18 22:39:57 +00:00,2026-03-13 15:05:23 +00:00
https://wassersfurniture.com/customer/account/login/referer/aHR0cHM6Ly93YXNzZXJzZnVybml0dXJlLmNvbS9nYW1tYS1hbGZyZWQuaHRtbA%2C%2C/,200,,0,0,0,0,0,Customer Login,2023-12-18 22:39:53 +00:00,2026-03-13 15:05:19 +00:00
https://wassersfurniture.com/customer/account/login/referer/aHR0cHM6Ly93YXNzZXJzZnVybml0dXJlLmNvbS9nYW1tYS1hdmVudWUtc29mYS5odG1s/,200,,0,0,0,0,0,Customer Login,2021-12-25 11:03:35 +00:00,2026-03-13 15:05:15 +00:00
https://wassersfurniture.com/customer/account/login/referer/aHR0cHM6Ly93YXNzZXJzZnVybml0dXJlLmNvbS9nYW1tYS1iZWxsZXZ1ZS1zb2ZhLmh0bWw%2C/,200,,0,0,0,0,0,Customer Login,2023-12-18 22:38:37 +00:00,2026-03-13 15:05:11 +00:00
https://wassersfurniture.com/customer/account/login/referer/aHR0cHM6Ly93YXNzZXJzZnVybml0dXJlLmNvbS9nYW1tYS1jaGFybGVzLmh0bWw%2C/,200,,0,0,0,0,0,Customer Login,2023-12-18 22:38:33 +00:00,2026-03-13 15:05:07 +00:00
https://wassersfurniture.com/customer/account/login/referer/aHR0cHM6Ly93YXNzZXJzZnVybml0dXJlLmNvbS9nYW1tYS1ib25kLXNlY3Rpb25hbC5odG1s/,200,,0,0,0,0,0,Customer Login,2021-12-25 11:11:56 +00:00,2026-03-13 15:05:03 +00:00
https://wassersfurniture.com/customer/account/login/referer/aHR0cHM6Ly93YXNzZXJzZnVybml0dXJlLmNvbS9jb3V0dXJlLWphcmRpbi1lc2NhcGFkZS5odG1s/,200,,0,0,0,0,0,Customer Login,2021-12-24 08:13:55 +00:00,2026-03-13 15:04:59 +00:00
https://wassersfurniture.com/customer/account/login/referer/aHR0cHM6Ly93YXNzZXJzZnVybml0dXJlLmNvbS9nb29nbGUtcmV2aWV3/,200,,0,0,0,0,0,Customer Login,2022-01-08 05:33:26 +00:00,2026-03-13 15:04:55 +00:00
https://wassersfurniture.com/customer/account/login/referer/aHR0cHM6Ly93YXNzZXJzZnVybml0dXJlLmNvbS9taWQtY2VudHVyeS1tb2Rlcm4td29vZC1uaWdodC10YWJsZS5odG1s/,200,,0,0,0,0,0,Customer Login,2021-12-25 11:13:29 +00:00,2026-03-13 15:04:51 +00:00
https://wassersfurniture.com/customer/account/login/referer/aHR0cHM6Ly93YXNzZXJzZnVybml0dXJlLmNvbS9hbWVyaWNhbi1sZWF0aGVyLWdhaW5lcy1jb21mb3J0LXNsZWVwZXItdjguaHRtbA%2C%2C/,200,,0,0,0,0,0,Customer Login,2023-12-18 22:37:41 +00:00,2026-03-13 15:04:47 +00:00
https://wassersfurniture.com/customer/account/login/referer/aHR0cHM6Ly93YXNzZXJzZnVybml0dXJlLmNvbS9hbWVyaWNhbi1sZWF0aGVyLWhhcnJpcy1jb21mb3J0LXNsZWVwZXItdjguaHRtbA%2C%2C/,200,,0,0,0,0,0,Customer Login,2023-12-18 22:36:18 +00:00,2026-03-13 15:04:43 +00:00
https://wassersfurniture.com/customer/account/login/referer/aHR0cHM6Ly93YXNzZXJzZnVybml0dXJlLmNvbS9hbWVyaWNhbi1sZWF0aGVyLWtsZWluLWNvbWZvcnQtc2xlZXBlci12OC5odG1s/,200,,0,0,0,0,0,Customer Login,2022-01-03 20:55:48 +00:00,2026-03-13 15:04:39 +00:00
https://wassersfurniture.com/customer/account/login/referer/aHR0cHM6Ly93YXNzZXJzZnVybml0dXJlLmNvbS9hbWVyaWNhbi1sZWF0aGVyLWJyeXNvbi1jb21mb3J0LXNsZWVwZXItdjguaHRtbA%2C%2C/,200,,0,0,0,0,0,Customer Login,2023-12-18 22:36:10 +00:00,2026-03-13 15:04:35 +00:00
https://wassersfurniture.com/customer/account/login/referer/aHR0cHM6Ly93YXNzZXJzZnVybml0dXJlLmNvbS9hbWVyaWNhbi1sZWF0aGVyLWx5b25zLWNvbWZvcnQtc2xlZXBlci12OC5odG1s/,200,,0,0,0,0,0,Customer Login,2021-12-24 07:39:47 +00:00,2026-03-13 15:04:31 +00:00
https://wassersfurniture.com/customer/account/login/referer/aHR0cHM6Ly93YXNzZXJzZnVybml0dXJlLmNvbS9hbWVyaWNhbi1sZWF0aGVyLWNvbmxleS1jb21mb3J0LXNsZWVwZXItdjguaHRtbA%2C%2C/,200,,0,0,0,0,0,Customer Login,2024-02-17 09:05:19 +00:00,2026-03-13 15:04:27 +00:00
https://wassersfurniture.com/customer/account/login/referer/aHR0cHM6Ly93YXNzZXJzZnVybml0dXJlLmNvbS9hbWVyaWNhbi1sZWF0aGVyLWdpYmJzLWNvbWZvcnQtc2xlZXBlci12OC5odG1s/,200,,0,0,0,0,0,Customer Login,2022-01-03 20:54:12 +00:00,2026-03-13 15:04:23 +00:00
https://wassersfurniture.com/customer/account/login/referer/aHR0cHM6Ly93YXNzZXJzZnVybml0dXJlLmNvbS9hbWVyaWNhbi1sZWF0aGVyLWphaW1lLWNvbWZvcnQtc2xlZXBlci12OC5odG1s/,200,,0,0,0,0,0,Customer Login,2021-12-24 03:20:24 +00:00,2026-03-13 15:04:19 +00:00
https://wassersfurniture.com/customer/account/login/referer/aHR0cHM6Ly93YXNzZXJzZnVybml0dXJlLmNvbS9hbWVyaWNhbi1sZWF0aGVyLWJyYW5kdC1jb21mb3J0LXNsZWVwZXItdjguaHRtbA%2C%2C/,200,,0,0,0,0,0,Customer Login,2023-12-18 22:35:07 +00:00,2026-03-13 15:04:15 +00:00
https://wassersfurniture.com/customer/account/login/referer/aHR0cHM6Ly93YXNzZXJzZnVybml0dXJlLmNvbS9jaGFuZHJhLXphcmEtemFyLTE0NTE1LWFyZWEtcnVnLWxpZ2h0LWJyb3duLmh0bWw%2C/,200,,0,0,0,0,0,Customer Login,2023-12-18 22:35:03 +00:00,2026-03-13 15:04:11 +00:00
https://wassersfurniture.com/customer/account/login/referer/aHR0cHM6Ly93YXNzZXJzZnVybml0dXJlLmNvbS9jaGFuZHJhLXphcmEtemFyLTE0NTIxLWFyZWEtcnVnLWdyYXkuaHRtbA%2C%2C/,200,,0,0,0,0,0,Customer Login,2023-12-18 22:34:59 +00:00,2026-03-13 15:04:07 +00:00
https://wassersfurniture.com/customer/account/login/referer/aHR0cHM6Ly93YXNzZXJzZnVybml0dXJlLmNvbS9rYWMtaG91c2UtcnVnLWJsYWNrLXdoaXRlLmh0bWw%2C/,200,,0,0,0,0,0,Customer Login,2023-11-28 21:52:30 +00:00,2026-03-13 15:04:03 +00:00
https://wassersfurniture.com/customer/account/login/referer/aHR0cHM6Ly93YXNzZXJzZnVybml0dXJlLmNvbS9jaGFuZHJhLXphcmEtemFyLTE0NTIwLWFyZWEtcnVnLWJlaWdlLXRvbmUuaHRtbA%2C%2C/,200,,0,0,0,0,0,Customer Login,2023-12-18 22:34:55 +00:00,2026-03-13 15:03:59 +00:00
https://wassersfurniture.com/customer/account/login/referer/aHR0cHM6Ly93YXNzZXJzZnVybml0dXJlLmNvbS9jaGFuZHJhLXphcmEtemFyLTE0NTM5LWFyZWEtcnVnLWJlaWdlLmh0bWw%2C/,200,,0,0,0,0,0,Customer Login,2023-12-18 22:34:51 +00:00,2026-03-13 15:03:55 +00:00
https://wassersfurniture.com/customer/account/login/referer/aHR0cHM6Ly93YXNzZXJzZnVybml0dXJlLmNvbS9rYWMtbWVsbG93LXllbGxvdy1kZXNpZ25lci1hY2Nlc3NvcnktcGFja2FnZS5odG1s/,200,,0,0,0,0,0,Customer Login,2021-12-24 07:15:19 +00:00,2026-03-13 15:03:51 +00:00
https://wassersfurniture.com/customer/account/login/referer/aHR0cHM6Ly93YXNzZXJzZnVybml0dXJlLmNvbS9jaGFuZHJhLWdpdWxpYS1jb2xsZWN0aW9uLWFyZWEtcnVncy5odG1s/,200,,0,0,0,0,0,Customer Login,2021-12-25 13:28:18 +00:00,2026-03-13 15:03:47 +00:00
https://wassersfurniture.com/customer/account/login/referer/aHR0cHM6Ly93YXNzZXJzZnVybml0dXJlLmNvbS9jaGFuZHJhLXphcmEtemFyLTE0NTQwLWFyZWEtcnVnLWJlaWdlLWJyb3duLmh0bWw%2C/,200,,0,0,0,0,0,Customer Login,2023-12-18 22:33:51 +00:00,2026-03-13 15:03:43 +00:00
https://wassersfurniture.com/customer/account/login/referer/aHR0cHM6Ly93YXNzZXJzZnVybml0dXJlLmNvbS9uZXdwb3J0LWNvdHRhZ2VzLWJldmVybHktdXBob2xzdGVyZWQtY3JpYi5odG1s/,200,,0,0,0,0,0,Customer Login,2021-12-25 10:22:31 +00:00,2026-03-13 15:03:39 +00:00
https://wassersfurniture.com/customer/account/login/referer/aHR0cHM6Ly93YXNzZXJzZnVybml0dXJlLmNvbS9uZXdwb3J0LWNvdHRhZ2VzLW1vbnRlcmV5LWNyaWIuaHRtbA%2C%2C/,200,,0,0,0,0,0,Customer Login,2023-12-18 22:33:43 +00:00,2026-03-13 15:03:35 +00:00
https://wassersfurniture.com/customer/account/login/referer/aHR0cHM6Ly93YXNzZXJzZnVybml0dXJlLmNvbS9uZXdwb3J0LWNvdHRhZ2VzLXVwdG93bi1jcmliLmh0bWw%2C/,200,,0,0,0,0,0,Customer Login,2024-02-17 09:31:25 +00:00,2026-03-13 15:03:31 +00:00
https://wassersfurniture.com/customer/account/login/referer/aHR0cHM6Ly93YXNzZXJzZnVybml0dXJlLmNvbS9uZXdwb3J0LWNvdHRhZ2VzLWNhc2V5LWNyaWIuaHRtbA%2C%2C/,200,,0,0,0,0,0,Customer Login,2023-12-18 22:33:19 +00:00,2026-03-13 15:03:27 +00:00
https://wassersfurniture.com/customer/account/login/referer/aHR0cHM6Ly93YXNzZXJzZnVybml0dXJlLmNvbS9icmFpZGEtc3dpdmVsLWNoYWlyLmh0bWw%2C/,200,,0,0,0,0,0,Customer Login,2023-11-28 21:35:59 +00:00,2026-03-13 15:03:23 +00:00
https://wassersfurniture.com/customer/account/login/referer/aHR0cHM6Ly93YXNzZXJzZnVybml0dXJlLmNvbS9kYXBwZXItbmF2eS1iYWJ5LW90dG9tYW4uaHRtbA%2C%2C/,200,,0,0,0,0,0,Customer Login,2023-11-28 22:00:11 +00:00,2026-03-13 15:03:19 +00:00
https://wassersfurniture.com/customer/account/login/referer/aHR0cHM6Ly93YXNzZXJzZnVybml0dXJlLmNvbS9kYXBwZXItbmF2eS1iYWJ5LWNvbnNvbGUtZHJlc3Nlci5odG1s/,200,,0,0,0,0,0,Customer Login,2021-12-25 10:01:00 +00:00,2026-03-13 15:03:15 +00:00
https://wassersfurniture.com/customer/account/login/referer/aHR0cHM6Ly93YXNzZXJzZnVybml0dXJlLmNvbS9kYXBwZXItbmF2eS1iYWJ5LWNyaWIuaHRtbA%2C%2C/,200,,0,0,0,0,0,Customer Login,2023-11-28 22:00:03 +00:00,2026-03-13 15:03:07 +00:00
https://wassersfurniture.com/customer/account/login/referer/aHR0cHM6Ly93YXNzZXJzZnVybml0dXJlLmNvbS9kYXBwZXItbmF2eS1iYWJ5LWFjcnlsaWMtYm9va3NoZWx2ZXMuaHRtbA%2C%2C/,200,,0,0,0,0,0,Customer Login,2023-11-28 21:59:59 +00:00,2026-03-13 15:03:03 +00:00
https://wassersfurniture.com/customer/account/login/referer/aHR0cHM6Ly93YXNzZXJzZnVybml0dXJlLmNvbS9kYXBwZXItbmF2eS1iYWJ5LXJ1Zy5odG1s/,200,,0,0,0,0,0,Customer Login,2021-12-25 10:23:27 +00:00,2026-03-13 15:02:59 +00:00
https://wassersfurniture.com/customer/account/login/referer/aHR0cHM6Ly93YXNzZXJzZnVybml0dXJlLmNvbS9kYXBwZXItbmF2eS1iYWJ5LWNoYW5naW5nLXRyYXkuaHRtbA%2C%2C/,200,,0,0,0,0,0,Customer Login,2023-11-28 21:59:51 +00:00,2026-03-13 15:02:55 +00:00
https://wassersfurniture.com/customer/account/login/referer/aHR0cHM6Ly93YXNzZXJzZnVybml0dXJlLmNvbS9jaGFpci1tb250ZS1kZXNpZ24tZ3JhemlhLWdsaWRlci5odG1s/,200,,0,0,0,0,0,Customer Login,2021-12-25 09:57:40 +00:00,2026-03-13 15:02:51 +00:00
https://wassersfurniture.com/customer/account/login/referer/aHR0cHM6Ly93YXNzZXJzZnVybml0dXJlLmNvbS9kYXBwZXItbmF2eS1iYWJ5LWdsaWRlci5odG1s/,200,,0,0,0,0,0,Customer Login,2021-12-25 10:20:44 +00:00,2026-03-13 15:02:47 +00:00
https://wassersfurniture.com/customer/account/login/referer/aHR0cHM6Ly93YXNzZXJzZnVybml0dXJlLmNvbS9kYXBwZXItbmF2eS1iYWJ5LTIuaHRtbA%2C%2C/,200,,0,0,0,0,0,Customer Login,2023-11-28 21:59:43 +00:00,2026-03-13 15:02:43 +00:00
https://wassersfurniture.com/customer/account/login/referer/aHR0cHM6Ly93YXNzZXJzZnVybml0dXJlLmNvbS9kYXBwZXItbmF2eS1iYWJ5LWNoYW5kZWxpZXIuaHRtbA%2C%2C/,200,,0,0,0,0,0,Customer Login,2023-11-28 21:59:39 +00:00,2026-03-13 15:02:39 +00:00
https://wassersfurniture.com/customer/account/login/referer/aHR0cHM6Ly93YXNzZXJzZnVybml0dXJlLmNvbS9jYXJyb2wtYm95ZXMtY2VudGVyLXBpZWNlLW9uLWEtY2xvdWQuaHRtbA%2C%2C/,200,,0,0,0,0,0,Customer Login,2023-11-28 21:31:59 +00:00,2026-03-13 15:02:35 +00:00
https://wassersfurniture.com/customer/account/login/referer/aHR0cHM6Ly93YXNzZXJzZnVybml0dXJlLmNvbS9jb3N0YW50aW5pLXBpZXRyby1idWZmZXQtYW1iYXNzYWRvci5odG1s/,200,,0,0,0,0,0,Customer Login,2022-01-04 00:11:12 +00:00,2026-03-13 15:02:31 +00:00
https://wassersfurniture.com/customer/account/login/referer/aHR0cHM6Ly93YXNzZXJzZnVybml0dXJlLmNvbS9hbWVyaWNhbi1sZWF0aGVyLXNhdm95LWNoYWlyLXNvZmEtc2VjdGlvbmFsLmh0bWw%2C/,200,,0,0,0,0,0,Customer Login,2023-11-28 22:02:31 +00:00,2026-03-13 15:02:27 +00:00
https://wassersfurniture.com/customer/account/login/referer/aHR0cHM6Ly93YXNzZXJzZnVybml0dXJlLmNvbS9hbWVyaWNhbi1sZWF0aGVyLXNvZmEtc2VjdGlvbmFsLWFpbnNsZXkuaHRtbA%2C%2C/,200,,0,0,0,0,0,Customer Login,2023-11-28 22:02:35 +00:00,2026-03-13 15:02:23 +00:00
https://wassersfurniture.com/customer/account/login/referer/aHR0cHM6Ly93YXNzZXJzZnVybml0dXJlLmNvbS9hbWVyaWNhbi1sZWF0aGVyLW1lbmxvLXBhcmstc2VjdGlvbmFsLmh0bWw%2C/,200,,0,0,0,0,0,Customer Login,2024-01-28 02:37:53 +00:00,2026-03-13 15:02:19 +00:00
https://wassersfurniture.com/customer/account/login/referer/aHR0cHM6Ly93YXNzZXJzZnVybml0dXJlLmNvbS9hbWVyaWNhbi1sZWF0aGVyLW9saXZlci1zZWN0aW9uYWwtc29mYS5odG1s/,200,,0,0,0,0,0,Customer Login,2021-12-24 02:31:08 +00:00,2026-03-13 15:02:15 +00:00
https://wassersfurniture.com/customer/account/login/referer/aHR0cHM6Ly93YXNzZXJzZnVybml0dXJlLmNvbS9udWV2by1oYXJwZXItbG91bmdlLWNoYWlyLXdoaXRlLWVjby1wZWxsZS5odG1s/,200,,0,0,0,0,0,Customer Login,2021-12-24 07:07:41 +00:00,2026-03-13 15:02:11 +00:00
https://wassersfurniture.com/customer/account/login/referer/aHR0cHM6Ly93YXNzZXJzZnVybml0dXJlLmNvbS9saW5rLXR2LXN0YW5kLWJ5LWNhdHRlbGFuLWluLXN0b2NrLmh0bWw%2C/,200,,0,0,0,0,0,Customer Login,2023-12-18 22:44:49 +00:00,2026-03-13 15:02:07 +00:00
https://wassersfurniture.com/customer/account/login/referer/aHR0cHM6Ly93YXNzZXJzZnVybml0dXJlLmNvbS9jYXR0ZWxhbi1pdGFsaWEtdmVuZXppYS1jaGFuZGVsaWVyLTEuaHRtbA%2C%2C/,200,,0,0,0,0,0,Customer Login,2023-11-28 21:54:42 +00:00,2026-03-13 15:02:03 +00:00
https://wassersfurniture.com/customer/account/login/referer/aHR0cHM6Ly93YXNzZXJzZnVybml0dXJlLmNvbS9jYXR0ZWxhbi1raWRhbC1jaGFuZGVsaWVyLWluLXN0b2NrLXF1aWNrc2hpcC5odG1s/,200,,0,0,0,0,0,Customer Login,2021-12-25 10:24:37 +00:00,2026-03-13 15:01:59 +00:00
https://wassersfurniture.com/customer/account/login/referer/aHR0cHM6Ly93YXNzZXJzZnVybml0dXJlLmNvbS9jYXR0ZWxhbi1pdGFsaWEtYXN0cmEtYXJjLWxhbXAtaW4tc3RvY2suaHRtbA%2C%2C/,200,,0,0,0,0,0,Customer Login,2023-11-28 21:55:34 +00:00,2026-03-13 15:01:55 +00:00
https://wassersfurniture.com/customer/account/login/referer/aHR0cHM6Ly93YXNzZXJzZnVybml0dXJlLmNvbS9waGlsbGlwcy1jb2xsZWN0aW9uLWxhYnJhZG9yLWRvZy1waDY3MTE2Lmh0bWw%2C/,200,,0,0,0,0,0,Customer Login,2023-12-18 22:26:58 +00:00,2026-03-13 15:01:51 +00:00
https://wassersfurniture.com/customer/account/login/referer/aHR0cHM6Ly93YXNzZXJzZnVybml0dXJlLmNvbS9waGlsbGlwcy1jb2xsZWN0aW9uLW1lZGl0YXRpbmctcGg2Nzc2Mi5odG1s/,200,,0,0,0,0,0,Customer Login,2021-12-24 03:09:53 +00:00,2026-03-13 15:01:47 +00:00
https://wassersfurniture.com/customer/account/login/referer/aHR0cHM6Ly93YXNzZXJzZnVybml0dXJlLmNvbS9waGlsbGlwcy1jb2xsZWN0aW9uLWxpb24tYnJvbnplLXBoNjc3ODcuaHRtbA%2C%2C/,200,,0,0,0,0,0,Customer Login,2023-12-18 22:26:50 +00:00,2026-03-13 15:01:43 +00:00
https://wassersfurniture.com/customer/account/login/referer/aHR0cHM6Ly93YXNzZXJzZnVybml0dXJlLmNvbS9nYW1tYS1hc3Rvbi1iZWQuaHRtbA%2C%2C/,200,,0,0,0,0,0,Customer Login,2023-12-18 22:26:46 +00:00,2026-03-13 15:01:39 +00:00
https://wassersfurniture.com/customer/account/login/referer/aHR0cHM6Ly93YXNzZXJzZnVybml0dXJlLmNvbS9mZXJndXNlbi1jb3BlbGFuZC1jcmVzZW5kby5odG1s/,200,,0,0,0,0,0,Customer Login,2021-12-25 09:34:00 +00:00,2026-03-13 15:01:35 +00:00
https://wassersfurniture.com/customer/account/login/referer/aHR0cHM6Ly93YXNzZXJzZnVybml0dXJlLmNvbS9nYW1tYS1icmFuZHkuaHRtbA%2C%2C/,200,,0,0,0,0,0,Customer Login,2023-12-18 22:26:34 +00:00,2026-03-13 15:01:31 +00:00
https://wassersfurniture.com/customer/account/login/referer/aHR0cHM6Ly93YXNzZXJzZnVybml0dXJlLmNvbS9mZXJndXNlbi1jb3BlbGFuZC1pbXByZXNzaW9ucy1raW5nLWJlZC5odG1s/,200,,0,0,0,0,0,Customer Login,2021-12-25 09:14:35 +00:00,2026-03-13 15:01:27 +00:00
https://wassersfurniture.com/customer/account/login/referer/aHR0cHM6Ly93YXNzZXJzZnVybml0dXJlLmNvbS9nYW1tYS1tYy1xdWVlbi5odG1s/,200,,0,0,0,0,0,Customer Login,2021-12-25 09:32:23 +00:00,2026-03-13 15:01:23 +00:00
https://wassersfurniture.com/customer/account/login/referer/aHR0cHM6Ly93YXNzZXJzZnVybml0dXJlLmNvbS9nYW1tYS1zYXlvbmFyYS1iZWQtMS5odG1s/,200,,0,0,0,0,0,Customer Login,2021-12-24 02:07:41 +00:00,2026-03-13 15:01:19 +00:00
https://wassersfurniture.com/customer/account/login/referer/aHR0cHM6Ly93YXNzZXJzZnVybml0dXJlLmNvbS9nYW1tYS1tYXJpbHluLmh0bWw%2C/,200,,0,0,0,0,0,Customer Login,2023-12-18 22:25:22 +00:00,2026-03-13 15:01:15 +00:00
https://wassersfurniture.com/customer/account/login/referer/aHR0cHM6Ly93YXNzZXJzZnVybml0dXJlLmNvbS9ib250ZW1waS1jYXNhLWVjaG8tZGluaW5nLXRhYmxlLWV4dGVuc2lvbi5odG1s/,200,,0,0,0,0,0,Customer Login,2021-12-24 00:44:26 +00:00,2026-03-13 15:01:11 +00:00
https://wassersfurniture.com/customer/account/login/referer/aHR0cHM6Ly93YXNzZXJzZnVybml0dXJlLmNvbS9ib250ZW1waS1jYXNhLWVjaG8tZGluaW5nLXRhYmxlLWV4dGVuc2lvbi0xLmh0bWw%2C/,200,,0,0,0,0,0,Customer Login,2023-11-28 21:43:00 +00:00,2026-03-13 15:01:07 +00:00
https://wassersfurniture.com/customer/account/login/referer/aHR0cHM6Ly93YXNzZXJzZnVybml0dXJlLmNvbS9hbnRvbmVsbG8taW5maW5pdHktZGluaW5nLXRhYmxlLWV4dGVuc2lvbi5odG1s/,200,,0,0,0,0,0,Customer Login,2021-12-23 23:27:29 +00:00,2026-03-13 15:01:03 +00:00
